customer_id,timestamp,reason_code,duration_sec,transcript_snippet,refinance_intent,competitor_shopping,payoff_intent,rate_sensitivity,sentiment
C0100001,2026-06-30 13:47:52.636988,PAYMENT,492,Asked how to set up autopay for the mortgage.,False,False,False,0.14,0.42
C0100002,2026-07-21 08:04:57.728098,MORTGAGE_INQUIRY,862,Wants to speak to a mortgage specialist about refinancing. Mentioned rate shopping.,True,True,False,0.78,-0.36
C0100002,2026-07-29 10:19:32.205369,STATEMENT,812,Requested a copy of the most recent mortgage statement for tax purposes.,False,False,False,0.13,0.62
C0100004,2026-08-11 12:37:53.934578,GENERAL,854,General question about online banking access.,False,False,False,0.0,0.14
C0100006,2026-07-18 09:47:18.025992,GENERAL,339,Asked how to set up autopay for the mortgage.,False,False,False,0.09,0.56
C0100006,2026-09-05 06:00:37.632372,ESCROW,557,Confirmed next payment due date.,False,False,False,0.18,0.42
C0100007,2026-07-17 08:46:37.245309,MORTGAGE_INQUIRY,749,Called about refinancing options — wanted to know break-even on closing costs against a 5.3% offer.,True,True,False,0.8,-0.31
C0100008,2026-06-17 01:56:35.535367,MORTGAGE_INQUIRY,333,Wants to speak to a mortgage specialist about refinancing. Mentioned rate shopping.,True,True,False,0.76,0.07
C0100008,2026-07-21 10:34:08.204460,STATEMENT,630,Question about escrow analysis and property tax increase.,False,False,False,0.19,-0.29
C0100015,2026-07-24 21:26:58.888996,MORTGAGE_INQUIRY,139,Inquired about payoff amount and where to send funds. Sounded like they may be refinancing elsewhere.,True,True,True,0.86,0.22
C0100019,2026-06-23 17:55:25.605913,MORTGAGE_INQUIRY,438,Called about refinancing options — wanted to know break-even on closing costs against a 5.4% offer.,True,True,False,0.88,-0.03
C0100019,2026-08-26 02:11:58.119028,ESCROW,384,Confirmed next payment due date.,False,False,False,0.15,0.01
C0100023,2026-09-01 18:58:49.612146,MORTGAGE_INQUIRY,701,Wants to speak to a mortgage specialist about refinancing. Mentioned rate shopping.,True,False,False,0.82,-0.51
C0100025,2026-07-08 22:20:34.525865,MORTGAGE_INQUIRY,176,Wants to speak to a mortgage specialist about refinancing. Mentioned rate shopping.,True,True,False,0.58,0.22
C0100025,2026-08-08 16:52:59.926580,MORTGAGE_INQUIRY,302,Called about refinancing options — wanted to know break-even on closing costs against a 5.29% offer.,True,False,False,0.6,-0.3
C0100026,2026-08-03 17:20:03.786436,GENERAL,326,General question about online banking access.,False,False,False,0.0,0.64
C0100026,2026-09-10 09:03:50.418032,MORTGAGE_INQUIRY,735,Asked about the process to pay off the loan early and whether there are any prepayment penalties.,True,True,True,0.64,-0.28
C0100029,2026-07-13 23:13:43.215188,MORTGAGE_INQUIRY,135,Inquired about payoff amount and where to send funds. Sounded like they may be refinancing elsewhere.,True,True,True,0.77,0.34
C0100029,2026-08-26 23:25:36.680955,MORTGAGE_INQUIRY,369,Asked about the process to pay off the loan early and whether there are any prepayment penalties.,True,True,True,1.0,-0.21
C0100032,2026-06-29 13:58:00.310268,GENERAL,349,Question about escrow analysis and property tax increase.,False,False,False,0.0,0.41
C0100033,2026-07-05 17:05:08.368930,STATEMENT,856,Asked how to set up autopay for the mortgage.,False,False,False,0.17,0.41
C0100033,2026-08-23 12:39:41.817700,GENERAL,110,Confirmed next payment due date.,False,False,False,0.01,-0.65
C0100035,2026-07-22 20:25:12.860260,PAYMENT,185,Confirmed next payment due date.,False,False,False,0.0,0.21
C0100035,2026-08-30 09:38:43.249511,MORTGAGE_INQUIRY,404,Inquired about payoff amount and where to send funds. Sounded like they may be refinancing elsewhere.,True,True,True,0.64,-0.1
C0100038,2026-09-08 00:07:36.487258,MORTGAGE_INQUIRY,359,Asked about the process to pay off the loan early and whether there are any prepayment penalties.,True,True,True,0.77,-0.05
C0100040,2026-07-09 18:42:01.096490,ESCROW,223,Asked how to set up autopay for the mortgage.,False,False,False,0.55,0.59
C0100045,2026-06-18 18:17:00.803639,MORTGAGE_INQUIRY,288,Called about refinancing options — wanted to know break-even on closing costs against a 5.56% offer.,True,False,False,0.81,-0.06
C0100045,2026-07-21 18:25:14.614105,ESCROW,353,Asked how to set up autopay for the mortgage.,False,False,False,0.0,0.12
C0100046,2026-07-11 22:55:10.908609,ESCROW,871,General question about online banking access.,False,False,False,0.11,0.26
C0100050,2026-06-26 05:41:20.066475,MORTGAGE_INQUIRY,107,Wants to speak to a mortgage specialist about refinancing. Mentioned rate shopping.,True,True,False,0.72,-0.36
C0100053,2026-07-27 07:21:10.764300,MORTGAGE_INQUIRY,861,Inquired about payoff amount and where to send funds. Sounded like they may be refinancing elsewhere.,True,True,True,0.79,0.54
C0100054,2026-07-26 23:45:05.337447,STATEMENT,851,General question about online banking access.,False,False,False,0.15,0.09
C0100055,2026-08-17 22:39:35.651189,MORTGAGE_INQUIRY,863,Asked about the process to pay off the loan early and whether there are any prepayment penalties.,True,True,True,0.55,0.33
C0100055,2026-09-02 08:54:27.825530,PAYMENT,702,Question about escrow analysis and property tax increase.,False,False,False,0.05,-0.02
C0100057,2026-06-24 17:34:53.718840,PAYMENT,209,Confirmed next payment due date.,False,False,False,0.03,-0.08
C0100057,2026-08-28 02:08:28.485951,STATEMENT,191,General question about online banking access.,False,False,False,0.13,0.03
C0100058,2026-07-17 22:12:19.908432,ESCROW,345,Confirmed next payment due date.,False,False,False,0.06,0.22
C0100060,2026-07-25 00:56:36.951609,PAYMENT,859,Requested a copy of the most recent mortgage statement for tax purposes.,False,False,False,0.08,-0.2
C0100063,2026-06-24 17:35:00.468623,MORTGAGE_INQUIRY,765,Asked about the process to pay off the loan early and whether there are any prepayment penalties.,True,False,True,0.95,0.14
C0100065,2026-06-23 22:06:58.402266,MORTGAGE_INQUIRY,326,Customer asked what our current 30-year rates look like and mentioned they saw 5.33% at a competitor.,True,False,False,0.72,-0.08
C0100065,2026-07-02 01:16:45.877007,MORTGAGE_INQUIRY,826,Asked about the process to pay off the loan early and whether there are any prepayment penalties.,True,True,True,0.78,-0.16
C0100066,2026-08-18 18:57:44.430344,MORTGAGE_INQUIRY,718,Inquired about payoff amount and where to send funds. Sounded like they may be refinancing elsewhere.,True,True,True,0.64,-0.11
C0100067,2026-07-29 14:10:55.498676,GENERAL,326,Confirmed next payment due date.,False,False,False,0.27,-0.07
C0100067,2026-09-09 02:38:01.387915,STATEMENT,687,Requested a copy of the most recent mortgage statement for tax purposes.,False,False,False,0.0,-0.07
C0100069,2026-07-18 14:23:31.685559,MORTGAGE_INQUIRY,757,Customer asked what our current 30-year rates look like and mentioned they saw 5.56% at an online lender.,True,True,False,0.64,0.33
C0100069,2026-07-30 11:18:34.303719,GENERAL,171,Confirmed next payment due date.,False,False,False,0.24,-0.27
C0100070,2026-07-16 07:59:51.561143,PAYMENT,503,General question about online banking access.,False,False,False,0.12,0.31
C0100076,2026-08-24 12:07:45.897047,GENERAL,794,General question about online banking access.,False,False,False,0.39,-0.3
C0100076,2026-09-07 14:48:40.980219,MORTGAGE_INQUIRY,425,Inquired about payoff amount and where to send funds. Sounded like they may be refinancing elsewhere.,True,True,True,0.5,-0.35
C0100081,2026-08-28 10:27:09.348489,ESCROW,792,Requested a copy of the most recent mortgage statement for tax purposes.,False,False,False,0.17,0.16
C0100081,2026-08-31 07:28:29.140878,ESCROW,128,Confirmed next payment due date.,False,False,False,0.18,0.13
C0100084,2026-06-14 07:35:10.072506,MORTGAGE_INQUIRY,216,Asked about the process to pay off the loan early and whether there are any prepayment penalties.,True,False,True,0.58,0.02
C0100087,2026-08-31 11:12:47.258363,MORTGAGE_INQUIRY,637,Asked about the process to pay off the loan early and whether there are any prepayment penalties.,True,True,True,0.58,0.37
C0100088,2026-06-17 17:29:45.111091,MORTGAGE_INQUIRY,534,Asked about the process to pay off the loan early and whether there are any prepayment penalties.,True,True,True,0.78,0.58
C0100089,2026-09-09 05:04:34.449870,MORTGAGE_INQUIRY,304,Customer asked what our current 30-year rates look like and mentioned they saw 5.53% at Chase.,True,True,False,0.81,-0.32
C0100092,2026-09-01 22:00:38.660244,MORTGAGE_INQUIRY,735,Wants to speak to a mortgage specialist about refinancing. Mentioned rate shopping.,True,True,False,0.54,0.01
C0100106,2026-08-23 23:48:50.501641,ESCROW,882,Requested a copy of the most recent mortgage statement for tax purposes.,False,False,False,0.41,0.72
C0100108,2026-08-25 00:02:07.586101,MORTGAGE_INQUIRY,471,Wants to speak to a mortgage specialist about refinancing. Mentioned rate shopping.,True,True,False,0.91,0.03
C0100114,2026-07-11 14:27:08.274780,MORTGAGE_INQUIRY,669,Called about refinancing options — wanted to know break-even on closing costs against a 5.51% offer.,True,True,False,0.8,0.3
C0100118,2026-06-15 07:59:51.645238,GENERAL,373,General question about online banking access.,False,False,False,0.37,-0.1
C0100118,2026-08-05 06:20:51.850143,GENERAL,529,Asked how to set up autopay for the mortgage.,False,False,False,0.34,0.62
C0100122,2026-08-28 10:36:52.170304,ESCROW,247,General question about online banking access.,False,False,False,0.35,0.14
C0100123,2026-06-18 03:27:03.529794,MORTGAGE_INQUIRY,170,Wants to speak to a mortgage specialist about refinancing. Mentioned rate shopping.,True,False,False,0.54,0.28
C0100123,2026-06-26 16:35:06.810808,MORTGAGE_INQUIRY,446,Customer asked what our current 30-year rates look like and mentioned they saw 5.26% at Rocket.,True,True,False,0.83,0.05
C0100126,2026-08-03 08:29:12.445483,MORTGAGE_INQUIRY,179,Asked about the process to pay off the loan early and whether there are any prepayment penalties.,True,True,True,0.88,0.26
C0100130,2026-07-02 02:35:39.841716,GENERAL,114,Confirmed next payment due date.,False,False,False,0.04,0.5
C0100130,2026-07-26 11:11:55.911618,STATEMENT,774,Requested a copy of the most recent mortgage statement for tax purposes.,False,False,False,0.27,0.76
C0100131,2026-07-18 17:49:11.933619,MORTGAGE_INQUIRY,346,Called about refinancing options — wanted to know break-even on closing costs against a 5.47% offer.,True,True,False,0.8,-0.39
C0100131,2026-08-29 11:35:26.401295,PAYMENT,162,Question about escrow analysis and property tax increase.,False,False,False,0.13,0.06
C0100136,2026-07-23 16:21:58.994965,MORTGAGE_INQUIRY,453,Customer asked what our current 30-year rates look like and mentioned they saw 5.13% at an online lender.,True,False,False,1.0,-0.2
C0100137,2026-06-23 19:47:09.221506,PAYMENT,725,Question about escrow analysis and property tax increase.,False,False,False,0.15,0.01
C0100142,2026-07-06 21:19:17.291149,ESCROW,830,Question about escrow analysis and property tax increase.,False,False,False,0.0,-0.22
C0100148,2026-07-09 08:35:08.602988,GENERAL,826,Confirmed next payment due date.,False,False,False,0.06,-0.09
C0100150,2026-07-22 06:00:00.231824,STATEMENT,885,Confirmed next payment due date.,False,False,False,0.33,-0.37
C0100150,2026-07-30 23:19:29.739877,PAYMENT,650,Requested a copy of the most recent mortgage statement for tax purposes.,False,False,False,0.28,-0.13
C0100154,2026-08-02 22:53:24.097583,MORTGAGE_INQUIRY,585,Called about refinancing options — wanted to know break-even on closing costs against a 5.23% offer.,True,True,False,0.66,0.0
C0100157,2026-07-24 21:27:41.666155,STATEMENT,227,Confirmed next payment due date.,False,False,False,0.02,-0.05
C0100160,2026-06-22 17:18:34.667180,STATEMENT,440,General question about online banking access.,False,False,False,0.21,0.8
C0100160,2026-08-15 11:10:00.813809,MORTGAGE_INQUIRY,665,Wants to speak to a mortgage specialist about refinancing. Mentioned rate shopping.,True,True,False,0.78,-0.13
C0100165,2026-09-09 14:57:46.277936,MORTGAGE_INQUIRY,489,Inquired about payoff amount and where to send funds. Sounded like they may be refinancing elsewhere.,True,True,True,0.66,-0.21
C0100167,2026-06-14 03:13:34.966059,MORTGAGE_INQUIRY,456,Customer asked what our current 30-year rates look like and mentioned they saw 5.37% at Rocket.,True,False,False,0.69,0.39
C0100167,2026-06-24 09:14:23.722992,PAYMENT,748,Question about escrow analysis and property tax increase.,False,False,False,0.0,0.21
C0100168,2026-07-06 03:56:04.384234,GENERAL,593,Requested a copy of the most recent mortgage statement for tax purposes.,False,False,False,0.06,0.44
C0100168,2026-08-16 21:21:03.621337,MORTGAGE_INQUIRY,796,Asked about the process to pay off the loan early and whether there are any prepayment penalties.,True,True,True,0.78,0.1
C0100169,2026-07-25 11:46:09.361639,MORTGAGE_INQUIRY,372,Customer asked what our current 30-year rates look like and mentioned they saw 5.58% at Chase.,True,True,False,0.86,-0.02
C0100169,2026-07-31 19:27:10.987302,MORTGAGE_INQUIRY,148,Asked about the process to pay off the loan early and whether there are any prepayment penalties.,True,False,True,0.73,-0.08
C0100171,2026-07-21 21:30:04.378436,PAYMENT,172,Confirmed next payment due date.,False,False,False,0.32,0.34
C0100171,2026-08-03 12:59:47.829418,STATEMENT,316,Confirmed next payment due date.,False,False,False,0.32,-0.35
C0100175,2026-06-18 03:11:49.675558,PAYMENT,236,Confirmed next payment due date.,False,False,False,0.11,0.1
C0100175,2026-07-28 05:29:17.082780,MORTGAGE_INQUIRY,454,Inquired about payoff amount and where to send funds. Sounded like they may be refinancing elsewhere.,True,False,True,0.84,0.2
C0100176,2026-08-26 02:15:50.341695,MORTGAGE_INQUIRY,502,Asked about the process to pay off the loan early and whether there are any prepayment penalties.,True,False,True,0.74,-0.09
C0100176,2026-09-04 14:01:18.500030,MORTGAGE_INQUIRY,327,Inquired about payoff amount and where to send funds. Sounded like they may be refinancing elsewhere.,True,True,True,0.86,0.32
C0100177,2026-06-16 17:19:51.077947,MORTGAGE_INQUIRY,391,Called about refinancing options — wanted to know break-even on closing costs against a 5.3% offer.,True,True,False,0.66,-0.29
C0100177,2026-07-24 03:33:53.250923,STATEMENT,553,Requested a copy of the most recent mortgage statement for tax purposes.,False,False,False,0.1,-0.19
C0100178,2026-07-19 04:42:58.040668,MORTGAGE_INQUIRY,395,Wants to speak to a mortgage specialist about refinancing. Mentioned rate shopping.,True,False,False,0.7,-0.18
C0100179,2026-07-08 08:42:42.016875,GENERAL,157,Confirmed next payment due date.,False,False,False,0.0,0.0
C0100179,2026-08-31 09:35:28.682217,STATEMENT,372,Asked how to set up autopay for the mortgage.,False,False,False,0.26,0.32
C0100181,2026-07-20 20:15:54.946635,MORTGAGE_INQUIRY,273,Called about refinancing options — wanted to know break-even on closing costs against a 5.12% offer.,True,True,False,0.69,-0.05
C0100181,2026-07-26 15:56:23.199933,MORTGAGE_INQUIRY,794,Customer asked what our current 30-year rates look like and mentioned they saw 5.13% at an online lender.,True,True,False,0.73,0.56
C0100182,2026-07-05 22:25:05.034023,MORTGAGE_INQUIRY,160,Customer asked what our current 30-year rates look like and mentioned they saw 5.43% at Chase.,True,True,False,0.58,-0.42
C0100182,2026-07-06 21:50:57.191790,ESCROW,364,General question about online banking access.,False,False,False,0.09,-0.05
C0100184,2026-06-14 09:53:34.644059,MORTGAGE_INQUIRY,218,Wants to speak to a mortgage specialist about refinancing. Mentioned rate shopping.,True,True,False,0.67,-0.43
C0100184,2026-09-02 01:18:50.766499,GENERAL,372,Confirmed next payment due date.,False,False,False,0.05,-0.04
C0100186,2026-08-10 15:14:24.053198,ESCROW,733,General question about online banking access.,False,False,False,0.0,0.28
C0100186,2026-08-22 23:56:34.624024,MORTGAGE_INQUIRY,74,Asked about the process to pay off the loan early and whether there are any prepayment penalties.,True,True,True,0.52,-0.24
C0100187,2026-06-17 01:42:08.856981,MORTGAGE_INQUIRY,285,Wants to speak to a mortgage specialist about refinancing. Mentioned rate shopping.,True,True,False,0.94,0.46
C0100187,2026-09-06 07:46:56.051902,MORTGAGE_INQUIRY,202,Asked about the process to pay off the loan early and whether there are any prepayment penalties.,True,True,True,0.83,-1.0
C0100193,2026-06-15 07:35:19.519274,PAYMENT,608,Confirmed next payment due date.,False,False,False,0.11,-0.25
C0100193,2026-06-30 04:25:17.468418,MORTGAGE_INQUIRY,729,Customer asked what our current 30-year rates look like and mentioned they saw 5.46% at a competitor.,True,False,False,0.79,-0.26
C0100205,2026-08-20 01:47:06.058832,GENERAL,442,Question about escrow analysis and property tax increase.,False,False,False,0.2,0.15
C0100208,2026-06-26 05:03:42.390707,GENERAL,444,Question about escrow analysis and property tax increase.,False,False,False,0.0,0.32
C0100209,2026-06-14 02:41:45.260428,PAYMENT,600,Confirmed next payment due date.,False,False,False,0.24,0.1
C0100209,2026-08-09 01:53:03.896523,PAYMENT,810,Requested a copy of the most recent mortgage statement for tax purposes.,False,False,False,0.23,-0.07
C0100210,2026-08-11 02:36:31.282396,STATEMENT,596,Question about escrow analysis and property tax increase.,False,False,False,0.23,0.15
C0100213,2026-08-21 23:00:39.766039,STATEMENT,599,General question about online banking access.,False,False,False,0.26,0.07
C0100213,2026-09-04 11:46:21.703699,PAYMENT,850,Confirmed next payment due date.,False,False,False,0.43,0.19
C0100214,2026-08-06 12:34:41.579782,MORTGAGE_INQUIRY,888,Wants to speak to a mortgage specialist about refinancing. Mentioned rate shopping.,True,True,False,0.71,-0.43
C0100216,2026-07-09 14:55:56.681681,MORTGAGE_INQUIRY,400,Called about refinancing options — wanted to know break-even on closing costs against a 5.48% offer.,True,False,False,0.71,0.57
C0100217,2026-07-07 07:59:31.985814,ESCROW,116,Confirmed next payment due date.,False,False,False,0.24,-0.6
C0100217,2026-09-10 20:36:51.914470,STATEMENT,595,General question about online banking access.,False,False,False,0.0,0.48
C0100219,2026-08-02 22:18:07.764611,MORTGAGE_INQUIRY,332,Inquired about payoff amount and where to send funds. Sounded like they may be refinancing elsewhere.,True,True,True,0.89,-0.61
C0100225,2026-07-29 17:52:32.821962,MORTGAGE_INQUIRY,279,Called about refinancing options — wanted to know break-even on closing costs against a 5.21% offer.,True,False,False,0.62,-0.39
C0100227,2026-07-31 16:22:00.080787,STATEMENT,773,General question about online banking access.,False,False,False,0.0,0.65
C0100241,2026-07-22 17:44:33.764938,MORTGAGE_INQUIRY,235,Called about refinancing options — wanted to know break-even on closing costs against a 5.39% offer.,True,False,False,0.67,-0.17
C0100241,2026-07-24 11:08:59.698409,MORTGAGE_INQUIRY,271,Customer asked what our current 30-year rates look like and mentioned they saw 5.3% at Rocket.,True,False,False,0.58,-0.17
C0100242,2026-07-20 18:42:32.937846,ESCROW,90,Asked how to set up autopay for the mortgage.,False,False,False,0.0,0.02
C0100242,2026-08-03 07:24:37.288547,MORTGAGE_INQUIRY,893,Called about refinancing options — wanted to know break-even on closing costs against a 5.39% offer.,True,False,False,0.78,-0.25
C0100245,2026-08-29 05:06:04.829071,MORTGAGE_INQUIRY,152,Customer asked what our current 30-year rates look like and mentioned they saw 5.35% at Rocket.,True,False,False,0.94,0.3
C0100248,2026-07-07 18:10:04.457901,PAYMENT,387,Question about escrow analysis and property tax increase.,False,False,False,0.19,0.15
C0100248,2026-08-01 23:22:16.311489,STATEMENT,644,Question about escrow analysis and property tax increase.,False,False,False,0.2,0.66
C0100253,2026-08-10 05:28:30.352045,MORTGAGE_INQUIRY,839,Called about refinancing options — wanted to know break-even on closing costs against a 5.3% offer.,True,True,False,0.63,-0.1
C0100253,2026-09-03 15:37:21.709123,MORTGAGE_INQUIRY,373,Asked about the process to pay off the loan early and whether there are any prepayment penalties.,True,True,True,0.69,-0.12
C0100255,2026-06-15 14:37:44.443322,PAYMENT,856,General question about online banking access.,False,False,False,0.0,0.18
C0100255,2026-06-20 19:22:22.754890,ESCROW,548,Asked how to set up autopay for the mortgage.,False,False,False,0.0,0.52
C0100257,2026-08-01 12:35:14.324151,MORTGAGE_INQUIRY,658,Asked about the process to pay off the loan early and whether there are any prepayment penalties.,True,True,True,1.0,0.18
C0100257,2026-09-09 20:19:17.919042,GENERAL,302,Asked how to set up autopay for the mortgage.,False,False,False,0.0,0.13
C0100259,2026-06-21 04:04:14.451924,MORTGAGE_INQUIRY,444,Wants to speak to a mortgage specialist about refinancing. Mentioned rate shopping.,True,True,False,0.46,-0.21
C0100259,2026-07-04 15:50:57.610999,MORTGAGE_INQUIRY,87,Wants to speak to a mortgage specialist about refinancing. Mentioned rate shopping.,True,True,False,1.0,0.32
C0100263,2026-08-09 02:00:07.042722,MORTGAGE_INQUIRY,859,Wants to speak to a mortgage specialist about refinancing. Mentioned rate shopping.,True,False,False,0.7,-0.25
C0100266,2026-09-07 13:56:19.109069,MORTGAGE_INQUIRY,845,Wants to speak to a mortgage specialist about refinancing. Mentioned rate shopping.,True,True,False,0.75,-0.13
C0100268,2026-07-08 08:04:51.651591,ESCROW,632,Requested a copy of the most recent mortgage statement for tax purposes.,False,False,False,0.22,-0.2
C0100268,2026-07-21 05:18:54.222555,PAYMENT,504,Asked how to set up autopay for the mortgage.,False,False,False,0.16,0.88
C0100278,2026-07-11 07:46:18.563734,MORTGAGE_INQUIRY,692,Customer asked what our current 30-year rates look like and mentioned they saw 5.4% at Chase.,True,True,False,0.54,-0.21
C0100279,2026-08-29 07:30:36.637327,MORTGAGE_INQUIRY,489,Asked about the process to pay off the loan early and whether there are any prepayment penalties.,True,False,True,0.3,-0.42
C0100286,2026-06-29 02:51:31.810621,PAYMENT,534,Question about escrow analysis and property tax increase.,False,False,False,0.17,-0.21
C0100289,2026-07-09 03:00:35.216352,MORTGAGE_INQUIRY,889,Called about refinancing options — wanted to know break-even on closing costs against a 5.15% offer.,True,True,False,0.77,-0.06
C0100289,2026-08-18 22:43:20.848804,MORTGAGE_INQUIRY,145,Asked about the process to pay off the loan early and whether there are any prepayment penalties.,True,True,True,0.62,-0.18
C0100293,2026-06-14 21:03:57.209439,MORTGAGE_INQUIRY,529,Called about refinancing options — wanted to know break-even on closing costs against a 5.44% offer.,True,True,False,1.0,0.49
C0100293,2026-07-02 06:21:59.642606,MORTGAGE_INQUIRY,808,Called about refinancing options — wanted to know break-even on closing costs against a 5.37% offer.,True,True,False,0.64,0.42
C0100295,2026-07-17 14:21:29.549918,GENERAL,439,Asked how to set up autopay for the mortgage.,False,False,False,0.16,-0.0
C0100296,2026-08-05 12:42:21.438567,PAYMENT,793,Asked how to set up autopay for the mortgage.,False,False,False,0.38,0.4
C0100296,2026-08-09 21:28:09.876626,ESCROW,236,Requested a copy of the most recent mortgage statement for tax purposes.,False,False,False,0.07,-0.06
C0100299,2026-07-13 14:51:58.716300,MORTGAGE_INQUIRY,717,Wants to speak to a mortgage specialist about refinancing. Mentioned rate shopping.,True,False,False,0.51,-0.3
C0100299,2026-08-14 03:27:48.398364,MORTGAGE_INQUIRY,98,Inquired about payoff amount and where to send funds. Sounded like they may be refinancing elsewhere.,True,True,True,0.51,-0.06
C0100302,2026-06-17 00:54:33.549183,MORTGAGE_INQUIRY,187,Wants to speak to a mortgage specialist about refinancing. Mentioned rate shopping.,True,True,False,0.81,0.32
C0100303,2026-06-25 14:47:11.048632,MORTGAGE_INQUIRY,830,Customer asked what our current 30-year rates look like and mentioned they saw 5.56% at an online lender.,True,False,False,0.51,-0.61
C0100303,2026-07-19 03:43:01.376122,MORTGAGE_INQUIRY,584,Wants to speak to a mortgage specialist about refinancing. Mentioned rate shopping.,True,True,False,0.95,-0.65
C0100304,2026-07-07 22:23:17.974243,MORTGAGE_INQUIRY,585,Asked about the process to pay off the loan early and whether there are any prepayment penalties.,True,True,True,0.66,-0.2
C0100304,2026-07-18 05:22:29.663354,MORTGAGE_INQUIRY,365,Wants to speak to a mortgage specialist about refinancing. Mentioned rate shopping.,True,True,False,0.68,0.07
C0100311,2026-09-07 15:43:49.763957,MORTGAGE_INQUIRY,513,Wants to speak to a mortgage specialist about refinancing. Mentioned rate shopping.,True,True,False,0.69,-0.33
C0100313,2026-07-22 22:03:36.705922,ESCROW,363,General question about online banking access.,False,False,False,0.0,0.3
C0100313,2026-09-10 08:06:12.101622,MORTGAGE_INQUIRY,626,Inquired about payoff amount and where to send funds. Sounded like they may be refinancing elsewhere.,True,True,True,0.66,0.05
C0100314,2026-09-08 14:23:09.452363,MORTGAGE_INQUIRY,635,Called about refinancing options — wanted to know break-even on closing costs against a 5.53% offer.,True,True,False,0.65,-0.03
C0100316,2026-06-22 22:11:16.421068,ESCROW,345,Question about escrow analysis and property tax increase.,False,False,False,0.25,0.77
C0100316,2026-08-25 09:11:22.603548,PAYMENT,279,Asked how to set up autopay for the mortgage.,False,False,False,0.27,-0.14
C0100318,2026-08-11 09:58:26.213700,MORTGAGE_INQUIRY,169,Asked about the process to pay off the loan early and whether there are any prepayment penalties.,True,True,True,0.52,-0.52
C0100320,2026-06-24 19:59:54.558516,PAYMENT,796,Requested a copy of the most recent mortgage statement for tax purposes.,False,False,False,0.09,0.24
C0100320,2026-08-10 21:21:36.850165,GENERAL,585,Asked how to set up autopay for the mortgage.,False,False,False,0.11,0.37
C0100321,2026-07-05 22:53:57.395839,STATEMENT,470,General question about online banking access.,False,False,False,0.24,0.18
C0100321,2026-08-16 22:47:59.034376,STATEMENT,260,Question about escrow analysis and property tax increase.,False,False,False,0.22,0.4
C0100325,2026-07-12 08:43:45.345640,STATEMENT,620,Confirmed next payment due date.,False,False,False,0.17,0.91
C0100325,2026-08-17 05:46:47.588011,PAYMENT,532,Asked how to set up autopay for the mortgage.,False,False,False,0.0,0.49
C0100327,2026-08-06 17:57:14.694869,MORTGAGE_INQUIRY,293,Inquired about payoff amount and where to send funds. Sounded like they may be refinancing elsewhere.,True,True,True,0.74,-0.55
C0100327,2026-08-20 07:33:42.052954,ESCROW,291,Requested a copy of the most recent mortgage statement for tax purposes.,False,False,False,0.46,0.3
C0100331,2026-08-10 00:00:52.643880,GENERAL,822,Asked how to set up autopay for the mortgage.,False,False,False,0.0,0.42
C0100331,2026-08-21 05:19:38.005166,ESCROW,681,General question about online banking access.,False,False,False,0.34,0.36
C0100333,2026-07-09 03:58:04.095185,GENERAL,327,Question about escrow analysis and property tax increase.,False,False,False,0.19,0.24
C0100333,2026-09-07 03:19:53.441376,MORTGAGE_INQUIRY,143,Inquired about payoff amount and where to send funds. Sounded like they may be refinancing elsewhere.,True,False,True,0.95,-0.44
C0100336,2026-06-20 17:30:32.638849,ESCROW,634,Confirmed next payment due date.,False,False,False,0.31,0.33
C0100336,2026-07-27 10:09:19.779971,PAYMENT,887,Asked how to set up autopay for the mortgage.,False,False,False,0.1,0.45
C0100338,2026-07-06 20:41:23.980335,MORTGAGE_INQUIRY,635,Wants to speak to a mortgage specialist about refinancing. Mentioned rate shopping.,True,True,False,0.53,0.05
C0100340,2026-06-25 06:36:12.738893,ESCROW,736,Confirmed next payment due date.,False,False,False,0.24,1.0
C0100340,2026-09-05 14:27:21.426243,MORTGAGE_INQUIRY,252,Inquired about payoff amount and where to send funds. Sounded like they may be refinancing elsewhere.,True,False,True,0.55,0.22
C0100342,2026-07-16 23:21:42.474529,MORTGAGE_INQUIRY,682,Customer asked what our current 30-year rates look like and mentioned they saw 5.37% at Chase.,True,True,False,0.92,-0.25
C0100342,2026-08-15 18:56:35.678270,STATEMENT,273,Asked how to set up autopay for the mortgage.,False,False,False,0.23,-0.32
C0100346,2026-08-31 05:01:37.045484,GENERAL,750,Asked how to set up autopay for the mortgage.,False,False,False,0.17,0.49
C0100356,2026-06-20 02:31:36.270280,PAYMENT,533,General question about online banking access.,False,False,False,0.18,0.51
C0100356,2026-07-22 10:13:00.540418,PAYMENT,456,Confirmed next payment due date.,False,False,False,0.09,0.17
C0100357,2026-07-31 08:34:31.965255,ESCROW,243,Asked how to set up autopay for the mortgage.,False,False,False,0.02,-0.01
C0100357,2026-09-09 22:48:35.100357,PAYMENT,503,Confirmed next payment due date.,False,False,False,0.22,0.33
C0100360,2026-06-14 08:44:40.918389,ESCROW,793,General question about online banking access.,False,False,False,0.12,0.36
C0100360,2026-08-25 01:09:32.516199,ESCROW,396,Question about escrow analysis and property tax increase.,False,False,False,0.24,0.21
C0100366,2026-09-01 13:35:10.916331,STATEMENT,212,Confirmed next payment due date.,False,False,False,0.07,-0.22
C0100367,2026-07-28 14:50:36.490720,STATEMENT,61,Requested a copy of the most recent mortgage statement for tax purposes.,False,False,False,0.23,-0.38
C0100367,2026-08-02 21:20:08.505516,ESCROW,106,Asked how to set up autopay for the mortgage.,False,False,False,0.36,0.56
C0100371,2026-06-25 10:04:06.465529,PAYMENT,854,Confirmed next payment due date.,False,False,False,0.36,0.42
C0100371,2026-08-27 02:17:36.517353,STATEMENT,878,Confirmed next payment due date.,False,False,False,0.0,0.23
C0100375,2026-06-15 07:30:12.261381,MORTGAGE_INQUIRY,656,Wants to speak to a mortgage specialist about refinancing. Mentioned rate shopping.,True,True,False,0.67,0.07
C0100379,2026-06-14 01:42:03.314313,ESCROW,771,Asked how to set up autopay for the mortgage.,False,False,False,0.45,0.62
C0100379,2026-07-04 04:55:48.617000,ESCROW,380,Confirmed next payment due date.,False,False,False,0.02,0.55
C0100380,2026-08-13 08:20:13.927162,GENERAL,812,General question about online banking access.,False,False,False,0.0,0.42
C0100381,2026-06-20 09:56:03.199595,STATEMENT,636,Requested a copy of the most recent mortgage statement for tax purposes.,False,False,False,0.08,0.13
C0100381,2026-06-21 10:00:03.817431,GENERAL,658,Confirmed next payment due date.,False,False,False,0.08,0.34
C0100382,2026-06-30 21:35:31.606246,PAYMENT,181,Question about escrow analysis and property tax increase.,False,False,False,0.02,0.26
C0100383,2026-09-05 19:04:32.441090,MORTGAGE_INQUIRY,99,Wants to speak to a mortgage specialist about refinancing. Mentioned rate shopping.,True,True,False,0.99,0.02
C0100384,2026-06-26 19:52:30.264626,STATEMENT,438,Asked how to set up autopay for the mortgage.,False,False,False,0.29,0.31
C0100384,2026-07-10 04:59:25.589070,PAYMENT,402,General question about online banking access.,False,False,False,0.24,-0.39
C0100391,2026-07-07 02:29:07.211209,ESCROW,879,Asked how to set up autopay for the mortgage.,False,False,False,0.06,-0.2
C0100391,2026-09-05 09:05:38.133745,PAYMENT,829,General question about online banking access.,False,False,False,0.45,-0.03
C0100394,2026-08-29 19:22:14.799193,ESCROW,899,Requested a copy of the most recent mortgage statement for tax purposes.,False,False,False,0.49,0.14
C0100394,2026-09-09 15:52:16.349268,GENERAL,535,Requested a copy of the most recent mortgage statement for tax purposes.,False,False,False,0.0,0.28
C0100396,2026-07-18 21:55:17.583022,PAYMENT,553,Requested a copy of the most recent mortgage statement for tax purposes.,False,False,False,0.08,0.36
C0100396,2026-08-17 09:59:32.985918,ESCROW,845,General question about online banking access.,False,False,False,0.0,0.66
C0100397,2026-06-25 14:15:59.879970,MORTGAGE_INQUIRY,117,Wants to speak to a mortgage specialist about refinancing. Mentioned rate shopping.,True,True,False,0.85,0.21
C0100400,2026-08-31 15:16:26.385020,GENERAL,849,General question about online banking access.,False,False,False,0.12,-0.03
C0100402,2026-07-18 00:10:02.669682,MORTGAGE_INQUIRY,194,Asked about the process to pay off the loan early and whether there are any prepayment penalties.,True,True,True,0.53,0.28
C0100402,2026-08-19 06:57:10.823973,MORTGAGE_INQUIRY,411,Wants to speak to a mortgage specialist about refinancing. Mentioned rate shopping.,True,False,False,0.77,-0.37
C0100404,2026-06-23 01:40:27.953918,ESCROW,197,Requested a copy of the most recent mortgage statement for tax purposes.,False,False,False,0.17,0.13
C0100405,2026-07-23 12:15:33.049837,MORTGAGE_INQUIRY,881,Customer asked what our current 30-year rates look like and mentioned they saw 5.29% at Rocket.,True,True,False,0.62,-0.04
C0100410,2026-07-20 20:51:55.308887,PAYMENT,448,Question about escrow analysis and property tax increase.,False,False,False,0.19,0.04
C0100411,2026-08-27 14:53:16.201311,MORTGAGE_INQUIRY,450,Wants to speak to a mortgage specialist about refinancing. Mentioned rate shopping.,True,True,False,0.83,-0.34
C0100412,2026-09-02 08:11:46.865462,MORTGAGE_INQUIRY,733,Asked about the process to pay off the loan early and whether there are any prepayment penalties.,True,False,True,0.57,0.0
C0100416,2026-07-05 14:21:56.905756,ESCROW,273,Requested a copy of the most recent mortgage statement for tax purposes.,False,False,False,0.08,-0.03
C0100417,2026-09-04 09:24:36.095554,ESCROW,595,Asked how to set up autopay for the mortgage.,False,False,False,0.29,0.92
C0100417,2026-09-08 06:35:38.988833,MORTGAGE_INQUIRY,319,Called about refinancing options — wanted to know break-even on closing costs against a 5.49% offer.,True,True,False,0.83,-0.14
C0100418,2026-06-19 10:25:25.417228,GENERAL,671,Requested a copy of the most recent mortgage statement for tax purposes.,False,False,False,0.0,0.39
C0100418,2026-08-01 02:14:25.567350,PAYMENT,375,Asked how to set up autopay for the mortgage.,False,False,False,0.44,0.14
C0100423,2026-08-30 14:20:14.547220,ESCROW,147,Requested a copy of the most recent mortgage statement for tax purposes.,False,False,False,0.01,0.08
C0100423,2026-09-09 23:00:51.050253,PAYMENT,739,General question about online banking access.,False,False,False,0.0,0.15
C0100424,2026-07-19 15:32:17.118223,MORTGAGE_INQUIRY,389,Inquired about payoff amount and where to send funds. Sounded like they may be refinancing elsewhere.,True,False,True,0.6,-0.09
C0100425,2026-06-23 16:08:22.186059,MORTGAGE_INQUIRY,648,Asked about the process to pay off the loan early and whether there are any prepayment penalties.,True,True,True,0.87,-0.23
C0100425,2026-08-16 23:14:14.363689,MORTGAGE_INQUIRY,824,Wants to speak to a mortgage specialist about refinancing. Mentioned rate shopping.,True,False,False,0.75,-0.28
C0100426,2026-06-30 11:59:05.284423,GENERAL,260,Confirmed next payment due date.,False,False,False,0.0,0.03
C0100426,2026-07-15 01:05:31.196764,MORTGAGE_INQUIRY,740,Asked about the process to pay off the loan early and whether there are any prepayment penalties.,True,True,True,0.81,-0.43
C0100427,2026-06-18 15:38:31.447144,ESCROW,522,General question about online banking access.,False,False,False,0.34,0.1
C0100427,2026-07-26 23:10:27.494652,MORTGAGE_INQUIRY,183,Inquired about payoff amount and where to send funds. Sounded like they may be refinancing elsewhere.,True,True,True,0.88,-0.19
C0100428,2026-06-22 04:47:19.414416,STATEMENT,672,General question about online banking access.,False,False,False,0.34,0.21
C0100432,2026-07-23 21:45:34.048620,MORTGAGE_INQUIRY,525,Wants to speak to a mortgage specialist about refinancing. Mentioned rate shopping.,True,False,False,0.63,-0.11
C0100432,2026-09-09 22:49:54.105518,GENERAL,264,Question about escrow analysis and property tax increase.,False,False,False,0.0,0.12
C0100433,2026-06-24 22:43:27.045947,PAYMENT,78,Confirmed next payment due date.,False,False,False,0.18,0.27
C0100433,2026-07-02 21:14:35.283234,MORTGAGE_INQUIRY,600,Asked about the process to pay off the loan early and whether there are any prepayment penalties.,True,False,True,1.0,0.09
C0100435,2026-07-08 16:03:28.699203,MORTGAGE_INQUIRY,697,Called about refinancing options — wanted to know break-even on closing costs against a 5.44% offer.,True,True,False,0.88,0.15
C0100435,2026-08-12 11:24:08.994044,GENERAL,157,Requested a copy of the most recent mortgage statement for tax purposes.,False,False,False,0.34,0.2
C0100441,2026-06-29 12:45:12.922940,GENERAL,206,Confirmed next payment due date.,False,False,False,0.33,0.69
C0100441,2026-08-02 18:31:33.069522,PAYMENT,266,Requested a copy of the most recent mortgage statement for tax purposes.,False,False,False,0.15,0.22
C0100445,2026-07-27 00:21:40.340536,MORTGAGE_INQUIRY,656,Asked about the process to pay off the loan early and whether there are any prepayment penalties.,True,True,True,0.73,0.12
C0100448,2026-07-11 07:50:57.520736,GENERAL,771,General question about online banking access.,False,False,False,0.22,0.62
C0100448,2026-08-26 19:20:24.017446,PAYMENT,343,General question about online banking access.,False,False,False,0.1,0.56
C0100449,2026-06-24 02:38:53.067197,STATEMENT,757,Question about escrow analysis and property tax increase.,False,False,False,0.0,0.44
C0100451,2026-08-13 00:29:04.445343,STATEMENT,473,Requested a copy of the most recent mortgage statement for tax purposes.,False,False,False,0.15,-0.11
C0100452,2026-07-31 05:21:10.194507,MORTGAGE_INQUIRY,667,Inquired about payoff amount and where to send funds. Sounded like they may be refinancing elsewhere.,True,True,True,0.92,-0.86
C0100452,2026-08-31 16:42:02.742546,ESCROW,708,Requested a copy of the most recent mortgage statement for tax purposes.,False,False,False,0.19,0.56
C0100453,2026-07-06 20:30:18.737790,ESCROW,327,Asked how to set up autopay for the mortgage.,False,False,False,0.0,-0.29
C0100453,2026-07-16 12:22:32.636035,MORTGAGE_INQUIRY,698,Asked about the process to pay off the loan early and whether there are any prepayment penalties.,True,True,True,0.58,-0.21
C0100454,2026-08-15 11:44:10.242089,MORTGAGE_INQUIRY,731,Customer asked what our current 30-year rates look like and mentioned they saw 5.27% at an online lender.,True,True,False,0.76,-0.71
C0100459,2026-08-13 10:39:39.558791,PAYMENT,359,Asked how to set up autopay for the mortgage.,False,False,False,0.02,-0.6
C0100460,2026-07-20 11:57:18.883982,MORTGAGE_INQUIRY,731,Asked about the process to pay off the loan early and whether there are any prepayment penalties.,True,False,True,0.88,0.07
C0100460,2026-08-21 10:50:26.941150,STATEMENT,431,Requested a copy of the most recent mortgage statement for tax purposes.,False,False,False,0.27,-0.31
C0100461,2026-06-14 23:35:53.984140,GENERAL,777,Confirmed next payment due date.,False,False,False,0.57,0.27
C0100461,2026-08-20 07:39:45.176362,MORTGAGE_INQUIRY,401,Asked about the process to pay off the loan early and whether there are any prepayment penalties.,True,True,True,0.88,-0.53
C0100463,2026-08-01 14:14:25.807093,MORTGAGE_INQUIRY,627,Asked about the process to pay off the loan early and whether there are any prepayment penalties.,True,True,True,0.55,-0.44
C0100463,2026-09-03 17:28:02.858782,MORTGAGE_INQUIRY,122,Wants to speak to a mortgage specialist about refinancing. Mentioned rate shopping.,True,True,False,0.86,0.39
C0100468,2026-06-16 00:41:02.183937,STATEMENT,166,Confirmed next payment due date.,False,False,False,0.07,0.09
C0100468,2026-06-29 12:49:35.606888,STATEMENT,279,Question about escrow analysis and property tax increase.,False,False,False,0.04,0.65
C0100470,2026-07-07 17:22:32.797682,STATEMENT,86,Question about escrow analysis and property tax increase.,False,False,False,0.3,0.55
C0100471,2026-08-09 00:23:51.120751,ESCROW,215,Confirmed next payment due date.,False,False,False,0.09,-0.13
C0100471,2026-08-13 01:00:36.495050,STATEMENT,84,Confirmed next payment due date.,False,False,False,0.07,-0.03
C0100472,2026-06-17 09:10:21.181372,MORTGAGE_INQUIRY,97,Asked about the process to pay off the loan early and whether there are any prepayment penalties.,True,True,True,0.77,-0.1
C0100472,2026-07-31 23:24:51.402561,MORTGAGE_INQUIRY,744,Called about refinancing options — wanted to know break-even on closing costs against a 5.13% offer.,True,True,False,0.93,-0.64
C0100481,2026-06-15 12:25:00.302163,STATEMENT,760,Question about escrow analysis and property tax increase.,False,False,False,0.19,-0.11
C0100481,2026-08-29 10:08:50.805314,MORTGAGE_INQUIRY,886,Wants to speak to a mortgage specialist about refinancing. Mentioned rate shopping.,True,True,False,0.9,-0.76
C0100482,2026-06-26 16:08:27.421642,MORTGAGE_INQUIRY,93,Called about refinancing options — wanted to know break-even on closing costs against a 5.58% offer.,True,True,False,0.68,-0.37
C0100482,2026-09-08 23:59:05.737364,MORTGAGE_INQUIRY,762,Inquired about payoff amount and where to send funds. Sounded like they may be refinancing elsewhere.,True,True,True,0.67,0.19
C0100484,2026-07-30 06:10:54.499961,ESCROW,846,Confirmed next payment due date.,False,False,False,0.47,-0.36
C0100485,2026-08-02 22:07:42.156757,PAYMENT,859,Requested a copy of the most recent mortgage statement for tax purposes.,False,False,False,0.37,0.04
C0100485,2026-08-31 13:46:25.213611,GENERAL,414,General question about online banking access.,False,False,False,0.26,0.45
C0100489,2026-08-23 06:34:27.505446,MORTGAGE_INQUIRY,410,Wants to speak to a mortgage specialist about refinancing. Mentioned rate shopping.,True,False,False,0.51,-0.06
C0100490,2026-07-02 15:14:33.502696,ESCROW,592,Question about escrow analysis and property tax increase.,False,False,False,0.09,0.29
C0100490,2026-07-27 20:16:29.063826,MORTGAGE_INQUIRY,681,Called about refinancing options — wanted to know break-even on closing costs against a 5.3% offer.,True,True,False,0.88,0.08
C0100492,2026-09-02 16:05:16.350793,MORTGAGE_INQUIRY,287,Asked about the process to pay off the loan early and whether there are any prepayment penalties.,True,True,True,0.62,0.14
C0100492,2026-09-05 14:42:27.026751,PAYMENT,626,General question about online banking access.,False,False,False,0.16,0.89
C0100497,2026-06-19 22:21:07.810411,GENERAL,555,General question about online banking access.,False,False,False,0.3,0.64
C0100500,2026-06-21 06:05:14.736235,STATEMENT,463,Question about escrow analysis and property tax increase.,False,False,False,0.27,0.25
C0100500,2026-06-30 01:09:45.687586,GENERAL,526,Question about escrow analysis and property tax increase.,False,False,False,0.0,0.39
C0100502,2026-08-04 00:28:25.364550,MORTGAGE_INQUIRY,277,Customer asked what our current 30-year rates look like and mentioned they saw 5.12% at Chase.,True,False,False,0.64,-0.28
C0100502,2026-09-08 01:59:43.302492,STATEMENT,208,Asked how to set up autopay for the mortgage.,False,False,False,0.43,0.29
C0100510,2026-06-28 12:04:00.445626,STATEMENT,78,Requested a copy of the most recent mortgage statement for tax purposes.,False,False,False,0.47,0.05
C0100510,2026-07-17 19:34:43.236277,MORTGAGE_INQUIRY,311,Inquired about payoff amount and where to send funds. Sounded like they may be refinancing elsewhere.,True,False,True,0.93,-0.28
C0100511,2026-08-03 07:55:28.907276,STATEMENT,406,Confirmed next payment due date.,False,False,False,0.39,0.1
C0100511,2026-08-08 17:16:01.637643,MORTGAGE_INQUIRY,625,Customer asked what our current 30-year rates look like and mentioned they saw 5.14% at Chase.,True,True,False,0.77,-0.2
C0100513,2026-09-04 10:56:48.223368,MORTGAGE_INQUIRY,667,Asked about the process to pay off the loan early and whether there are any prepayment penalties.,True,True,True,0.91,-0.38
C0100514,2026-06-13 02:22:00.652644,ESCROW,267,Confirmed next payment due date.,False,False,False,0.24,-0.06
C0100514,2026-08-28 13:26:45.360994,MORTGAGE_INQUIRY,857,Wants to speak to a mortgage specialist about refinancing. Mentioned rate shopping.,True,False,False,0.98,-0.58
C0100519,2026-09-02 19:22:34.428737,STATEMENT,815,Confirmed next payment due date.,False,False,False,0.39,0.16
C0100519,2026-09-07 16:16:59.117836,GENERAL,160,Requested a copy of the most recent mortgage statement for tax purposes.,False,False,False,0.26,0.5
C0100521,2026-08-30 12:05:50.555265,STATEMENT,428,Asked how to set up autopay for the mortgage.,False,False,False,0.34,-0.21
C0100521,2026-09-03 15:52:03.833675,ESCROW,105,Question about escrow analysis and property tax increase.,False,False,False,0.06,0.5
C0100523,2026-07-28 04:51:46.795989,MORTGAGE_INQUIRY,681,Customer asked what our current 30-year rates look like and mentioned they saw 5.5% at an online lender.,True,True,False,0.6,-0.35
C0100523,2026-09-07 22:52:30.857282,MORTGAGE_INQUIRY,641,Called about refinancing options — wanted to know break-even on closing costs against a 5.54% offer.,True,True,False,0.85,0.4
C0100524,2026-09-07 19:01:37.172495,STATEMENT,194,General question about online banking access.,False,False,False,0.23,-0.62
C0100526,2026-07-13 05:11:23.777131,ESCROW,531,Question about escrow analysis and property tax increase.,False,False,False,0.14,-0.07
C0100526,2026-09-02 10:25:35.709782,GENERAL,499,General question about online banking access.,False,False,False,0.28,0.08
C0100532,2026-07-02 09:05:30.977451,PAYMENT,794,Requested a copy of the most recent mortgage statement for tax purposes.,False,False,False,0.3,0.13
C0100532,2026-08-21 06:11:13.251803,STATEMENT,163,Requested a copy of the most recent mortgage statement for tax purposes.,False,False,False,0.36,0.52
C0100536,2026-08-05 21:05:02.204725,ESCROW,710,Question about escrow analysis and property tax increase.,False,False,False,0.01,0.02
C0100536,2026-08-14 15:42:13.643551,MORTGAGE_INQUIRY,181,Wants to speak to a mortgage specialist about refinancing. Mentioned rate shopping.,True,False,False,0.65,0.52
C0100537,2026-07-03 08:59:34.767427,GENERAL,725,General question about online banking access.,False,False,False,0.03,0.15
C0100537,2026-08-02 00:54:09.714070,GENERAL,671,Asked how to set up autopay for the mortgage.,False,False,False,0.1,0.49
C0100538,2026-07-05 14:57:46.495418,ESCROW,109,Question about escrow analysis and property tax increase.,False,False,False,0.0,0.62
C0100538,2026-09-02 21:11:51.722909,ESCROW,775,General question about online banking access.,False,False,False,0.32,0.31
C0100549,2026-07-31 05:37:44.898400,ESCROW,875,Requested a copy of the most recent mortgage statement for tax purposes.,False,False,False,0.1,0.56
C0100549,2026-08-14 16:58:23.528812,MORTGAGE_INQUIRY,608,Called about refinancing options — wanted to know break-even on closing costs against a 5.27% offer.,True,False,False,0.46,-0.18
C0100553,2026-07-25 23:41:46.450504,PAYMENT,696,Question about escrow analysis and property tax increase.,False,False,False,0.14,0.6
C0100555,2026-08-28 14:01:10.371580,PAYMENT,349,Requested a copy of the most recent mortgage statement for tax purposes.,False,False,False,0.21,0.44
C0100558,2026-07-06 17:15:34.221477,ESCROW,351,Question about escrow analysis and property tax increase.,False,False,False,0.23,0.64
C0100558,2026-07-31 16:36:06.638172,PAYMENT,867,Confirmed next payment due date.,False,False,False,0.0,-0.23
C0100563,2026-09-09 10:20:20.831083,MORTGAGE_INQUIRY,377,Asked about the process to pay off the loan early and whether there are any prepayment penalties.,True,False,True,0.89,-0.06
C0100568,2026-06-24 14:45:06.830689,MORTGAGE_INQUIRY,521,Inquired about payoff amount and where to send funds. Sounded like they may be refinancing elsewhere.,True,True,True,0.81,0.42
C0100569,2026-08-26 12:53:14.796922,MORTGAGE_INQUIRY,776,Asked about the process to pay off the loan early and whether there are any prepayment penalties.,True,False,True,0.6,-0.07
C0100570,2026-08-02 06:38:06.593282,MORTGAGE_INQUIRY,155,Called about refinancing options — wanted to know break-even on closing costs against a 5.14% offer.,True,True,False,0.76,-0.2
C0100571,2026-07-09 16:22:56.942081,ESCROW,603,Question about escrow analysis and property tax increase.,False,False,False,0.37,0.8
C0100571,2026-08-05 22:42:50.536319,STATEMENT,118,Requested a copy of the most recent mortgage statement for tax purposes.,False,False,False,0.11,0.32
C0100573,2026-09-05 14:50:29.018872,GENERAL,449,Confirmed next payment due date.,False,False,False,0.0,-0.32
C0100574,2026-07-30 16:28:38.390362,MORTGAGE_INQUIRY,729,Asked about the process to pay off the loan early and whether there are any prepayment penalties.,True,True,True,0.57,0.31
C0100575,2026-06-20 23:35:18.398279,PAYMENT,604,Question about escrow analysis and property tax increase.,False,False,False,0.0,-0.07
C0100575,2026-07-07 09:45:56.087229,MORTGAGE_INQUIRY,814,Wants to speak to a mortgage specialist about refinancing. Mentioned rate shopping.,True,False,False,0.82,0.1
C0100577,2026-08-14 21:36:46.357531,STATEMENT,221,Asked how to set up autopay for the mortgage.,False,False,False,0.04,0.25
C0100582,2026-08-24 23:01:56.876095,STATEMENT,888,Confirmed next payment due date.,False,False,False,0.38,0.13
C0100585,2026-07-01 09:03:41.779976,STATEMENT,482,Question about escrow analysis and property tax increase.,False,False,False,0.1,-0.38
C0100594,2026-08-22 14:24:44.429656,PAYMENT,307,Question about escrow analysis and property tax increase.,False,False,False,0.09,0.09
C0100595,2026-06-13 04:28:10.160328,STATEMENT,378,Confirmed next payment due date.,False,False,False,0.15,0.41
C0100595,2026-07-29 13:54:37.326310,STATEMENT,318,Confirmed next payment due date.,False,False,False,0.19,-0.07
C0100600,2026-09-04 12:08:27.874589,MORTGAGE_INQUIRY,848,Asked about the process to pay off the loan early and whether there are any prepayment penalties.,True,True,True,0.73,-0.25
C0100605,2026-08-01 19:47:46.924518,GENERAL,892,Confirmed next payment due date.,False,False,False,0.24,0.34
C0100608,2026-06-22 21:37:30.794116,MORTGAGE_INQUIRY,247,Asked about the process to pay off the loan early and whether there are any prepayment penalties.,True,False,True,0.77,0.01
C0100609,2026-07-11 15:54:57.058057,GENERAL,635,Question about escrow analysis and property tax increase.,False,False,False,0.41,0.01
C0100609,2026-07-25 02:44:39.194986,MORTGAGE_INQUIRY,297,Wants to speak to a mortgage specialist about refinancing. Mentioned rate shopping.,True,False,False,1.0,0.04
C0100612,2026-06-18 20:03:04.237946,MORTGAGE_INQUIRY,739,Called about refinancing options — wanted to know break-even on closing costs against a 5.25% offer.,True,False,False,0.86,0.7
C0100612,2026-08-15 07:47:48.167754,MORTGAGE_INQUIRY,653,Called about refinancing options — wanted to know break-even on closing costs against a 5.57% offer.,True,True,False,0.8,-0.41
C0100614,2026-06-23 17:32:38.941885,PAYMENT,804,Question about escrow analysis and property tax increase.,False,False,False,0.15,-0.37
C0100617,2026-06-15 08:26:27.355585,ESCROW,583,Asked how to set up autopay for the mortgage.,False,False,False,0.18,-0.27
C0100617,2026-06-20 01:14:35.791411,MORTGAGE_INQUIRY,308,Asked about the process to pay off the loan early and whether there are any prepayment penalties.,True,False,True,0.49,-0.25
C0100621,2026-08-08 17:50:34.741065,STATEMENT,805,General question about online banking access.,False,False,False,0.06,0.26
C0100624,2026-06-19 06:18:23.792986,STATEMENT,812,Question about escrow analysis and property tax increase.,False,False,False,0.27,-0.14
C0100624,2026-08-29 13:43:49.949566,GENERAL,260,General question about online banking access.,False,False,False,0.0,0.4
C0100625,2026-08-17 20:04:38.120202,MORTGAGE_INQUIRY,712,Asked about the process to pay off the loan early and whether there are any prepayment penalties.,True,False,True,0.81,0.08
C0100626,2026-08-01 09:24:45.082113,PAYMENT,230,Requested a copy of the most recent mortgage statement for tax purposes.,False,False,False,0.18,0.21
C0100629,2026-07-12 07:52:28.660658,STATEMENT,445,General question about online banking access.,False,False,False,0.04,0.37
C0100632,2026-08-17 11:10:54.660834,MORTGAGE_INQUIRY,865,Inquired about payoff amount and where to send funds. Sounded like they may be refinancing elsewhere.,True,False,True,0.72,-0.09
C0100638,2026-08-11 04:06:46.746522,STATEMENT,661,Confirmed next payment due date.,False,False,False,0.15,0.16
C0100647,2026-07-18 01:07:26.214721,MORTGAGE_INQUIRY,257,Wants to speak to a mortgage specialist about refinancing. Mentioned rate shopping.,True,True,False,0.7,-0.34
C0100647,2026-08-01 15:25:09.828508,MORTGAGE_INQUIRY,410,Called about refinancing options — wanted to know break-even on closing costs against a 5.47% offer.,True,False,False,0.8,-0.56
C0100649,2026-08-04 06:12:03.640344,STATEMENT,477,Requested a copy of the most recent mortgage statement for tax purposes.,False,False,False,0.11,0.64
C0100650,2026-06-29 07:47:54.020861,GENERAL,189,Asked how to set up autopay for the mortgage.,False,False,False,0.27,0.36
C0100652,2026-07-25 18:00:05.019556,MORTGAGE_INQUIRY,413,Called about refinancing options — wanted to know break-even on closing costs against a 5.58% offer.,True,True,False,0.64,-0.5
C0100652,2026-07-27 07:38:16.190286,MORTGAGE_INQUIRY,428,Asked about the process to pay off the loan early and whether there are any prepayment penalties.,True,True,True,0.51,-0.59
C0100655,2026-08-22 04:50:56.240862,ESCROW,631,Requested a copy of the most recent mortgage statement for tax purposes.,False,False,False,0.18,-0.15
C0100657,2026-06-13 15:24:22.959070,GENERAL,196,Question about escrow analysis and property tax increase.,False,False,False,0.51,0.16
C0100662,2026-07-26 10:46:22.306303,MORTGAGE_INQUIRY,98,Asked about the process to pay off the loan early and whether there are any prepayment penalties.,True,True,True,0.88,0.15
C0100667,2026-06-29 00:28:39.160194,MORTGAGE_INQUIRY,339,Called about refinancing options — wanted to know break-even on closing costs against a 5.12% offer.,True,True,False,0.74,-0.13
C0100667,2026-08-27 17:08:35.674729,STATEMENT,874,Asked how to set up autopay for the mortgage.,False,False,False,0.0,0.72
C0100674,2026-07-15 21:43:55.778620,MORTGAGE_INQUIRY,170,Wants to speak to a mortgage specialist about refinancing. Mentioned rate shopping.,True,False,False,0.63,-0.32
C0100676,2026-06-28 10:57:16.369697,ESCROW,737,Asked how to set up autopay for the mortgage.,False,False,False,0.29,0.44
C0100676,2026-08-13 16:34:12.706593,MORTGAGE_INQUIRY,389,Asked about the process to pay off the loan early and whether there are any prepayment penalties.,True,True,True,0.63,-0.36
C0100679,2026-06-20 05:20:18.865508,ESCROW,753,General question about online banking access.,False,False,False,0.0,-0.12
C0100679,2026-06-22 02:16:43.136465,MORTGAGE_INQUIRY,83,Called about refinancing options — wanted to know break-even on closing costs against a 5.11% offer.,True,True,False,0.73,-0.07
C0100682,2026-08-11 18:06:48.856949,STATEMENT,636,Requested a copy of the most recent mortgage statement for tax purposes.,False,False,False,0.18,0.14
C0100686,2026-07-14 13:33:32.422911,PAYMENT,576,General question about online banking access.,False,False,False,0.34,0.72
C0100686,2026-08-11 18:29:45.535292,MORTGAGE_INQUIRY,726,Wants to speak to a mortgage specialist about refinancing. Mentioned rate shopping.,True,False,False,0.74,-0.34
C0100688,2026-08-15 08:49:26.518847,ESCROW,186,Asked how to set up autopay for the mortgage.,False,False,False,0.0,0.32
C0100689,2026-08-08 10:02:29.828230,PAYMENT,246,Confirmed next payment due date.,False,False,False,0.0,0.53
C0100690,2026-06-17 19:22:41.377245,MORTGAGE_INQUIRY,88,Inquired about payoff amount and where to send funds. Sounded like they may be refinancing elsewhere.,True,True,True,0.69,-0.72
C0100690,2026-08-03 13:01:11.990320,PAYMENT,776,Question about escrow analysis and property tax increase.,False,False,False,0.0,0.36
C0100693,2026-07-11 11:02:14.985941,ESCROW,504,General question about online banking access.,False,False,False,0.0,0.41
C0100695,2026-07-27 11:34:15.995601,MORTGAGE_INQUIRY,282,Called about refinancing options — wanted to know break-even on closing costs against a 5.16% offer.,True,True,False,0.64,-0.42
C0100697,2026-07-21 11:52:17.250372,ESCROW,255,Confirmed next payment due date.,False,False,False,0.07,-0.2
C0100698,2026-07-03 05:53:14.593787,ESCROW,246,Requested a copy of the most recent mortgage statement for tax purposes.,False,False,False,0.0,0.34
C0100706,2026-07-15 04:04:16.542851,STATEMENT,369,Question about escrow analysis and property tax increase.,False,False,False,0.18,-0.07
C0100714,2026-08-27 20:28:33.609610,MORTGAGE_INQUIRY,233,Customer asked what our current 30-year rates look like and mentioned they saw 5.22% at a competitor.,True,True,False,0.83,-0.3
C0100715,2026-08-13 04:47:33.768681,MORTGAGE_INQUIRY,81,Wants to speak to a mortgage specialist about refinancing. Mentioned rate shopping.,True,True,False,0.89,0.04
C0100719,2026-06-21 06:39:51.495858,GENERAL,273,Asked how to set up autopay for the mortgage.,False,False,False,0.15,-0.2
C0100719,2026-06-23 12:06:26.447225,MORTGAGE_INQUIRY,666,Wants to speak to a mortgage specialist about refinancing. Mentioned rate shopping.,True,True,False,0.71,0.16
C0100722,2026-06-13 12:47:05.082946,MORTGAGE_INQUIRY,614,Asked about the process to pay off the loan early and whether there are any prepayment penalties.,True,False,True,0.67,0.23
C0100722,2026-07-21 03:27:22.485754,MORTGAGE_INQUIRY,441,Customer asked what our current 30-year rates look like and mentioned they saw 5.37% at Rocket.,True,True,False,0.66,0.73
C0100723,2026-06-14 08:47:55.386560,MORTGAGE_INQUIRY,600,Wants to speak to a mortgage specialist about refinancing. Mentioned rate shopping.,True,True,False,0.67,-0.63
C0100723,2026-09-02 01:52:16.271260,PAYMENT,427,Confirmed next payment due date.,False,False,False,0.12,0.14
C0100726,2026-07-22 01:40:14.742140,MORTGAGE_INQUIRY,683,Inquired about payoff amount and where to send funds. Sounded like they may be refinancing elsewhere.,True,True,True,0.83,-0.08
C0100729,2026-08-15 05:26:18.232159,GENERAL,567,Question about escrow analysis and property tax increase.,False,False,False,0.01,-0.04
C0100732,2026-07-27 17:50:11.822276,MORTGAGE_INQUIRY,752,Called about refinancing options — wanted to know break-even on closing costs against a 5.3% offer.,True,False,False,0.68,-0.44
C0100732,2026-08-26 01:11:29.112008,MORTGAGE_INQUIRY,579,Asked about the process to pay off the loan early and whether there are any prepayment penalties.,True,True,True,0.79,0.08
C0100733,2026-07-16 23:33:57.531326,PAYMENT,602,Asked how to set up autopay for the mortgage.,False,False,False,0.36,0.12
C0100733,2026-08-06 16:53:13.876405,MORTGAGE_INQUIRY,102,Customer asked what our current 30-year rates look like and mentioned they saw 5.16% at an online lender.,True,True,False,0.83,-0.37
C0100735,2026-06-23 02:47:31.709715,ESCROW,234,Requested a copy of the most recent mortgage statement for tax purposes.,False,False,False,0.19,0.5
C0100735,2026-09-08 03:25:26.697468,MORTGAGE_INQUIRY,521,Wants to speak to a mortgage specialist about refinancing. Mentioned rate shopping.,True,True,False,0.53,0.37
C0100737,2026-07-01 19:36:49.980468,ESCROW,479,Requested a copy of the most recent mortgage statement for tax purposes.,False,False,False,0.2,0.76
C0100738,2026-08-18 11:55:08.990735,MORTGAGE_INQUIRY,831,Customer asked what our current 30-year rates look like and mentioned they saw 5.56% at Chase.,True,True,False,0.52,0.15
C0100741,2026-07-03 23:04:40.679238,MORTGAGE_INQUIRY,707,Called about refinancing options — wanted to know break-even on closing costs against a 5.53% offer.,True,True,False,0.73,-0.37
C0100741,2026-08-14 12:01:15.208677,STATEMENT,180,Confirmed next payment due date.,False,False,False,0.38,0.1
C0100743,2026-08-04 19:04:51.950078,GENERAL,415,Confirmed next payment due date.,False,False,False,0.34,0.15
C0100743,2026-08-22 06:34:36.118457,MORTGAGE_INQUIRY,371,Asked about the process to pay off the loan early and whether there are any prepayment penalties.,True,False,True,0.67,-0.35
C0100746,2026-06-15 07:11:11.130565,MORTGAGE_INQUIRY,566,Called about refinancing options — wanted to know break-even on closing costs against a 5.14% offer.,True,False,False,0.75,0.27
C0100749,2026-07-28 14:46:06.395426,STATEMENT,777,Requested a copy of the most recent mortgage statement for tax purposes.,False,False,False,0.04,0.24
C0100749,2026-08-12 07:19:07.138339,MORTGAGE_INQUIRY,187,Wants to speak to a mortgage specialist about refinancing. Mentioned rate shopping.,True,False,False,0.68,-0.52
C0100754,2026-07-16 12:43:42.955880,MORTGAGE_INQUIRY,473,Inquired about payoff amount and where to send funds. Sounded like they may be refinancing elsewhere.,True,True,True,0.8,-0.42
C0100754,2026-07-17 04:19:31.289623,MORTGAGE_INQUIRY,437,Inquired about payoff amount and where to send funds. Sounded like they may be refinancing elsewhere.,True,True,True,0.73,-0.41
C0100758,2026-08-16 20:06:21.917362,GENERAL,310,Requested a copy of the most recent mortgage statement for tax purposes.,False,False,False,0.29,0.05
C0100759,2026-08-11 13:44:45.133585,MORTGAGE_INQUIRY,484,Asked about the process to pay off the loan early and whether there are any prepayment penalties.,True,False,True,0.78,0.12
C0100763,2026-07-17 02:16:51.153963,ESCROW,363,Question about escrow analysis and property tax increase.,False,False,False,0.24,0.39
C0100770,2026-07-11 09:24:00.488848,PAYMENT,307,Confirmed next payment due date.,False,False,False,0.14,-0.23
C0100772,2026-08-30 07:18:39.900456,MORTGAGE_INQUIRY,112,Wants to speak to a mortgage specialist about refinancing. Mentioned rate shopping.,True,True,False,0.62,-0.67
C0100773,2026-09-05 03:26:59.949416,ESCROW,600,Asked how to set up autopay for the mortgage.,False,False,False,0.21,0.68
C0100773,2026-09-07 01:26:47.156248,GENERAL,211,Requested a copy of the most recent mortgage statement for tax purposes.,False,False,False,0.01,0.02
C0100776,2026-07-02 01:53:45.717691,MORTGAGE_INQUIRY,334,Wants to speak to a mortgage specialist about refinancing. Mentioned rate shopping.,True,True,False,0.65,-0.25
C0100776,2026-08-08 22:35:48.557765,PAYMENT,140,Confirmed next payment due date.,False,False,False,0.35,0.22
C0100777,2026-08-30 06:59:22.333274,MORTGAGE_INQUIRY,633,Customer asked what our current 30-year rates look like and mentioned they saw 5.59% at Chase.,True,True,False,0.67,-0.05
C0100780,2026-06-26 08:30:51.046008,MORTGAGE_INQUIRY,794,Called about refinancing options — wanted to know break-even on closing costs against a 5.26% offer.,True,True,False,0.98,-0.05
C0100780,2026-06-29 16:21:07.250632,MORTGAGE_INQUIRY,857,Inquired about payoff amount and where to send funds. Sounded like they may be refinancing elsewhere.,True,True,True,1.0,-0.56
C0100781,2026-06-13 18:25:14.060531,MORTGAGE_INQUIRY,126,Inquired about payoff amount and where to send funds. Sounded like they may be refinancing elsewhere.,True,True,True,0.82,0.35
C0100781,2026-06-23 04:49:31.804566,GENERAL,110,Asked how to set up autopay for the mortgage.,False,False,False,0.02,0.26
C0100784,2026-08-20 15:02:07.540912,MORTGAGE_INQUIRY,636,Wants to speak to a mortgage specialist about refinancing. Mentioned rate shopping.,True,False,False,0.87,-0.62
C0100785,2026-06-27 22:10:38.153823,MORTGAGE_INQUIRY,629,Inquired about payoff amount and where to send funds. Sounded like they may be refinancing elsewhere.,True,True,True,0.61,0.26
C0100786,2026-06-25 05:00:14.720519,MORTGAGE_INQUIRY,674,Customer asked what our current 30-year rates look like and mentioned they saw 5.57% at a competitor.,True,False,False,0.86,-0.16
C0100786,2026-07-31 06:26:21.786057,MORTGAGE_INQUIRY,557,Inquired about payoff amount and where to send funds. Sounded like they may be refinancing elsewhere.,True,True,True,0.74,-0.25
C0100787,2026-07-28 00:12:23.652552,ESCROW,441,Question about escrow analysis and property tax increase.,False,False,False,0.0,-0.1
C0100791,2026-09-08 12:00:56.793284,PAYMENT,707,General question about online banking access.,False,False,False,0.0,0.17
C0100797,2026-06-15 09:43:58.371072,STATEMENT,356,Asked how to set up autopay for the mortgage.,False,False,False,0.26,0.18
C0100798,2026-07-12 20:05:01.264875,MORTGAGE_INQUIRY,484,Wants to speak to a mortgage specialist about refinancing. Mentioned rate shopping.,True,True,False,0.84,-0.43
C0100798,2026-08-31 08:37:06.550986,MORTGAGE_INQUIRY,541,Wants to speak to a mortgage specialist about refinancing. Mentioned rate shopping.,True,True,False,0.67,0.47
C0100799,2026-07-31 18:24:59.621625,STATEMENT,71,Asked how to set up autopay for the mortgage.,False,False,False,0.27,0.08
C0100799,2026-08-05 12:00:32.293951,PAYMENT,618,General question about online banking access.,False,False,False,0.03,0.1
C0100800,2026-07-12 05:31:55.432592,MORTGAGE_INQUIRY,169,Customer asked what our current 30-year rates look like and mentioned they saw 5.28% at an online lender.,True,True,False,0.68,0.14
C0100800,2026-09-01 19:36:23.292922,ESCROW,239,General question about online banking access.,False,False,False,0.1,0.06
C0100802,2026-08-19 18:43:11.766662,MORTGAGE_INQUIRY,737,Wants to speak to a mortgage specialist about refinancing. Mentioned rate shopping.,True,True,False,1.0,0.41
C0100802,2026-08-26 23:31:31.007069,MORTGAGE_INQUIRY,466,Inquired about payoff amount and where to send funds. Sounded like they may be refinancing elsewhere.,True,True,True,0.75,-0.0
C0100806,2026-08-30 06:49:58.559988,PAYMENT,561,Asked how to set up autopay for the mortgage.,False,False,False,0.05,0.51
C0100807,2026-06-20 22:17:26.727172,MORTGAGE_INQUIRY,247,Customer asked what our current 30-year rates look like and mentioned they saw 5.31% at Rocket.,True,False,False,0.87,-0.09
C0100807,2026-08-16 14:00:17.746380,ESCROW,724,Requested a copy of the most recent mortgage statement for tax purposes.,False,False,False,0.2,-0.25
C0100813,2026-07-13 22:22:50.831480,MORTGAGE_INQUIRY,507,Inquired about payoff amount and where to send funds. Sounded like they may be refinancing elsewhere.,True,True,True,0.81,0.01
C0100814,2026-08-12 13:53:02.477703,ESCROW,150,Requested a copy of the most recent mortgage statement for tax purposes.,False,False,False,0.09,-0.2
C0100814,2026-08-13 23:06:06.361832,MORTGAGE_INQUIRY,211,Inquired about payoff amount and where to send funds. Sounded like they may be refinancing elsewhere.,True,False,True,1.0,-0.04
C0100820,2026-06-19 23:54:22.508759,STATEMENT,894,General question about online banking access.,False,False,False,0.28,0.01
C0100820,2026-08-18 18:55:36.205258,PAYMENT,445,Question about escrow analysis and property tax increase.,False,False,False,0.0,0.07
C0100821,2026-08-26 08:48:10.265237,MORTGAGE_INQUIRY,444,Asked about the process to pay off the loan early and whether there are any prepayment penalties.,True,True,True,0.66,0.31
C0100822,2026-08-04 03:26:49.007814,STATEMENT,159,Question about escrow analysis and property tax increase.,False,False,False,0.16,0.07
C0100822,2026-08-10 00:35:15.776051,STATEMENT,645,Confirmed next payment due date.,False,False,False,0.23,0.03
C0100824,2026-07-31 02:32:01.089217,MORTGAGE_INQUIRY,880,Inquired about payoff amount and where to send funds. Sounded like they may be refinancing elsewhere.,True,True,True,0.64,0.1
C0100824,2026-08-28 17:38:52.747447,MORTGAGE_INQUIRY,684,Customer asked what our current 30-year rates look like and mentioned they saw 5.26% at a competitor.,True,False,False,0.97,-0.61
C0100825,2026-06-30 09:24:47.879447,STATEMENT,855,Asked how to set up autopay for the mortgage.,False,False,False,0.02,0.26
C0100825,2026-08-02 09:56:38.494738,MORTGAGE_INQUIRY,715,Inquired about payoff amount and where to send funds. Sounded like they may be refinancing elsewhere.,True,False,True,0.66,0.16
C0100826,2026-06-16 02:47:42.894645,PAYMENT,358,Asked how to set up autopay for the mortgage.,False,False,False,0.0,0.48
C0100826,2026-07-25 17:34:34.779132,GENERAL,634,Question about escrow analysis and property tax increase.,False,False,False,0.22,0.69
C0100835,2026-09-02 00:03:53.810962,GENERAL,733,General question about online banking access.,False,False,False,0.16,0.67
C0100836,2026-06-23 22:45:54.776358,STATEMENT,749,Confirmed next payment due date.,False,False,False,0.17,0.11
C0100839,2026-06-18 20:28:49.918493,ESCROW,401,Question about escrow analysis and property tax increase.,False,False,False,0.33,0.62
C0100839,2026-08-11 07:21:19.832542,GENERAL,556,Confirmed next payment due date.,False,False,False,0.26,-0.29
C0100841,2026-06-19 01:17:07.110136,PAYMENT,712,Confirmed next payment due date.,False,False,False,0.12,0.05
C0100843,2026-08-21 14:00:05.412580,STATEMENT,76,Question about escrow analysis and property tax increase.,False,False,False,0.03,0.33
C0100843,2026-09-03 20:32:04.413009,MORTGAGE_INQUIRY,855,Customer asked what our current 30-year rates look like and mentioned they saw 5.35% at Rocket.,True,True,False,0.64,0.08
C0100844,2026-07-20 09:17:12.733826,GENERAL,409,Requested a copy of the most recent mortgage statement for tax purposes.,False,False,False,0.04,0.45
C0100844,2026-09-05 19:47:08.756190,MORTGAGE_INQUIRY,215,Wants to speak to a mortgage specialist about refinancing. Mentioned rate shopping.,True,True,False,0.57,-0.09
C0100846,2026-06-22 23:50:03.323548,ESCROW,780,Confirmed next payment due date.,False,False,False,0.03,0.3
C0100849,2026-09-07 21:04:40.865567,ESCROW,682,Asked how to set up autopay for the mortgage.,False,False,False,0.0,0.35
C0100850,2026-08-20 16:06:52.290866,GENERAL,825,Requested a copy of the most recent mortgage statement for tax purposes.,False,False,False,0.02,0.37
C0100850,2026-08-22 12:05:33.357344,GENERAL,392,General question about online banking access.,False,False,False,0.17,-0.2
C0100851,2026-06-23 21:41:57.107838,MORTGAGE_INQUIRY,467,Customer asked what our current 30-year rates look like and mentioned they saw 5.53% at an online lender.,True,True,False,0.62,0.01
C0100854,2026-08-11 10:51:20.719770,GENERAL,473,General question about online banking access.,False,False,False,0.07,0.73
C0100854,2026-09-02 04:45:26.933949,MORTGAGE_INQUIRY,659,Wants to speak to a mortgage specialist about refinancing. Mentioned rate shopping.,True,False,False,0.75,0.07
C0100857,2026-08-15 02:43:16.275795,ESCROW,636,Requested a copy of the most recent mortgage statement for tax purposes.,False,False,False,0.24,0.16
C0100861,2026-07-09 12:33:34.935547,GENERAL,158,Question about escrow analysis and property tax increase.,False,False,False,0.13,-0.3
C0100862,2026-07-28 19:44:49.409397,PAYMENT,67,Requested a copy of the most recent mortgage statement for tax purposes.,False,False,False,0.0,0.25
C0100866,2026-08-23 13:06:32.849710,MORTGAGE_INQUIRY,826,Customer asked what our current 30-year rates look like and mentioned they saw 5.31% at an online lender.,True,False,False,0.6,0.06
C0100866,2026-09-04 00:36:20.929503,GENERAL,796,Asked how to set up autopay for the mortgage.,False,False,False,0.0,-0.23
C0100873,2026-08-08 18:38:26.570734,PAYMENT,602,Asked how to set up autopay for the mortgage.,False,False,False,0.24,-0.01
C0100875,2026-06-18 10:43:01.464046,MORTGAGE_INQUIRY,898,Called about refinancing options — wanted to know break-even on closing costs against a 5.37% offer.,True,True,False,0.81,-0.27
C0100876,2026-06-30 11:41:41.639609,MORTGAGE_INQUIRY,339,Asked about the process to pay off the loan early and whether there are any prepayment penalties.,True,True,True,0.48,0.09
C0100886,2026-08-25 02:38:43.189793,GENERAL,339,Requested a copy of the most recent mortgage statement for tax purposes.,False,False,False,0.1,0.56
C0100887,2026-08-29 03:03:14.308390,MORTGAGE_INQUIRY,356,Asked about the process to pay off the loan early and whether there are any prepayment penalties.,True,True,True,0.94,0.65
C0100888,2026-09-03 09:58:09.538850,MORTGAGE_INQUIRY,564,Asked about the process to pay off the loan early and whether there are any prepayment penalties.,True,True,True,0.84,-0.33
C0100889,2026-08-21 23:47:25.022794,MORTGAGE_INQUIRY,578,Inquired about payoff amount and where to send funds. Sounded like they may be refinancing elsewhere.,True,True,True,0.84,-0.36
C0100890,2026-07-15 00:34:57.441976,MORTGAGE_INQUIRY,627,Inquired about payoff amount and where to send funds. Sounded like they may be refinancing elsewhere.,True,False,True,0.9,-0.02
C0100892,2026-06-27 06:02:53.473428,MORTGAGE_INQUIRY,506,Customer asked what our current 30-year rates look like and mentioned they saw 5.28% at a competitor.,True,False,False,0.78,-0.33
C0100892,2026-08-18 14:22:19.592100,MORTGAGE_INQUIRY,645,Customer asked what our current 30-year rates look like and mentioned they saw 5.23% at Rocket.,True,True,False,1.0,0.22
C0100903,2026-06-28 23:47:46.064996,MORTGAGE_INQUIRY,290,Inquired about payoff amount and where to send funds. Sounded like they may be refinancing elsewhere.,True,True,True,0.95,0.21
C0100903,2026-09-05 16:57:16.890470,MORTGAGE_INQUIRY,394,Called about refinancing options — wanted to know break-even on closing costs against a 5.11% offer.,True,False,False,0.78,0.32
C0100904,2026-07-13 02:21:27.474468,STATEMENT,181,Requested a copy of the most recent mortgage statement for tax purposes.,False,False,False,0.09,0.51
C0100904,2026-08-28 03:43:32.716374,MORTGAGE_INQUIRY,822,Wants to speak to a mortgage specialist about refinancing. Mentioned rate shopping.,True,True,False,0.7,-0.46
C0100905,2026-08-13 01:15:21.427721,ESCROW,515,Asked how to set up autopay for the mortgage.,False,False,False,0.42,0.29
C0100905,2026-09-03 12:07:16.537284,ESCROW,599,Question about escrow analysis and property tax increase.,False,False,False,0.0,0.11
C0100908,2026-07-09 21:09:53.411586,PAYMENT,455,General question about online banking access.,False,False,False,0.44,0.65
C0100908,2026-08-24 00:08:42.208400,MORTGAGE_INQUIRY,748,Customer asked what our current 30-year rates look like and mentioned they saw 5.23% at Chase.,True,True,False,0.59,0.02
C0100911,2026-07-24 19:00:00.990549,MORTGAGE_INQUIRY,561,Called about refinancing options — wanted to know break-even on closing costs against a 5.13% offer.,True,True,False,0.81,-0.47
C0100911,2026-08-20 13:54:51.375906,MORTGAGE_INQUIRY,727,Wants to speak to a mortgage specialist about refinancing. Mentioned rate shopping.,True,True,False,0.54,-0.28
C0100912,2026-06-28 18:00:27.310148,PAYMENT,505,Requested a copy of the most recent mortgage statement for tax purposes.,False,False,False,0.05,0.14
C0100912,2026-09-04 08:37:38.028339,MORTGAGE_INQUIRY,820,Customer asked what our current 30-year rates look like and mentioned they saw 5.42% at Rocket.,True,True,False,0.71,0.29
C0100918,2026-07-29 10:31:36.617459,ESCROW,681,General question about online banking access.,False,False,False,0.0,0.57
C0100922,2026-06-23 03:15:52.580899,ESCROW,721,Asked how to set up autopay for the mortgage.,False,False,False,0.04,0.33
C0100922,2026-07-22 00:09:11.163943,ESCROW,108,Requested a copy of the most recent mortgage statement for tax purposes.,False,False,False,0.3,0.2
C0100923,2026-08-17 08:05:10.236817,PAYMENT,271,General question about online banking access.,False,False,False,0.03,0.26
C0100927,2026-06-21 13:42:59.609477,ESCROW,896,Asked how to set up autopay for the mortgage.,False,False,False,0.0,0.12
C0100927,2026-07-01 01:43:16.373516,GENERAL,289,Asked how to set up autopay for the mortgage.,False,False,False,0.17,1.0
C0100928,2026-09-05 11:14:08.466813,STATEMENT,852,Confirmed next payment due date.,False,False,False,0.21,-0.1
C0100929,2026-07-31 20:55:13.505894,ESCROW,338,General question about online banking access.,False,False,False,0.0,0.26
C0100931,2026-07-08 09:19:09.714689,STATEMENT,271,Requested a copy of the most recent mortgage statement for tax purposes.,False,False,False,0.31,0.3
C0100933,2026-08-10 01:08:29.922951,PAYMENT,308,Question about escrow analysis and property tax increase.,False,False,False,0.23,0.24
C0100935,2026-06-27 09:46:05.655111,STATEMENT,215,Requested a copy of the most recent mortgage statement for tax purposes.,False,False,False,0.17,0.47
C0100936,2026-06-28 00:18:34.451510,MORTGAGE_INQUIRY,206,Inquired about payoff amount and where to send funds. Sounded like they may be refinancing elsewhere.,True,False,True,0.93,0.16
C0100938,2026-08-17 01:58:39.011728,GENERAL,364,Requested a copy of the most recent mortgage statement for tax purposes.,False,False,False,0.21,-0.02
C0100939,2026-08-13 12:17:02.403279,MORTGAGE_INQUIRY,738,Called about refinancing options — wanted to know break-even on closing costs against a 5.22% offer.,True,True,False,0.75,-0.79
C0100943,2026-07-16 21:18:22.307330,STATEMENT,477,Requested a copy of the most recent mortgage statement for tax purposes.,False,False,False,0.04,-0.15
C0100947,2026-07-18 06:40:26.683053,MORTGAGE_INQUIRY,782,Inquired about payoff amount and where to send funds. Sounded like they may be refinancing elsewhere.,True,False,True,0.57,-0.08
C0100947,2026-08-12 09:24:59.283721,STATEMENT,749,Asked how to set up autopay for the mortgage.,False,False,False,0.28,0.82
C0100948,2026-06-28 04:56:18.240464,MORTGAGE_INQUIRY,575,Called about refinancing options — wanted to know break-even on closing costs against a 5.57% offer.,True,True,False,0.75,-0.06
C0100952,2026-09-10 15:49:24.552454,MORTGAGE_INQUIRY,402,Inquired about payoff amount and where to send funds. Sounded like they may be refinancing elsewhere.,True,True,True,0.8,-0.46
C0100955,2026-06-14 17:54:00.760807,STATEMENT,286,General question about online banking access.,False,False,False,0.0,0.68
C0100955,2026-06-17 05:00:53.178031,PAYMENT,692,Requested a copy of the most recent mortgage statement for tax purposes.,False,False,False,0.09,0.25
C0100956,2026-07-10 11:00:08.196959,MORTGAGE_INQUIRY,263,Wants to speak to a mortgage specialist about refinancing. Mentioned rate shopping.,True,True,False,1.0,-0.28
C0100956,2026-08-01 05:15:57.577753,PAYMENT,249,Asked how to set up autopay for the mortgage.,False,False,False,0.06,0.49
C0100958,2026-07-23 07:30:45.484668,ESCROW,388,Confirmed next payment due date.,False,False,False,0.27,-0.21
C0100959,2026-06-19 15:59:26.449604,STATEMENT,784,General question about online banking access.,False,False,False,0.1,-0.06
C0100959,2026-08-15 14:12:57.939614,GENERAL,261,Asked how to set up autopay for the mortgage.,False,False,False,0.03,0.27
C0100963,2026-09-07 02:38:40.139254,MORTGAGE_INQUIRY,146,Customer asked what our current 30-year rates look like and mentioned they saw 5.26% at an online lender.,True,False,False,0.71,0.03
C0100963,2026-09-08 14:28:54.972395,MORTGAGE_INQUIRY,646,Customer asked what our current 30-year rates look like and mentioned they saw 5.39% at a competitor.,True,False,False,0.75,-0.1
C0100964,2026-08-07 10:09:13.813290,ESCROW,336,Asked how to set up autopay for the mortgage.,False,False,False,0.04,0.21
C0100965,2026-08-26 12:10:42.599211,GENERAL,375,Asked how to set up autopay for the mortgage.,False,False,False,0.2,0.45
C0100978,2026-06-17 15:08:10.015367,ESCROW,349,Asked how to set up autopay for the mortgage.,False,False,False,0.42,0.64
C0100978,2026-07-21 12:40:19.657326,MORTGAGE_INQUIRY,293,Customer asked what our current 30-year rates look like and mentioned they saw 5.44% at a competitor.,True,True,False,0.79,-0.22
C0100983,2026-07-02 06:01:30.628548,PAYMENT,423,General question about online banking access.,False,False,False,0.43,-0.14
C0100984,2026-08-29 14:37:10.686759,MORTGAGE_INQUIRY,381,Asked about the process to pay off the loan early and whether there are any prepayment penalties.,True,False,True,0.71,0.09
C0100985,2026-07-05 05:30:13.298851,STATEMENT,327,Asked how to set up autopay for the mortgage.,False,False,False,0.0,0.19
C0100985,2026-07-20 13:36:59.491326,ESCROW,390,Confirmed next payment due date.,False,False,False,0.0,0.2
C0100991,2026-07-03 13:05:38.948786,ESCROW,756,General question about online banking access.,False,False,False,0.27,-0.35
C0100991,2026-07-13 21:51:56.425924,MORTGAGE_INQUIRY,677,Asked about the process to pay off the loan early and whether there are any prepayment penalties.,True,True,True,0.55,0.1
C0100992,2026-07-16 21:33:48.041270,STATEMENT,691,Confirmed next payment due date.,False,False,False,0.22,-0.48
C0100992,2026-07-23 22:00:04.339941,MORTGAGE_INQUIRY,840,Inquired about payoff amount and where to send funds. Sounded like they may be refinancing elsewhere.,True,True,True,0.9,0.2
C0100996,2026-06-15 14:49:40.806656,PAYMENT,496,Confirmed next payment due date.,False,False,False,0.43,-0.24
C0100996,2026-06-27 07:02:50.905798,ESCROW,67,Requested a copy of the most recent mortgage statement for tax purposes.,False,False,False,0.37,0.13
C0100997,2026-09-02 03:06:12.229530,MORTGAGE_INQUIRY,103,Wants to speak to a mortgage specialist about refinancing. Mentioned rate shopping.,True,True,False,0.84,0.03
C0100998,2026-06-25 04:53:46.789802,STATEMENT,116,Requested a copy of the most recent mortgage statement for tax purposes.,False,False,False,0.47,0.4
C0100998,2026-08-02 11:36:28.154323,GENERAL,690,Requested a copy of the most recent mortgage statement for tax purposes.,False,False,False,0.11,0.64
C0101000,2026-07-02 14:44:58.219799,MORTGAGE_INQUIRY,685,Called about refinancing options — wanted to know break-even on closing costs against a 5.16% offer.,True,True,False,0.61,0.32
C0101000,2026-07-21 10:55:11.977342,PAYMENT,563,General question about online banking access.,False,False,False,0.26,0.36
C0101002,2026-07-08 10:36:46.404815,PAYMENT,268,General question about online banking access.,False,False,False,0.0,0.77
C0101002,2026-07-20 04:30:20.282712,PAYMENT,151,General question about online banking access.,False,False,False,0.03,0.05
C0101003,2026-08-08 03:55:20.092665,MORTGAGE_INQUIRY,468,Customer asked what our current 30-year rates look like and mentioned they saw 5.4% at Chase.,True,False,False,0.91,-0.02
C0101003,2026-09-08 00:32:29.785437,PAYMENT,674,Requested a copy of the most recent mortgage statement for tax purposes.,False,False,False,0.34,0.61
C0101004,2026-07-15 03:37:22.215856,STATEMENT,684,Asked how to set up autopay for the mortgage.,False,False,False,0.51,-0.2
C0101005,2026-07-18 12:31:40.964861,STATEMENT,274,Question about escrow analysis and property tax increase.,False,False,False,0.09,0.36
C0101006,2026-06-24 16:27:26.373768,GENERAL,440,Asked how to set up autopay for the mortgage.,False,False,False,0.2,0.31
C0101006,2026-07-09 14:52:47.119456,GENERAL,401,Requested a copy of the most recent mortgage statement for tax purposes.,False,False,False,0.0,-0.22
C0101013,2026-08-16 17:26:01.055556,PAYMENT,582,Asked how to set up autopay for the mortgage.,False,False,False,0.34,0.18
C0101013,2026-09-01 20:09:55.716274,MORTGAGE_INQUIRY,891,Called about refinancing options — wanted to know break-even on closing costs against a 5.54% offer.,True,True,False,0.72,-0.44
C0101017,2026-07-22 18:43:36.303320,MORTGAGE_INQUIRY,834,Wants to speak to a mortgage specialist about refinancing. Mentioned rate shopping.,True,True,False,0.82,0.2
C0101018,2026-08-02 11:41:14.503483,MORTGAGE_INQUIRY,302,Wants to speak to a mortgage specialist about refinancing. Mentioned rate shopping.,True,True,False,0.85,-0.28
C0101018,2026-08-26 10:55:02.768233,PAYMENT,659,Asked how to set up autopay for the mortgage.,False,False,False,0.08,0.36
C0101019,2026-07-02 17:34:41.393612,MORTGAGE_INQUIRY,840,Customer asked what our current 30-year rates look like and mentioned they saw 5.54% at Chase.,True,False,False,1.0,0.24
C0101019,2026-08-02 13:36:33.099004,ESCROW,782,Confirmed next payment due date.,False,False,False,0.21,0.5
C0101020,2026-07-18 09:55:04.872811,ESCROW,210,Question about escrow analysis and property tax increase.,False,False,False,0.0,-0.29
C0101026,2026-08-23 01:33:49.317762,GENERAL,816,Question about escrow analysis and property tax increase.,False,False,False,0.18,-0.0
C0101028,2026-07-02 06:38:32.531890,ESCROW,877,Confirmed next payment due date.,False,False,False,0.05,-0.09
C0101028,2026-07-16 17:21:58.522501,ESCROW,482,Requested a copy of the most recent mortgage statement for tax purposes.,False,False,False,0.03,0.25
C0101029,2026-07-10 17:09:18.057985,MORTGAGE_INQUIRY,222,Inquired about payoff amount and where to send funds. Sounded like they may be refinancing elsewhere.,True,False,True,0.8,0.1
C0101033,2026-08-23 22:58:47.783257,GENERAL,883,Asked how to set up autopay for the mortgage.,False,False,False,0.05,0.22
C0101033,2026-09-10 00:37:57.118621,MORTGAGE_INQUIRY,581,Called about refinancing options — wanted to know break-even on closing costs against a 5.38% offer.,True,True,False,0.82,-0.34
C0101034,2026-08-02 18:18:57.540414,ESCROW,617,Confirmed next payment due date.,False,False,False,0.0,0.36
C0101035,2026-08-07 05:08:42.810899,MORTGAGE_INQUIRY,611,Inquired about payoff amount and where to send funds. Sounded like they may be refinancing elsewhere.,True,False,True,0.81,-0.14
C0101036,2026-06-13 04:21:33.203969,MORTGAGE_INQUIRY,452,Called about refinancing options — wanted to know break-even on closing costs against a 5.28% offer.,True,True,False,0.64,0.39
C0101036,2026-08-15 16:51:14.623598,MORTGAGE_INQUIRY,809,Wants to speak to a mortgage specialist about refinancing. Mentioned rate shopping.,True,False,False,0.61,-0.03
C0101037,2026-07-14 09:07:26.495162,MORTGAGE_INQUIRY,650,Inquired about payoff amount and where to send funds. Sounded like they may be refinancing elsewhere.,True,False,True,0.72,-0.65
C0101043,2026-07-08 04:27:56.158890,GENERAL,142,General question about online banking access.,False,False,False,0.27,-0.36
C0101043,2026-08-11 17:07:51.110964,GENERAL,452,Requested a copy of the most recent mortgage statement for tax purposes.,False,False,False,0.32,0.39
C0101044,2026-07-23 03:07:37.950347,STATEMENT,240,Question about escrow analysis and property tax increase.,False,False,False,0.01,-0.2
C0101044,2026-09-01 00:17:53.063105,ESCROW,271,Question about escrow analysis and property tax increase.,False,False,False,0.23,-0.24
C0101045,2026-06-27 19:42:01.706011,GENERAL,124,Question about escrow analysis and property tax increase.,False,False,False,0.08,0.43
C0101046,2026-08-02 10:49:45.808447,MORTGAGE_INQUIRY,357,Wants to speak to a mortgage specialist about refinancing. Mentioned rate shopping.,True,False,False,0.65,-0.37
C0101050,2026-07-15 15:32:24.084313,MORTGAGE_INQUIRY,308,Wants to speak to a mortgage specialist about refinancing. Mentioned rate shopping.,True,True,False,0.73,0.1
C0101058,2026-08-18 00:09:56.444030,MORTGAGE_INQUIRY,518,Asked about the process to pay off the loan early and whether there are any prepayment penalties.,True,True,True,0.63,-0.4
C0101060,2026-08-02 15:04:37.209498,GENERAL,696,General question about online banking access.,False,False,False,0.26,0.24
C0101061,2026-09-08 09:47:34.827669,MORTGAGE_INQUIRY,114,Inquired about payoff amount and where to send funds. Sounded like they may be refinancing elsewhere.,True,True,True,0.77,0.08
C0101064,2026-08-20 02:13:28.806603,ESCROW,409,General question about online banking access.,False,False,False,0.16,0.11
C0101072,2026-07-14 02:01:59.874765,MORTGAGE_INQUIRY,696,Inquired about payoff amount and where to send funds. Sounded like they may be refinancing elsewhere.,True,False,True,1.0,-0.56
C0101072,2026-08-28 05:18:56.227369,GENERAL,644,Requested a copy of the most recent mortgage statement for tax purposes.,False,False,False,0.15,0.6
C0101073,2026-08-07 07:30:41.791269,MORTGAGE_INQUIRY,638,Customer asked what our current 30-year rates look like and mentioned they saw 5.25% at Chase.,True,True,False,0.69,-0.39
C0101074,2026-07-18 04:57:12.021655,GENERAL,94,Question about escrow analysis and property tax increase.,False,False,False,0.08,0.49
C0101074,2026-09-07 05:42:34.005919,MORTGAGE_INQUIRY,340,Customer asked what our current 30-year rates look like and mentioned they saw 5.39% at a competitor.,True,True,False,0.94,-0.13
C0101076,2026-07-20 18:30:36.874415,STATEMENT,747,Requested a copy of the most recent mortgage statement for tax purposes.,False,False,False,0.09,-0.13
C0101077,2026-06-29 07:27:25.940310,MORTGAGE_INQUIRY,280,Inquired about payoff amount and where to send funds. Sounded like they may be refinancing elsewhere.,True,True,True,0.67,-0.39
C0101079,2026-07-25 01:39:34.677726,MORTGAGE_INQUIRY,485,Customer asked what our current 30-year rates look like and mentioned they saw 5.43% at an online lender.,True,True,False,0.7,-0.02
C0101081,2026-06-13 03:39:12.480371,GENERAL,767,Requested a copy of the most recent mortgage statement for tax purposes.,False,False,False,0.0,0.0
C0101082,2026-07-21 05:25:49.663652,MORTGAGE_INQUIRY,623,Customer asked what our current 30-year rates look like and mentioned they saw 5.55% at an online lender.,True,True,False,0.62,-0.33
C0101085,2026-09-06 09:37:03.250959,MORTGAGE_INQUIRY,686,Inquired about payoff amount and where to send funds. Sounded like they may be refinancing elsewhere.,True,False,True,0.58,-0.13
C0101086,2026-09-03 09:21:27.661823,STATEMENT,892,Asked how to set up autopay for the mortgage.,False,False,False,0.15,0.19
C0101090,2026-08-15 20:38:31.575208,STATEMENT,109,General question about online banking access.,False,False,False,0.13,-0.04
C0101092,2026-08-10 15:01:08.431998,PAYMENT,159,General question about online banking access.,False,False,False,0.26,-0.15
C0101094,2026-07-16 16:50:22.921833,MORTGAGE_INQUIRY,94,Customer asked what our current 30-year rates look like and mentioned they saw 5.33% at an online lender.,True,False,False,0.58,0.0
C0101094,2026-08-06 23:53:49.068229,MORTGAGE_INQUIRY,821,Customer asked what our current 30-year rates look like and mentioned they saw 5.34% at an online lender.,True,True,False,0.55,0.04
C0101095,2026-07-09 20:19:44.355063,MORTGAGE_INQUIRY,739,Customer asked what our current 30-year rates look like and mentioned they saw 5.26% at an online lender.,True,True,False,0.7,0.36
C0101095,2026-08-11 08:39:12.014404,PAYMENT,541,Confirmed next payment due date.,False,False,False,0.23,0.49
C0101097,2026-07-29 14:40:21.331603,MORTGAGE_INQUIRY,794,Wants to speak to a mortgage specialist about refinancing. Mentioned rate shopping.,True,False,False,1.0,0.13
C0101103,2026-06-21 06:33:15.289711,GENERAL,430,Requested a copy of the most recent mortgage statement for tax purposes.,False,False,False,0.42,0.01
C0101103,2026-08-05 13:27:35.924892,STATEMENT,426,Asked how to set up autopay for the mortgage.,False,False,False,0.0,0.35
C0101109,2026-07-21 03:21:16.755242,STATEMENT,176,Requested a copy of the most recent mortgage statement for tax purposes.,False,False,False,0.05,-0.05
C0101110,2026-06-17 03:26:50.964926,GENERAL,644,Requested a copy of the most recent mortgage statement for tax purposes.,False,False,False,0.06,0.24
C0101110,2026-09-05 21:18:00.932251,MORTGAGE_INQUIRY,504,Wants to speak to a mortgage specialist about refinancing. Mentioned rate shopping.,True,True,False,0.79,-0.49
C0101112,2026-07-24 16:26:25.025599,GENERAL,115,Requested a copy of the most recent mortgage statement for tax purposes.,False,False,False,0.02,0.41
C0101112,2026-09-02 09:57:43.210404,MORTGAGE_INQUIRY,770,Customer asked what our current 30-year rates look like and mentioned they saw 5.15% at an online lender.,True,True,False,0.79,-0.37
C0101115,2026-06-14 18:07:05.217166,MORTGAGE_INQUIRY,258,Asked about the process to pay off the loan early and whether there are any prepayment penalties.,True,True,True,0.86,-0.67
C0101115,2026-08-16 04:13:15.610297,ESCROW,421,Confirmed next payment due date.,False,False,False,0.09,0.41
C0101117,2026-06-17 13:52:08.601843,MORTGAGE_INQUIRY,600,Inquired about payoff amount and where to send funds. Sounded like they may be refinancing elsewhere.,True,True,True,0.83,-0.83
C0101117,2026-06-20 12:27:03.340465,ESCROW,441,Requested a copy of the most recent mortgage statement for tax purposes.,False,False,False,0.32,0.19
C0101122,2026-06-26 20:26:43.575689,STATEMENT,787,Requested a copy of the most recent mortgage statement for tax purposes.,False,False,False,0.05,-0.17
C0101131,2026-07-16 17:47:18.406464,MORTGAGE_INQUIRY,430,Called about refinancing options — wanted to know break-even on closing costs against a 5.41% offer.,True,False,False,0.62,0.04
C0101135,2026-07-30 05:14:03.495821,PAYMENT,782,Question about escrow analysis and property tax increase.,False,False,False,0.15,0.01
C0101135,2026-09-08 16:02:08.019070,ESCROW,506,Asked how to set up autopay for the mortgage.,False,False,False,0.11,0.35
C0101138,2026-07-16 12:07:15.008431,MORTGAGE_INQUIRY,89,Customer asked what our current 30-year rates look like and mentioned they saw 5.55% at Rocket.,True,False,False,0.91,0.23
C0101138,2026-09-07 18:22:50.548761,MORTGAGE_INQUIRY,289,Called about refinancing options — wanted to know break-even on closing costs against a 5.16% offer.,True,True,False,0.69,-0.46
C0101144,2026-08-14 03:37:55.916234,GENERAL,552,Requested a copy of the most recent mortgage statement for tax purposes.,False,False,False,0.04,0.31
C0101149,2026-06-19 10:50:48.859610,PAYMENT,465,Confirmed next payment due date.,False,False,False,0.18,-0.06
C0101149,2026-08-09 19:03:39.703960,MORTGAGE_INQUIRY,208,Called about refinancing options — wanted to know break-even on closing costs against a 5.51% offer.,True,True,False,0.79,0.19
C0101151,2026-08-29 17:09:40.444904,MORTGAGE_INQUIRY,301,Called about refinancing options — wanted to know break-even on closing costs against a 5.17% offer.,True,False,False,0.65,-0.29
C0101152,2026-07-26 01:58:46.551335,GENERAL,239,Asked how to set up autopay for the mortgage.,False,False,False,0.26,0.07
C0101152,2026-09-06 04:51:03.843830,ESCROW,460,Question about escrow analysis and property tax increase.,False,False,False,0.0,0.11
C0101154,2026-08-07 07:55:55.364640,MORTGAGE_INQUIRY,324,Called about refinancing options — wanted to know break-even on closing costs against a 5.43% offer.,True,False,False,0.66,-0.09
C0101154,2026-09-01 21:42:07.333271,MORTGAGE_INQUIRY,513,Inquired about payoff amount and where to send funds. Sounded like they may be refinancing elsewhere.,True,True,True,0.89,0.24
C0101155,2026-09-07 05:52:32.828565,PAYMENT,519,Requested a copy of the most recent mortgage statement for tax purposes.,False,False,False,0.09,0.49
C0101156,2026-08-28 01:12:54.932315,MORTGAGE_INQUIRY,233,Called about refinancing options — wanted to know break-even on closing costs against a 5.28% offer.,True,True,False,1.0,0.21
C0101156,2026-08-31 20:29:27.113372,STATEMENT,531,Question about escrow analysis and property tax increase.,False,False,False,0.31,-0.04
C0101158,2026-06-24 18:24:02.602896,PAYMENT,632,Confirmed next payment due date.,False,False,False,0.0,0.06
C0101159,2026-08-11 20:43:21.858826,MORTGAGE_INQUIRY,617,Wants to speak to a mortgage specialist about refinancing. Mentioned rate shopping.,True,True,False,0.83,-0.31
C0101160,2026-07-01 15:15:47.114368,GENERAL,352,Requested a copy of the most recent mortgage statement for tax purposes.,False,False,False,0.25,-0.5
C0101160,2026-08-21 05:11:43.592516,GENERAL,833,General question about online banking access.,False,False,False,0.52,0.44
C0101163,2026-08-28 22:13:53.929559,PAYMENT,395,Requested a copy of the most recent mortgage statement for tax purposes.,False,False,False,0.2,-0.11
C0101166,2026-08-30 02:39:25.217246,STATEMENT,479,Asked how to set up autopay for the mortgage.,False,False,False,0.29,0.54
C0101170,2026-09-08 08:07:27.833308,STATEMENT,139,Question about escrow analysis and property tax increase.,False,False,False,0.22,0.41
C0101177,2026-07-01 08:25:11.140693,MORTGAGE_INQUIRY,656,Called about refinancing options — wanted to know break-even on closing costs against a 5.12% offer.,True,True,False,0.65,0.05
C0101181,2026-07-01 16:51:42.034423,GENERAL,159,Confirmed next payment due date.,False,False,False,0.08,0.05
C0101181,2026-08-28 17:52:26.993222,MORTGAGE_INQUIRY,776,Wants to speak to a mortgage specialist about refinancing. Mentioned rate shopping.,True,True,False,0.73,0.28
C0101182,2026-08-15 21:55:51.917216,MORTGAGE_INQUIRY,611,Customer asked what our current 30-year rates look like and mentioned they saw 5.23% at Chase.,True,True,False,0.77,0.07
C0101182,2026-09-07 07:45:00.230106,MORTGAGE_INQUIRY,335,Called about refinancing options — wanted to know break-even on closing costs against a 5.51% offer.,True,True,False,0.62,-0.39
C0101184,2026-06-13 07:14:23.172150,GENERAL,803,Question about escrow analysis and property tax increase.,False,False,False,0.14,-0.45
C0101184,2026-09-10 12:19:03.203423,MORTGAGE_INQUIRY,221,Wants to speak to a mortgage specialist about refinancing. Mentioned rate shopping.,True,True,False,0.49,-0.75
C0101195,2026-07-22 15:06:10.000386,GENERAL,503,Question about escrow analysis and property tax increase.,False,False,False,0.18,-0.12
C0101197,2026-06-27 18:06:14.870592,ESCROW,373,Confirmed next payment due date.,False,False,False,0.11,-0.03
C0101197,2026-09-04 19:11:09.738909,PAYMENT,362,General question about online banking access.,False,False,False,0.0,0.36
C0101198,2026-07-15 18:04:18.585042,MORTGAGE_INQUIRY,407,Wants to speak to a mortgage specialist about refinancing. Mentioned rate shopping.,True,False,False,0.73,-0.15
C0101198,2026-07-17 03:44:57.214203,ESCROW,540,General question about online banking access.,False,False,False,0.04,0.22
C0101199,2026-07-07 21:07:22.201046,MORTGAGE_INQUIRY,737,Inquired about payoff amount and where to send funds. Sounded like they may be refinancing elsewhere.,True,True,True,0.74,-0.06
C0101199,2026-08-21 14:47:36.588986,MORTGAGE_INQUIRY,613,Inquired about payoff amount and where to send funds. Sounded like they may be refinancing elsewhere.,True,True,True,0.94,-0.05
C0101202,2026-07-27 22:11:14.484129,STATEMENT,830,Question about escrow analysis and property tax increase.,False,False,False,0.12,0.72
C0101202,2026-08-19 15:49:52.445843,PAYMENT,183,Question about escrow analysis and property tax increase.,False,False,False,0.23,0.53
C0101212,2026-09-01 20:40:21.462067,MORTGAGE_INQUIRY,82,Asked about the process to pay off the loan early and whether there are any prepayment penalties.,True,True,True,0.71,-0.22
C0101213,2026-07-12 11:22:15.258163,ESCROW,132,General question about online banking access.,False,False,False,0.27,-0.33
C0101216,2026-06-13 13:34:47.477456,MORTGAGE_INQUIRY,216,Inquired about payoff amount and where to send funds. Sounded like they may be refinancing elsewhere.,True,True,True,0.69,0.03
C0101216,2026-08-09 08:19:06.573962,MORTGAGE_INQUIRY,195,Called about refinancing options — wanted to know break-even on closing costs against a 5.48% offer.,True,True,False,0.85,-0.34
C0101219,2026-08-05 04:23:24.992386,MORTGAGE_INQUIRY,733,Asked about the process to pay off the loan early and whether there are any prepayment penalties.,True,True,True,0.73,0.42
C0101220,2026-06-29 18:36:57.714493,MORTGAGE_INQUIRY,152,Customer asked what our current 30-year rates look like and mentioned they saw 5.1% at an online lender.,True,True,False,0.5,-0.39
C0101220,2026-09-02 20:33:48.645796,PAYMENT,663,General question about online banking access.,False,False,False,0.16,0.46
C0101222,2026-08-07 11:51:53.721128,PAYMENT,543,Requested a copy of the most recent mortgage statement for tax purposes.,False,False,False,0.48,0.0
C0101223,2026-08-18 15:03:41.271875,MORTGAGE_INQUIRY,550,Wants to speak to a mortgage specialist about refinancing. Mentioned rate shopping.,True,False,False,0.87,0.23
C0101227,2026-08-22 18:50:18.770172,PAYMENT,552,Requested a copy of the most recent mortgage statement for tax purposes.,False,False,False,0.2,0.41
C0101230,2026-06-14 09:32:03.739584,PAYMENT,603,Question about escrow analysis and property tax increase.,False,False,False,0.0,0.05
C0101231,2026-08-31 01:41:32.947793,STATEMENT,384,Requested a copy of the most recent mortgage statement for tax purposes.,False,False,False,0.0,-0.16
C0101231,2026-09-05 17:59:11.351761,ESCROW,339,Asked how to set up autopay for the mortgage.,False,False,False,0.12,0.39
C0101235,2026-06-22 19:05:22.464663,MORTGAGE_INQUIRY,699,Inquired about payoff amount and where to send funds. Sounded like they may be refinancing elsewhere.,True,False,True,0.37,-0.43
C0101235,2026-08-22 10:52:00.073461,MORTGAGE_INQUIRY,278,Asked about the process to pay off the loan early and whether there are any prepayment penalties.,True,True,True,0.87,-0.21
C0101242,2026-08-28 22:19:36.833273,MORTGAGE_INQUIRY,867,Wants to speak to a mortgage specialist about refinancing. Mentioned rate shopping.,True,False,False,0.8,0.04
C0101243,2026-06-16 12:58:56.377046,STATEMENT,553,General question about online banking access.,False,False,False,0.14,0.25
C0101243,2026-06-29 23:55:11.249319,MORTGAGE_INQUIRY,392,Asked about the process to pay off the loan early and whether there are any prepayment penalties.,True,True,True,0.74,-0.05
C0101244,2026-08-06 16:02:27.588121,PAYMENT,492,General question about online banking access.,False,False,False,0.21,0.29
C0101244,2026-08-24 21:04:18.503122,ESCROW,842,Confirmed next payment due date.,False,False,False,0.25,0.32
C0101248,2026-09-10 23:21:06.074617,STATEMENT,757,Asked how to set up autopay for the mortgage.,False,False,False,0.16,0.24
C0101250,2026-06-18 07:31:22.946166,MORTGAGE_INQUIRY,684,Asked about the process to pay off the loan early and whether there are any prepayment penalties.,True,True,True,0.74,0.15
C0101250,2026-06-19 16:37:10.703186,MORTGAGE_INQUIRY,639,Called about refinancing options — wanted to know break-even on closing costs against a 5.4% offer.,True,True,False,0.57,-0.07
C0101252,2026-07-06 21:54:45.706686,MORTGAGE_INQUIRY,428,Called about refinancing options — wanted to know break-even on closing costs against a 5.13% offer.,True,True,False,0.71,-0.27
C0101252,2026-08-01 01:32:56.847405,ESCROW,679,Confirmed next payment due date.,False,False,False,0.35,-0.26
C0101253,2026-07-25 08:30:04.376402,PAYMENT,457,General question about online banking access.,False,False,False,0.39,0.17
C0101253,2026-08-20 22:06:25.442550,MORTGAGE_INQUIRY,567,Asked about the process to pay off the loan early and whether there are any prepayment penalties.,True,True,True,1.0,-0.12
C0101254,2026-07-15 09:16:44.614595,MORTGAGE_INQUIRY,473,Wants to speak to a mortgage specialist about refinancing. Mentioned rate shopping.,True,True,False,0.54,-0.02
C0101256,2026-07-24 12:54:27.247943,MORTGAGE_INQUIRY,534,Customer asked what our current 30-year rates look like and mentioned they saw 5.56% at Rocket.,True,True,False,0.85,-0.55
C0101259,2026-08-27 07:07:04.214940,GENERAL,247,Question about escrow analysis and property tax increase.,False,False,False,0.21,0.39
C0101260,2026-08-03 21:25:06.199170,MORTGAGE_INQUIRY,115,Customer asked what our current 30-year rates look like and mentioned they saw 5.14% at a competitor.,True,True,False,0.63,-0.1
C0101267,2026-07-04 23:37:42.909783,PAYMENT,72,Confirmed next payment due date.,False,False,False,0.22,-0.06
C0101267,2026-08-10 22:03:44.063309,MORTGAGE_INQUIRY,760,Asked about the process to pay off the loan early and whether there are any prepayment penalties.,True,False,True,0.7,0.06
C0101274,2026-08-25 09:02:16.861881,PAYMENT,893,Requested a copy of the most recent mortgage statement for tax purposes.,False,False,False,0.01,0.94
C0101277,2026-07-20 16:24:02.736405,MORTGAGE_INQUIRY,837,Wants to speak to a mortgage specialist about refinancing. Mentioned rate shopping.,True,True,False,0.88,-0.0
C0101279,2026-06-16 18:39:57.987813,MORTGAGE_INQUIRY,181,Asked about the process to pay off the loan early and whether there are any prepayment penalties.,True,False,True,0.88,0.1
C0101284,2026-09-01 00:42:34.564280,MORTGAGE_INQUIRY,597,Asked about the process to pay off the loan early and whether there are any prepayment penalties.,True,False,True,0.42,-0.31
C0101284,2026-09-04 17:52:28.043928,MORTGAGE_INQUIRY,745,Called about refinancing options — wanted to know break-even on closing costs against a 5.32% offer.,True,False,False,0.82,-0.16
C0101285,2026-06-14 14:08:21.472191,STATEMENT,516,Asked how to set up autopay for the mortgage.,False,False,False,0.06,0.24
C0101288,2026-08-27 08:11:42.580251,MORTGAGE_INQUIRY,106,Customer asked what our current 30-year rates look like and mentioned they saw 5.58% at an online lender.,True,False,False,0.7,0.01
C0101288,2026-08-31 23:38:23.700924,PAYMENT,643,General question about online banking access.,False,False,False,0.21,-0.15
C0101292,2026-08-13 06:44:47.774748,PAYMENT,261,General question about online banking access.,False,False,False,0.02,0.27
C0101300,2026-07-18 05:42:03.115447,MORTGAGE_INQUIRY,689,Asked about the process to pay off the loan early and whether there are any prepayment penalties.,True,True,True,0.66,-0.39
C0101300,2026-08-23 16:24:55.988833,MORTGAGE_INQUIRY,359,Wants to speak to a mortgage specialist about refinancing. Mentioned rate shopping.,True,True,False,1.0,0.27
C0101303,2026-08-25 13:44:31.095100,MORTGAGE_INQUIRY,663,Inquired about payoff amount and where to send funds. Sounded like they may be refinancing elsewhere.,True,True,True,0.73,-0.02
C0101303,2026-09-08 18:44:15.995433,MORTGAGE_INQUIRY,744,Called about refinancing options — wanted to know break-even on closing costs against a 5.34% offer.,True,True,False,0.81,0.12
C0101306,2026-08-04 00:46:16.280897,MORTGAGE_INQUIRY,374,Customer asked what our current 30-year rates look like and mentioned they saw 5.51% at an online lender.,True,True,False,0.74,-0.1
C0101308,2026-07-15 22:13:31.309286,GENERAL,655,Asked how to set up autopay for the mortgage.,False,False,False,0.29,0.62
C0101308,2026-08-14 18:47:54.987010,GENERAL,66,General question about online banking access.,False,False,False,0.47,0.17
C0101310,2026-09-04 03:04:39.088800,STATEMENT,153,Requested a copy of the most recent mortgage statement for tax purposes.,False,False,False,0.2,0.25
C0101313,2026-09-06 20:39:29.287619,MORTGAGE_INQUIRY,890,Wants to speak to a mortgage specialist about refinancing. Mentioned rate shopping.,True,False,False,0.55,-0.3
C0101316,2026-07-14 21:46:54.346691,MORTGAGE_INQUIRY,691,Asked about the process to pay off the loan early and whether there are any prepayment penalties.,True,False,True,0.81,-0.2
C0101316,2026-08-14 21:01:22.327244,STATEMENT,429,Question about escrow analysis and property tax increase.,False,False,False,0.22,0.29
C0101317,2026-06-22 16:15:14.596182,PAYMENT,710,Confirmed next payment due date.,False,False,False,0.0,-0.04
C0101319,2026-07-24 11:32:52.917597,MORTGAGE_INQUIRY,678,Customer asked what our current 30-year rates look like and mentioned they saw 5.44% at an online lender.,True,True,False,0.7,-0.11
C0101319,2026-08-03 08:07:44.106669,STATEMENT,563,Requested a copy of the most recent mortgage statement for tax purposes.,False,False,False,0.01,-0.11
C0101323,2026-07-10 18:43:38.539405,ESCROW,402,General question about online banking access.,False,False,False,0.0,0.03
C0101323,2026-07-31 22:18:36.748369,PAYMENT,385,Asked how to set up autopay for the mortgage.,False,False,False,0.03,-0.09
C0101324,2026-09-01 17:28:12.257061,MORTGAGE_INQUIRY,893,Customer asked what our current 30-year rates look like and mentioned they saw 5.37% at an online lender.,True,True,False,0.7,-0.03
C0101327,2026-06-22 11:58:26.297568,MORTGAGE_INQUIRY,92,Wants to speak to a mortgage specialist about refinancing. Mentioned rate shopping.,True,True,False,1.0,-0.33
C0101328,2026-07-31 20:58:51.078402,MORTGAGE_INQUIRY,296,Wants to speak to a mortgage specialist about refinancing. Mentioned rate shopping.,True,True,False,0.69,0.26
C0101328,2026-09-02 04:29:10.900144,GENERAL,656,General question about online banking access.,False,False,False,0.16,0.66
C0101333,2026-08-31 06:00:13.650417,PAYMENT,533,Asked how to set up autopay for the mortgage.,False,False,False,0.0,-0.03
C0101334,2026-08-17 03:48:41.408094,ESCROW,775,Requested a copy of the most recent mortgage statement for tax purposes.,False,False,False,0.09,0.09
C0101336,2026-07-26 03:14:08.151040,ESCROW,565,General question about online banking access.,False,False,False,0.26,0.18
C0101336,2026-08-08 05:55:28.140972,MORTGAGE_INQUIRY,65,Called about refinancing options — wanted to know break-even on closing costs against a 5.35% offer.,True,False,False,0.75,0.06
C0101337,2026-06-21 13:17:52.799830,MORTGAGE_INQUIRY,599,Customer asked what our current 30-year rates look like and mentioned they saw 5.51% at an online lender.,True,True,False,0.74,-0.78
C0101337,2026-08-22 01:59:32.434869,MORTGAGE_INQUIRY,568,Inquired about payoff amount and where to send funds. Sounded like they may be refinancing elsewhere.,True,True,True,0.61,0.42
C0101338,2026-07-20 05:16:39.065324,GENERAL,890,Requested a copy of the most recent mortgage statement for tax purposes.,False,False,False,0.37,-0.21
C0101338,2026-08-07 07:13:34.373574,STATEMENT,581,Requested a copy of the most recent mortgage statement for tax purposes.,False,False,False,0.24,-0.08
C0101341,2026-08-19 19:57:04.153693,MORTGAGE_INQUIRY,308,Inquired about payoff amount and where to send funds. Sounded like they may be refinancing elsewhere.,True,False,True,0.7,-0.23
C0101342,2026-08-10 13:31:02.314074,ESCROW,109,Question about escrow analysis and property tax increase.,False,False,False,0.16,0.66
C0101343,2026-08-18 19:40:17.476122,ESCROW,91,General question about online banking access.,False,False,False,0.09,0.13
C0101343,2026-08-22 00:45:15.971539,PAYMENT,193,Question about escrow analysis and property tax increase.,False,False,False,0.07,-0.08
C0101348,2026-06-23 18:18:20.640144,ESCROW,357,Asked how to set up autopay for the mortgage.,False,False,False,0.1,0.14
C0101348,2026-08-23 17:56:01.488026,STATEMENT,482,Asked how to set up autopay for the mortgage.,False,False,False,0.18,0.4
C0101352,2026-08-27 08:26:02.271158,PAYMENT,412,General question about online banking access.,False,False,False,0.2,0.13
C0101352,2026-09-05 20:34:29.388875,GENERAL,489,Asked how to set up autopay for the mortgage.,False,False,False,0.07,0.24
C0101354,2026-06-14 01:34:19.338545,ESCROW,722,Requested a copy of the most recent mortgage statement for tax purposes.,False,False,False,0.2,0.08
C0101356,2026-06-22 16:15:01.160521,MORTGAGE_INQUIRY,360,Asked about the process to pay off the loan early and whether there are any prepayment penalties.,True,False,True,1.0,-0.1
C0101356,2026-08-30 17:17:54.215821,MORTGAGE_INQUIRY,660,Asked about the process to pay off the loan early and whether there are any prepayment penalties.,True,True,True,1.0,-0.09
C0101357,2026-06-30 05:14:01.902249,MORTGAGE_INQUIRY,363,Inquired about payoff amount and where to send funds. Sounded like they may be refinancing elsewhere.,True,False,True,0.59,-0.66
C0101357,2026-07-02 23:58:05.435601,STATEMENT,197,General question about online banking access.,False,False,False,0.0,0.96
C0101358,2026-07-14 11:34:03.689036,MORTGAGE_INQUIRY,860,Asked about the process to pay off the loan early and whether there are any prepayment penalties.,True,True,True,0.69,-0.03
C0101358,2026-07-27 17:28:48.245379,MORTGAGE_INQUIRY,579,Asked about the process to pay off the loan early and whether there are any prepayment penalties.,True,False,True,0.87,-0.53
C0101360,2026-07-26 06:47:51.575035,GENERAL,810,Question about escrow analysis and property tax increase.,False,False,False,0.0,0.31
C0101361,2026-07-19 03:58:55.951475,MORTGAGE_INQUIRY,196,Called about refinancing options — wanted to know break-even on closing costs against a 5.28% offer.,True,True,False,1.0,-0.58
C0101362,2026-08-12 10:49:22.623886,MORTGAGE_INQUIRY,422,Customer asked what our current 30-year rates look like and mentioned they saw 5.21% at an online lender.,True,False,False,0.72,-0.5
C0101362,2026-09-03 10:38:27.493471,MORTGAGE_INQUIRY,834,Asked about the process to pay off the loan early and whether there are any prepayment penalties.,True,True,True,0.6,-0.44
C0101364,2026-08-12 20:43:58.068460,ESCROW,455,Confirmed next payment due date.,False,False,False,0.0,0.21
C0101364,2026-08-24 15:08:32.494080,PAYMENT,613,Requested a copy of the most recent mortgage statement for tax purposes.,False,False,False,0.28,-0.09
C0101365,2026-08-06 23:37:52.644222,ESCROW,205,Requested a copy of the most recent mortgage statement for tax purposes.,False,False,False,0.02,-0.06
C0101367,2026-07-21 09:58:22.889976,MORTGAGE_INQUIRY,860,Asked about the process to pay off the loan early and whether there are any prepayment penalties.,True,True,True,0.4,-0.23
C0101368,2026-07-05 09:20:14.875116,STATEMENT,810,Asked how to set up autopay for the mortgage.,False,False,False,0.03,0.16
C0101369,2026-06-24 23:50:43.352841,PAYMENT,780,Asked how to set up autopay for the mortgage.,False,False,False,0.06,0.28
C0101370,2026-08-13 21:55:20.485799,MORTGAGE_INQUIRY,345,Wants to speak to a mortgage specialist about refinancing. Mentioned rate shopping.,True,True,False,0.77,-0.09
C0101370,2026-08-28 11:56:31.241697,MORTGAGE_INQUIRY,832,Called about refinancing options — wanted to know break-even on closing costs against a 5.2% offer.,True,True,False,0.8,-0.12
C0101372,2026-08-31 17:36:37.687969,GENERAL,338,Asked how to set up autopay for the mortgage.,False,False,False,0.12,0.91
C0101377,2026-06-22 10:24:04.472751,PAYMENT,514,General question about online banking access.,False,False,False,0.28,0.02
C0101377,2026-07-22 21:22:23.962898,MORTGAGE_INQUIRY,457,Inquired about payoff amount and where to send funds. Sounded like they may be refinancing elsewhere.,True,False,True,0.77,-0.34
C0101386,2026-07-31 20:33:29.314087,MORTGAGE_INQUIRY,812,Called about refinancing options — wanted to know break-even on closing costs against a 5.32% offer.,True,True,False,0.75,-0.07
C0101386,2026-08-18 23:24:51.767930,MORTGAGE_INQUIRY,369,Customer asked what our current 30-year rates look like and mentioned they saw 5.3% at an online lender.,True,True,False,0.54,0.14
C0101391,2026-08-03 15:44:03.895969,PAYMENT,795,General question about online banking access.,False,False,False,0.07,0.45
C0101393,2026-07-19 15:10:08.316502,PAYMENT,319,Asked how to set up autopay for the mortgage.,False,False,False,0.38,0.72
C0101393,2026-08-15 12:19:45.528026,MORTGAGE_INQUIRY,314,Customer asked what our current 30-year rates look like and mentioned they saw 5.22% at Chase.,True,True,False,0.76,0.04
C0101396,2026-07-11 06:17:11.606389,ESCROW,275,Confirmed next payment due date.,False,False,False,0.09,0.46
C0101396,2026-09-06 08:56:28.123452,STATEMENT,626,General question about online banking access.,False,False,False,0.06,0.44
C0101397,2026-06-18 04:53:44.316380,STATEMENT,350,Asked how to set up autopay for the mortgage.,False,False,False,0.37,-0.02
C0101398,2026-06-17 01:52:59.563790,PAYMENT,458,General question about online banking access.,False,False,False,0.0,-0.16
C0101398,2026-08-01 14:13:28.632202,MORTGAGE_INQUIRY,357,Customer asked what our current 30-year rates look like and mentioned they saw 5.3% at Rocket.,True,True,False,0.51,0.23
C0101405,2026-06-20 22:47:20.392817,MORTGAGE_INQUIRY,458,Wants to speak to a mortgage specialist about refinancing. Mentioned rate shopping.,True,True,False,0.61,-0.16
C0101405,2026-08-23 02:35:40.950381,PAYMENT,323,Requested a copy of the most recent mortgage statement for tax purposes.,False,False,False,0.0,0.14
C0101407,2026-08-03 12:50:49.435403,STATEMENT,557,General question about online banking access.,False,False,False,0.22,-0.19
C0101407,2026-09-08 16:57:31.160076,PAYMENT,505,Question about escrow analysis and property tax increase.,False,False,False,0.17,0.15
C0101410,2026-08-06 03:38:14.809467,MORTGAGE_INQUIRY,585,Wants to speak to a mortgage specialist about refinancing. Mentioned rate shopping.,True,True,False,0.86,-0.07
C0101414,2026-08-27 08:18:09.568793,GENERAL,131,Requested a copy of the most recent mortgage statement for tax purposes.,False,False,False,0.31,0.15
C0101414,2026-08-29 01:37:58.992923,MORTGAGE_INQUIRY,136,Asked about the process to pay off the loan early and whether there are any prepayment penalties.,True,False,True,0.78,-0.14
C0101416,2026-06-24 19:21:01.431378,ESCROW,677,Confirmed next payment due date.,False,False,False,0.13,-0.13
C0101418,2026-06-30 19:51:13.504893,GENERAL,413,Asked how to set up autopay for the mortgage.,False,False,False,0.23,0.48
C0101421,2026-06-14 04:28:17.828010,MORTGAGE_INQUIRY,120,Customer asked what our current 30-year rates look like and mentioned they saw 5.33% at Chase.,True,True,False,0.74,-0.03
C0101421,2026-07-20 02:46:00.024455,MORTGAGE_INQUIRY,311,Wants to speak to a mortgage specialist about refinancing. Mentioned rate shopping.,True,False,False,0.6,-0.64
C0101422,2026-07-13 13:08:39.364059,MORTGAGE_INQUIRY,225,Customer asked what our current 30-year rates look like and mentioned they saw 5.31% at an online lender.,True,True,False,0.75,-0.1
C0101422,2026-08-15 22:12:38.287220,MORTGAGE_INQUIRY,566,Called about refinancing options — wanted to know break-even on closing costs against a 5.37% offer.,True,True,False,0.75,0.1
C0101423,2026-07-22 19:52:31.699611,STATEMENT,787,Requested a copy of the most recent mortgage statement for tax purposes.,False,False,False,0.19,0.27
C0101424,2026-07-14 13:12:42.434536,STATEMENT,177,Requested a copy of the most recent mortgage statement for tax purposes.,False,False,False,0.28,0.25
C0101424,2026-08-26 11:39:20.004182,PAYMENT,347,Requested a copy of the most recent mortgage statement for tax purposes.,False,False,False,0.17,0.02
C0101425,2026-06-18 17:58:30.880835,MORTGAGE_INQUIRY,517,Wants to speak to a mortgage specialist about refinancing. Mentioned rate shopping.,True,False,False,0.64,-0.55
C0101429,2026-08-15 21:50:11.409023,PAYMENT,457,Confirmed next payment due date.,False,False,False,0.16,0.01
C0101433,2026-09-02 12:06:46.058567,MORTGAGE_INQUIRY,864,Inquired about payoff amount and where to send funds. Sounded like they may be refinancing elsewhere.,True,True,True,0.37,-0.42
C0101433,2026-09-06 04:17:56.151497,MORTGAGE_INQUIRY,648,Wants to speak to a mortgage specialist about refinancing. Mentioned rate shopping.,True,False,False,0.88,0.54
C0101438,2026-07-15 21:38:56.979947,MORTGAGE_INQUIRY,770,Asked about the process to pay off the loan early and whether there are any prepayment penalties.,True,False,True,0.9,-0.34
C0101438,2026-07-23 22:44:17.577868,ESCROW,878,General question about online banking access.,False,False,False,0.0,-0.05
C0101443,2026-07-25 02:32:03.855626,MORTGAGE_INQUIRY,679,Inquired about payoff amount and where to send funds. Sounded like they may be refinancing elsewhere.,True,True,True,0.84,-0.31
C0101443,2026-08-01 22:39:01.041295,MORTGAGE_INQUIRY,748,Called about refinancing options — wanted to know break-even on closing costs against a 5.42% offer.,True,True,False,0.52,-0.33
C0101447,2026-06-20 18:48:11.609270,MORTGAGE_INQUIRY,632,Customer asked what our current 30-year rates look like and mentioned they saw 5.13% at Rocket.,True,True,False,0.44,0.28
C0101449,2026-07-12 16:55:33.462994,STATEMENT,139,Requested a copy of the most recent mortgage statement for tax purposes.,False,False,False,0.03,0.41
C0101449,2026-08-26 09:59:20.203968,MORTGAGE_INQUIRY,794,Customer asked what our current 30-year rates look like and mentioned they saw 5.33% at an online lender.,True,True,False,0.9,0.06
C0101462,2026-07-31 08:00:56.780159,STATEMENT,867,Question about escrow analysis and property tax increase.,False,False,False,0.01,0.03
C0101470,2026-06-28 17:38:29.685412,ESCROW,581,Asked how to set up autopay for the mortgage.,False,False,False,0.38,0.31
C0101470,2026-08-07 22:48:07.498733,ESCROW,825,Asked how to set up autopay for the mortgage.,False,False,False,0.13,0.3
C0101472,2026-06-25 07:53:48.981493,GENERAL,85,Requested a copy of the most recent mortgage statement for tax purposes.,False,False,False,0.0,-0.02
C0101473,2026-07-12 21:45:28.321351,STATEMENT,818,General question about online banking access.,False,False,False,0.37,0.67
C0101474,2026-07-19 19:34:42.157458,STATEMENT,869,General question about online banking access.,False,False,False,0.3,0.15
C0101475,2026-07-19 16:27:55.220130,MORTGAGE_INQUIRY,819,Asked about the process to pay off the loan early and whether there are any prepayment penalties.,True,True,True,0.73,-0.11
C0101477,2026-06-25 00:35:31.091437,GENERAL,390,Confirmed next payment due date.,False,False,False,0.26,0.41
C0101477,2026-06-28 03:12:17.548265,PAYMENT,427,Confirmed next payment due date.,False,False,False,0.01,0.32
C0101478,2026-07-31 01:59:31.449888,PAYMENT,792,Question about escrow analysis and property tax increase.,False,False,False,0.19,0.46
C0101478,2026-08-16 19:49:04.839976,MORTGAGE_INQUIRY,657,Inquired about payoff amount and where to send funds. Sounded like they may be refinancing elsewhere.,True,True,True,0.83,-0.05
C0101479,2026-07-03 09:12:29.062032,STATEMENT,722,Asked how to set up autopay for the mortgage.,False,False,False,0.38,0.43
C0101483,2026-07-17 05:24:31.231228,MORTGAGE_INQUIRY,284,Wants to speak to a mortgage specialist about refinancing. Mentioned rate shopping.,True,False,False,0.81,-0.34
C0101483,2026-07-19 15:22:54.672839,MORTGAGE_INQUIRY,124,Asked about the process to pay off the loan early and whether there are any prepayment penalties.,True,True,True,0.7,0.13
C0101490,2026-06-22 03:55:39.462135,PAYMENT,550,General question about online banking access.,False,False,False,0.49,-0.42
C0101490,2026-06-28 17:45:34.936849,STATEMENT,736,Question about escrow analysis and property tax increase.,False,False,False,0.37,0.21
C0101493,2026-08-09 22:49:51.926097,STATEMENT,270,Asked how to set up autopay for the mortgage.,False,False,False,0.0,-0.19
C0101508,2026-08-08 03:00:15.245773,STATEMENT,779,Asked how to set up autopay for the mortgage.,False,False,False,0.19,0.31
C0101511,2026-07-11 06:24:38.777992,STATEMENT,369,Confirmed next payment due date.,False,False,False,0.43,0.12
C0101512,2026-07-02 10:23:33.964593,MORTGAGE_INQUIRY,66,Asked about the process to pay off the loan early and whether there are any prepayment penalties.,True,True,True,0.66,0.72
C0101521,2026-07-15 13:38:40.070304,STATEMENT,717,Confirmed next payment due date.,False,False,False,0.31,0.65
C0101521,2026-07-22 07:08:39.375958,MORTGAGE_INQUIRY,768,Called about refinancing options — wanted to know break-even on closing costs against a 5.33% offer.,True,True,False,1.0,0.35
C0101525,2026-08-26 02:46:58.720674,MORTGAGE_INQUIRY,403,Asked about the process to pay off the loan early and whether there are any prepayment penalties.,True,True,True,0.75,-0.48
C0101530,2026-08-24 08:15:25.716236,GENERAL,720,Asked how to set up autopay for the mortgage.,False,False,False,0.0,0.07
C0101534,2026-07-22 04:33:41.099011,MORTGAGE_INQUIRY,506,Customer asked what our current 30-year rates look like and mentioned they saw 5.1% at a competitor.,True,True,False,1.0,-0.23
C0101534,2026-09-07 05:14:19.257717,ESCROW,439,Asked how to set up autopay for the mortgage.,False,False,False,0.39,0.26
C0101540,2026-09-01 13:46:17.902034,ESCROW,695,Confirmed next payment due date.,False,False,False,0.08,0.48
C0101544,2026-08-16 14:16:22.110834,PAYMENT,414,Asked how to set up autopay for the mortgage.,False,False,False,0.22,0.23
C0101544,2026-08-23 20:37:44.589451,STATEMENT,709,Confirmed next payment due date.,False,False,False,0.0,0.46
C0101546,2026-06-26 21:30:43.592714,ESCROW,339,Asked how to set up autopay for the mortgage.,False,False,False,0.29,0.16
C0101546,2026-06-29 04:17:10.737049,PAYMENT,471,Requested a copy of the most recent mortgage statement for tax purposes.,False,False,False,0.22,0.32
C0101547,2026-08-25 23:51:15.790306,GENERAL,438,Asked how to set up autopay for the mortgage.,False,False,False,0.17,0.13
C0101547,2026-09-03 20:32:44.441067,ESCROW,608,General question about online banking access.,False,False,False,0.07,-0.09
C0101549,2026-07-13 19:38:10.701853,PAYMENT,722,Requested a copy of the most recent mortgage statement for tax purposes.,False,False,False,0.18,0.51
C0101549,2026-08-10 07:58:09.955396,MORTGAGE_INQUIRY,555,Inquired about payoff amount and where to send funds. Sounded like they may be refinancing elsewhere.,True,True,True,0.3,-0.34
C0101551,2026-09-02 09:08:59.198880,MORTGAGE_INQUIRY,288,Customer asked what our current 30-year rates look like and mentioned they saw 5.34% at Rocket.,True,True,False,0.62,-0.04
C0101552,2026-08-11 05:21:11.960285,MORTGAGE_INQUIRY,228,Wants to speak to a mortgage specialist about refinancing. Mentioned rate shopping.,True,True,False,0.89,-0.77
C0101557,2026-09-06 00:15:03.465901,STATEMENT,646,Question about escrow analysis and property tax increase.,False,False,False,0.0,0.6
C0101560,2026-07-15 22:22:13.549523,PAYMENT,185,Confirmed next payment due date.,False,False,False,0.22,0.21
C0101560,2026-08-28 15:51:15.670008,PAYMENT,897,Asked how to set up autopay for the mortgage.,False,False,False,0.16,-0.13
C0101561,2026-07-11 15:30:39.327233,PAYMENT,837,Requested a copy of the most recent mortgage statement for tax purposes.,False,False,False,0.25,-0.08
C0101562,2026-08-19 15:23:51.625061,ESCROW,504,Confirmed next payment due date.,False,False,False,0.0,0.49
C0101562,2026-09-09 15:00:40.683008,MORTGAGE_INQUIRY,222,Customer asked what our current 30-year rates look like and mentioned they saw 5.37% at Chase.,True,False,False,0.87,-0.04
C0101563,2026-08-15 04:50:08.917727,STATEMENT,896,Question about escrow analysis and property tax increase.,False,False,False,0.07,0.01
C0101563,2026-08-15 22:19:46.955579,STATEMENT,812,Question about escrow analysis and property tax increase.,False,False,False,0.11,0.78
C0101564,2026-07-02 23:16:57.197099,MORTGAGE_INQUIRY,276,Wants to speak to a mortgage specialist about refinancing. Mentioned rate shopping.,True,True,False,0.64,0.45
C0101567,2026-08-31 21:39:09.312854,STATEMENT,586,Confirmed next payment due date.,False,False,False,0.3,0.45
C0101568,2026-07-30 16:12:04.661802,MORTGAGE_INQUIRY,758,Asked about the process to pay off the loan early and whether there are any prepayment penalties.,True,True,True,0.64,-0.39
C0101571,2026-07-29 00:38:35.864378,MORTGAGE_INQUIRY,450,Wants to speak to a mortgage specialist about refinancing. Mentioned rate shopping.,True,True,False,1.0,-0.08
C0101571,2026-08-13 20:17:56.352829,STATEMENT,509,Requested a copy of the most recent mortgage statement for tax purposes.,False,False,False,0.0,0.65
C0101572,2026-08-25 21:59:34.248979,MORTGAGE_INQUIRY,278,Called about refinancing options — wanted to know break-even on closing costs against a 5.21% offer.,True,True,False,0.92,0.13
C0101572,2026-08-29 08:26:14.156665,MORTGAGE_INQUIRY,695,Wants to speak to a mortgage specialist about refinancing. Mentioned rate shopping.,True,False,False,0.87,0.02
C0101573,2026-07-18 20:28:21.617613,GENERAL,797,Question about escrow analysis and property tax increase.,False,False,False,0.26,0.73
C0101577,2026-09-10 00:24:14.565670,ESCROW,721,Question about escrow analysis and property tax increase.,False,False,False,0.32,0.28
C0101579,2026-07-20 11:56:02.546961,MORTGAGE_INQUIRY,539,Asked about the process to pay off the loan early and whether there are any prepayment penalties.,True,False,True,0.81,0.15
C0101581,2026-09-06 04:28:07.008657,PAYMENT,502,Asked how to set up autopay for the mortgage.,False,False,False,0.02,0.36
C0101581,2026-09-09 04:29:57.010508,MORTGAGE_INQUIRY,632,Inquired about payoff amount and where to send funds. Sounded like they may be refinancing elsewhere.,True,True,True,0.8,-0.25
C0101583,2026-08-23 00:43:23.933025,PAYMENT,777,Asked how to set up autopay for the mortgage.,False,False,False,0.15,0.48
C0101585,2026-09-01 21:55:57.657037,MORTGAGE_INQUIRY,142,Asked about the process to pay off the loan early and whether there are any prepayment penalties.,True,False,True,0.81,-0.0
C0101586,2026-08-04 20:18:48.685034,STATEMENT,727,Requested a copy of the most recent mortgage statement for tax purposes.,False,False,False,0.38,0.49
C0101587,2026-08-25 04:47:24.954820,PAYMENT,755,General question about online banking access.,False,False,False,0.13,0.1
C0101590,2026-07-01 11:49:37.434264,PAYMENT,648,Question about escrow analysis and property tax increase.,False,False,False,0.0,0.12
C0101590,2026-08-05 14:46:35.357539,MORTGAGE_INQUIRY,67,Inquired about payoff amount and where to send funds. Sounded like they may be refinancing elsewhere.,True,True,True,0.95,-0.26
C0101592,2026-08-09 09:41:19.668468,MORTGAGE_INQUIRY,781,Wants to speak to a mortgage specialist about refinancing. Mentioned rate shopping.,True,False,False,0.69,-0.45
C0101594,2026-08-10 12:50:11.839462,MORTGAGE_INQUIRY,281,Wants to speak to a mortgage specialist about refinancing. Mentioned rate shopping.,True,True,False,0.79,-0.27
C0101594,2026-08-13 00:33:44.828874,MORTGAGE_INQUIRY,253,Customer asked what our current 30-year rates look like and mentioned they saw 5.55% at Rocket.,True,True,False,1.0,0.33
C0101607,2026-08-28 23:23:54.933131,MORTGAGE_INQUIRY,536,Wants to speak to a mortgage specialist about refinancing. Mentioned rate shopping.,True,True,False,0.72,-0.12
C0101607,2026-09-10 01:28:47.278177,MORTGAGE_INQUIRY,809,Inquired about payoff amount and where to send funds. Sounded like they may be refinancing elsewhere.,True,False,True,0.85,-0.32
C0101613,2026-07-17 22:14:11.092183,MORTGAGE_INQUIRY,804,Inquired about payoff amount and where to send funds. Sounded like they may be refinancing elsewhere.,True,True,True,0.88,0.3
C0101615,2026-06-20 19:55:39.721522,MORTGAGE_INQUIRY,140,Customer asked what our current 30-year rates look like and mentioned they saw 5.31% at an online lender.,True,False,False,0.7,-0.27
C0101618,2026-06-30 07:54:32.486760,ESCROW,546,Requested a copy of the most recent mortgage statement for tax purposes.,False,False,False,0.0,0.74
C0101618,2026-07-28 16:48:25.124718,MORTGAGE_INQUIRY,858,Wants to speak to a mortgage specialist about refinancing. Mentioned rate shopping.,True,True,False,0.89,-0.53
C0101622,2026-07-27 20:43:08.991742,GENERAL,681,Question about escrow analysis and property tax increase.,False,False,False,0.29,0.48
C0101622,2026-08-10 12:39:30.544156,MORTGAGE_INQUIRY,134,Customer asked what our current 30-year rates look like and mentioned they saw 5.17% at Chase.,True,False,False,0.75,0.02
C0101624,2026-06-25 23:40:59.732514,ESCROW,438,Question about escrow analysis and property tax increase.,False,False,False,0.19,0.27
C0101628,2026-06-21 02:23:37.980167,MORTGAGE_INQUIRY,491,Customer asked what our current 30-year rates look like and mentioned they saw 5.11% at Rocket.,True,True,False,0.78,-0.09
C0101628,2026-08-28 14:38:56.168125,STATEMENT,598,Asked how to set up autopay for the mortgage.,False,False,False,0.35,0.4
C0101630,2026-06-29 15:14:07.589931,MORTGAGE_INQUIRY,86,Called about refinancing options — wanted to know break-even on closing costs against a 5.45% offer.,True,False,False,0.67,-0.1
C0101631,2026-06-20 13:19:35.901264,MORTGAGE_INQUIRY,831,Asked about the process to pay off the loan early and whether there are any prepayment penalties.,True,True,True,0.89,-0.44
C0101631,2026-09-01 13:46:05.624484,GENERAL,774,General question about online banking access.,False,False,False,0.17,0.28
C0101634,2026-08-11 16:03:49.614815,MORTGAGE_INQUIRY,669,Customer asked what our current 30-year rates look like and mentioned they saw 5.18% at an online lender.,True,True,False,0.97,-0.46
C0101634,2026-08-14 15:27:18.308584,GENERAL,527,Confirmed next payment due date.,False,False,False,0.04,-0.29
C0101638,2026-08-25 11:40:05.605896,MORTGAGE_INQUIRY,223,Inquired about payoff amount and where to send funds. Sounded like they may be refinancing elsewhere.,True,True,True,0.59,-0.16
C0101641,2026-07-01 09:17:13.680219,GENERAL,450,Requested a copy of the most recent mortgage statement for tax purposes.,False,False,False,0.19,0.2
C0101643,2026-07-25 12:06:05.245879,STATEMENT,530,Asked how to set up autopay for the mortgage.,False,False,False,0.01,0.27
C0101645,2026-06-14 07:24:16.330317,STATEMENT,240,Requested a copy of the most recent mortgage statement for tax purposes.,False,False,False,0.01,-0.13
C0101650,2026-07-30 10:03:56.016199,MORTGAGE_INQUIRY,485,Wants to speak to a mortgage specialist about refinancing. Mentioned rate shopping.,True,False,False,0.91,0.37
C0101653,2026-06-21 06:15:55.720853,MORTGAGE_INQUIRY,761,Wants to speak to a mortgage specialist about refinancing. Mentioned rate shopping.,True,True,False,0.72,-0.07
C0101653,2026-07-29 22:55:27.374882,MORTGAGE_INQUIRY,758,Wants to speak to a mortgage specialist about refinancing. Mentioned rate shopping.,True,True,False,0.62,0.31
C0101658,2026-08-15 22:22:42.229986,MORTGAGE_INQUIRY,805,Called about refinancing options — wanted to know break-even on closing costs against a 5.17% offer.,True,False,False,0.93,-0.15
C0101658,2026-08-29 08:58:44.134727,STATEMENT,812,Confirmed next payment due date.,False,False,False,0.26,0.54
C0101659,2026-06-21 05:39:28.223757,ESCROW,559,Requested a copy of the most recent mortgage statement for tax purposes.,False,False,False,0.34,0.41
C0101663,2026-07-17 22:12:11.747169,ESCROW,842,Confirmed next payment due date.,False,False,False,0.4,-0.2
C0101663,2026-08-09 00:24:54.896941,ESCROW,778,Requested a copy of the most recent mortgage statement for tax purposes.,False,False,False,0.15,0.41
C0101668,2026-06-20 22:58:28.596165,STATEMENT,194,Question about escrow analysis and property tax increase.,False,False,False,0.21,-0.08
C0101669,2026-07-17 19:27:56.206602,MORTGAGE_INQUIRY,427,Called about refinancing options — wanted to know break-even on closing costs against a 5.28% offer.,True,False,False,0.7,-0.14
C0101672,2026-07-29 18:54:38.418007,MORTGAGE_INQUIRY,734,Inquired about payoff amount and where to send funds. Sounded like they may be refinancing elsewhere.,True,True,True,0.77,-0.24
C0101672,2026-08-30 14:32:54.146526,ESCROW,408,Asked how to set up autopay for the mortgage.,False,False,False,0.11,-0.06
C0101674,2026-07-06 23:10:17.931420,ESCROW,663,Question about escrow analysis and property tax increase.,False,False,False,0.11,0.19
C0101681,2026-08-23 13:04:56.462808,STATEMENT,72,Confirmed next payment due date.,False,False,False,0.1,0.89
C0101683,2026-07-21 23:40:12.114119,PAYMENT,848,Asked how to set up autopay for the mortgage.,False,False,False,0.19,0.19
C0101683,2026-08-16 15:26:36.471064,PAYMENT,814,Asked how to set up autopay for the mortgage.,False,False,False,0.06,0.2
C0101688,2026-07-18 11:33:47.965264,ESCROW,472,Confirmed next payment due date.,False,False,False,0.33,0.09
C0101688,2026-08-22 09:11:39.499810,MORTGAGE_INQUIRY,421,Inquired about payoff amount and where to send funds. Sounded like they may be refinancing elsewhere.,True,True,True,0.51,-0.06
C0101689,2026-07-23 02:32:31.863497,MORTGAGE_INQUIRY,250,Customer asked what our current 30-year rates look like and mentioned they saw 5.39% at an online lender.,True,True,False,0.68,-0.02
C0101689,2026-08-06 00:59:47.858106,PAYMENT,422,Question about escrow analysis and property tax increase.,False,False,False,0.09,-0.04
C0101692,2026-08-10 12:29:03.159472,MORTGAGE_INQUIRY,569,Inquired about payoff amount and where to send funds. Sounded like they may be refinancing elsewhere.,True,False,True,0.66,0.17
C0101693,2026-07-15 22:27:44.599316,GENERAL,68,Confirmed next payment due date.,False,False,False,0.0,-0.51
C0101693,2026-08-31 21:24:43.867812,GENERAL,721,Confirmed next payment due date.,False,False,False,0.0,-0.05
C0101694,2026-06-23 04:55:01.078658,MORTGAGE_INQUIRY,79,Wants to speak to a mortgage specialist about refinancing. Mentioned rate shopping.,True,True,False,1.0,0.35
C0101706,2026-09-01 14:41:33.763868,PAYMENT,816,Confirmed next payment due date.,False,False,False,0.25,0.16
C0101709,2026-07-27 01:35:22.922383,GENERAL,781,General question about online banking access.,False,False,False,0.12,0.24
C0101709,2026-08-14 03:50:28.378060,MORTGAGE_INQUIRY,130,Asked about the process to pay off the loan early and whether there are any prepayment penalties.,True,False,True,0.56,-0.23
C0101711,2026-06-26 20:37:50.769438,PAYMENT,443,Question about escrow analysis and property tax increase.,False,False,False,0.28,0.03
C0101714,2026-07-30 17:04:18.635189,PAYMENT,844,Asked how to set up autopay for the mortgage.,False,False,False,0.4,0.83
C0101714,2026-08-29 04:50:23.054038,ESCROW,838,Confirmed next payment due date.,False,False,False,0.03,0.06
C0101724,2026-06-26 07:27:15.669254,ESCROW,478,Confirmed next payment due date.,False,False,False,0.02,-0.15
C0101724,2026-07-22 13:14:55.266502,MORTGAGE_INQUIRY,554,Wants to speak to a mortgage specialist about refinancing. Mentioned rate shopping.,True,True,False,0.66,-0.22
C0101731,2026-07-05 10:51:53.857932,STATEMENT,179,Asked how to set up autopay for the mortgage.,False,False,False,0.25,-0.11
C0101731,2026-09-10 05:58:25.914479,MORTGAGE_INQUIRY,161,Inquired about payoff amount and where to send funds. Sounded like they may be refinancing elsewhere.,True,True,True,0.75,-0.01
C0101734,2026-07-21 09:47:06.291019,MORTGAGE_INQUIRY,309,Customer asked what our current 30-year rates look like and mentioned they saw 5.47% at an online lender.,True,False,False,0.84,0.01
C0101734,2026-08-01 20:58:05.116866,GENERAL,258,Question about escrow analysis and property tax increase.,False,False,False,0.38,-0.02
C0101740,2026-07-03 12:04:10.389874,GENERAL,78,Question about escrow analysis and property tax increase.,False,False,False,0.07,-0.26
C0101740,2026-09-02 00:39:05.897295,STATEMENT,333,Question about escrow analysis and property tax increase.,False,False,False,0.16,0.21
C0101742,2026-06-30 06:46:05.409934,PAYMENT,879,Asked how to set up autopay for the mortgage.,False,False,False,0.03,0.54
C0101742,2026-08-18 01:11:38.547180,MORTGAGE_INQUIRY,410,Called about refinancing options — wanted to know break-even on closing costs against a 5.14% offer.,True,False,False,1.0,0.01
C0101750,2026-08-24 19:33:27.349734,STATEMENT,845,General question about online banking access.,False,False,False,0.37,0.09
C0101751,2026-09-05 06:36:41.364530,GENERAL,621,Asked how to set up autopay for the mortgage.,False,False,False,0.3,0.13
C0101751,2026-09-07 14:26:14.131438,STATEMENT,578,General question about online banking access.,False,False,False,0.13,0.32
C0101754,2026-08-14 18:19:23.243684,MORTGAGE_INQUIRY,728,Asked about the process to pay off the loan early and whether there are any prepayment penalties.,True,False,True,0.57,-0.66
C0101755,2026-07-18 08:53:02.034816,STATEMENT,310,Question about escrow analysis and property tax increase.,False,False,False,0.0,0.26
C0101756,2026-07-14 05:38:36.258109,MORTGAGE_INQUIRY,672,Customer asked what our current 30-year rates look like and mentioned they saw 5.6% at Chase.,True,False,False,0.55,0.18
C0101756,2026-08-30 01:35:06.196132,GENERAL,634,Confirmed next payment due date.,False,False,False,0.23,0.76
C0101757,2026-09-02 13:11:12.475981,MORTGAGE_INQUIRY,562,Called about refinancing options — wanted to know break-even on closing costs against a 5.23% offer.,True,True,False,0.6,-0.15
C0101757,2026-09-05 20:00:25.967371,MORTGAGE_INQUIRY,570,Inquired about payoff amount and where to send funds. Sounded like they may be refinancing elsewhere.,True,True,True,0.31,-0.07
C0101761,2026-07-21 19:39:13.330708,ESCROW,271,Question about escrow analysis and property tax increase.,False,False,False,0.0,0.56
C0101764,2026-09-01 20:02:13.658579,STATEMENT,773,General question about online banking access.,False,False,False,0.08,-0.34
C0101765,2026-07-10 19:47:09.508933,MORTGAGE_INQUIRY,195,Asked about the process to pay off the loan early and whether there are any prepayment penalties.,True,True,True,0.82,-0.28
C0101769,2026-06-29 10:55:17.298480,STATEMENT,538,Asked how to set up autopay for the mortgage.,False,False,False,0.18,0.4
C0101769,2026-08-28 17:53:30.277095,MORTGAGE_INQUIRY,737,Wants to speak to a mortgage specialist about refinancing. Mentioned rate shopping.,True,True,False,0.64,-0.54
C0101771,2026-06-20 11:47:20.897298,ESCROW,123,General question about online banking access.,False,False,False,0.06,0.1
C0101771,2026-07-20 22:18:53.192766,ESCROW,840,Question about escrow analysis and property tax increase.,False,False,False,0.06,0.45
C0101777,2026-08-07 07:28:57.423677,MORTGAGE_INQUIRY,687,Customer asked what our current 30-year rates look like and mentioned they saw 5.55% at Chase.,True,True,False,0.62,0.28
C0101780,2026-08-10 12:02:01.388383,GENERAL,111,Asked how to set up autopay for the mortgage.,False,False,False,0.0,0.97
C0101783,2026-06-29 08:52:10.323373,MORTGAGE_INQUIRY,654,Asked about the process to pay off the loan early and whether there are any prepayment penalties.,True,True,True,0.94,0.2
C0101783,2026-08-11 13:17:17.705100,MORTGAGE_INQUIRY,452,Inquired about payoff amount and where to send funds. Sounded like they may be refinancing elsewhere.,True,True,True,0.73,-0.21
C0101785,2026-07-30 09:29:44.620210,PAYMENT,270,Requested a copy of the most recent mortgage statement for tax purposes.,False,False,False,0.03,0.7
C0101790,2026-07-23 04:49:49.960128,PAYMENT,799,General question about online banking access.,False,False,False,0.18,0.18
C0101790,2026-08-15 13:53:48.253987,ESCROW,779,Confirmed next payment due date.,False,False,False,0.23,-0.16
C0101793,2026-09-07 17:42:33.842362,MORTGAGE_INQUIRY,501,Asked about the process to pay off the loan early and whether there are any prepayment penalties.,True,True,True,0.73,0.09
C0101797,2026-06-21 15:34:24.015409,PAYMENT,697,Confirmed next payment due date.,False,False,False,0.11,0.37
C0101800,2026-07-07 15:05:25.149849,GENERAL,670,Question about escrow analysis and property tax increase.,False,False,False,0.19,-0.06
C0101801,2026-08-10 12:19:07.617195,PAYMENT,803,Confirmed next payment due date.,False,False,False,0.0,0.27
C0101805,2026-08-25 03:45:56.820746,GENERAL,402,General question about online banking access.,False,False,False,0.12,0.25
C0101807,2026-08-27 19:07:30.616501,MORTGAGE_INQUIRY,879,Asked about the process to pay off the loan early and whether there are any prepayment penalties.,True,False,True,0.79,0.05
C0101808,2026-06-22 19:06:48.341705,MORTGAGE_INQUIRY,503,Customer asked what our current 30-year rates look like and mentioned they saw 5.43% at Rocket.,True,True,False,0.67,0.33
C0101808,2026-06-29 06:19:50.231198,MORTGAGE_INQUIRY,778,Called about refinancing options — wanted to know break-even on closing costs against a 5.48% offer.,True,True,False,0.83,-0.13
C0101809,2026-09-03 16:36:36.203495,ESCROW,380,Asked how to set up autopay for the mortgage.,False,False,False,0.0,0.37
C0101810,2026-08-28 07:32:36.493454,STATEMENT,258,Confirmed next payment due date.,False,False,False,0.29,0.21
C0101813,2026-07-17 19:22:46.356010,MORTGAGE_INQUIRY,350,Customer asked what our current 30-year rates look like and mentioned they saw 5.11% at an online lender.,True,True,False,0.58,0.15
C0101814,2026-07-10 11:29:14.967733,MORTGAGE_INQUIRY,808,Wants to speak to a mortgage specialist about refinancing. Mentioned rate shopping.,True,False,False,0.67,-0.43
C0101814,2026-08-24 11:05:48.599286,MORTGAGE_INQUIRY,486,Asked about the process to pay off the loan early and whether there are any prepayment penalties.,True,False,True,0.71,0.19
C0101817,2026-07-19 07:35:01.287606,PAYMENT,710,Question about escrow analysis and property tax increase.,False,False,False,0.08,0.35
C0101817,2026-09-07 06:53:24.497081,ESCROW,180,Asked how to set up autopay for the mortgage.,False,False,False,0.39,-0.19
C0101818,2026-08-25 06:49:00.747776,GENERAL,155,Confirmed next payment due date.,False,False,False,0.11,0.21
C0101826,2026-08-26 15:32:15.112115,PAYMENT,838,Asked how to set up autopay for the mortgage.,False,False,False,0.21,-0.05
C0101828,2026-08-19 20:02:16.101764,STATEMENT,358,Asked how to set up autopay for the mortgage.,False,False,False,0.05,0.52
C0101828,2026-09-02 23:44:50.713417,MORTGAGE_INQUIRY,790,Asked about the process to pay off the loan early and whether there are any prepayment penalties.,True,True,True,1.0,-0.48
C0101830,2026-07-31 13:30:08.965717,MORTGAGE_INQUIRY,501,Customer asked what our current 30-year rates look like and mentioned they saw 5.24% at Rocket.,True,True,False,0.58,-0.38
C0101830,2026-08-19 07:32:40.020886,MORTGAGE_INQUIRY,188,Called about refinancing options — wanted to know break-even on closing costs against a 5.21% offer.,True,True,False,0.79,-0.42
C0101832,2026-08-16 00:16:08.404653,ESCROW,281,Question about escrow analysis and property tax increase.,False,False,False,0.35,0.18
C0101837,2026-06-25 11:09:59.125961,MORTGAGE_INQUIRY,531,Called about refinancing options — wanted to know break-even on closing costs against a 5.16% offer.,True,True,False,0.68,-0.39
C0101842,2026-08-01 11:36:19.058847,STATEMENT,354,Question about escrow analysis and property tax increase.,False,False,False,0.2,-0.31
C0101845,2026-08-12 07:27:20.760140,ESCROW,303,Confirmed next payment due date.,False,False,False,0.17,0.3
C0101846,2026-06-28 21:41:24.280871,MORTGAGE_INQUIRY,477,Asked about the process to pay off the loan early and whether there are any prepayment penalties.,True,True,True,0.89,-0.27
C0101846,2026-07-27 09:04:46.268890,GENERAL,95,General question about online banking access.,False,False,False,0.21,-0.32
C0101848,2026-07-10 11:52:19.082812,GENERAL,355,Asked how to set up autopay for the mortgage.,False,False,False,0.0,1.0
C0101848,2026-08-09 17:58:28.246082,STATEMENT,808,Confirmed next payment due date.,False,False,False,0.06,0.44
C0101853,2026-08-19 07:39:44.095610,PAYMENT,264,Confirmed next payment due date.,False,False,False,0.16,0.95
C0101857,2026-06-16 02:04:03.493189,PAYMENT,102,Confirmed next payment due date.,False,False,False,0.1,0.57
C0101857,2026-07-30 03:32:31.544911,MORTGAGE_INQUIRY,452,Customer asked what our current 30-year rates look like and mentioned they saw 5.47% at a competitor.,True,True,False,0.9,-0.33
C0101858,2026-06-17 00:03:42.259800,MORTGAGE_INQUIRY,824,Customer asked what our current 30-year rates look like and mentioned they saw 5.17% at Chase.,True,False,False,0.76,0.6
C0101862,2026-08-21 23:11:06.242778,MORTGAGE_INQUIRY,836,Inquired about payoff amount and where to send funds. Sounded like they may be refinancing elsewhere.,True,True,True,0.71,-0.49
C0101865,2026-06-25 18:11:40.452600,MORTGAGE_INQUIRY,147,Asked about the process to pay off the loan early and whether there are any prepayment penalties.,True,True,True,0.88,-0.24
C0101865,2026-07-24 22:10:10.231728,STATEMENT,472,Asked how to set up autopay for the mortgage.,False,False,False,0.0,0.13
C0101868,2026-07-16 06:21:24.679625,STATEMENT,699,Requested a copy of the most recent mortgage statement for tax purposes.,False,False,False,0.15,0.32
C0101875,2026-07-02 05:20:44.810219,MORTGAGE_INQUIRY,448,Called about refinancing options — wanted to know break-even on closing costs against a 5.18% offer.,True,True,False,0.71,-0.05
C0101875,2026-08-31 03:28:36.100919,MORTGAGE_INQUIRY,260,Inquired about payoff amount and where to send funds. Sounded like they may be refinancing elsewhere.,True,True,True,0.51,0.21
C0101878,2026-06-15 10:59:11.643766,MORTGAGE_INQUIRY,211,Called about refinancing options — wanted to know break-even on closing costs against a 5.59% offer.,True,False,False,0.66,-0.17
C0101878,2026-07-20 20:58:04.068481,GENERAL,893,Question about escrow analysis and property tax increase.,False,False,False,0.19,0.19
C0101880,2026-07-31 00:55:50.884572,STATEMENT,840,Confirmed next payment due date.,False,False,False,0.38,0.13
C0101883,2026-07-05 13:06:34.174309,ESCROW,783,General question about online banking access.,False,False,False,0.34,0.16
C0101883,2026-08-16 22:42:15.854547,ESCROW,380,Question about escrow analysis and property tax increase.,False,False,False,0.14,0.21
C0101890,2026-07-06 05:07:36.775771,ESCROW,562,General question about online banking access.,False,False,False,0.0,-0.24
C0101890,2026-08-28 04:21:00.959943,GENERAL,502,Question about escrow analysis and property tax increase.,False,False,False,0.16,0.4
C0101894,2026-08-14 10:09:10.586609,GENERAL,338,Question about escrow analysis and property tax increase.,False,False,False,0.21,0.4
C0101896,2026-08-24 11:14:32.966688,MORTGAGE_INQUIRY,673,Asked about the process to pay off the loan early and whether there are any prepayment penalties.,True,True,True,0.65,0.08
C0101898,2026-07-05 15:23:39.396340,MORTGAGE_INQUIRY,573,Wants to speak to a mortgage specialist about refinancing. Mentioned rate shopping.,True,False,False,0.8,0.13
C0101902,2026-08-17 22:17:52.999177,ESCROW,680,General question about online banking access.,False,False,False,0.25,-0.48
C0101906,2026-07-18 04:09:38.074080,MORTGAGE_INQUIRY,804,Wants to speak to a mortgage specialist about refinancing. Mentioned rate shopping.,True,False,False,0.84,-0.56
C0101909,2026-07-16 14:22:23.553541,MORTGAGE_INQUIRY,724,Inquired about payoff amount and where to send funds. Sounded like they may be refinancing elsewhere.,True,True,True,0.89,0.16
C0101909,2026-08-10 18:47:13.985394,ESCROW,477,Question about escrow analysis and property tax increase.,False,False,False,0.01,-0.15
C0101910,2026-08-09 13:07:03.039338,GENERAL,773,General question about online banking access.,False,False,False,0.28,0.32
C0101917,2026-06-29 00:27:01.877225,ESCROW,611,Confirmed next payment due date.,False,False,False,0.2,-0.21
C0101921,2026-06-20 13:46:59.425669,MORTGAGE_INQUIRY,120,Asked about the process to pay off the loan early and whether there are any prepayment penalties.,True,True,True,0.73,-0.27
C0101921,2026-07-02 15:55:24.269544,MORTGAGE_INQUIRY,127,Inquired about payoff amount and where to send funds. Sounded like they may be refinancing elsewhere.,True,True,True,1.0,-0.52
C0101923,2026-07-30 12:47:00.544998,STATEMENT,408,Question about escrow analysis and property tax increase.,False,False,False,0.37,0.07
C0101924,2026-07-27 14:47:02.928208,MORTGAGE_INQUIRY,581,Asked about the process to pay off the loan early and whether there are any prepayment penalties.,True,False,True,0.72,-0.85
C0101924,2026-09-05 03:44:55.478004,PAYMENT,624,Question about escrow analysis and property tax increase.,False,False,False,0.01,-0.1
C0101925,2026-06-19 17:46:54.606705,STATEMENT,415,General question about online banking access.,False,False,False,0.23,0.41
C0101927,2026-08-11 02:25:25.603717,PAYMENT,836,General question about online banking access.,False,False,False,0.26,-0.48
C0101928,2026-06-20 05:55:42.847946,ESCROW,873,Confirmed next payment due date.,False,False,False,0.0,-0.15
C0101928,2026-06-25 13:13:44.749494,ESCROW,857,Question about escrow analysis and property tax increase.,False,False,False,0.09,0.11
C0101929,2026-07-09 17:45:26.020246,STATEMENT,843,Requested a copy of the most recent mortgage statement for tax purposes.,False,False,False,0.22,0.36
C0101934,2026-08-02 03:13:53.511030,ESCROW,225,Question about escrow analysis and property tax increase.,False,False,False,0.55,0.37
C0101941,2026-08-20 08:33:30.084093,MORTGAGE_INQUIRY,681,Inquired about payoff amount and where to send funds. Sounded like they may be refinancing elsewhere.,True,True,True,0.89,0.19
C0101944,2026-08-25 10:31:01.897156,MORTGAGE_INQUIRY,677,Called about refinancing options — wanted to know break-even on closing costs against a 5.46% offer.,True,True,False,0.91,0.61
C0101948,2026-06-23 03:12:52.251845,MORTGAGE_INQUIRY,389,Called about refinancing options — wanted to know break-even on closing costs against a 5.41% offer.,True,True,False,0.51,-0.19
C0101948,2026-08-30 09:11:31.688066,STATEMENT,894,General question about online banking access.,False,False,False,0.14,0.1
C0101951,2026-07-18 16:24:49.127988,STATEMENT,415,General question about online banking access.,False,False,False,0.27,0.57
C0101954,2026-06-14 09:20:29.115854,MORTGAGE_INQUIRY,443,Wants to speak to a mortgage specialist about refinancing. Mentioned rate shopping.,True,True,False,0.91,-0.22
C0101955,2026-07-29 02:43:06.680748,MORTGAGE_INQUIRY,80,Inquired about payoff amount and where to send funds. Sounded like they may be refinancing elsewhere.,True,True,True,0.6,0.11
C0101955,2026-08-18 18:29:16.096093,MORTGAGE_INQUIRY,693,Customer asked what our current 30-year rates look like and mentioned they saw 5.49% at Rocket.,True,True,False,1.0,-0.27
C0101958,2026-08-06 13:57:19.018909,MORTGAGE_INQUIRY,359,Wants to speak to a mortgage specialist about refinancing. Mentioned rate shopping.,True,True,False,0.52,-0.28
C0101958,2026-08-29 01:56:37.800106,MORTGAGE_INQUIRY,74,Called about refinancing options — wanted to know break-even on closing costs against a 5.19% offer.,True,True,False,0.37,0.12
C0101962,2026-06-24 10:31:55.985063,MORTGAGE_INQUIRY,649,Wants to speak to a mortgage specialist about refinancing. Mentioned rate shopping.,True,False,False,0.62,0.14
C0101963,2026-08-09 14:19:07.447750,GENERAL,441,Asked how to set up autopay for the mortgage.,False,False,False,0.0,0.11
C0101967,2026-08-17 02:46:52.766687,STATEMENT,612,Question about escrow analysis and property tax increase.,False,False,False,0.33,-0.04
C0101967,2026-08-29 19:10:56.114514,MORTGAGE_INQUIRY,138,Called about refinancing options — wanted to know break-even on closing costs against a 5.58% offer.,True,True,False,0.86,0.1
C0101968,2026-08-25 07:50:24.372305,ESCROW,133,Confirmed next payment due date.,False,False,False,0.11,0.23
C0101970,2026-06-29 23:48:40.975085,GENERAL,549,Requested a copy of the most recent mortgage statement for tax purposes.,False,False,False,0.0,0.29
C0101972,2026-06-30 11:41:51.770706,STATEMENT,157,Asked how to set up autopay for the mortgage.,False,False,False,0.16,0.6
C0101972,2026-08-13 11:02:57.072477,PAYMENT,548,Confirmed next payment due date.,False,False,False,0.0,0.2
C0101973,2026-07-04 02:24:14.949809,STATEMENT,633,Confirmed next payment due date.,False,False,False,0.41,0.44
C0101977,2026-08-29 07:01:01.983629,GENERAL,725,Requested a copy of the most recent mortgage statement for tax purposes.,False,False,False,0.24,0.46
C0101979,2026-07-30 19:31:35.662307,STATEMENT,613,Requested a copy of the most recent mortgage statement for tax purposes.,False,False,False,0.15,0.27
C0101979,2026-08-11 07:20:24.269679,STATEMENT,65,Requested a copy of the most recent mortgage statement for tax purposes.,False,False,False,0.11,-0.03
C0101984,2026-09-01 13:08:51.188965,ESCROW,757,Requested a copy of the most recent mortgage statement for tax purposes.,False,False,False,0.33,0.14
C0101985,2026-06-30 23:59:45.457408,GENERAL,540,General question about online banking access.,False,False,False,0.07,0.36
C0101985,2026-08-13 03:22:39.979231,MORTGAGE_INQUIRY,438,Asked about the process to pay off the loan early and whether there are any prepayment penalties.,True,True,True,0.98,0.03
C0101986,2026-08-31 05:29:08.598148,PAYMENT,447,Confirmed next payment due date.,False,False,False,0.29,-0.4
C0101987,2026-07-30 12:24:52.360210,MORTGAGE_INQUIRY,732,Asked about the process to pay off the loan early and whether there are any prepayment penalties.,True,True,True,0.54,-0.67
C0101987,2026-08-06 02:20:01.030956,MORTGAGE_INQUIRY,638,Customer asked what our current 30-year rates look like and mentioned they saw 5.48% at a competitor.,True,True,False,0.71,0.33
C0101990,2026-07-28 19:51:39.297869,MORTGAGE_INQUIRY,590,Wants to speak to a mortgage specialist about refinancing. Mentioned rate shopping.,True,True,False,0.6,0.23
C0101994,2026-07-01 11:15:43.929496,ESCROW,195,Requested a copy of the most recent mortgage statement for tax purposes.,False,False,False,0.0,0.34
C0101994,2026-08-07 08:41:12.811521,STATEMENT,847,Asked how to set up autopay for the mortgage.,False,False,False,0.06,0.22
C0101995,2026-07-30 04:53:09.890939,PAYMENT,771,General question about online banking access.,False,False,False,0.0,0.31
C0101996,2026-06-15 13:09:52.931954,MORTGAGE_INQUIRY,75,Called about refinancing options — wanted to know break-even on closing costs against a 5.28% offer.,True,False,False,0.56,0.15
C0101996,2026-07-04 17:02:34.886536,MORTGAGE_INQUIRY,754,Called about refinancing options — wanted to know break-even on closing costs against a 5.26% offer.,True,True,False,0.54,-0.12
C0101997,2026-06-26 14:16:22.746720,MORTGAGE_INQUIRY,246,Inquired about payoff amount and where to send funds. Sounded like they may be refinancing elsewhere.,True,True,True,0.65,-0.17
C0101997,2026-09-04 09:29:22.145171,MORTGAGE_INQUIRY,707,Wants to speak to a mortgage specialist about refinancing. Mentioned rate shopping.,True,True,False,0.81,0.21
C0101998,2026-07-22 08:51:53.483680,MORTGAGE_INQUIRY,352,Asked about the process to pay off the loan early and whether there are any prepayment penalties.,True,False,True,0.59,0.02
C0101999,2026-07-26 12:56:12.376840,PAYMENT,611,Asked how to set up autopay for the mortgage.,False,False,False,0.12,0.79
C0101999,2026-08-27 20:05:47.555897,PAYMENT,751,Confirmed next payment due date.,False,False,False,0.19,0.14
C0102000,2026-08-25 06:55:22.274800,STATEMENT,402,Question about escrow analysis and property tax increase.,False,False,False,0.08,0.07
C0102000,2026-09-04 23:15:15.813766,MORTGAGE_INQUIRY,821,Asked about the process to pay off the loan early and whether there are any prepayment penalties.,True,False,True,0.85,-0.11
C0102007,2026-09-09 21:30:49.183819,MORTGAGE_INQUIRY,787,Customer asked what our current 30-year rates look like and mentioned they saw 5.43% at a competitor.,True,True,False,0.49,0.19
C0102009,2026-07-03 08:03:49.622201,MORTGAGE_INQUIRY,405,Called about refinancing options — wanted to know break-even on closing costs against a 5.14% offer.,True,False,False,0.77,-0.36
C0102009,2026-08-27 01:24:19.119901,MORTGAGE_INQUIRY,810,Inquired about payoff amount and where to send funds. Sounded like they may be refinancing elsewhere.,True,True,True,0.67,-0.02
C0102014,2026-08-23 22:22:59.254675,PAYMENT,410,Question about escrow analysis and property tax increase.,False,False,False,0.1,-0.03
C0102015,2026-08-08 13:22:06.185913,MORTGAGE_INQUIRY,229,Inquired about payoff amount and where to send funds. Sounded like they may be refinancing elsewhere.,True,False,True,0.59,0.02
C0102018,2026-07-30 14:04:32.006959,MORTGAGE_INQUIRY,458,Inquired about payoff amount and where to send funds. Sounded like they may be refinancing elsewhere.,True,True,True,0.76,0.12
C0102021,2026-08-16 15:31:13.245575,ESCROW,348,Confirmed next payment due date.,False,False,False,0.25,0.62
C0102021,2026-08-17 15:59:03.397245,MORTGAGE_INQUIRY,793,Asked about the process to pay off the loan early and whether there are any prepayment penalties.,True,True,True,0.83,-0.62
C0102024,2026-06-23 03:14:11.765885,ESCROW,775,Confirmed next payment due date.,False,False,False,0.27,0.09
C0102025,2026-07-19 07:07:41.136846,GENERAL,239,General question about online banking access.,False,False,False,0.29,0.54
C0102025,2026-08-17 09:10:11.599405,STATEMENT,338,Confirmed next payment due date.,False,False,False,0.0,-0.14
C0102026,2026-08-29 07:55:27.538463,MORTGAGE_INQUIRY,658,Customer asked what our current 30-year rates look like and mentioned they saw 5.15% at Rocket.,True,True,False,0.75,0.57
C0102027,2026-07-02 05:51:20.937220,MORTGAGE_INQUIRY,475,Wants to speak to a mortgage specialist about refinancing. Mentioned rate shopping.,True,True,False,0.81,0.21
C0102027,2026-09-06 09:28:23.056381,MORTGAGE_INQUIRY,725,Customer asked what our current 30-year rates look like and mentioned they saw 5.17% at Rocket.,True,True,False,0.48,0.3
C0102028,2026-08-17 10:42:23.598408,MORTGAGE_INQUIRY,244,Customer asked what our current 30-year rates look like and mentioned they saw 5.25% at Rocket.,True,False,False,0.62,-0.35
C0102036,2026-09-06 08:04:39.712091,MORTGAGE_INQUIRY,659,Wants to speak to a mortgage specialist about refinancing. Mentioned rate shopping.,True,True,False,0.71,0.09
C0102038,2026-07-29 16:03:23.314982,ESCROW,217,General question about online banking access.,False,False,False,0.35,0.32
C0102038,2026-08-07 16:44:28.343510,GENERAL,499,Question about escrow analysis and property tax increase.,False,False,False,0.06,-0.0
C0102039,2026-07-31 09:11:29.061667,MORTGAGE_INQUIRY,848,Asked about the process to pay off the loan early and whether there are any prepayment penalties.,True,True,True,0.42,-0.09
C0102039,2026-08-22 18:32:08.949719,MORTGAGE_INQUIRY,456,Inquired about payoff amount and where to send funds. Sounded like they may be refinancing elsewhere.,True,False,True,0.85,-0.46
C0102041,2026-07-13 18:26:09.121465,MORTGAGE_INQUIRY,578,Wants to speak to a mortgage specialist about refinancing. Mentioned rate shopping.,True,True,False,0.66,0.03
C0102041,2026-08-08 02:49:59.288340,MORTGAGE_INQUIRY,524,Wants to speak to a mortgage specialist about refinancing. Mentioned rate shopping.,True,True,False,0.76,-0.37
C0102045,2026-06-16 04:01:03.200342,MORTGAGE_INQUIRY,153,Customer asked what our current 30-year rates look like and mentioned they saw 5.22% at Rocket.,True,False,False,0.64,0.0
C0102046,2026-08-02 16:37:51.515740,PAYMENT,467,Confirmed next payment due date.,False,False,False,0.24,0.46
C0102046,2026-08-16 11:11:22.365841,GENERAL,72,Asked how to set up autopay for the mortgage.,False,False,False,0.43,0.12
C0102047,2026-06-28 23:26:33.252162,STATEMENT,393,General question about online banking access.,False,False,False,0.15,0.26
C0102047,2026-07-13 17:03:42.148172,GENERAL,852,Requested a copy of the most recent mortgage statement for tax purposes.,False,False,False,0.23,0.41
C0102050,2026-06-27 09:09:40.928644,MORTGAGE_INQUIRY,500,Called about refinancing options — wanted to know break-even on closing costs against a 5.43% offer.,True,True,False,0.68,-0.12
C0102050,2026-07-12 05:56:58.779819,MORTGAGE_INQUIRY,684,Wants to speak to a mortgage specialist about refinancing. Mentioned rate shopping.,True,True,False,0.95,0.14
C0102051,2026-09-06 17:35:36.982590,MORTGAGE_INQUIRY,520,Called about refinancing options — wanted to know break-even on closing costs against a 5.37% offer.,True,True,False,0.87,0.2
C0102060,2026-06-21 21:43:43.767718,MORTGAGE_INQUIRY,798,Asked about the process to pay off the loan early and whether there are any prepayment penalties.,True,True,True,0.73,-0.18
C0102061,2026-08-17 12:43:34.917634,STATEMENT,457,Asked how to set up autopay for the mortgage.,False,False,False,0.06,-0.14
C0102062,2026-06-22 19:12:18.594903,MORTGAGE_INQUIRY,102,Asked about the process to pay off the loan early and whether there are any prepayment penalties.,True,True,True,0.72,0.38
C0102062,2026-08-19 12:22:13.252788,MORTGAGE_INQUIRY,113,Wants to speak to a mortgage specialist about refinancing. Mentioned rate shopping.,True,True,False,1.0,-0.12
C0102064,2026-07-01 23:38:00.718514,GENERAL,269,Question about escrow analysis and property tax increase.,False,False,False,0.09,-0.18
C0102064,2026-08-12 01:02:54.624186,MORTGAGE_INQUIRY,861,Inquired about payoff amount and where to send funds. Sounded like they may be refinancing elsewhere.,True,True,True,0.42,0.05
C0102068,2026-07-30 12:55:21.205629,MORTGAGE_INQUIRY,616,Wants to speak to a mortgage specialist about refinancing. Mentioned rate shopping.,True,True,False,0.72,-0.2
C0102071,2026-07-22 02:05:25.749509,PAYMENT,441,General question about online banking access.,False,False,False,0.21,0.23
C0102072,2026-06-15 07:20:12.665723,PAYMENT,194,Question about escrow analysis and property tax increase.,False,False,False,0.17,0.33
C0102083,2026-07-24 19:46:44.720696,GENERAL,267,Requested a copy of the most recent mortgage statement for tax purposes.,False,False,False,0.15,0.14
C0102086,2026-07-13 21:42:33.948743,ESCROW,678,Confirmed next payment due date.,False,False,False,0.08,0.5
C0102088,2026-07-31 10:18:25.883165,MORTGAGE_INQUIRY,413,Inquired about payoff amount and where to send funds. Sounded like they may be refinancing elsewhere.,True,True,True,0.7,-0.06
C0102088,2026-08-06 18:19:33.092164,STATEMENT,772,Question about escrow analysis and property tax increase.,False,False,False,0.45,-0.03
C0102092,2026-06-17 14:56:40.220525,ESCROW,829,Confirmed next payment due date.,False,False,False,0.14,0.12
C0102094,2026-07-05 17:54:46.647844,ESCROW,270,Requested a copy of the most recent mortgage statement for tax purposes.,False,False,False,0.06,0.37
C0102096,2026-08-25 23:19:09.291655,MORTGAGE_INQUIRY,342,Inquired about payoff amount and where to send funds. Sounded like they may be refinancing elsewhere.,True,True,True,0.77,-0.01
C0102096,2026-09-04 23:43:34.942630,MORTGAGE_INQUIRY,327,Asked about the process to pay off the loan early and whether there are any prepayment penalties.,True,True,True,0.66,0.28
C0102097,2026-06-18 06:26:40.277216,ESCROW,142,Asked how to set up autopay for the mortgage.,False,False,False,0.23,0.31
C0102097,2026-06-30 21:27:50.144010,MORTGAGE_INQUIRY,486,Called about refinancing options — wanted to know break-even on closing costs against a 5.5% offer.,True,False,False,0.55,0.23
C0102099,2026-06-23 02:19:32.290351,MORTGAGE_INQUIRY,843,Inquired about payoff amount and where to send funds. Sounded like they may be refinancing elsewhere.,True,False,True,0.78,-0.63
C0102101,2026-08-22 19:29:24.719563,MORTGAGE_INQUIRY,177,Inquired about payoff amount and where to send funds. Sounded like they may be refinancing elsewhere.,True,False,True,0.68,0.22
C0102101,2026-08-24 08:05:10.735373,MORTGAGE_INQUIRY,460,Inquired about payoff amount and where to send funds. Sounded like they may be refinancing elsewhere.,True,True,True,0.61,0.17
C0102102,2026-08-20 02:04:55.696999,ESCROW,204,General question about online banking access.,False,False,False,0.39,0.15
C0102103,2026-07-27 19:34:39.480712,MORTGAGE_INQUIRY,312,Wants to speak to a mortgage specialist about refinancing. Mentioned rate shopping.,True,True,False,0.85,-0.42
C0102107,2026-06-22 18:39:23.642523,STATEMENT,543,Confirmed next payment due date.,False,False,False,0.08,0.36
C0102107,2026-06-23 05:03:22.938167,MORTGAGE_INQUIRY,595,Called about refinancing options — wanted to know break-even on closing costs against a 5.26% offer.,True,True,False,0.83,-0.29
C0102116,2026-07-15 10:36:37.038966,STATEMENT,147,Confirmed next payment due date.,False,False,False,0.0,-0.22
C0102117,2026-08-27 20:43:06.039070,MORTGAGE_INQUIRY,264,Wants to speak to a mortgage specialist about refinancing. Mentioned rate shopping.,True,True,False,1.0,0.18
C0102120,2026-06-17 23:35:31.783914,GENERAL,813,Question about escrow analysis and property tax increase.,False,False,False,0.0,0.69
C0102121,2026-07-22 03:59:59.159039,GENERAL,423,Question about escrow analysis and property tax increase.,False,False,False,0.15,-0.06
C0102121,2026-08-17 02:34:20.331804,STATEMENT,890,Requested a copy of the most recent mortgage statement for tax purposes.,False,False,False,0.13,-0.04
C0102122,2026-07-03 20:28:07.245414,ESCROW,876,Requested a copy of the most recent mortgage statement for tax purposes.,False,False,False,0.12,0.58
C0102122,2026-08-26 21:05:58.091132,MORTGAGE_INQUIRY,570,Customer asked what our current 30-year rates look like and mentioned they saw 5.55% at an online lender.,True,True,False,0.99,0.12
C0102124,2026-07-07 14:29:14.271443,STATEMENT,338,General question about online banking access.,False,False,False,0.03,0.19
C0102124,2026-08-26 08:11:14.422856,MORTGAGE_INQUIRY,647,Asked about the process to pay off the loan early and whether there are any prepayment penalties.,True,True,True,0.67,-0.09
C0102131,2026-06-14 01:55:10.505085,MORTGAGE_INQUIRY,231,Customer asked what our current 30-year rates look like and mentioned they saw 5.36% at a competitor.,True,False,False,0.51,0.14
C0102131,2026-06-26 19:05:35.103897,PAYMENT,533,Asked how to set up autopay for the mortgage.,False,False,False,0.0,0.54
C0102132,2026-09-07 04:16:57.460816,MORTGAGE_INQUIRY,253,Wants to speak to a mortgage specialist about refinancing. Mentioned rate shopping.,True,False,False,0.75,0.19
C0102133,2026-06-22 12:13:46.217690,MORTGAGE_INQUIRY,737,Called about refinancing options — wanted to know break-even on closing costs against a 5.35% offer.,True,True,False,0.74,-0.55
C0102136,2026-07-13 01:25:26.919044,MORTGAGE_INQUIRY,298,Inquired about payoff amount and where to send funds. Sounded like they may be refinancing elsewhere.,True,True,True,0.74,-0.4
C0102136,2026-08-30 00:38:50.075405,STATEMENT,734,Requested a copy of the most recent mortgage statement for tax purposes.,False,False,False,0.17,-0.07
C0102140,2026-06-18 14:32:16.615008,PAYMENT,757,Asked how to set up autopay for the mortgage.,False,False,False,0.4,-0.02
C0102140,2026-07-23 03:18:30.373823,STATEMENT,427,Question about escrow analysis and property tax increase.,False,False,False,0.13,0.75
C0102141,2026-06-24 15:58:42.734815,GENERAL,740,Requested a copy of the most recent mortgage statement for tax purposes.,False,False,False,0.35,0.38
C0102142,2026-06-14 06:22:44.768561,PAYMENT,564,Requested a copy of the most recent mortgage statement for tax purposes.,False,False,False,0.36,0.5
C0102142,2026-08-01 04:02:12.503658,ESCROW,402,Requested a copy of the most recent mortgage statement for tax purposes.,False,False,False,0.15,0.08
C0102146,2026-08-02 03:25:57.448197,ESCROW,383,Confirmed next payment due date.,False,False,False,0.24,0.17
C0102147,2026-07-20 07:11:49.678917,MORTGAGE_INQUIRY,759,Asked about the process to pay off the loan early and whether there are any prepayment penalties.,True,False,True,0.85,-0.23
C0102148,2026-07-22 23:20:12.368590,MORTGAGE_INQUIRY,491,Asked about the process to pay off the loan early and whether there are any prepayment penalties.,True,False,True,0.6,0.3
C0102149,2026-07-11 12:35:48.315535,STATEMENT,424,General question about online banking access.,False,False,False,0.25,-0.04
C0102150,2026-06-13 08:15:55.881911,MORTGAGE_INQUIRY,525,Wants to speak to a mortgage specialist about refinancing. Mentioned rate shopping.,True,True,False,0.66,-0.19
C0102150,2026-08-10 11:20:43.981951,MORTGAGE_INQUIRY,860,Asked about the process to pay off the loan early and whether there are any prepayment penalties.,True,True,True,0.59,0.53
C0102156,2026-06-14 10:58:21.975960,PAYMENT,623,Asked how to set up autopay for the mortgage.,False,False,False,0.29,0.3
C0102156,2026-08-14 03:31:47.822457,MORTGAGE_INQUIRY,237,Wants to speak to a mortgage specialist about refinancing. Mentioned rate shopping.,True,False,False,0.85,-0.36
C0102163,2026-06-23 17:49:37.012367,ESCROW,258,Asked how to set up autopay for the mortgage.,False,False,False,0.1,0.28
C0102163,2026-09-07 05:49:32.680671,PAYMENT,355,Confirmed next payment due date.,False,False,False,0.21,-0.18
C0102166,2026-08-12 08:32:44.735429,MORTGAGE_INQUIRY,657,Inquired about payoff amount and where to send funds. Sounded like they may be refinancing elsewhere.,True,False,True,0.67,0.51
C0102166,2026-08-15 02:18:22.637687,STATEMENT,878,General question about online banking access.,False,False,False,0.25,-0.18
C0102170,2026-06-16 23:10:53.828251,ESCROW,485,Confirmed next payment due date.,False,False,False,0.35,0.09
C0102170,2026-08-03 00:24:49.913909,ESCROW,516,Requested a copy of the most recent mortgage statement for tax purposes.,False,False,False,0.0,0.21
C0102185,2026-07-07 11:19:14.217583,MORTGAGE_INQUIRY,571,Called about refinancing options — wanted to know break-even on closing costs against a 5.45% offer.,True,True,False,1.0,-0.48
C0102185,2026-08-25 08:22:18.588061,MORTGAGE_INQUIRY,468,Called about refinancing options — wanted to know break-even on closing costs against a 5.6% offer.,True,True,False,0.82,-0.2
C0102186,2026-07-19 07:29:41.250130,MORTGAGE_INQUIRY,233,Wants to speak to a mortgage specialist about refinancing. Mentioned rate shopping.,True,True,False,0.7,-0.54
C0102188,2026-07-16 23:27:03.839181,MORTGAGE_INQUIRY,577,Asked about the process to pay off the loan early and whether there are any prepayment penalties.,True,True,True,0.8,-0.09
C0102194,2026-06-17 03:07:42.315226,MORTGAGE_INQUIRY,674,Called about refinancing options — wanted to know break-even on closing costs against a 5.36% offer.,True,True,False,0.9,-0.41
C0102197,2026-07-04 00:42:04.528382,MORTGAGE_INQUIRY,657,Wants to speak to a mortgage specialist about refinancing. Mentioned rate shopping.,True,False,False,0.7,-0.07
C0102197,2026-08-24 07:18:43.577923,GENERAL,877,Requested a copy of the most recent mortgage statement for tax purposes.,False,False,False,0.21,-0.33
C0102199,2026-08-15 03:18:29.047265,GENERAL,626,Asked how to set up autopay for the mortgage.,False,False,False,0.23,0.3
C0102201,2026-06-16 15:15:45.031988,MORTGAGE_INQUIRY,899,Inquired about payoff amount and where to send funds. Sounded like they may be refinancing elsewhere.,True,False,True,1.0,-0.33
C0102201,2026-06-22 06:55:31.804157,STATEMENT,364,Confirmed next payment due date.,False,False,False,0.08,0.28
C0102202,2026-08-31 07:05:05.361123,MORTGAGE_INQUIRY,154,Inquired about payoff amount and where to send funds. Sounded like they may be refinancing elsewhere.,True,True,True,0.46,-0.2
C0102204,2026-06-21 07:29:21.151867,PAYMENT,429,Confirmed next payment due date.,False,False,False,0.12,0.38
C0102204,2026-08-21 20:19:19.788673,MORTGAGE_INQUIRY,421,Wants to speak to a mortgage specialist about refinancing. Mentioned rate shopping.,True,False,False,0.88,0.0
C0102210,2026-07-31 19:21:26.015094,MORTGAGE_INQUIRY,761,Inquired about payoff amount and where to send funds. Sounded like they may be refinancing elsewhere.,True,True,True,0.69,-0.27
C0102211,2026-06-19 13:22:12.564952,PAYMENT,60,Question about escrow analysis and property tax increase.,False,False,False,0.01,0.54
C0102211,2026-07-03 07:32:55.603001,PAYMENT,776,Confirmed next payment due date.,False,False,False,0.34,0.35
C0102213,2026-06-15 04:56:59.105537,STATEMENT,212,Asked how to set up autopay for the mortgage.,False,False,False,0.17,0.52
C0102215,2026-07-03 11:09:14.692085,GENERAL,513,General question about online banking access.,False,False,False,0.12,0.39
C0102215,2026-07-14 19:25:50.546022,ESCROW,584,Question about escrow analysis and property tax increase.,False,False,False,0.16,-0.3
C0102218,2026-07-01 03:58:19.547425,MORTGAGE_INQUIRY,864,Called about refinancing options — wanted to know break-even on closing costs against a 5.27% offer.,True,True,False,0.72,-0.18
C0102218,2026-07-02 23:07:23.578969,MORTGAGE_INQUIRY,301,Inquired about payoff amount and where to send funds. Sounded like they may be refinancing elsewhere.,True,False,True,0.67,0.45
C0102221,2026-06-17 04:04:39.929430,PAYMENT,864,Confirmed next payment due date.,False,False,False,0.21,0.19
C0102222,2026-06-18 06:26:43.268030,STATEMENT,238,Asked how to set up autopay for the mortgage.,False,False,False,0.11,0.14
C0102222,2026-07-31 23:37:21.664939,PAYMENT,124,Asked how to set up autopay for the mortgage.,False,False,False,0.13,-0.34
C0102225,2026-08-13 02:23:15.044366,ESCROW,857,Confirmed next payment due date.,False,False,False,0.0,0.61
C0102225,2026-08-31 15:41:06.272665,MORTGAGE_INQUIRY,528,Customer asked what our current 30-year rates look like and mentioned they saw 5.54% at an online lender.,True,True,False,0.8,-0.13
C0102228,2026-07-24 21:26:14.489113,ESCROW,679,General question about online banking access.,False,False,False,0.09,-0.02
C0102229,2026-07-06 20:01:20.592152,MORTGAGE_INQUIRY,306,Called about refinancing options — wanted to know break-even on closing costs against a 5.26% offer.,True,True,False,0.85,-0.38
C0102230,2026-08-08 08:19:12.674263,MORTGAGE_INQUIRY,840,Inquired about payoff amount and where to send funds. Sounded like they may be refinancing elsewhere.,True,True,True,0.58,0.3
C0102233,2026-07-31 16:09:41.092051,MORTGAGE_INQUIRY,438,Asked about the process to pay off the loan early and whether there are any prepayment penalties.,True,True,True,0.9,-0.47
C0102236,2026-07-22 07:41:31.992749,STATEMENT,751,Requested a copy of the most recent mortgage statement for tax purposes.,False,False,False,0.2,-0.04
C0102236,2026-08-05 21:58:27.257563,GENERAL,703,General question about online banking access.,False,False,False,0.2,0.53
C0102241,2026-08-04 16:56:15.880234,MORTGAGE_INQUIRY,129,Asked about the process to pay off the loan early and whether there are any prepayment penalties.,True,True,True,0.95,0.09
C0102241,2026-08-22 05:42:45.606477,GENERAL,714,Requested a copy of the most recent mortgage statement for tax purposes.,False,False,False,0.08,0.61
C0102242,2026-07-27 02:25:01.949654,MORTGAGE_INQUIRY,394,Called about refinancing options — wanted to know break-even on closing costs against a 5.24% offer.,True,True,False,0.87,0.17
C0102246,2026-07-30 15:13:15.312068,MORTGAGE_INQUIRY,811,Customer asked what our current 30-year rates look like and mentioned they saw 5.34% at Chase.,True,True,False,0.62,-0.27
C0102249,2026-07-22 15:45:19.862872,MORTGAGE_INQUIRY,333,Wants to speak to a mortgage specialist about refinancing. Mentioned rate shopping.,True,True,False,0.43,0.14
C0102252,2026-07-24 13:34:08.670804,STATEMENT,714,General question about online banking access.,False,False,False,0.23,0.53
C0102252,2026-08-17 15:34:17.655382,ESCROW,559,General question about online banking access.,False,False,False,0.16,0.13
C0102255,2026-07-14 05:12:36.077132,MORTGAGE_INQUIRY,700,Inquired about payoff amount and where to send funds. Sounded like they may be refinancing elsewhere.,True,False,True,1.0,0.46
C0102255,2026-07-19 21:09:23.362863,PAYMENT,893,Confirmed next payment due date.,False,False,False,0.02,0.33
C0102258,2026-08-26 02:07:44.561197,MORTGAGE_INQUIRY,635,Asked about the process to pay off the loan early and whether there are any prepayment penalties.,True,False,True,0.91,-0.3
C0102265,2026-07-14 22:04:05.921763,ESCROW,436,Question about escrow analysis and property tax increase.,False,False,False,0.3,0.36
C0102266,2026-06-21 19:41:57.892163,ESCROW,230,Requested a copy of the most recent mortgage statement for tax purposes.,False,False,False,0.0,0.2
C0102270,2026-07-24 09:46:28.461459,GENERAL,552,Question about escrow analysis and property tax increase.,False,False,False,0.05,0.2
C0102271,2026-06-23 00:16:18.184171,GENERAL,604,Requested a copy of the most recent mortgage statement for tax purposes.,False,False,False,0.32,-0.17
C0102271,2026-08-19 03:06:25.618056,MORTGAGE_INQUIRY,876,Customer asked what our current 30-year rates look like and mentioned they saw 5.29% at Chase.,True,True,False,0.76,-0.47
C0102272,2026-06-19 11:48:58.313225,ESCROW,357,Requested a copy of the most recent mortgage statement for tax purposes.,False,False,False,0.5,-0.04
C0102272,2026-07-23 11:24:14.818279,PAYMENT,359,Confirmed next payment due date.,False,False,False,0.01,-0.42
C0102273,2026-07-06 02:11:00.679088,MORTGAGE_INQUIRY,599,Asked about the process to pay off the loan early and whether there are any prepayment penalties.,True,True,True,0.77,-0.14
C0102273,2026-09-06 09:06:08.707253,STATEMENT,113,Confirmed next payment due date.,False,False,False,0.24,0.05
C0102282,2026-07-14 14:40:07.109834,ESCROW,883,Question about escrow analysis and property tax increase.,False,False,False,0.16,-0.32
C0102282,2026-09-06 09:31:22.606786,MORTGAGE_INQUIRY,276,Asked about the process to pay off the loan early and whether there are any prepayment penalties.,True,False,True,0.89,-0.09
C0102286,2026-08-18 09:23:53.317202,STATEMENT,203,Requested a copy of the most recent mortgage statement for tax purposes.,False,False,False,0.0,0.61
C0102286,2026-08-23 04:29:26.975165,GENERAL,894,Requested a copy of the most recent mortgage statement for tax purposes.,False,False,False,0.37,0.47
C0102289,2026-08-10 23:58:45.630958,GENERAL,276,Confirmed next payment due date.,False,False,False,0.0,0.22
C0102289,2026-09-01 11:51:08.999356,ESCROW,168,General question about online banking access.,False,False,False,0.13,0.72
C0102292,2026-09-02 07:50:37.176284,ESCROW,788,Question about escrow analysis and property tax increase.,False,False,False,0.14,-0.01
C0102294,2026-06-24 02:31:59.070534,MORTGAGE_INQUIRY,596,Wants to speak to a mortgage specialist about refinancing. Mentioned rate shopping.,True,True,False,0.71,0.37
C0102294,2026-08-12 04:16:45.842153,MORTGAGE_INQUIRY,193,Customer asked what our current 30-year rates look like and mentioned they saw 5.12% at Chase.,True,True,False,0.74,-0.62
C0102296,2026-07-20 07:53:38.084251,PAYMENT,195,General question about online banking access.,False,False,False,0.36,0.92
C0102297,2026-06-14 04:27:03.657257,MORTGAGE_INQUIRY,81,Asked about the process to pay off the loan early and whether there are any prepayment penalties.,True,True,True,0.68,-0.31
C0102297,2026-07-21 11:39:52.995992,STATEMENT,432,Requested a copy of the most recent mortgage statement for tax purposes.,False,False,False,0.2,-0.07
C0102299,2026-07-20 10:14:49.904757,STATEMENT,628,Requested a copy of the most recent mortgage statement for tax purposes.,False,False,False,0.14,0.21
C0102301,2026-08-04 12:13:14.823757,GENERAL,894,Requested a copy of the most recent mortgage statement for tax purposes.,False,False,False,0.0,-0.8
C0102305,2026-06-23 07:24:38.361391,PAYMENT,336,Asked how to set up autopay for the mortgage.,False,False,False,0.04,0.42
C0102305,2026-08-10 16:46:35.911992,MORTGAGE_INQUIRY,405,Wants to speak to a mortgage specialist about refinancing. Mentioned rate shopping.,True,False,False,0.77,0.06
C0102306,2026-06-14 10:24:19.473564,GENERAL,503,Confirmed next payment due date.,False,False,False,0.1,0.43
C0102307,2026-06-18 03:30:47.884526,MORTGAGE_INQUIRY,511,Inquired about payoff amount and where to send funds. Sounded like they may be refinancing elsewhere.,True,True,True,0.79,-0.51
C0102311,2026-06-24 05:07:36.364672,MORTGAGE_INQUIRY,749,Inquired about payoff amount and where to send funds. Sounded like they may be refinancing elsewhere.,True,True,True,0.88,-0.03
C0102311,2026-09-02 17:14:24.196832,MORTGAGE_INQUIRY,106,Inquired about payoff amount and where to send funds. Sounded like they may be refinancing elsewhere.,True,True,True,0.83,0.28
C0102313,2026-07-13 13:21:07.702525,MORTGAGE_INQUIRY,594,Asked about the process to pay off the loan early and whether there are any prepayment penalties.,True,True,True,0.74,0.02
C0102313,2026-07-31 03:18:57.814366,GENERAL,292,General question about online banking access.,False,False,False,0.13,0.25
C0102315,2026-06-19 07:52:01.198228,MORTGAGE_INQUIRY,634,Asked about the process to pay off the loan early and whether there are any prepayment penalties.,True,True,True,0.84,0.08
C0102316,2026-06-19 02:02:32.895739,PAYMENT,123,Question about escrow analysis and property tax increase.,False,False,False,0.26,1.0
C0102316,2026-08-07 19:37:28.453611,MORTGAGE_INQUIRY,646,Inquired about payoff amount and where to send funds. Sounded like they may be refinancing elsewhere.,True,False,True,0.73,0.13
C0102317,2026-07-27 02:37:59.635102,MORTGAGE_INQUIRY,259,Inquired about payoff amount and where to send funds. Sounded like they may be refinancing elsewhere.,True,True,True,0.63,-0.12
C0102317,2026-08-25 16:48:51.120912,PAYMENT,321,Question about escrow analysis and property tax increase.,False,False,False,0.32,0.16
C0102318,2026-07-08 09:15:09.723302,MORTGAGE_INQUIRY,107,Customer asked what our current 30-year rates look like and mentioned they saw 5.46% at an online lender.,True,True,False,0.77,-0.43
C0102319,2026-06-27 17:43:37.929065,MORTGAGE_INQUIRY,416,Asked about the process to pay off the loan early and whether there are any prepayment penalties.,True,True,True,0.61,-0.0
C0102326,2026-08-12 14:14:30.111314,PAYMENT,518,Confirmed next payment due date.,False,False,False,0.07,-0.16
C0102328,2026-07-06 06:44:56.571127,MORTGAGE_INQUIRY,214,Called about refinancing options — wanted to know break-even on closing costs against a 5.11% offer.,True,True,False,0.59,-0.54
C0102329,2026-08-07 18:28:41.166785,ESCROW,357,General question about online banking access.,False,False,False,0.04,-0.39
C0102330,2026-06-16 12:21:41.204393,GENERAL,281,General question about online banking access.,False,False,False,0.45,0.02
C0102330,2026-07-14 08:08:33.217552,GENERAL,90,Confirmed next payment due date.,False,False,False,0.0,0.36
C0102332,2026-08-10 04:42:36.346429,ESCROW,720,Asked how to set up autopay for the mortgage.,False,False,False,0.17,0.24
C0102333,2026-07-24 03:05:48.229009,MORTGAGE_INQUIRY,80,Wants to speak to a mortgage specialist about refinancing. Mentioned rate shopping.,True,False,False,0.68,0.18
C0102333,2026-07-24 11:26:25.428329,GENERAL,110,Asked how to set up autopay for the mortgage.,False,False,False,0.36,1.0
C0102334,2026-07-10 18:30:35.553228,MORTGAGE_INQUIRY,313,Wants to speak to a mortgage specialist about refinancing. Mentioned rate shopping.,True,False,False,0.64,-0.01
C0102334,2026-07-17 04:37:30.287837,STATEMENT,836,General question about online banking access.,False,False,False,0.38,0.72
C0102337,2026-07-06 10:57:13.682914,MORTGAGE_INQUIRY,596,Wants to speak to a mortgage specialist about refinancing. Mentioned rate shopping.,True,True,False,0.62,0.61
C0102337,2026-08-17 07:42:47.990567,PAYMENT,578,Asked how to set up autopay for the mortgage.,False,False,False,0.0,0.43
C0102340,2026-06-29 05:31:05.515033,GENERAL,375,Confirmed next payment due date.,False,False,False,0.0,0.42
C0102342,2026-08-15 20:16:23.154263,MORTGAGE_INQUIRY,191,Wants to speak to a mortgage specialist about refinancing. Mentioned rate shopping.,True,True,False,0.68,0.23
C0102345,2026-09-03 02:10:09.708135,STATEMENT,505,General question about online banking access.,False,False,False,0.34,0.34
C0102346,2026-06-23 08:06:20.089711,ESCROW,561,General question about online banking access.,False,False,False,0.0,0.27
C0102350,2026-07-02 16:22:06.192474,MORTGAGE_INQUIRY,400,Inquired about payoff amount and where to send funds. Sounded like they may be refinancing elsewhere.,True,True,True,0.69,0.11
C0102352,2026-06-20 04:16:22.176508,MORTGAGE_INQUIRY,259,Called about refinancing options — wanted to know break-even on closing costs against a 5.14% offer.,True,True,False,0.72,-0.73
C0102354,2026-07-28 05:17:08.177365,GENERAL,705,Asked how to set up autopay for the mortgage.,False,False,False,0.0,0.56
C0102356,2026-06-25 08:37:34.966799,MORTGAGE_INQUIRY,353,Customer asked what our current 30-year rates look like and mentioned they saw 5.41% at a competitor.,True,True,False,0.78,-0.52
C0102357,2026-06-17 17:39:46.618416,PAYMENT,606,Confirmed next payment due date.,False,False,False,0.23,-0.33
C0102358,2026-07-14 12:30:34.586652,ESCROW,513,Requested a copy of the most recent mortgage statement for tax purposes.,False,False,False,0.23,-0.41
C0102359,2026-07-03 14:28:23.383804,MORTGAGE_INQUIRY,423,Inquired about payoff amount and where to send funds. Sounded like they may be refinancing elsewhere.,True,True,True,0.84,-0.32
C0102362,2026-06-25 04:20:16.808457,PAYMENT,383,Asked how to set up autopay for the mortgage.,False,False,False,0.21,-0.52
C0102362,2026-09-10 06:05:03.646668,MORTGAGE_INQUIRY,195,Customer asked what our current 30-year rates look like and mentioned they saw 5.41% at a competitor.,True,True,False,0.72,-0.01
C0102367,2026-07-08 02:15:28.072237,PAYMENT,434,Requested a copy of the most recent mortgage statement for tax purposes.,False,False,False,0.29,-0.24
C0102367,2026-07-26 16:57:07.153272,PAYMENT,440,Question about escrow analysis and property tax increase.,False,False,False,0.09,0.52
C0102369,2026-08-17 08:38:30.341303,PAYMENT,389,Confirmed next payment due date.,False,False,False,0.3,0.4
C0102373,2026-06-18 23:30:05.580403,PAYMENT,77,Question about escrow analysis and property tax increase.,False,False,False,0.07,0.3
C0102373,2026-07-20 03:40:13.150216,ESCROW,804,General question about online banking access.,False,False,False,0.25,0.61
C0102381,2026-06-14 04:11:01.059486,GENERAL,718,Question about escrow analysis and property tax increase.,False,False,False,0.18,-0.13
C0102381,2026-07-28 03:09:43.873383,MORTGAGE_INQUIRY,336,Inquired about payoff amount and where to send funds. Sounded like they may be refinancing elsewhere.,True,False,True,0.81,-0.55
C0102383,2026-06-22 15:56:06.862430,MORTGAGE_INQUIRY,491,Asked about the process to pay off the loan early and whether there are any prepayment penalties.,True,False,True,0.8,0.15
C0102383,2026-07-30 01:54:19.079045,MORTGAGE_INQUIRY,794,Asked about the process to pay off the loan early and whether there are any prepayment penalties.,True,True,True,1.0,0.01
C0102384,2026-06-27 16:42:41.003457,ESCROW,485,General question about online banking access.,False,False,False,0.21,0.28
C0102384,2026-09-05 23:03:22.744283,MORTGAGE_INQUIRY,192,Customer asked what our current 30-year rates look like and mentioned they saw 5.31% at a competitor.,True,True,False,0.48,0.01
C0102386,2026-07-02 19:03:35.103734,PAYMENT,523,Confirmed next payment due date.,False,False,False,0.0,0.23
C0102386,2026-08-06 09:43:09.865184,ESCROW,432,Confirmed next payment due date.,False,False,False,0.14,0.19
C0102391,2026-07-08 01:09:09.861761,MORTGAGE_INQUIRY,667,Called about refinancing options — wanted to know break-even on closing costs against a 5.55% offer.,True,True,False,0.99,0.24
C0102391,2026-08-05 22:48:37.771012,PAYMENT,779,Question about escrow analysis and property tax increase.,False,False,False,0.44,0.26
C0102393,2026-06-26 22:32:48.133901,MORTGAGE_INQUIRY,487,Wants to speak to a mortgage specialist about refinancing. Mentioned rate shopping.,True,True,False,1.0,-0.22
C0102393,2026-07-05 03:59:52.978245,MORTGAGE_INQUIRY,361,Called about refinancing options — wanted to know break-even on closing costs against a 5.13% offer.,True,True,False,0.79,-0.38
C0102395,2026-08-02 17:41:57.841969,ESCROW,738,Requested a copy of the most recent mortgage statement for tax purposes.,False,False,False,0.0,0.99
C0102399,2026-08-29 19:30:36.794170,GENERAL,838,General question about online banking access.,False,False,False,0.0,-0.14
C0102399,2026-09-08 13:54:22.863128,STATEMENT,730,Asked how to set up autopay for the mortgage.,False,False,False,0.2,-0.13
C0102402,2026-07-06 03:08:34.176329,STATEMENT,733,Question about escrow analysis and property tax increase.,False,False,False,0.0,0.21
C0102402,2026-09-09 13:41:01.944133,PAYMENT,395,Asked how to set up autopay for the mortgage.,False,False,False,0.13,0.3
C0102403,2026-06-30 04:25:21.221667,MORTGAGE_INQUIRY,549,Customer asked what our current 30-year rates look like and mentioned they saw 5.31% at a competitor.,True,True,False,0.77,-0.46
C0102404,2026-06-30 02:42:06.319835,MORTGAGE_INQUIRY,66,Called about refinancing options — wanted to know break-even on closing costs against a 5.51% offer.,True,True,False,0.88,0.31
C0102404,2026-07-22 14:52:57.375164,ESCROW,149,Asked how to set up autopay for the mortgage.,False,False,False,0.21,0.83
C0102405,2026-06-13 13:56:26.869400,MORTGAGE_INQUIRY,839,Asked about the process to pay off the loan early and whether there are any prepayment penalties.,True,False,True,0.7,0.02
C0102405,2026-08-30 22:35:22.073604,MORTGAGE_INQUIRY,107,Customer asked what our current 30-year rates look like and mentioned they saw 5.27% at a competitor.,True,True,False,0.56,0.21
C0102406,2026-08-17 18:54:57.618482,GENERAL,862,Confirmed next payment due date.,False,False,False,0.15,-0.3
C0102407,2026-08-08 23:51:32.593309,PAYMENT,451,Asked how to set up autopay for the mortgage.,False,False,False,0.14,0.62
C0102407,2026-08-17 12:17:03.287674,GENERAL,860,Requested a copy of the most recent mortgage statement for tax purposes.,False,False,False,0.05,0.19
C0102408,2026-09-04 08:07:10.291545,STATEMENT,394,Asked how to set up autopay for the mortgage.,False,False,False,0.0,0.04
C0102411,2026-07-17 11:10:45.545967,GENERAL,65,Question about escrow analysis and property tax increase.,False,False,False,0.41,-0.11
C0102416,2026-07-02 05:39:26.270507,MORTGAGE_INQUIRY,134,Wants to speak to a mortgage specialist about refinancing. Mentioned rate shopping.,True,True,False,0.58,-0.15
C0102416,2026-08-28 20:27:20.399084,ESCROW,524,Requested a copy of the most recent mortgage statement for tax purposes.,False,False,False,0.21,0.29
C0102418,2026-08-01 22:58:43.192189,MORTGAGE_INQUIRY,606,Customer asked what our current 30-year rates look like and mentioned they saw 5.13% at Chase.,True,False,False,0.65,-0.57
C0102420,2026-06-18 22:29:18.970928,MORTGAGE_INQUIRY,603,Called about refinancing options — wanted to know break-even on closing costs against a 5.56% offer.,True,False,False,0.76,-0.33
C0102420,2026-08-15 00:43:54.366510,PAYMENT,228,Question about escrow analysis and property tax increase.,False,False,False,0.12,0.73
C0102421,2026-07-28 17:41:54.949774,PAYMENT,122,Confirmed next payment due date.,False,False,False,0.19,0.39
C0102422,2026-07-23 03:22:47.756007,GENERAL,142,Requested a copy of the most recent mortgage statement for tax purposes.,False,False,False,0.35,0.38
C0102422,2026-08-31 16:42:23.431982,PAYMENT,236,Requested a copy of the most recent mortgage statement for tax purposes.,False,False,False,0.11,0.13
C0102425,2026-06-27 01:23:33.970925,PAYMENT,658,General question about online banking access.,False,False,False,0.26,0.2
C0102425,2026-09-06 05:49:12.393229,GENERAL,833,Question about escrow analysis and property tax increase.,False,False,False,0.37,0.03
C0102432,2026-08-07 20:58:13.923834,MORTGAGE_INQUIRY,469,Customer asked what our current 30-year rates look like and mentioned they saw 5.23% at Rocket.,True,False,False,0.67,-0.2
C0102443,2026-08-16 06:13:46.335482,MORTGAGE_INQUIRY,606,Inquired about payoff amount and where to send funds. Sounded like they may be refinancing elsewhere.,True,False,True,0.82,0.02
C0102450,2026-06-14 07:32:41.936811,MORTGAGE_INQUIRY,475,Customer asked what our current 30-year rates look like and mentioned they saw 5.57% at Chase.,True,True,False,0.71,-0.55
C0102450,2026-07-18 23:46:25.242040,GENERAL,738,Requested a copy of the most recent mortgage statement for tax purposes.,False,False,False,0.41,-0.11
C0102454,2026-08-02 10:14:00.832730,MORTGAGE_INQUIRY,325,Inquired about payoff amount and where to send funds. Sounded like they may be refinancing elsewhere.,True,True,True,0.7,0.53
C0102454,2026-08-27 13:17:18.302751,ESCROW,620,Confirmed next payment due date.,False,False,False,0.0,0.18
C0102460,2026-07-04 03:17:42.630141,MORTGAGE_INQUIRY,738,Customer asked what our current 30-year rates look like and mentioned they saw 5.33% at an online lender.,True,True,False,0.94,0.23
C0102464,2026-07-09 12:33:43.200968,ESCROW,495,General question about online banking access.,False,False,False,0.16,0.32
C0102464,2026-08-01 10:34:43.766841,MORTGAGE_INQUIRY,641,Wants to speak to a mortgage specialist about refinancing. Mentioned rate shopping.,True,True,False,0.97,-0.18
C0102466,2026-07-08 13:01:16.388497,GENERAL,407,Asked how to set up autopay for the mortgage.,False,False,False,0.39,-0.27
C0102466,2026-07-16 12:20:37.902443,MORTGAGE_INQUIRY,391,Asked about the process to pay off the loan early and whether there are any prepayment penalties.,True,True,True,0.76,-0.24
C0102476,2026-06-22 14:38:40.044154,MORTGAGE_INQUIRY,338,Called about refinancing options — wanted to know break-even on closing costs against a 5.26% offer.,True,True,False,0.64,-0.31
C0102476,2026-07-27 05:45:01.140511,MORTGAGE_INQUIRY,770,Wants to speak to a mortgage specialist about refinancing. Mentioned rate shopping.,True,True,False,0.52,-0.38
C0102479,2026-06-29 08:39:10.916009,GENERAL,289,Asked how to set up autopay for the mortgage.,False,False,False,0.27,-0.05
C0102479,2026-09-07 18:16:25.440146,PAYMENT,179,Confirmed next payment due date.,False,False,False,0.22,0.43
C0102481,2026-07-09 12:26:04.742608,STATEMENT,509,Question about escrow analysis and property tax increase.,False,False,False,0.38,0.32
C0102481,2026-07-22 20:13:09.805064,MORTGAGE_INQUIRY,652,Wants to speak to a mortgage specialist about refinancing. Mentioned rate shopping.,True,False,False,0.86,-0.26
C0102483,2026-07-12 10:34:04.986064,PAYMENT,519,Confirmed next payment due date.,False,False,False,0.38,0.51
C0102485,2026-07-01 22:14:24.709466,MORTGAGE_INQUIRY,485,Wants to speak to a mortgage specialist about refinancing. Mentioned rate shopping.,True,False,False,0.89,-0.41
C0102487,2026-07-15 10:47:10.197663,MORTGAGE_INQUIRY,760,Wants to speak to a mortgage specialist about refinancing. Mentioned rate shopping.,True,False,False,0.61,0.19
C0102491,2026-09-08 21:27:09.817749,MORTGAGE_INQUIRY,152,Inquired about payoff amount and where to send funds. Sounded like they may be refinancing elsewhere.,True,False,True,0.55,0.16
C0102493,2026-06-24 04:24:20.691914,GENERAL,850,Question about escrow analysis and property tax increase.,False,False,False,0.19,0.02
C0102493,2026-07-03 12:17:49.396215,GENERAL,187,Question about escrow analysis and property tax increase.,False,False,False,0.0,0.05
C0102494,2026-09-05 07:42:11.596101,MORTGAGE_INQUIRY,615,Inquired about payoff amount and where to send funds. Sounded like they may be refinancing elsewhere.,True,True,True,0.66,-0.29
C0102495,2026-08-05 12:31:34.521464,MORTGAGE_INQUIRY,695,Wants to speak to a mortgage specialist about refinancing. Mentioned rate shopping.,True,False,False,0.79,0.24
C0102499,2026-08-28 00:22:17.846073,MORTGAGE_INQUIRY,552,Called about refinancing options — wanted to know break-even on closing costs against a 5.6% offer.,True,False,False,0.77,-0.28
C0102500,2026-08-02 10:58:30.470276,PAYMENT,117,Requested a copy of the most recent mortgage statement for tax purposes.,False,False,False,0.18,0.19
C0102500,2026-09-02 18:21:36.692354,MORTGAGE_INQUIRY,625,Inquired about payoff amount and where to send funds. Sounded like they may be refinancing elsewhere.,True,True,True,0.75,-0.47
C0102503,2026-08-15 11:03:48.869303,STATEMENT,587,Confirmed next payment due date.,False,False,False,0.25,0.28
C0102503,2026-08-21 15:03:36.343712,MORTGAGE_INQUIRY,115,Called about refinancing options — wanted to know break-even on closing costs against a 5.49% offer.,True,True,False,0.52,-0.14
C0102505,2026-07-25 06:04:52.745640,MORTGAGE_INQUIRY,263,Wants to speak to a mortgage specialist about refinancing. Mentioned rate shopping.,True,True,False,0.83,-0.54
C0102509,2026-09-05 02:04:39.658018,ESCROW,704,General question about online banking access.,False,False,False,0.18,-0.12
C0102512,2026-07-07 17:55:19.689305,MORTGAGE_INQUIRY,344,Wants to speak to a mortgage specialist about refinancing. Mentioned rate shopping.,True,True,False,0.68,0.14
C0102512,2026-09-02 05:30:56.556479,MORTGAGE_INQUIRY,422,Wants to speak to a mortgage specialist about refinancing. Mentioned rate shopping.,True,True,False,1.0,-0.53
C0102514,2026-08-01 12:25:49.467233,MORTGAGE_INQUIRY,678,Wants to speak to a mortgage specialist about refinancing. Mentioned rate shopping.,True,True,False,0.77,0.08
C0102514,2026-08-19 00:36:34.597077,GENERAL,338,Confirmed next payment due date.,False,False,False,0.18,-0.25
C0102515,2026-08-23 13:15:28.237200,ESCROW,409,Confirmed next payment due date.,False,False,False,0.28,0.24
C0102517,2026-07-14 16:01:52.044857,MORTGAGE_INQUIRY,382,Inquired about payoff amount and where to send funds. Sounded like they may be refinancing elsewhere.,True,True,True,0.76,-0.06
C0102517,2026-08-27 12:43:50.606423,MORTGAGE_INQUIRY,843,Inquired about payoff amount and where to send funds. Sounded like they may be refinancing elsewhere.,True,False,True,0.84,-0.53
C0102518,2026-07-13 01:52:38.749434,MORTGAGE_INQUIRY,507,Asked about the process to pay off the loan early and whether there are any prepayment penalties.,True,False,True,0.86,-0.26
C0102518,2026-07-15 03:59:03.819718,MORTGAGE_INQUIRY,495,Called about refinancing options — wanted to know break-even on closing costs against a 5.3% offer.,True,True,False,0.7,0.1
C0102519,2026-06-14 11:44:15.079516,MORTGAGE_INQUIRY,617,Inquired about payoff amount and where to send funds. Sounded like they may be refinancing elsewhere.,True,True,True,0.65,0.08
C0102519,2026-07-20 16:17:34.506198,MORTGAGE_INQUIRY,732,Wants to speak to a mortgage specialist about refinancing. Mentioned rate shopping.,True,True,False,1.0,-0.36
C0102522,2026-07-12 13:21:25.933164,ESCROW,169,Confirmed next payment due date.,False,False,False,0.14,0.03
C0102522,2026-08-12 14:54:36.500104,MORTGAGE_INQUIRY,185,Called about refinancing options — wanted to know break-even on closing costs against a 5.41% offer.,True,True,False,0.78,-0.2
C0102523,2026-06-24 06:03:05.665437,STATEMENT,240,Question about escrow analysis and property tax increase.,False,False,False,0.17,0.27
C0102523,2026-07-07 05:10:36.412827,MORTGAGE_INQUIRY,342,Inquired about payoff amount and where to send funds. Sounded like they may be refinancing elsewhere.,True,True,True,0.67,0.29
C0102525,2026-07-07 08:06:46.622024,PAYMENT,816,Requested a copy of the most recent mortgage statement for tax purposes.,False,False,False,0.33,-0.26
C0102525,2026-07-26 10:21:45.816657,MORTGAGE_INQUIRY,673,Called about refinancing options — wanted to know break-even on closing costs against a 5.23% offer.,True,True,False,0.67,0.14
C0102526,2026-06-15 12:26:01.797868,MORTGAGE_INQUIRY,802,Customer asked what our current 30-year rates look like and mentioned they saw 5.57% at Chase.,True,True,False,0.76,0.06
C0102526,2026-07-28 21:01:02.969910,MORTGAGE_INQUIRY,725,Inquired about payoff amount and where to send funds. Sounded like they may be refinancing elsewhere.,True,True,True,0.92,-0.19
C0102529,2026-06-18 14:18:00.457728,STATEMENT,512,Question about escrow analysis and property tax increase.,False,False,False,0.31,0.33
C0102529,2026-07-22 20:09:28.672408,MORTGAGE_INQUIRY,462,Asked about the process to pay off the loan early and whether there are any prepayment penalties.,True,True,True,0.75,0.0
C0102530,2026-09-08 06:22:00.261527,MORTGAGE_INQUIRY,604,Called about refinancing options — wanted to know break-even on closing costs against a 5.53% offer.,True,True,False,0.62,-0.91
C0102531,2026-06-28 20:25:46.005514,MORTGAGE_INQUIRY,109,Inquired about payoff amount and where to send funds. Sounded like they may be refinancing elsewhere.,True,True,True,0.77,0.35
C0102535,2026-06-28 08:09:49.515308,ESCROW,414,Confirmed next payment due date.,False,False,False,0.15,0.63
C0102535,2026-07-20 18:36:32.520703,MORTGAGE_INQUIRY,475,Wants to speak to a mortgage specialist about refinancing. Mentioned rate shopping.,True,False,False,0.84,0.21
C0102536,2026-07-07 19:35:42.892095,MORTGAGE_INQUIRY,454,Called about refinancing options — wanted to know break-even on closing costs against a 5.16% offer.,True,True,False,0.79,-0.27
C0102536,2026-07-15 04:24:05.243898,MORTGAGE_INQUIRY,667,Called about refinancing options — wanted to know break-even on closing costs against a 5.56% offer.,True,True,False,0.75,-0.51
C0102538,2026-08-23 07:35:52.209476,GENERAL,118,General question about online banking access.,False,False,False,0.12,-0.03
C0102538,2026-09-05 13:15:02.428300,PAYMENT,821,Requested a copy of the most recent mortgage statement for tax purposes.,False,False,False,0.31,-0.17
C0102543,2026-08-30 02:41:43.914477,PAYMENT,504,Question about escrow analysis and property tax increase.,False,False,False,0.21,0.29
C0102555,2026-06-18 12:53:38.733636,MORTGAGE_INQUIRY,118,Wants to speak to a mortgage specialist about refinancing. Mentioned rate shopping.,True,True,False,0.52,-0.46
C0102557,2026-08-27 01:58:05.892899,ESCROW,476,Asked how to set up autopay for the mortgage.,False,False,False,0.16,0.16
C0102562,2026-07-24 00:21:47.043333,MORTGAGE_INQUIRY,781,Inquired about payoff amount and where to send funds. Sounded like they may be refinancing elsewhere.,True,True,True,0.99,-0.37
C0102562,2026-09-08 12:53:38.856914,MORTGAGE_INQUIRY,60,Called about refinancing options — wanted to know break-even on closing costs against a 5.14% offer.,True,True,False,0.67,0.03
C0102572,2026-07-14 16:27:33.320668,GENERAL,538,Asked how to set up autopay for the mortgage.,False,False,False,0.21,-0.05
C0102573,2026-06-28 21:35:08.015893,MORTGAGE_INQUIRY,786,Customer asked what our current 30-year rates look like and mentioned they saw 5.25% at Rocket.,True,True,False,0.86,0.04
C0102575,2026-06-15 15:08:06.954721,MORTGAGE_INQUIRY,639,Wants to speak to a mortgage specialist about refinancing. Mentioned rate shopping.,True,False,False,0.68,-0.21
C0102577,2026-08-09 16:22:33.732138,PAYMENT,791,General question about online banking access.,False,False,False,0.18,0.3
C0102577,2026-09-04 15:28:28.648635,STATEMENT,596,Question about escrow analysis and property tax increase.,False,False,False,0.0,0.04
C0102578,2026-07-08 11:52:31.489301,GENERAL,88,Question about escrow analysis and property tax increase.,False,False,False,0.0,0.32
C0102583,2026-06-30 12:31:19.966250,MORTGAGE_INQUIRY,516,Wants to speak to a mortgage specialist about refinancing. Mentioned rate shopping.,True,True,False,0.8,-0.13
C0102583,2026-07-18 12:47:27.993252,STATEMENT,611,General question about online banking access.,False,False,False,0.32,-0.08
C0102585,2026-07-08 14:35:10.819145,ESCROW,757,Asked how to set up autopay for the mortgage.,False,False,False,0.13,-0.25
C0102587,2026-06-28 07:55:54.877853,STATEMENT,621,General question about online banking access.,False,False,False,0.0,0.28
C0102589,2026-08-14 14:54:19.022407,ESCROW,558,General question about online banking access.,False,False,False,0.13,-0.12
C0102590,2026-07-22 17:49:59.636640,STATEMENT,435,General question about online banking access.,False,False,False,0.33,0.08
C0102593,2026-08-06 04:55:09.993979,MORTGAGE_INQUIRY,468,Inquired about payoff amount and where to send funds. Sounded like they may be refinancing elsewhere.,True,False,True,0.73,0.12
C0102594,2026-07-17 14:47:54.193040,PAYMENT,364,Requested a copy of the most recent mortgage statement for tax purposes.,False,False,False,0.28,0.07
C0102594,2026-07-26 22:32:16.553034,STATEMENT,442,Question about escrow analysis and property tax increase.,False,False,False,0.3,0.05
C0102595,2026-09-01 05:54:10.373166,MORTGAGE_INQUIRY,362,Inquired about payoff amount and where to send funds. Sounded like they may be refinancing elsewhere.,True,True,True,0.66,-0.41
C0102595,2026-09-09 11:10:40.276128,PAYMENT,376,General question about online banking access.,False,False,False,0.0,0.16
C0102599,2026-06-25 12:37:16.371933,PAYMENT,599,Confirmed next payment due date.,False,False,False,0.0,0.06
C0102600,2026-06-19 13:07:00.773759,PAYMENT,419,Requested a copy of the most recent mortgage statement for tax purposes.,False,False,False,0.31,-0.1
C0102602,2026-07-21 06:04:47.212946,MORTGAGE_INQUIRY,838,Wants to speak to a mortgage specialist about refinancing. Mentioned rate shopping.,True,True,False,0.88,-0.41
C0102603,2026-07-28 14:48:20.028450,MORTGAGE_INQUIRY,785,Asked about the process to pay off the loan early and whether there are any prepayment penalties.,True,True,True,0.96,-0.17
C0102604,2026-08-10 08:31:58.775800,MORTGAGE_INQUIRY,103,Inquired about payoff amount and where to send funds. Sounded like they may be refinancing elsewhere.,True,True,True,0.82,-0.15
C0102605,2026-07-22 11:54:42.899303,MORTGAGE_INQUIRY,537,Inquired about payoff amount and where to send funds. Sounded like they may be refinancing elsewhere.,True,False,True,0.9,-0.14
C0102612,2026-06-19 21:26:36.919784,STATEMENT,330,Question about escrow analysis and property tax increase.,False,False,False,0.0,-0.03
C0102612,2026-06-27 01:03:02.674704,MORTGAGE_INQUIRY,576,Asked about the process to pay off the loan early and whether there are any prepayment penalties.,True,True,True,0.72,0.3
C0102620,2026-06-30 12:42:31.883834,MORTGAGE_INQUIRY,354,Inquired about payoff amount and where to send funds. Sounded like they may be refinancing elsewhere.,True,True,True,0.42,-0.36
C0102620,2026-09-10 12:12:27.287490,MORTGAGE_INQUIRY,746,Asked about the process to pay off the loan early and whether there are any prepayment penalties.,True,False,True,0.67,-0.32
C0102628,2026-06-14 05:32:05.790835,GENERAL,837,Question about escrow analysis and property tax increase.,False,False,False,0.05,0.77
C0102634,2026-06-22 02:06:26.307136,MORTGAGE_INQUIRY,879,Customer asked what our current 30-year rates look like and mentioned they saw 5.47% at Chase.,True,True,False,0.82,-0.68
C0102634,2026-07-28 05:36:29.107328,MORTGAGE_INQUIRY,423,Called about refinancing options — wanted to know break-even on closing costs against a 5.2% offer.,True,False,False,0.77,0.08
C0102635,2026-08-27 09:41:33.786865,PAYMENT,554,Question about escrow analysis and property tax increase.,False,False,False,0.13,0.03
C0102636,2026-06-26 11:23:59.244414,MORTGAGE_INQUIRY,434,Wants to speak to a mortgage specialist about refinancing. Mentioned rate shopping.,True,True,False,0.66,0.02
C0102636,2026-08-16 05:09:48.150548,MORTGAGE_INQUIRY,332,Called about refinancing options — wanted to know break-even on closing costs against a 5.57% offer.,True,False,False,0.8,0.07
C0102638,2026-08-09 10:41:51.062076,MORTGAGE_INQUIRY,356,Inquired about payoff amount and where to send funds. Sounded like they may be refinancing elsewhere.,True,True,True,0.65,0.12
C0102641,2026-07-15 04:52:27.361000,MORTGAGE_INQUIRY,528,Called about refinancing options — wanted to know break-even on closing costs against a 5.55% offer.,True,True,False,0.81,0.08
C0102641,2026-07-30 08:45:47.705336,GENERAL,686,Question about escrow analysis and property tax increase.,False,False,False,0.17,-0.2
C0102644,2026-08-02 13:42:35.844399,MORTGAGE_INQUIRY,210,Customer asked what our current 30-year rates look like and mentioned they saw 5.5% at Rocket.,True,True,False,0.84,-0.12
C0102644,2026-08-28 12:56:17.099652,STATEMENT,538,General question about online banking access.,False,False,False,0.18,-0.37
C0102649,2026-06-29 06:04:04.832357,MORTGAGE_INQUIRY,392,Called about refinancing options — wanted to know break-even on closing costs against a 5.49% offer.,True,False,False,0.7,-0.13
C0102649,2026-07-19 06:52:44.927396,MORTGAGE_INQUIRY,478,Wants to speak to a mortgage specialist about refinancing. Mentioned rate shopping.,True,False,False,0.98,-0.23
C0102651,2026-06-29 02:58:42.281402,PAYMENT,250,Requested a copy of the most recent mortgage statement for tax purposes.,False,False,False,0.29,0.38
C0102659,2026-07-22 06:31:42.159105,GENERAL,888,Confirmed next payment due date.,False,False,False,0.12,0.29
C0102664,2026-06-24 12:01:42.317742,MORTGAGE_INQUIRY,762,Called about refinancing options — wanted to know break-even on closing costs against a 5.19% offer.,True,False,False,0.78,0.28
C0102664,2026-07-07 17:20:07.335701,MORTGAGE_INQUIRY,750,Inquired about payoff amount and where to send funds. Sounded like they may be refinancing elsewhere.,True,False,True,0.53,-0.55
C0102665,2026-07-11 01:50:05.693365,STATEMENT,96,Asked how to set up autopay for the mortgage.,False,False,False,0.28,0.33
C0102665,2026-08-29 08:54:34.031848,MORTGAGE_INQUIRY,636,Inquired about payoff amount and where to send funds. Sounded like they may be refinancing elsewhere.,True,False,True,0.89,-0.43
C0102670,2026-07-28 14:54:38.157424,GENERAL,327,Question about escrow analysis and property tax increase.,False,False,False,0.18,0.42
C0102670,2026-08-03 22:32:53.185770,MORTGAGE_INQUIRY,617,Wants to speak to a mortgage specialist about refinancing. Mentioned rate shopping.,True,True,False,1.0,-0.6
C0102671,2026-07-16 10:36:51.931651,MORTGAGE_INQUIRY,87,Asked about the process to pay off the loan early and whether there are any prepayment penalties.,True,True,True,1.0,0.19
C0102674,2026-06-21 08:18:35.016188,ESCROW,550,Requested a copy of the most recent mortgage statement for tax purposes.,False,False,False,0.01,0.22
C0102674,2026-08-13 03:28:04.823476,ESCROW,657,Requested a copy of the most recent mortgage statement for tax purposes.,False,False,False,0.0,0.03
C0102678,2026-08-22 06:44:44.432164,GENERAL,860,General question about online banking access.,False,False,False,0.19,-0.07
C0102684,2026-06-22 05:58:05.192626,MORTGAGE_INQUIRY,530,Asked about the process to pay off the loan early and whether there are any prepayment penalties.,True,True,True,0.67,0.05
C0102685,2026-08-22 04:32:15.389679,GENERAL,94,General question about online banking access.,False,False,False,0.32,0.2
C0102686,2026-06-19 12:19:26.626475,MORTGAGE_INQUIRY,617,Wants to speak to a mortgage specialist about refinancing. Mentioned rate shopping.,True,True,False,1.0,-0.29
C0102688,2026-07-01 10:13:15.875913,PAYMENT,808,Requested a copy of the most recent mortgage statement for tax purposes.,False,False,False,0.0,0.41
C0102690,2026-08-03 06:46:18.210482,GENERAL,589,Confirmed next payment due date.,False,False,False,0.38,0.51
C0102690,2026-08-05 06:00:43.644886,STATEMENT,618,Asked how to set up autopay for the mortgage.,False,False,False,0.0,0.45
C0102691,2026-07-31 12:21:22.049413,STATEMENT,245,Asked how to set up autopay for the mortgage.,False,False,False,0.2,0.47
C0102691,2026-08-11 00:15:22.011026,MORTGAGE_INQUIRY,859,Inquired about payoff amount and where to send funds. Sounded like they may be refinancing elsewhere.,True,True,True,0.67,-0.68
C0102695,2026-08-22 16:40:23.499564,MORTGAGE_INQUIRY,891,Customer asked what our current 30-year rates look like and mentioned they saw 5.14% at Chase.,True,True,False,0.87,-0.36
C0102701,2026-07-03 18:28:20.260624,ESCROW,376,Asked how to set up autopay for the mortgage.,False,False,False,0.39,0.82
C0102701,2026-07-22 08:41:59.489525,MORTGAGE_INQUIRY,659,Inquired about payoff amount and where to send funds. Sounded like they may be refinancing elsewhere.,True,False,True,0.69,-0.1
C0102702,2026-06-28 06:01:47.367623,STATEMENT,534,General question about online banking access.,False,False,False,0.0,0.01
C0102702,2026-07-06 03:30:20.463567,MORTGAGE_INQUIRY,788,Asked about the process to pay off the loan early and whether there are any prepayment penalties.,True,True,True,0.79,0.54
C0102705,2026-09-04 11:11:41.766120,PAYMENT,99,Asked how to set up autopay for the mortgage.,False,False,False,0.0,-0.05
C0102708,2026-07-06 01:19:49.548446,ESCROW,127,Confirmed next payment due date.,False,False,False,0.03,0.2
C0102708,2026-09-07 16:02:44.708684,ESCROW,859,Question about escrow analysis and property tax increase.,False,False,False,0.3,0.36
C0102717,2026-08-03 22:08:39.047765,ESCROW,252,Requested a copy of the most recent mortgage statement for tax purposes.,False,False,False,0.23,-0.5
C0102717,2026-08-18 02:49:51.112186,ESCROW,465,Question about escrow analysis and property tax increase.,False,False,False,0.24,0.54
C0102718,2026-07-27 20:33:12.722078,MORTGAGE_INQUIRY,478,Called about refinancing options — wanted to know break-even on closing costs against a 5.36% offer.,True,True,False,0.83,-0.44
C0102720,2026-06-14 01:26:26.357642,GENERAL,156,Question about escrow analysis and property tax increase.,False,False,False,0.22,0.52
C0102720,2026-08-29 20:19:50.034772,ESCROW,629,Requested a copy of the most recent mortgage statement for tax purposes.,False,False,False,0.0,0.46
C0102721,2026-07-31 12:49:44.754073,ESCROW,432,Confirmed next payment due date.,False,False,False,0.09,-0.18
C0102721,2026-08-14 04:56:12.360252,MORTGAGE_INQUIRY,429,Wants to speak to a mortgage specialist about refinancing. Mentioned rate shopping.,True,True,False,0.71,-0.37
C0102724,2026-08-26 19:19:14.731974,MORTGAGE_INQUIRY,664,Customer asked what our current 30-year rates look like and mentioned they saw 5.26% at Chase.,True,True,False,0.57,-0.35
C0102727,2026-06-13 12:42:34.281461,PAYMENT,128,Confirmed next payment due date.,False,False,False,0.0,-0.32
C0102728,2026-07-24 02:21:17.055773,PAYMENT,164,Requested a copy of the most recent mortgage statement for tax purposes.,False,False,False,0.01,0.37
C0102729,2026-07-28 16:49:09.016497,MORTGAGE_INQUIRY,553,Called about refinancing options — wanted to know break-even on closing costs against a 5.13% offer.,True,True,False,0.69,-0.37
C0102729,2026-08-31 21:00:19.282015,MORTGAGE_INQUIRY,523,Inquired about payoff amount and where to send funds. Sounded like they may be refinancing elsewhere.,True,False,True,0.68,-0.83
C0102730,2026-08-09 07:52:59.761615,STATEMENT,584,Question about escrow analysis and property tax increase.,False,False,False,0.03,0.33
C0102730,2026-09-08 06:33:02.181171,MORTGAGE_INQUIRY,628,Inquired about payoff amount and where to send funds. Sounded like they may be refinancing elsewhere.,True,True,True,0.71,-0.3
C0102733,2026-06-13 08:38:08.744966,GENERAL,528,Question about escrow analysis and property tax increase.,False,False,False,0.0,0.44
C0102735,2026-06-15 08:05:53.929070,STATEMENT,828,Asked how to set up autopay for the mortgage.,False,False,False,0.0,-0.54
C0102735,2026-07-29 11:08:48.532930,GENERAL,860,Requested a copy of the most recent mortgage statement for tax purposes.,False,False,False,0.32,0.26
C0102738,2026-07-23 07:44:27.623699,GENERAL,491,Requested a copy of the most recent mortgage statement for tax purposes.,False,False,False,0.11,0.16
C0102743,2026-07-21 16:35:40.944933,MORTGAGE_INQUIRY,610,Called about refinancing options — wanted to know break-even on closing costs against a 5.34% offer.,True,True,False,1.0,0.44
C0102743,2026-08-06 03:50:12.892216,ESCROW,575,Confirmed next payment due date.,False,False,False,0.31,0.1
C0102747,2026-08-22 08:27:14.222263,PAYMENT,501,Confirmed next payment due date.,False,False,False,0.1,0.55
C0102752,2026-07-26 00:32:42.935637,GENERAL,653,Confirmed next payment due date.,False,False,False,0.16,-0.09
C0102754,2026-06-13 06:36:14.129449,MORTGAGE_INQUIRY,232,Customer asked what our current 30-year rates look like and mentioned they saw 5.37% at Chase.,True,True,False,0.74,-0.03
C0102754,2026-07-31 09:12:30.253834,ESCROW,664,Confirmed next payment due date.,False,False,False,0.02,0.18
C0102756,2026-07-10 09:22:47.517116,GENERAL,259,Asked how to set up autopay for the mortgage.,False,False,False,0.1,0.09
C0102759,2026-07-22 08:04:04.275905,MORTGAGE_INQUIRY,738,Customer asked what our current 30-year rates look like and mentioned they saw 5.22% at a competitor.,True,True,False,0.7,-0.24
C0102764,2026-08-02 02:13:29.281079,MORTGAGE_INQUIRY,220,Called about refinancing options — wanted to know break-even on closing costs against a 5.48% offer.,True,True,False,1.0,0.11
C0102768,2026-07-24 02:47:18.410444,STATEMENT,280,General question about online banking access.,False,False,False,0.11,0.3
C0102768,2026-07-26 03:39:01.535234,STATEMENT,131,Question about escrow analysis and property tax increase.,False,False,False,0.1,0.23
C0102777,2026-09-05 05:00:08.610408,ESCROW,587,Question about escrow analysis and property tax increase.,False,False,False,0.26,0.01
C0102779,2026-07-17 08:18:39.976208,PAYMENT,563,Question about escrow analysis and property tax increase.,False,False,False,0.29,0.38
C0102779,2026-07-19 15:21:11.317262,MORTGAGE_INQUIRY,79,Asked about the process to pay off the loan early and whether there are any prepayment penalties.,True,True,True,0.74,-0.09
C0102782,2026-09-06 18:58:01.238908,ESCROW,762,Asked how to set up autopay for the mortgage.,False,False,False,0.0,0.43
C0102783,2026-06-17 02:23:15.597488,PAYMENT,134,Requested a copy of the most recent mortgage statement for tax purposes.,False,False,False,0.33,0.37
C0102783,2026-08-01 01:38:02.325673,ESCROW,411,Confirmed next payment due date.,False,False,False,0.12,0.78
C0102784,2026-06-25 09:18:35.675054,ESCROW,347,Question about escrow analysis and property tax increase.,False,False,False,0.46,0.24
C0102784,2026-07-16 03:49:28.994084,MORTGAGE_INQUIRY,866,Asked about the process to pay off the loan early and whether there are any prepayment penalties.,True,True,True,0.88,0.05
C0102785,2026-07-13 10:44:29.469736,ESCROW,523,Requested a copy of the most recent mortgage statement for tax purposes.,False,False,False,0.09,0.06
C0102785,2026-07-20 00:50:33.863959,MORTGAGE_INQUIRY,487,Wants to speak to a mortgage specialist about refinancing. Mentioned rate shopping.,True,True,False,0.65,-0.4
C0102795,2026-07-01 22:44:51.413150,ESCROW,569,General question about online banking access.,False,False,False,0.07,-0.2
C0102801,2026-07-22 23:25:23.405589,MORTGAGE_INQUIRY,409,Called about refinancing options — wanted to know break-even on closing costs against a 5.33% offer.,True,False,False,0.83,-0.34
C0102801,2026-07-25 16:39:41.707691,MORTGAGE_INQUIRY,658,Inquired about payoff amount and where to send funds. Sounded like they may be refinancing elsewhere.,True,True,True,0.97,0.64
C0102805,2026-09-04 23:40:31.978075,ESCROW,732,Requested a copy of the most recent mortgage statement for tax purposes.,False,False,False,0.29,0.43
C0102810,2026-07-29 18:28:28.066218,PAYMENT,215,Asked how to set up autopay for the mortgage.,False,False,False,0.04,0.26
C0102810,2026-08-18 12:59:56.904367,PAYMENT,162,Question about escrow analysis and property tax increase.,False,False,False,0.22,-0.21
C0102813,2026-07-17 07:22:01.233559,MORTGAGE_INQUIRY,402,Wants to speak to a mortgage specialist about refinancing. Mentioned rate shopping.,True,True,False,0.72,-0.1
C0102813,2026-07-27 14:57:07.874248,GENERAL,61,Asked how to set up autopay for the mortgage.,False,False,False,0.31,0.33
C0102816,2026-09-04 23:39:55.978438,MORTGAGE_INQUIRY,483,Customer asked what our current 30-year rates look like and mentioned they saw 5.26% at an online lender.,True,False,False,0.92,-0.13
C0102821,2026-08-24 11:18:54.398453,MORTGAGE_INQUIRY,513,Called about refinancing options — wanted to know break-even on closing costs against a 5.22% offer.,True,True,False,0.91,0.4
C0102822,2026-06-14 05:10:56.032358,GENERAL,894,Confirmed next payment due date.,False,False,False,0.23,0.18
C0102822,2026-07-09 20:39:34.200657,STATEMENT,576,Confirmed next payment due date.,False,False,False,0.44,0.29
C0102823,2026-06-17 06:58:17.240534,ESCROW,467,General question about online banking access.,False,False,False,0.26,0.17
C0102823,2026-07-19 18:18:37.325358,STATEMENT,297,Confirmed next payment due date.,False,False,False,0.13,0.27
C0102824,2026-07-25 21:07:18.280517,ESCROW,282,Question about escrow analysis and property tax increase.,False,False,False,0.04,0.22
C0102826,2026-09-04 05:10:00.495134,MORTGAGE_INQUIRY,141,Wants to speak to a mortgage specialist about refinancing. Mentioned rate shopping.,True,True,False,0.96,0.35
C0102830,2026-06-28 23:09:38.354165,MORTGAGE_INQUIRY,737,Asked about the process to pay off the loan early and whether there are any prepayment penalties.,True,True,True,0.47,-0.22
C0102830,2026-08-21 00:13:49.778839,PAYMENT,592,Requested a copy of the most recent mortgage statement for tax purposes.,False,False,False,0.18,0.48
C0102838,2026-06-21 13:04:31.156201,MORTGAGE_INQUIRY,269,Asked about the process to pay off the loan early and whether there are any prepayment penalties.,True,True,True,0.75,-0.01
C0102842,2026-08-21 18:47:04.036465,MORTGAGE_INQUIRY,86,Called about refinancing options — wanted to know break-even on closing costs against a 5.58% offer.,True,True,False,0.81,-0.07
C0102842,2026-09-02 10:27:55.799717,MORTGAGE_INQUIRY,700,Asked about the process to pay off the loan early and whether there are any prepayment penalties.,True,True,True,0.61,0.07
C0102844,2026-06-22 07:32:46.467261,MORTGAGE_INQUIRY,87,Customer asked what our current 30-year rates look like and mentioned they saw 5.19% at Rocket.,True,True,False,0.64,0.08
C0102844,2026-08-27 14:34:10.894349,MORTGAGE_INQUIRY,827,Inquired about payoff amount and where to send funds. Sounded like they may be refinancing elsewhere.,True,True,True,1.0,0.18
C0102846,2026-07-30 09:48:54.543512,PAYMENT,435,Asked how to set up autopay for the mortgage.,False,False,False,0.0,-0.16
C0102847,2026-09-05 19:25:38.278074,MORTGAGE_INQUIRY,847,Customer asked what our current 30-year rates look like and mentioned they saw 5.43% at a competitor.,True,True,False,0.77,-0.11
C0102849,2026-06-30 09:28:14.646977,MORTGAGE_INQUIRY,659,Called about refinancing options — wanted to know break-even on closing costs against a 5.47% offer.,True,False,False,0.63,-0.11
C0102849,2026-08-06 12:39:25.132935,ESCROW,661,Requested a copy of the most recent mortgage statement for tax purposes.,False,False,False,0.0,-0.22
C0102852,2026-08-13 00:46:36.205607,MORTGAGE_INQUIRY,828,Wants to speak to a mortgage specialist about refinancing. Mentioned rate shopping.,True,False,False,0.67,0.08
C0102852,2026-09-07 20:43:19.977548,MORTGAGE_INQUIRY,737,Inquired about payoff amount and where to send funds. Sounded like they may be refinancing elsewhere.,True,False,True,0.56,0.63
C0102853,2026-09-04 22:01:03.032045,MORTGAGE_INQUIRY,272,Inquired about payoff amount and where to send funds. Sounded like they may be refinancing elsewhere.,True,False,True,0.96,-0.02
C0102856,2026-07-14 06:00:22.276833,MORTGAGE_INQUIRY,655,Inquired about payoff amount and where to send funds. Sounded like they may be refinancing elsewhere.,True,True,True,0.57,-0.36
C0102858,2026-06-27 07:25:37.152894,PAYMENT,773,Asked how to set up autopay for the mortgage.,False,False,False,0.2,0.34
C0102858,2026-08-04 21:51:19.281830,PAYMENT,854,General question about online banking access.,False,False,False,0.04,-0.18
C0102862,2026-07-29 23:33:13.423985,ESCROW,836,Asked how to set up autopay for the mortgage.,False,False,False,0.0,0.02
C0102875,2026-06-13 03:18:08.170119,MORTGAGE_INQUIRY,550,Inquired about payoff amount and where to send funds. Sounded like they may be refinancing elsewhere.,True,True,True,0.7,-0.39
C0102878,2026-07-14 18:47:13.955771,GENERAL,198,Asked how to set up autopay for the mortgage.,False,False,False,0.02,0.28
C0102878,2026-07-18 23:01:09.625178,STATEMENT,124,Question about escrow analysis and property tax increase.,False,False,False,0.31,0.51
C0102880,2026-07-08 11:02:04.042345,ESCROW,333,Requested a copy of the most recent mortgage statement for tax purposes.,False,False,False,0.0,0.15
C0102880,2026-08-16 11:14:58.525200,GENERAL,638,General question about online banking access.,False,False,False,0.11,0.15
C0102881,2026-06-17 16:48:41.196373,GENERAL,309,Requested a copy of the most recent mortgage statement for tax purposes.,False,False,False,0.16,0.43
C0102881,2026-07-15 14:28:34.460878,PAYMENT,442,Asked how to set up autopay for the mortgage.,False,False,False,0.17,0.04
C0102884,2026-06-14 17:26:47.433271,PAYMENT,518,Confirmed next payment due date.,False,False,False,0.22,-0.0
C0102884,2026-08-18 14:54:33.532001,ESCROW,869,Asked how to set up autopay for the mortgage.,False,False,False,0.17,0.54
C0102885,2026-06-28 12:00:40.208117,MORTGAGE_INQUIRY,284,Inquired about payoff amount and where to send funds. Sounded like they may be refinancing elsewhere.,True,False,True,0.87,-0.01
C0102885,2026-08-31 22:10:59.384546,MORTGAGE_INQUIRY,202,Wants to speak to a mortgage specialist about refinancing. Mentioned rate shopping.,True,True,False,0.92,-0.21
C0102889,2026-06-19 10:25:52.702355,GENERAL,820,Asked how to set up autopay for the mortgage.,False,False,False,0.35,0.36
C0102889,2026-08-28 13:47:21.680465,GENERAL,205,General question about online banking access.,False,False,False,0.11,0.18
C0102891,2026-07-08 19:46:53.145024,MORTGAGE_INQUIRY,683,Inquired about payoff amount and where to send funds. Sounded like they may be refinancing elsewhere.,True,True,True,0.55,-0.03
C0102893,2026-09-02 16:16:16.037764,MORTGAGE_INQUIRY,333,Called about refinancing options — wanted to know break-even on closing costs against a 5.21% offer.,True,False,False,0.76,0.37
C0102896,2026-09-06 04:10:23.400605,PAYMENT,520,Requested a copy of the most recent mortgage statement for tax purposes.,False,False,False,0.2,0.03
C0102900,2026-07-12 21:36:34.092905,STATEMENT,762,General question about online banking access.,False,False,False,0.28,0.6
C0102901,2026-07-09 06:02:57.066879,MORTGAGE_INQUIRY,652,Inquired about payoff amount and where to send funds. Sounded like they may be refinancing elsewhere.,True,False,True,0.9,-0.02
C0102901,2026-08-01 07:34:34.004256,ESCROW,315,Question about escrow analysis and property tax increase.,False,False,False,0.02,0.64
C0102903,2026-08-16 01:50:55.518006,GENERAL,176,Asked how to set up autopay for the mortgage.,False,False,False,0.38,0.11
C0102905,2026-07-04 03:45:52.740660,STATEMENT,472,Requested a copy of the most recent mortgage statement for tax purposes.,False,False,False,0.08,0.52
C0102908,2026-07-27 08:10:00.486863,STATEMENT,388,Question about escrow analysis and property tax increase.,False,False,False,0.1,-0.15
C0102908,2026-08-22 01:22:54.761115,ESCROW,584,General question about online banking access.,False,False,False,0.06,0.35
C0102912,2026-06-26 14:41:08.143217,PAYMENT,771,Asked how to set up autopay for the mortgage.,False,False,False,0.37,-0.47
C0102912,2026-09-09 07:27:16.689257,ESCROW,85,Question about escrow analysis and property tax increase.,False,False,False,0.24,0.38
C0102917,2026-08-11 05:16:51.261865,MORTGAGE_INQUIRY,274,Called about refinancing options — wanted to know break-even on closing costs against a 5.38% offer.,True,True,False,0.71,-0.34
C0102917,2026-08-30 21:25:13.199739,MORTGAGE_INQUIRY,574,Wants to speak to a mortgage specialist about refinancing. Mentioned rate shopping.,True,True,False,0.69,-0.3
C0102918,2026-06-28 08:47:30.536880,PAYMENT,473,Requested a copy of the most recent mortgage statement for tax purposes.,False,False,False,0.15,0.34
C0102918,2026-07-31 07:43:49.729325,STATEMENT,646,Asked how to set up autopay for the mortgage.,False,False,False,0.18,0.4
C0102920,2026-09-07 08:15:01.629209,STATEMENT,779,Requested a copy of the most recent mortgage statement for tax purposes.,False,False,False,0.12,-0.01
C0102922,2026-06-17 20:27:42.150658,GENERAL,213,Asked how to set up autopay for the mortgage.,False,False,False,0.14,0.5
C0102922,2026-08-20 14:13:56.694950,STATEMENT,802,Question about escrow analysis and property tax increase.,False,False,False,0.3,-0.39
C0102924,2026-08-05 15:37:01.287601,ESCROW,531,General question about online banking access.,False,False,False,0.17,-0.05
C0102924,2026-09-04 10:45:47.092139,MORTGAGE_INQUIRY,581,Called about refinancing options — wanted to know break-even on closing costs against a 5.47% offer.,True,True,False,0.86,-0.13
C0102925,2026-07-20 15:41:01.413151,PAYMENT,661,Requested a copy of the most recent mortgage statement for tax purposes.,False,False,False,0.33,0.51
C0102927,2026-07-29 00:10:43.242508,STATEMENT,819,General question about online banking access.,False,False,False,0.1,0.25
C0102927,2026-08-04 06:24:48.385215,GENERAL,752,General question about online banking access.,False,False,False,0.33,0.29
C0102933,2026-08-09 01:47:30.316310,GENERAL,334,Requested a copy of the most recent mortgage statement for tax purposes.,False,False,False,0.07,0.74
C0102933,2026-08-26 00:18:26.350916,ESCROW,172,Confirmed next payment due date.,False,False,False,0.29,0.37
C0102940,2026-07-04 14:31:23.390027,PAYMENT,344,Question about escrow analysis and property tax increase.,False,False,False,0.0,0.17
C0102941,2026-06-28 19:48:57.047154,ESCROW,540,Asked how to set up autopay for the mortgage.,False,False,False,0.21,-0.12
C0102943,2026-08-15 03:13:30.647128,MORTGAGE_INQUIRY,856,Customer asked what our current 30-year rates look like and mentioned they saw 5.39% at Chase.,True,True,False,0.82,-0.4
C0102944,2026-08-09 18:50:14.611292,PAYMENT,376,Confirmed next payment due date.,False,False,False,0.27,0.24
C0102944,2026-08-11 15:50:59.883897,MORTGAGE_INQUIRY,784,Customer asked what our current 30-year rates look like and mentioned they saw 5.27% at an online lender.,True,True,False,0.62,-0.4
C0102945,2026-08-02 11:10:27.394175,PAYMENT,550,Requested a copy of the most recent mortgage statement for tax purposes.,False,False,False,0.25,0.44
C0102945,2026-08-06 19:10:58.077982,PAYMENT,71,Confirmed next payment due date.,False,False,False,0.0,0.11
C0102948,2026-06-16 07:37:59.336574,MORTGAGE_INQUIRY,890,Wants to speak to a mortgage specialist about refinancing. Mentioned rate shopping.,True,True,False,0.77,-0.76
C0102953,2026-06-27 16:48:34.986037,ESCROW,712,General question about online banking access.,False,False,False,0.07,0.23
C0102953,2026-07-26 17:39:36.505249,GENERAL,248,Asked how to set up autopay for the mortgage.,False,False,False,0.0,-0.1
C0102955,2026-08-29 21:58:46.598763,GENERAL,881,General question about online banking access.,False,False,False,0.12,0.35
C0102957,2026-06-22 08:27:30.433699,STATEMENT,463,General question about online banking access.,False,False,False,0.26,-0.03
C0102958,2026-06-19 02:22:48.117390,PAYMENT,165,Confirmed next payment due date.,False,False,False,0.27,0.32
C0102958,2026-09-07 04:37:21.156525,PAYMENT,693,Question about escrow analysis and property tax increase.,False,False,False,0.24,0.1
C0102959,2026-08-04 04:11:10.231736,PAYMENT,195,Requested a copy of the most recent mortgage statement for tax purposes.,False,False,False,0.19,0.38
C0102959,2026-09-09 05:00:48.719328,PAYMENT,415,Confirmed next payment due date.,False,False,False,0.28,-0.06
C0102962,2026-07-07 00:41:39.008368,MORTGAGE_INQUIRY,856,Called about refinancing options — wanted to know break-even on closing costs against a 5.24% offer.,True,True,False,0.86,0.14
C0102962,2026-09-09 20:24:46.191761,MORTGAGE_INQUIRY,823,Inquired about payoff amount and where to send funds. Sounded like they may be refinancing elsewhere.,True,False,True,0.71,0.23
C0102967,2026-07-02 08:37:51.345952,MORTGAGE_INQUIRY,636,Customer asked what our current 30-year rates look like and mentioned they saw 5.34% at an online lender.,True,True,False,0.65,-0.37
C0102968,2026-06-16 20:32:00.108761,STATEMENT,730,General question about online banking access.,False,False,False,0.15,0.44
C0102968,2026-07-01 03:57:17.248620,PAYMENT,86,Requested a copy of the most recent mortgage statement for tax purposes.,False,False,False,0.07,0.21
C0102972,2026-08-02 21:45:28.601849,MORTGAGE_INQUIRY,671,Asked about the process to pay off the loan early and whether there are any prepayment penalties.,True,True,True,0.74,-0.44
C0102975,2026-08-12 12:43:24.907612,MORTGAGE_INQUIRY,633,Called about refinancing options — wanted to know break-even on closing costs against a 5.54% offer.,True,True,False,0.86,0.08
C0102977,2026-08-14 08:09:39.847575,GENERAL,644,Question about escrow analysis and property tax increase.,False,False,False,0.0,0.06
C0102978,2026-08-07 06:05:30.241659,STATEMENT,506,Requested a copy of the most recent mortgage statement for tax purposes.,False,False,False,0.54,0.43
C0102982,2026-07-15 14:04:22.704151,STATEMENT,605,General question about online banking access.,False,False,False,0.19,0.23
C0102982,2026-08-07 19:43:56.718971,PAYMENT,696,Question about escrow analysis and property tax increase.,False,False,False,0.41,0.09
C0102984,2026-09-10 07:09:04.893251,STATEMENT,438,General question about online banking access.,False,False,False,0.19,0.11
C0102986,2026-07-29 11:40:21.927749,ESCROW,338,Requested a copy of the most recent mortgage statement for tax purposes.,False,False,False,0.01,0.45
C0102988,2026-07-28 07:13:34.112724,MORTGAGE_INQUIRY,259,Asked about the process to pay off the loan early and whether there are any prepayment penalties.,True,True,True,0.53,0.2
C0102988,2026-08-24 09:45:06.676850,MORTGAGE_INQUIRY,146,Wants to speak to a mortgage specialist about refinancing. Mentioned rate shopping.,True,True,False,0.88,-0.44
C0102991,2026-08-19 08:19:17.192757,GENERAL,486,Question about escrow analysis and property tax increase.,False,False,False,0.0,-0.34
C0102991,2026-08-25 20:19:26.254472,STATEMENT,569,Asked how to set up autopay for the mortgage.,False,False,False,0.03,0.29
C0102996,2026-08-01 10:30:53.898832,MORTGAGE_INQUIRY,728,Called about refinancing options — wanted to know break-even on closing costs against a 5.5% offer.,True,True,False,0.83,0.02
C0102996,2026-08-12 14:41:27.011538,MORTGAGE_INQUIRY,136,Customer asked what our current 30-year rates look like and mentioned they saw 5.49% at Chase.,True,True,False,0.53,-0.18
C0103004,2026-06-23 03:40:02.957687,MORTGAGE_INQUIRY,737,Customer asked what our current 30-year rates look like and mentioned they saw 5.2% at Rocket.,True,True,False,0.75,0.01
C0103005,2026-06-21 17:48:09.731703,ESCROW,858,Question about escrow analysis and property tax increase.,False,False,False,0.34,0.02
C0103005,2026-08-04 00:16:45.478390,MORTGAGE_INQUIRY,303,Asked about the process to pay off the loan early and whether there are any prepayment penalties.,True,False,True,0.4,-0.47
C0103011,2026-07-12 02:30:24.730993,STATEMENT,354,Requested a copy of the most recent mortgage statement for tax purposes.,False,False,False,0.17,0.0
C0103013,2026-09-04 21:18:35.768824,MORTGAGE_INQUIRY,278,Customer asked what our current 30-year rates look like and mentioned they saw 5.39% at Rocket.,True,True,False,0.59,0.01
C0103013,2026-09-06 09:29:02.160246,MORTGAGE_INQUIRY,801,Customer asked what our current 30-year rates look like and mentioned they saw 5.13% at a competitor.,True,True,False,0.76,-0.43
C0103014,2026-08-01 02:55:04.371703,STATEMENT,702,Asked how to set up autopay for the mortgage.,False,False,False,0.21,0.4
C0103014,2026-08-25 05:16:36.354310,MORTGAGE_INQUIRY,158,Called about refinancing options — wanted to know break-even on closing costs against a 5.57% offer.,True,True,False,0.74,-0.32
C0103024,2026-07-10 23:09:42.152709,PAYMENT,565,General question about online banking access.,False,False,False,0.0,0.18
C0103033,2026-07-04 03:38:23.933641,MORTGAGE_INQUIRY,893,Wants to speak to a mortgage specialist about refinancing. Mentioned rate shopping.,True,True,False,0.46,-0.3
C0103033,2026-07-22 02:25:28.258799,MORTGAGE_INQUIRY,609,Inquired about payoff amount and where to send funds. Sounded like they may be refinancing elsewhere.,True,False,True,0.85,0.01
C0103035,2026-08-09 02:02:42.119786,STATEMENT,64,Asked how to set up autopay for the mortgage.,False,False,False,0.15,0.69
C0103040,2026-08-15 17:02:30.379470,STATEMENT,435,Requested a copy of the most recent mortgage statement for tax purposes.,False,False,False,0.0,0.29
C0103041,2026-07-31 03:14:35.900778,MORTGAGE_INQUIRY,451,Inquired about payoff amount and where to send funds. Sounded like they may be refinancing elsewhere.,True,True,True,0.52,-0.36
C0103042,2026-08-10 23:37:09.016633,PAYMENT,152,Confirmed next payment due date.,False,False,False,0.33,0.31
C0103050,2026-06-18 14:40:50.454614,STATEMENT,685,General question about online banking access.,False,False,False,0.32,0.07
C0103050,2026-07-18 17:50:55.713981,MORTGAGE_INQUIRY,150,Customer asked what our current 30-year rates look like and mentioned they saw 5.13% at an online lender.,True,True,False,0.68,-0.09
C0103052,2026-07-23 08:39:00.385578,ESCROW,708,General question about online banking access.,False,False,False,0.0,0.25
C0103053,2026-07-13 09:11:47.119912,MORTGAGE_INQUIRY,355,Called about refinancing options — wanted to know break-even on closing costs against a 5.53% offer.,True,True,False,0.66,0.03
C0103053,2026-07-22 02:22:10.739118,MORTGAGE_INQUIRY,764,Asked about the process to pay off the loan early and whether there are any prepayment penalties.,True,False,True,0.77,-0.18
C0103054,2026-07-28 17:50:13.490292,ESCROW,264,Requested a copy of the most recent mortgage statement for tax purposes.,False,False,False,0.29,0.39
C0103054,2026-08-09 14:37:43.887864,MORTGAGE_INQUIRY,399,Called about refinancing options — wanted to know break-even on closing costs against a 5.39% offer.,True,False,False,0.66,0.08
C0103056,2026-09-08 08:07:57.178848,MORTGAGE_INQUIRY,373,Called about refinancing options — wanted to know break-even on closing costs against a 5.34% offer.,True,True,False,0.65,0.15
C0103057,2026-06-22 21:36:10.434047,GENERAL,773,Question about escrow analysis and property tax increase.,False,False,False,0.0,1.0
C0103057,2026-09-06 11:46:26.291762,MORTGAGE_INQUIRY,100,Inquired about payoff amount and where to send funds. Sounded like they may be refinancing elsewhere.,True,True,True,0.84,-0.35
C0103060,2026-07-20 00:23:38.576533,MORTGAGE_INQUIRY,588,Called about refinancing options — wanted to know break-even on closing costs against a 5.55% offer.,True,False,False,0.36,-0.01
C0103069,2026-06-22 14:00:56.076827,PAYMENT,571,General question about online banking access.,False,False,False,0.18,-0.1
C0103069,2026-08-23 06:32:41.823120,MORTGAGE_INQUIRY,119,Inquired about payoff amount and where to send funds. Sounded like they may be refinancing elsewhere.,True,True,True,0.71,0.25
C0103071,2026-07-09 08:16:29.380497,PAYMENT,353,Asked how to set up autopay for the mortgage.,False,False,False,0.22,0.38
C0103074,2026-06-23 04:05:20.179638,GENERAL,821,Requested a copy of the most recent mortgage statement for tax purposes.,False,False,False,0.03,-0.15
C0103076,2026-07-10 08:53:14.979667,ESCROW,102,Asked how to set up autopay for the mortgage.,False,False,False,0.2,-0.25
C0103076,2026-07-23 13:24:21.131120,MORTGAGE_INQUIRY,136,Wants to speak to a mortgage specialist about refinancing. Mentioned rate shopping.,True,True,False,0.81,0.33
C0103079,2026-06-24 19:18:04.886617,STATEMENT,365,Confirmed next payment due date.,False,False,False,0.21,0.26
C0103079,2026-08-18 11:16:00.608287,PAYMENT,526,General question about online banking access.,False,False,False,0.09,0.64
C0103081,2026-07-13 17:03:42.393159,ESCROW,308,Confirmed next payment due date.,False,False,False,0.01,-0.05
C0103085,2026-06-18 13:08:10.910115,MORTGAGE_INQUIRY,739,Customer asked what our current 30-year rates look like and mentioned they saw 5.41% at an online lender.,True,True,False,0.81,0.22
C0103085,2026-07-12 20:16:08.212419,MORTGAGE_INQUIRY,333,Asked about the process to pay off the loan early and whether there are any prepayment penalties.,True,False,True,0.88,-0.04
C0103086,2026-06-19 20:02:19.971467,GENERAL,534,Question about escrow analysis and property tax increase.,False,False,False,0.43,0.36
C0103086,2026-06-30 07:32:39.385633,MORTGAGE_INQUIRY,607,Called about refinancing options — wanted to know break-even on closing costs against a 5.31% offer.,True,True,False,0.97,0.02
C0103089,2026-06-25 08:00:00.483783,MORTGAGE_INQUIRY,750,Called about refinancing options — wanted to know break-even on closing costs against a 5.43% offer.,True,True,False,0.96,-0.84
C0103089,2026-08-28 11:35:20.442770,ESCROW,431,Asked how to set up autopay for the mortgage.,False,False,False,0.3,0.09
C0103092,2026-06-18 08:43:12.531145,ESCROW,378,Confirmed next payment due date.,False,False,False,0.25,-0.37
C0103092,2026-07-30 15:57:53.109864,ESCROW,129,Asked how to set up autopay for the mortgage.,False,False,False,0.18,0.37
C0103093,2026-08-22 02:00:41.461319,STATEMENT,743,Requested a copy of the most recent mortgage statement for tax purposes.,False,False,False,0.02,-0.1
C0103095,2026-08-14 07:52:39.357691,MORTGAGE_INQUIRY,719,Wants to speak to a mortgage specialist about refinancing. Mentioned rate shopping.,True,True,False,0.77,-0.08
C0103100,2026-07-07 09:51:23.065780,MORTGAGE_INQUIRY,541,Wants to speak to a mortgage specialist about refinancing. Mentioned rate shopping.,True,True,False,0.66,-0.18
C0103100,2026-08-20 12:13:16.900612,ESCROW,721,General question about online banking access.,False,False,False,0.0,0.37
C0103103,2026-08-07 09:50:06.531451,MORTGAGE_INQUIRY,274,Customer asked what our current 30-year rates look like and mentioned they saw 5.13% at Chase.,True,True,False,0.75,-0.05
C0103103,2026-08-10 11:15:24.126558,MORTGAGE_INQUIRY,462,Inquired about payoff amount and where to send funds. Sounded like they may be refinancing elsewhere.,True,True,True,0.91,-0.51
C0103106,2026-07-24 16:01:19.705100,PAYMENT,778,Asked how to set up autopay for the mortgage.,False,False,False,0.41,-0.1
C0103113,2026-08-08 15:39:34.426990,GENERAL,501,Confirmed next payment due date.,False,False,False,0.0,0.22
C0103120,2026-07-19 20:46:22.044063,MORTGAGE_INQUIRY,684,Wants to speak to a mortgage specialist about refinancing. Mentioned rate shopping.,True,False,False,0.41,-0.34
C0103120,2026-08-17 23:31:39.824145,MORTGAGE_INQUIRY,139,Inquired about payoff amount and where to send funds. Sounded like they may be refinancing elsewhere.,True,False,True,0.75,0.05
C0103122,2026-06-25 22:02:21.937350,PAYMENT,371,Question about escrow analysis and property tax increase.,False,False,False,0.26,0.12
C0103125,2026-08-11 02:46:36.873141,GENERAL,696,Asked how to set up autopay for the mortgage.,False,False,False,0.45,0.27
C0103125,2026-08-26 13:01:25.707928,GENERAL,696,General question about online banking access.,False,False,False,0.0,-0.2
C0103128,2026-09-08 05:50:16.438100,MORTGAGE_INQUIRY,399,Customer asked what our current 30-year rates look like and mentioned they saw 5.46% at Rocket.,True,True,False,0.6,-0.01
C0103130,2026-06-22 13:41:45.590191,MORTGAGE_INQUIRY,744,Called about refinancing options — wanted to know break-even on closing costs against a 5.22% offer.,True,True,False,0.68,-0.02
C0103131,2026-08-12 01:07:49.326581,MORTGAGE_INQUIRY,746,Wants to speak to a mortgage specialist about refinancing. Mentioned rate shopping.,True,False,False,1.0,-0.24
C0103131,2026-09-09 14:45:11.623212,MORTGAGE_INQUIRY,346,Asked about the process to pay off the loan early and whether there are any prepayment penalties.,True,False,True,0.81,-0.16
C0103133,2026-07-18 23:54:22.222326,PAYMENT,198,Confirmed next payment due date.,False,False,False,0.24,0.16
C0103140,2026-08-16 14:34:04.242354,MORTGAGE_INQUIRY,684,Called about refinancing options — wanted to know break-even on closing costs against a 5.23% offer.,True,True,False,0.78,-0.07
C0103140,2026-08-29 17:20:06.469164,MORTGAGE_INQUIRY,386,Called about refinancing options — wanted to know break-even on closing costs against a 5.29% offer.,True,True,False,0.69,-0.29
C0103141,2026-08-25 08:15:52.445043,STATEMENT,239,General question about online banking access.,False,False,False,0.13,0.42
C0103141,2026-09-01 16:50:12.173923,MORTGAGE_INQUIRY,814,Asked about the process to pay off the loan early and whether there are any prepayment penalties.,True,True,True,0.65,-0.61
C0103143,2026-07-13 15:54:43.399597,GENERAL,442,Asked how to set up autopay for the mortgage.,False,False,False,0.46,0.64
C0103147,2026-08-11 01:22:19.219788,PAYMENT,150,Confirmed next payment due date.,False,False,False,0.0,0.06
C0103147,2026-08-28 11:28:28.762206,ESCROW,609,General question about online banking access.,False,False,False,0.12,-0.06
C0103151,2026-08-15 07:51:14.414627,PAYMENT,891,Confirmed next payment due date.,False,False,False,0.0,-0.14
C0103155,2026-06-22 01:56:11.762607,PAYMENT,831,Requested a copy of the most recent mortgage statement for tax purposes.,False,False,False,0.27,0.16
C0103160,2026-06-17 09:19:43.405848,GENERAL,808,Requested a copy of the most recent mortgage statement for tax purposes.,False,False,False,0.0,0.57
C0103160,2026-07-23 10:43:14.825279,MORTGAGE_INQUIRY,699,Inquired about payoff amount and where to send funds. Sounded like they may be refinancing elsewhere.,True,True,True,0.9,0.15
C0103161,2026-07-15 20:47:01.802846,MORTGAGE_INQUIRY,705,Customer asked what our current 30-year rates look like and mentioned they saw 5.2% at an online lender.,True,False,False,0.72,-0.13
C0103161,2026-08-22 22:32:08.735606,ESCROW,532,Asked how to set up autopay for the mortgage.,False,False,False,0.3,0.41
C0103163,2026-06-18 04:18:06.336228,MORTGAGE_INQUIRY,367,Called about refinancing options — wanted to know break-even on closing costs against a 5.2% offer.,True,True,False,0.56,-0.1
C0103164,2026-07-09 03:54:44.158007,MORTGAGE_INQUIRY,117,Called about refinancing options — wanted to know break-even on closing costs against a 5.1% offer.,True,True,False,0.81,-0.24
C0103166,2026-07-15 04:11:36.246237,MORTGAGE_INQUIRY,92,Inquired about payoff amount and where to send funds. Sounded like they may be refinancing elsewhere.,True,True,True,0.79,0.66
C0103166,2026-09-03 15:13:31.809101,STATEMENT,350,Question about escrow analysis and property tax increase.,False,False,False,0.0,-0.3
C0103167,2026-06-27 03:41:08.680189,MORTGAGE_INQUIRY,194,Customer asked what our current 30-year rates look like and mentioned they saw 5.57% at a competitor.,True,True,False,0.6,-0.28
C0103167,2026-07-22 12:22:26.206756,PAYMENT,107,Asked how to set up autopay for the mortgage.,False,False,False,0.12,-0.1
C0103171,2026-06-16 23:27:01.403300,STATEMENT,700,Requested a copy of the most recent mortgage statement for tax purposes.,False,False,False,0.23,0.52
C0103171,2026-07-01 05:08:25.103190,STATEMENT,521,Asked how to set up autopay for the mortgage.,False,False,False,0.21,0.44
C0103176,2026-07-28 23:22:46.058366,STATEMENT,121,Question about escrow analysis and property tax increase.,False,False,False,0.19,0.41
C0103176,2026-08-19 12:38:33.042725,MORTGAGE_INQUIRY,714,Asked about the process to pay off the loan early and whether there are any prepayment penalties.,True,True,True,0.7,0.14
C0103183,2026-07-06 02:01:32.875702,ESCROW,64,Asked how to set up autopay for the mortgage.,False,False,False,0.03,0.16
C0103183,2026-08-29 19:39:57.933100,ESCROW,183,General question about online banking access.,False,False,False,0.21,0.05
C0103184,2026-09-08 14:31:27.289520,GENERAL,582,Asked how to set up autopay for the mortgage.,False,False,False,0.19,0.38
C0103188,2026-09-07 23:52:12.055367,PAYMENT,320,Asked how to set up autopay for the mortgage.,False,False,False,0.01,-0.11
C0103189,2026-07-06 02:44:19.530139,MORTGAGE_INQUIRY,212,Inquired about payoff amount and where to send funds. Sounded like they may be refinancing elsewhere.,True,True,True,0.62,-0.27
C0103189,2026-07-12 02:15:27.972847,ESCROW,76,General question about online banking access.,False,False,False,0.08,0.05
C0103191,2026-07-26 12:15:55.322211,MORTGAGE_INQUIRY,451,Inquired about payoff amount and where to send funds. Sounded like they may be refinancing elsewhere.,True,True,True,0.83,0.06
C0103191,2026-08-08 05:50:13.832240,MORTGAGE_INQUIRY,531,Inquired about payoff amount and where to send funds. Sounded like they may be refinancing elsewhere.,True,True,True,0.43,-0.14
C0103192,2026-06-14 08:07:35.689572,MORTGAGE_INQUIRY,581,Inquired about payoff amount and where to send funds. Sounded like they may be refinancing elsewhere.,True,False,True,0.59,-0.25
C0103194,2026-08-16 10:17:44.377426,MORTGAGE_INQUIRY,121,Customer asked what our current 30-year rates look like and mentioned they saw 5.24% at Chase.,True,True,False,0.7,0.1
C0103194,2026-08-19 01:33:13.237333,MORTGAGE_INQUIRY,608,Asked about the process to pay off the loan early and whether there are any prepayment penalties.,True,True,True,0.7,-0.51
C0103195,2026-06-30 08:07:06.785616,GENERAL,664,Confirmed next payment due date.,False,False,False,0.27,0.36
C0103196,2026-07-07 18:58:40.909002,ESCROW,313,Asked how to set up autopay for the mortgage.,False,False,False,0.12,-0.14
C0103198,2026-07-18 06:21:49.439365,MORTGAGE_INQUIRY,204,Inquired about payoff amount and where to send funds. Sounded like they may be refinancing elsewhere.,True,True,True,0.5,0.25
C0103198,2026-09-06 11:28:49.089416,ESCROW,353,Confirmed next payment due date.,False,False,False,0.36,0.39
C0103200,2026-06-29 09:30:12.491525,GENERAL,762,Asked how to set up autopay for the mortgage.,False,False,False,0.12,0.28
C0103200,2026-07-14 18:22:01.976431,STATEMENT,780,General question about online banking access.,False,False,False,0.0,0.31
C0103204,2026-07-24 05:56:36.500151,MORTGAGE_INQUIRY,468,Asked about the process to pay off the loan early and whether there are any prepayment penalties.,True,True,True,1.0,0.25
C0103207,2026-07-08 01:06:02.634338,MORTGAGE_INQUIRY,310,Wants to speak to a mortgage specialist about refinancing. Mentioned rate shopping.,True,True,False,0.71,0.52
C0103208,2026-08-11 21:30:36.803886,ESCROW,891,Requested a copy of the most recent mortgage statement for tax purposes.,False,False,False,0.18,0.85
C0103209,2026-06-13 15:32:41.616057,STATEMENT,92,Confirmed next payment due date.,False,False,False,0.07,0.27
C0103209,2026-08-26 23:44:39.394211,MORTGAGE_INQUIRY,240,Customer asked what our current 30-year rates look like and mentioned they saw 5.52% at a competitor.,True,False,False,0.63,-0.18
C0103214,2026-07-08 07:54:15.723114,STATEMENT,183,Confirmed next payment due date.,False,False,False,0.01,-0.02
C0103232,2026-08-08 11:42:18.650236,MORTGAGE_INQUIRY,528,Called about refinancing options — wanted to know break-even on closing costs against a 5.23% offer.,True,False,False,0.57,0.11
C0103234,2026-06-16 04:35:02.885575,ESCROW,62,General question about online banking access.,False,False,False,0.26,0.09
C0103237,2026-07-13 02:45:36.310476,ESCROW,369,General question about online banking access.,False,False,False,0.26,0.6
C0103237,2026-09-05 00:40:31.164058,GENERAL,449,Asked how to set up autopay for the mortgage.,False,False,False,0.36,0.23
C0103238,2026-07-17 12:52:22.450347,PAYMENT,438,Confirmed next payment due date.,False,False,False,0.41,0.12
C0103239,2026-08-30 15:18:05.546042,MORTGAGE_INQUIRY,788,Inquired about payoff amount and where to send funds. Sounded like they may be refinancing elsewhere.,True,True,True,0.52,-0.09
C0103239,2026-09-01 01:46:41.614840,MORTGAGE_INQUIRY,681,Inquired about payoff amount and where to send funds. Sounded like they may be refinancing elsewhere.,True,False,True,1.0,0.33
C0103240,2026-06-19 22:27:29.057143,STATEMENT,774,Confirmed next payment due date.,False,False,False,0.06,-0.14
C0103248,2026-07-20 15:55:35.566240,GENERAL,748,Confirmed next payment due date.,False,False,False,0.34,0.07
C0103250,2026-07-19 05:25:06.747461,GENERAL,91,General question about online banking access.,False,False,False,0.14,0.56
C0103254,2026-06-21 17:41:05.474439,STATEMENT,848,Requested a copy of the most recent mortgage statement for tax purposes.,False,False,False,0.29,0.23
C0103254,2026-06-25 08:30:52.908178,GENERAL,383,Asked how to set up autopay for the mortgage.,False,False,False,0.0,0.45
C0103258,2026-07-17 07:58:30.424679,MORTGAGE_INQUIRY,618,Wants to speak to a mortgage specialist about refinancing. Mentioned rate shopping.,True,True,False,0.56,0.16
C0103262,2026-06-26 19:50:25.727154,MORTGAGE_INQUIRY,699,Inquired about payoff amount and where to send funds. Sounded like they may be refinancing elsewhere.,True,True,True,0.81,0.3
C0103262,2026-07-08 13:56:08.178115,ESCROW,417,Asked how to set up autopay for the mortgage.,False,False,False,0.11,0.46
C0103263,2026-07-17 16:51:40.065966,MORTGAGE_INQUIRY,521,Wants to speak to a mortgage specialist about refinancing. Mentioned rate shopping.,True,False,False,0.9,-0.36
C0103265,2026-06-23 14:51:55.215991,ESCROW,474,Confirmed next payment due date.,False,False,False,0.4,0.07
C0103265,2026-08-18 16:31:49.646359,STATEMENT,805,Asked how to set up autopay for the mortgage.,False,False,False,0.24,0.32
C0103268,2026-06-19 00:10:21.865923,MORTGAGE_INQUIRY,421,Customer asked what our current 30-year rates look like and mentioned they saw 5.14% at Chase.,True,False,False,0.73,-0.02
C0103268,2026-08-22 05:39:37.059293,MORTGAGE_INQUIRY,649,Inquired about payoff amount and where to send funds. Sounded like they may be refinancing elsewhere.,True,True,True,0.77,0.11
C0103271,2026-07-28 15:45:11.691021,MORTGAGE_INQUIRY,213,Customer asked what our current 30-year rates look like and mentioned they saw 5.15% at an online lender.,True,False,False,1.0,-0.2
C0103272,2026-08-06 08:46:21.974614,MORTGAGE_INQUIRY,584,Customer asked what our current 30-year rates look like and mentioned they saw 5.48% at Rocket.,True,True,False,0.84,-0.04
C0103272,2026-08-21 03:18:27.289970,MORTGAGE_INQUIRY,104,Customer asked what our current 30-year rates look like and mentioned they saw 5.54% at an online lender.,True,True,False,0.77,-0.14
C0103274,2026-08-31 08:05:56.945156,PAYMENT,334,Requested a copy of the most recent mortgage statement for tax purposes.,False,False,False,0.11,0.2
C0103275,2026-07-15 18:43:30.944800,STATEMENT,488,Asked how to set up autopay for the mortgage.,False,False,False,0.06,0.11
C0103275,2026-08-01 01:03:42.831099,ESCROW,863,Confirmed next payment due date.,False,False,False,0.41,0.62
C0103279,2026-07-20 08:34:35.040146,ESCROW,121,Confirmed next payment due date.,False,False,False,0.0,0.27
C0103287,2026-09-07 18:56:53.407688,ESCROW,208,Requested a copy of the most recent mortgage statement for tax purposes.,False,False,False,0.3,0.19
C0103287,2026-09-09 20:34:40.205545,GENERAL,538,Requested a copy of the most recent mortgage statement for tax purposes.,False,False,False,0.12,0.2
C0103289,2026-07-07 04:31:05.448151,MORTGAGE_INQUIRY,669,Called about refinancing options — wanted to know break-even on closing costs against a 5.46% offer.,True,True,False,0.78,0.05
C0103289,2026-08-01 23:39:30.645360,GENERAL,620,Asked how to set up autopay for the mortgage.,False,False,False,0.24,0.1
C0103303,2026-07-02 02:46:41.016945,MORTGAGE_INQUIRY,481,Wants to speak to a mortgage specialist about refinancing. Mentioned rate shopping.,True,False,False,0.84,0.01
C0103303,2026-07-11 22:54:21.020522,MORTGAGE_INQUIRY,398,Customer asked what our current 30-year rates look like and mentioned they saw 5.15% at Chase.,True,True,False,0.75,-0.41
C0103304,2026-07-01 07:17:43.443170,MORTGAGE_INQUIRY,760,Called about refinancing options — wanted to know break-even on closing costs against a 5.42% offer.,True,False,False,0.63,-0.39
C0103305,2026-09-09 19:50:56.463262,STATEMENT,767,General question about online banking access.,False,False,False,0.0,0.26
C0103306,2026-07-17 02:24:15.106039,MORTGAGE_INQUIRY,828,Asked about the process to pay off the loan early and whether there are any prepayment penalties.,True,True,True,0.89,-0.19
C0103307,2026-08-07 02:18:37.058380,PAYMENT,177,Question about escrow analysis and property tax increase.,False,False,False,0.11,0.12
C0103308,2026-06-29 22:10:18.248764,MORTGAGE_INQUIRY,189,Called about refinancing options — wanted to know break-even on closing costs against a 5.23% offer.,True,True,False,0.78,0.53
C0103311,2026-07-01 05:51:25.309409,MORTGAGE_INQUIRY,563,Asked about the process to pay off the loan early and whether there are any prepayment penalties.,True,False,True,0.71,-0.22
C0103311,2026-08-21 23:54:04.989166,STATEMENT,441,General question about online banking access.,False,False,False,0.25,0.42
C0103312,2026-06-27 02:08:12.383337,STATEMENT,492,Asked how to set up autopay for the mortgage.,False,False,False,0.2,0.36
C0103314,2026-07-28 09:04:57.919813,ESCROW,150,Question about escrow analysis and property tax increase.,False,False,False,0.12,0.18
C0103315,2026-08-19 13:04:07.595386,ESCROW,550,General question about online banking access.,False,False,False,0.08,0.08
C0103319,2026-06-18 23:09:48.196599,MORTGAGE_INQUIRY,644,Called about refinancing options — wanted to know break-even on closing costs against a 5.56% offer.,True,False,False,0.76,0.55
C0103319,2026-06-19 23:34:36.177885,STATEMENT,242,Asked how to set up autopay for the mortgage.,False,False,False,0.22,0.16
C0103322,2026-07-03 04:23:40.838874,ESCROW,229,General question about online banking access.,False,False,False,0.42,0.99
C0103322,2026-07-16 18:53:38.388805,PAYMENT,312,Requested a copy of the most recent mortgage statement for tax purposes.,False,False,False,0.07,0.33
C0103329,2026-07-08 20:01:32.864614,MORTGAGE_INQUIRY,315,Called about refinancing options — wanted to know break-even on closing costs against a 5.38% offer.,True,True,False,0.7,-0.58
C0103334,2026-08-01 08:16:11.812997,MORTGAGE_INQUIRY,779,Inquired about payoff amount and where to send funds. Sounded like they may be refinancing elsewhere.,True,False,True,0.72,-0.15
C0103334,2026-09-07 21:48:34.516738,GENERAL,806,Confirmed next payment due date.,False,False,False,0.24,0.13
C0103342,2026-07-15 16:32:39.822228,PAYMENT,373,General question about online banking access.,False,False,False,0.45,0.01
C0103342,2026-07-31 07:45:17.797510,MORTGAGE_INQUIRY,635,Asked about the process to pay off the loan early and whether there are any prepayment penalties.,True,True,True,0.81,0.14
C0103343,2026-08-11 18:28:52.597015,MORTGAGE_INQUIRY,866,Customer asked what our current 30-year rates look like and mentioned they saw 5.46% at Rocket.,True,True,False,0.93,0.3
C0103351,2026-07-07 07:10:18.093879,MORTGAGE_INQUIRY,470,Inquired about payoff amount and where to send funds. Sounded like they may be refinancing elsewhere.,True,True,True,0.82,0.6
C0103353,2026-07-24 17:55:08.446240,MORTGAGE_INQUIRY,658,Called about refinancing options — wanted to know break-even on closing costs against a 5.14% offer.,True,True,False,0.84,-0.38
C0103354,2026-06-19 06:33:07.388335,STATEMENT,889,Requested a copy of the most recent mortgage statement for tax purposes.,False,False,False,0.01,0.7
C0103354,2026-08-02 11:20:40.450033,MORTGAGE_INQUIRY,457,Wants to speak to a mortgage specialist about refinancing. Mentioned rate shopping.,True,False,False,0.66,-0.06
C0103355,2026-06-18 04:29:19.980742,STATEMENT,698,Asked how to set up autopay for the mortgage.,False,False,False,0.11,0.19
C0103355,2026-07-12 14:42:50.852596,MORTGAGE_INQUIRY,709,Inquired about payoff amount and where to send funds. Sounded like they may be refinancing elsewhere.,True,True,True,0.53,-0.24
C0103357,2026-08-11 22:54:35.864707,MORTGAGE_INQUIRY,62,Wants to speak to a mortgage specialist about refinancing. Mentioned rate shopping.,True,False,False,0.92,-0.19
C0103358,2026-06-28 11:47:35.514217,ESCROW,866,General question about online banking access.,False,False,False,0.27,0.33
C0103361,2026-07-18 02:35:52.853930,STATEMENT,83,General question about online banking access.,False,False,False,0.34,0.37
C0103365,2026-08-12 05:59:52.370653,GENERAL,218,Confirmed next payment due date.,False,False,False,0.22,-0.08
C0103370,2026-08-12 22:01:40.544599,MORTGAGE_INQUIRY,894,Called about refinancing options — wanted to know break-even on closing costs against a 5.18% offer.,True,True,False,0.88,0.16
C0103371,2026-06-25 09:40:10.718325,MORTGAGE_INQUIRY,662,Called about refinancing options — wanted to know break-even on closing costs against a 5.56% offer.,True,False,False,0.54,-0.11
C0103371,2026-08-05 22:37:23.201868,MORTGAGE_INQUIRY,771,Customer asked what our current 30-year rates look like and mentioned they saw 5.32% at Rocket.,True,True,False,0.64,-0.14
C0103377,2026-08-01 23:49:23.866049,ESCROW,121,Asked how to set up autopay for the mortgage.,False,False,False,0.31,0.25
C0103377,2026-08-19 21:01:17.163129,MORTGAGE_INQUIRY,753,Inquired about payoff amount and where to send funds. Sounded like they may be refinancing elsewhere.,True,True,True,0.87,0.23
C0103379,2026-07-03 04:37:07.836116,MORTGAGE_INQUIRY,887,Called about refinancing options — wanted to know break-even on closing costs against a 5.54% offer.,True,True,False,0.81,-0.47
C0103380,2026-07-18 09:46:55.510523,MORTGAGE_INQUIRY,350,Inquired about payoff amount and where to send funds. Sounded like they may be refinancing elsewhere.,True,True,True,0.52,-0.15
C0103380,2026-07-23 21:14:08.954712,PAYMENT,737,Question about escrow analysis and property tax increase.,False,False,False,0.15,0.43
C0103382,2026-07-21 09:56:38.396814,GENERAL,301,General question about online banking access.,False,False,False,0.18,-0.07
C0103382,2026-08-01 19:52:53.512110,PAYMENT,457,Question about escrow analysis and property tax increase.,False,False,False,0.16,0.59
C0103385,2026-09-08 23:26:50.135209,MORTGAGE_INQUIRY,578,Asked about the process to pay off the loan early and whether there are any prepayment penalties.,True,True,True,0.88,-0.11
C0103386,2026-09-06 16:14:43.781335,GENERAL,564,Question about escrow analysis and property tax increase.,False,False,False,0.31,0.22
C0103387,2026-09-07 00:47:58.961138,STATEMENT,376,General question about online banking access.,False,False,False,0.0,0.26
C0103388,2026-06-26 19:37:46.512696,PAYMENT,299,Question about escrow analysis and property tax increase.,False,False,False,0.29,0.34
C0103388,2026-07-29 04:22:13.812394,STATEMENT,778,Confirmed next payment due date.,False,False,False,0.18,0.41
C0103391,2026-06-13 08:12:19.103582,PAYMENT,158,General question about online banking access.,False,False,False,0.08,0.11
C0103392,2026-07-01 00:53:08.681287,ESCROW,100,General question about online banking access.,False,False,False,0.21,-0.18
C0103395,2026-06-17 17:54:14.621034,ESCROW,249,Asked how to set up autopay for the mortgage.,False,False,False,0.0,-0.31
C0103395,2026-09-04 22:05:40.943923,ESCROW,670,Asked how to set up autopay for the mortgage.,False,False,False,0.12,0.01
C0103398,2026-09-10 02:33:16.627051,ESCROW,741,Asked how to set up autopay for the mortgage.,False,False,False,0.11,0.15
C0103404,2026-08-03 13:27:06.313433,MORTGAGE_INQUIRY,141,Customer asked what our current 30-year rates look like and mentioned they saw 5.27% at Chase.,True,False,False,0.93,0.24
C0103404,2026-08-17 17:23:11.509075,STATEMENT,624,General question about online banking access.,False,False,False,0.15,0.02
C0103412,2026-06-17 01:03:54.534102,STATEMENT,510,General question about online banking access.,False,False,False,0.0,0.91
C0103412,2026-06-20 22:48:42.554082,ESCROW,118,Question about escrow analysis and property tax increase.,False,False,False,0.14,0.4
C0103413,2026-07-14 11:22:27.163254,MORTGAGE_INQUIRY,784,Inquired about payoff amount and where to send funds. Sounded like they may be refinancing elsewhere.,True,False,True,0.97,-0.63
C0103419,2026-08-01 22:25:04.660365,GENERAL,91,General question about online banking access.,False,False,False,0.0,0.59
C0103419,2026-08-15 18:48:58.787077,MORTGAGE_INQUIRY,788,Asked about the process to pay off the loan early and whether there are any prepayment penalties.,True,False,True,0.68,0.05
C0103420,2026-07-05 08:14:49.695026,ESCROW,303,Confirmed next payment due date.,False,False,False,0.04,0.07
C0103424,2026-06-28 15:54:18.441706,PAYMENT,852,Requested a copy of the most recent mortgage statement for tax purposes.,False,False,False,0.16,-0.0
C0103424,2026-07-25 18:05:15.328903,PAYMENT,721,Confirmed next payment due date.,False,False,False,0.04,0.29
C0103425,2026-07-01 03:56:03.109553,MORTGAGE_INQUIRY,573,Asked about the process to pay off the loan early and whether there are any prepayment penalties.,True,True,True,0.48,-0.07
C0103425,2026-07-31 22:06:21.521924,GENERAL,252,Asked how to set up autopay for the mortgage.,False,False,False,0.39,-0.01
C0103428,2026-08-16 17:59:59.614387,GENERAL,815,General question about online banking access.,False,False,False,0.02,0.21
C0103431,2026-07-09 06:53:13.936891,MORTGAGE_INQUIRY,104,Wants to speak to a mortgage specialist about refinancing. Mentioned rate shopping.,True,True,False,0.54,-0.02
C0103431,2026-08-07 00:40:41.060264,MORTGAGE_INQUIRY,205,Inquired about payoff amount and where to send funds. Sounded like they may be refinancing elsewhere.,True,True,True,0.63,0.65
C0103432,2026-07-10 19:42:54.067582,STATEMENT,656,Confirmed next payment due date.,False,False,False,0.14,-0.05
C0103435,2026-07-22 12:48:06.548642,GENERAL,551,Asked how to set up autopay for the mortgage.,False,False,False,0.18,0.47
C0103435,2026-09-08 04:18:03.561321,MORTGAGE_INQUIRY,731,Wants to speak to a mortgage specialist about refinancing. Mentioned rate shopping.,True,True,False,0.61,-0.07
C0103448,2026-06-17 05:06:51.345638,MORTGAGE_INQUIRY,214,Called about refinancing options — wanted to know break-even on closing costs against a 5.36% offer.,True,False,False,0.63,0.36
C0103448,2026-08-03 13:00:17.875642,MORTGAGE_INQUIRY,693,Customer asked what our current 30-year rates look like and mentioned they saw 5.33% at an online lender.,True,True,False,0.84,0.17
C0103454,2026-07-06 18:12:31.739616,STATEMENT,788,General question about online banking access.,False,False,False,0.09,0.01
C0103454,2026-09-05 03:12:44.364821,MORTGAGE_INQUIRY,750,Called about refinancing options — wanted to know break-even on closing costs against a 5.2% offer.,True,False,False,0.75,-0.38
C0103456,2026-08-02 08:32:56.501881,ESCROW,762,Question about escrow analysis and property tax increase.,False,False,False,0.51,0.53
C0103456,2026-08-14 06:22:04.187048,MORTGAGE_INQUIRY,333,Asked about the process to pay off the loan early and whether there are any prepayment penalties.,True,True,True,0.73,0.4
C0103457,2026-06-29 05:22:30.054275,STATEMENT,613,Asked how to set up autopay for the mortgage.,False,False,False,0.01,0.15
C0103459,2026-06-14 02:44:20.874083,GENERAL,888,Asked how to set up autopay for the mortgage.,False,False,False,0.13,0.21
C0103459,2026-09-04 19:50:37.720948,ESCROW,880,Asked how to set up autopay for the mortgage.,False,False,False,0.23,0.19
C0103461,2026-06-19 11:44:54.884527,STATEMENT,173,Confirmed next payment due date.,False,False,False,0.0,0.88
C0103461,2026-07-25 15:50:17.979887,PAYMENT,358,Confirmed next payment due date.,False,False,False,0.05,0.77
C0103465,2026-07-04 03:42:24.963551,STATEMENT,617,Asked how to set up autopay for the mortgage.,False,False,False,0.27,0.68
C0103468,2026-08-04 16:55:07.473980,MORTGAGE_INQUIRY,460,Customer asked what our current 30-year rates look like and mentioned they saw 5.34% at a competitor.,True,False,False,0.73,-0.13
C0103473,2026-06-16 22:25:03.010609,GENERAL,442,Asked how to set up autopay for the mortgage.,False,False,False,0.22,0.55
C0103474,2026-06-15 09:36:49.970608,MORTGAGE_INQUIRY,100,Customer asked what our current 30-year rates look like and mentioned they saw 5.3% at a competitor.,True,False,False,0.76,0.34
C0103474,2026-08-04 19:01:10.896426,MORTGAGE_INQUIRY,169,Inquired about payoff amount and where to send funds. Sounded like they may be refinancing elsewhere.,True,True,True,0.74,0.24
C0103477,2026-06-14 07:18:52.271768,PAYMENT,439,Question about escrow analysis and property tax increase.,False,False,False,0.15,0.57
C0103483,2026-07-15 05:10:25.563016,MORTGAGE_INQUIRY,641,Called about refinancing options — wanted to know break-even on closing costs against a 5.57% offer.,True,True,False,0.81,0.06
C0103483,2026-07-26 01:58:27.771111,MORTGAGE_INQUIRY,694,Called about refinancing options — wanted to know break-even on closing costs against a 5.51% offer.,True,False,False,0.77,-0.37
C0103484,2026-08-12 12:24:41.858228,PAYMENT,90,Confirmed next payment due date.,False,False,False,0.4,0.63
C0103492,2026-07-14 07:01:01.709082,MORTGAGE_INQUIRY,553,Customer asked what our current 30-year rates look like and mentioned they saw 5.27% at Rocket.,True,True,False,0.75,-0.13
C0103492,2026-08-29 13:28:06.098275,PAYMENT,339,Question about escrow analysis and property tax increase.,False,False,False,0.11,0.31
C0103493,2026-07-31 01:48:28.702445,STATEMENT,770,General question about online banking access.,False,False,False,0.0,0.13
C0103493,2026-08-02 10:40:28.365935,MORTGAGE_INQUIRY,791,Wants to speak to a mortgage specialist about refinancing. Mentioned rate shopping.,True,True,False,0.96,-0.55
C0103496,2026-09-02 10:48:45.904224,STATEMENT,586,General question about online banking access.,False,False,False,0.33,0.17
C0103499,2026-06-17 00:15:15.592595,MORTGAGE_INQUIRY,153,Customer asked what our current 30-year rates look like and mentioned they saw 5.13% at Chase.,True,True,False,0.78,-0.69
C0103499,2026-09-07 16:13:47.569167,MORTGAGE_INQUIRY,639,Wants to speak to a mortgage specialist about refinancing. Mentioned rate shopping.,True,True,False,0.88,-0.17
C0103500,2026-08-24 13:00:36.159026,STATEMENT,147,General question about online banking access.,False,False,False,0.18,0.18
C0103507,2026-08-29 23:09:14.259814,PAYMENT,543,Question about escrow analysis and property tax increase.,False,False,False,0.0,0.7
C0103508,2026-07-31 07:09:05.379660,GENERAL,217,General question about online banking access.,False,False,False,0.05,0.61
C0103511,2026-08-26 02:40:47.120032,ESCROW,348,Question about escrow analysis and property tax increase.,False,False,False,0.29,0.41
C0103511,2026-09-02 00:31:29.014388,PAYMENT,87,Question about escrow analysis and property tax increase.,False,False,False,0.11,-0.1
C0103513,2026-06-22 17:07:19.470307,MORTGAGE_INQUIRY,482,Asked about the process to pay off the loan early and whether there are any prepayment penalties.,True,True,True,0.73,-0.12
C0103513,2026-07-08 03:19:21.247421,MORTGAGE_INQUIRY,262,Asked about the process to pay off the loan early and whether there are any prepayment penalties.,True,False,True,0.69,-0.02
C0103515,2026-08-14 10:42:25.054320,GENERAL,778,Requested a copy of the most recent mortgage statement for tax purposes.,False,False,False,0.22,0.34
C0103515,2026-09-03 19:43:33.559616,GENERAL,125,Requested a copy of the most recent mortgage statement for tax purposes.,False,False,False,0.08,0.03
C0103516,2026-08-06 04:06:33.906599,STATEMENT,604,Confirmed next payment due date.,False,False,False,0.21,-0.29
C0103521,2026-06-21 01:25:28.888997,GENERAL,577,Requested a copy of the most recent mortgage statement for tax purposes.,False,False,False,0.1,0.32
C0103521,2026-08-25 06:29:21.048427,GENERAL,304,General question about online banking access.,False,False,False,0.0,0.79
C0103531,2026-08-17 05:41:24.608415,MORTGAGE_INQUIRY,824,Wants to speak to a mortgage specialist about refinancing. Mentioned rate shopping.,True,True,False,0.71,0.24
C0103535,2026-07-03 03:21:13.866266,GENERAL,347,Requested a copy of the most recent mortgage statement for tax purposes.,False,False,False,0.18,0.3
C0103535,2026-08-13 04:22:16.144537,GENERAL,483,Question about escrow analysis and property tax increase.,False,False,False,0.04,-0.17
C0103537,2026-08-28 01:11:44.117064,MORTGAGE_INQUIRY,556,Inquired about payoff amount and where to send funds. Sounded like they may be refinancing elsewhere.,True,False,True,0.77,-0.14
C0103537,2026-09-08 20:51:53.601111,MORTGAGE_INQUIRY,632,Wants to speak to a mortgage specialist about refinancing. Mentioned rate shopping.,True,True,False,0.56,-0.34
C0103538,2026-06-30 09:10:42.778221,MORTGAGE_INQUIRY,242,Called about refinancing options — wanted to know break-even on closing costs against a 5.25% offer.,True,False,False,0.77,-0.29
C0103538,2026-07-05 05:30:25.678682,MORTGAGE_INQUIRY,438,Customer asked what our current 30-year rates look like and mentioned they saw 5.5% at a competitor.,True,True,False,0.86,-0.37
C0103539,2026-06-22 04:36:16.675450,GENERAL,188,Asked how to set up autopay for the mortgage.,False,False,False,0.11,-0.01
C0103542,2026-08-15 23:25:00.439949,MORTGAGE_INQUIRY,570,Wants to speak to a mortgage specialist about refinancing. Mentioned rate shopping.,True,True,False,0.75,0.12
C0103542,2026-09-08 19:41:23.078845,STATEMENT,534,General question about online banking access.,False,False,False,0.06,0.48
C0103548,2026-06-23 09:39:48.835250,MORTGAGE_INQUIRY,867,Customer asked what our current 30-year rates look like and mentioned they saw 5.42% at Rocket.,True,True,False,0.69,0.13
C0103548,2026-07-09 23:25:27.867896,MORTGAGE_INQUIRY,415,Asked about the process to pay off the loan early and whether there are any prepayment penalties.,True,True,True,0.78,0.54
C0103550,2026-07-20 07:21:01.285951,PAYMENT,719,Question about escrow analysis and property tax increase.,False,False,False,0.28,0.41
C0103551,2026-06-19 00:56:40.518804,MORTGAGE_INQUIRY,89,Asked about the process to pay off the loan early and whether there are any prepayment penalties.,True,False,True,0.53,-0.08
C0103551,2026-09-06 11:56:32.404798,MORTGAGE_INQUIRY,120,Inquired about payoff amount and where to send funds. Sounded like they may be refinancing elsewhere.,True,True,True,0.69,-0.84
C0103553,2026-07-09 18:35:24.483685,ESCROW,83,Asked how to set up autopay for the mortgage.,False,False,False,0.24,0.24
C0103556,2026-08-13 22:01:55.112667,GENERAL,86,Asked how to set up autopay for the mortgage.,False,False,False,0.13,-0.13
C0103556,2026-08-29 10:37:51.044152,GENERAL,322,General question about online banking access.,False,False,False,0.0,0.39
C0103558,2026-08-22 00:28:02.017734,ESCROW,622,Requested a copy of the most recent mortgage statement for tax purposes.,False,False,False,0.18,0.18
C0103563,2026-07-03 07:56:45.449480,STATEMENT,476,Confirmed next payment due date.,False,False,False,0.23,0.27
C0103565,2026-08-29 12:36:44.808406,MORTGAGE_INQUIRY,545,Called about refinancing options — wanted to know break-even on closing costs against a 5.41% offer.,True,True,False,0.63,-0.34
C0103565,2026-09-06 18:51:51.499792,MORTGAGE_INQUIRY,108,Asked about the process to pay off the loan early and whether there are any prepayment penalties.,True,True,True,0.9,-0.41
C0103566,2026-07-20 15:50:56.157602,GENERAL,661,Requested a copy of the most recent mortgage statement for tax purposes.,False,False,False,0.12,-0.03
C0103570,2026-08-05 07:18:40.553299,GENERAL,385,Requested a copy of the most recent mortgage statement for tax purposes.,False,False,False,0.21,0.14
C0103571,2026-08-31 22:09:35.476920,ESCROW,571,Confirmed next payment due date.,False,False,False,0.29,-0.39
C0103575,2026-06-17 03:38:17.137176,MORTGAGE_INQUIRY,695,Wants to speak to a mortgage specialist about refinancing. Mentioned rate shopping.,True,True,False,0.9,-0.3
C0103575,2026-06-20 15:49:11.202793,GENERAL,209,General question about online banking access.,False,False,False,0.0,-0.08
C0103579,2026-08-12 07:04:55.242412,STATEMENT,583,General question about online banking access.,False,False,False,0.17,0.17
C0103582,2026-07-03 04:43:42.019400,MORTGAGE_INQUIRY,251,Called about refinancing options — wanted to know break-even on closing costs against a 5.39% offer.,True,True,False,0.92,-0.35
C0103587,2026-08-15 01:18:19.942083,STATEMENT,224,Question about escrow analysis and property tax increase.,False,False,False,0.22,0.55
C0103590,2026-07-23 15:32:03.463231,GENERAL,463,Question about escrow analysis and property tax increase.,False,False,False,0.17,0.39
C0103591,2026-09-07 02:53:16.722470,MORTGAGE_INQUIRY,135,Inquired about payoff amount and where to send funds. Sounded like they may be refinancing elsewhere.,True,True,True,0.91,0.3
C0103592,2026-08-03 03:16:25.888496,MORTGAGE_INQUIRY,722,Customer asked what our current 30-year rates look like and mentioned they saw 5.46% at Chase.,True,True,False,0.84,0.26
C0103593,2026-08-05 22:41:07.768547,ESCROW,420,Confirmed next payment due date.,False,False,False,0.24,-0.14
C0103600,2026-07-29 18:47:47.432628,GENERAL,194,Question about escrow analysis and property tax increase.,False,False,False,0.38,-0.12
C0103602,2026-08-03 03:57:23.487328,PAYMENT,153,Asked how to set up autopay for the mortgage.,False,False,False,0.0,0.59
C0103603,2026-08-15 04:22:45.282227,MORTGAGE_INQUIRY,568,Customer asked what our current 30-year rates look like and mentioned they saw 5.12% at an online lender.,True,True,False,0.56,-0.15
C0103605,2026-07-02 17:24:21.130969,STATEMENT,437,Requested a copy of the most recent mortgage statement for tax purposes.,False,False,False,0.0,0.06
C0103605,2026-08-26 14:50:24.846923,MORTGAGE_INQUIRY,85,Customer asked what our current 30-year rates look like and mentioned they saw 5.5% at Chase.,True,True,False,0.98,-0.09
C0103607,2026-07-19 12:31:47.367785,MORTGAGE_INQUIRY,561,Customer asked what our current 30-year rates look like and mentioned they saw 5.46% at Rocket.,True,True,False,0.88,0.09
C0103607,2026-09-03 19:22:09.340806,MORTGAGE_INQUIRY,896,Customer asked what our current 30-year rates look like and mentioned they saw 5.38% at a competitor.,True,False,False,0.55,-0.29
C0103613,2026-06-19 09:08:58.120205,MORTGAGE_INQUIRY,377,Customer asked what our current 30-year rates look like and mentioned they saw 5.23% at Chase.,True,False,False,1.0,0.2
C0103613,2026-08-03 22:24:53.722062,PAYMENT,392,Requested a copy of the most recent mortgage statement for tax purposes.,False,False,False,0.09,0.3
C0103616,2026-06-27 13:16:28.597708,STATEMENT,351,Confirmed next payment due date.,False,False,False,0.04,0.04
C0103616,2026-08-17 09:19:19.560468,MORTGAGE_INQUIRY,262,Customer asked what our current 30-year rates look like and mentioned they saw 5.22% at Chase.,True,True,False,1.0,0.08
C0103618,2026-07-02 11:55:23.345550,STATEMENT,825,Question about escrow analysis and property tax increase.,False,False,False,0.3,0.09
C0103619,2026-06-22 03:04:56.981576,STATEMENT,110,Requested a copy of the most recent mortgage statement for tax purposes.,False,False,False,0.06,-0.06
C0103619,2026-06-29 03:04:56.923411,STATEMENT,761,General question about online banking access.,False,False,False,0.08,0.35
C0103620,2026-07-10 02:55:35.817927,STATEMENT,197,Requested a copy of the most recent mortgage statement for tax purposes.,False,False,False,0.0,0.15
C0103621,2026-09-09 22:23:23.948431,MORTGAGE_INQUIRY,264,Asked about the process to pay off the loan early and whether there are any prepayment penalties.,True,True,True,0.65,0.3
C0103622,2026-06-21 18:08:45.651212,MORTGAGE_INQUIRY,517,Wants to speak to a mortgage specialist about refinancing. Mentioned rate shopping.,True,False,False,0.75,0.14
C0103622,2026-08-11 13:58:15.118521,MORTGAGE_INQUIRY,202,Wants to speak to a mortgage specialist about refinancing. Mentioned rate shopping.,True,True,False,0.59,-0.42
C0103623,2026-07-01 10:06:23.321671,MORTGAGE_INQUIRY,364,Customer asked what our current 30-year rates look like and mentioned they saw 5.33% at an online lender.,True,True,False,0.84,0.02
C0103623,2026-07-22 06:19:42.846473,MORTGAGE_INQUIRY,99,Asked about the process to pay off the loan early and whether there are any prepayment penalties.,True,True,True,0.77,-0.06
C0103626,2026-06-17 02:10:45.131362,PAYMENT,180,General question about online banking access.,False,False,False,0.42,0.43
C0103626,2026-09-06 20:12:33.923774,PAYMENT,481,Confirmed next payment due date.,False,False,False,0.11,-0.15
C0103627,2026-07-07 18:15:58.329245,MORTGAGE_INQUIRY,701,Called about refinancing options — wanted to know break-even on closing costs against a 5.41% offer.,True,False,False,0.4,-0.07
C0103634,2026-07-02 04:16:25.023301,ESCROW,336,Requested a copy of the most recent mortgage statement for tax purposes.,False,False,False,0.15,0.2
C0103634,2026-07-26 00:57:32.566204,ESCROW,553,Confirmed next payment due date.,False,False,False,0.07,0.43
C0103636,2026-07-08 18:52:18.306202,PAYMENT,396,Question about escrow analysis and property tax increase.,False,False,False,0.27,-0.1
C0103636,2026-07-27 12:23:24.478005,STATEMENT,488,Question about escrow analysis and property tax increase.,False,False,False,0.0,0.34
C0103638,2026-07-04 14:15:29.150098,MORTGAGE_INQUIRY,97,Customer asked what our current 30-year rates look like and mentioned they saw 5.45% at an online lender.,True,True,False,0.91,0.14
C0103643,2026-07-10 04:12:10.624185,ESCROW,690,Question about escrow analysis and property tax increase.,False,False,False,0.32,0.42
C0103648,2026-08-09 18:22:23.963053,MORTGAGE_INQUIRY,116,Wants to speak to a mortgage specialist about refinancing. Mentioned rate shopping.,True,True,False,1.0,-0.21
C0103648,2026-08-21 00:15:41.062201,MORTGAGE_INQUIRY,539,Wants to speak to a mortgage specialist about refinancing. Mentioned rate shopping.,True,True,False,0.97,0.16
C0103652,2026-06-24 09:39:19.067999,PAYMENT,568,Confirmed next payment due date.,False,False,False,0.23,0.5
C0103652,2026-08-25 15:53:11.983977,MORTGAGE_INQUIRY,459,Customer asked what our current 30-year rates look like and mentioned they saw 5.53% at a competitor.,True,False,False,0.85,0.18
C0103653,2026-07-02 21:56:30.939880,GENERAL,159,General question about online banking access.,False,False,False,0.19,0.6
C0103653,2026-08-03 08:23:02.949180,MORTGAGE_INQUIRY,663,Inquired about payoff amount and where to send funds. Sounded like they may be refinancing elsewhere.,True,False,True,0.59,0.0
C0103657,2026-07-11 09:27:08.886284,MORTGAGE_INQUIRY,629,Called about refinancing options — wanted to know break-even on closing costs against a 5.55% offer.,True,False,False,0.75,-0.53
C0103657,2026-08-23 07:03:16.984076,GENERAL,273,Question about escrow analysis and property tax increase.,False,False,False,0.06,-0.15
C0103664,2026-08-31 11:12:46.480463,STATEMENT,374,General question about online banking access.,False,False,False,0.25,-0.44
C0103665,2026-09-09 08:33:00.973317,PAYMENT,209,Confirmed next payment due date.,False,False,False,0.27,0.46
C0103666,2026-08-16 01:54:09.146114,ESCROW,347,Asked how to set up autopay for the mortgage.,False,False,False,0.13,0.34
C0103666,2026-08-31 03:12:12.682942,STATEMENT,676,General question about online banking access.,False,False,False,0.0,0.14
C0103667,2026-07-24 07:05:18.754295,MORTGAGE_INQUIRY,206,Asked about the process to pay off the loan early and whether there are any prepayment penalties.,True,False,True,0.88,0.29
C0103667,2026-08-31 07:10:51.060145,MORTGAGE_INQUIRY,348,Customer asked what our current 30-year rates look like and mentioned they saw 5.2% at an online lender.,True,True,False,0.9,0.16
C0103668,2026-06-30 13:31:46.588400,MORTGAGE_INQUIRY,787,Wants to speak to a mortgage specialist about refinancing. Mentioned rate shopping.,True,True,False,0.71,0.25
C0103668,2026-08-16 20:38:22.934047,GENERAL,337,Question about escrow analysis and property tax increase.,False,False,False,0.32,0.26
C0103671,2026-08-12 12:54:13.733521,MORTGAGE_INQUIRY,358,Called about refinancing options — wanted to know break-even on closing costs against a 5.28% offer.,True,False,False,0.51,-0.27
C0103675,2026-08-21 21:48:54.053676,STATEMENT,626,Question about escrow analysis and property tax increase.,False,False,False,0.1,-0.14
C0103676,2026-07-10 09:16:10.699566,STATEMENT,252,Confirmed next payment due date.,False,False,False,0.27,0.2
C0103676,2026-07-26 18:25:56.472618,STATEMENT,663,Requested a copy of the most recent mortgage statement for tax purposes.,False,False,False,0.03,0.16
C0103679,2026-08-08 22:14:21.568638,MORTGAGE_INQUIRY,550,Asked about the process to pay off the loan early and whether there are any prepayment penalties.,True,True,True,0.92,-0.1
C0103679,2026-08-30 07:37:49.266690,PAYMENT,273,General question about online banking access.,False,False,False,0.12,-0.02
C0103680,2026-06-25 10:22:02.855518,ESCROW,587,Question about escrow analysis and property tax increase.,False,False,False,0.23,0.41
C0103680,2026-07-06 08:47:43.297629,MORTGAGE_INQUIRY,505,Inquired about payoff amount and where to send funds. Sounded like they may be refinancing elsewhere.,True,False,True,0.58,0.15
C0103682,2026-07-19 18:41:57.565961,STATEMENT,554,Asked how to set up autopay for the mortgage.,False,False,False,0.07,0.29
C0103682,2026-08-14 12:38:58.268590,MORTGAGE_INQUIRY,254,Customer asked what our current 30-year rates look like and mentioned they saw 5.29% at an online lender.,True,False,False,0.74,0.37
C0103683,2026-06-27 11:39:30.880270,STATEMENT,422,Confirmed next payment due date.,False,False,False,0.18,0.5
C0103683,2026-08-21 01:06:28.873858,STATEMENT,143,General question about online banking access.,False,False,False,0.25,0.63
C0103684,2026-07-12 00:00:05.088342,STATEMENT,603,Confirmed next payment due date.,False,False,False,0.05,-0.24
C0103684,2026-07-23 08:57:48.336602,ESCROW,521,Confirmed next payment due date.,False,False,False,0.14,0.4
C0103691,2026-08-12 08:43:51.221208,STATEMENT,609,Requested a copy of the most recent mortgage statement for tax purposes.,False,False,False,0.3,0.16
C0103692,2026-08-12 07:10:10.720087,PAYMENT,360,Confirmed next payment due date.,False,False,False,0.0,0.15
C0103694,2026-08-10 03:33:33.709328,STATEMENT,169,Confirmed next payment due date.,False,False,False,0.37,0.59
C0103694,2026-09-03 08:59:53.605591,STATEMENT,696,General question about online banking access.,False,False,False,0.0,0.75
C0103695,2026-06-15 10:29:23.205902,PAYMENT,851,Confirmed next payment due date.,False,False,False,0.0,0.34
C0103695,2026-07-30 00:30:04.892900,PAYMENT,689,Question about escrow analysis and property tax increase.,False,False,False,0.17,0.07
C0103701,2026-07-13 21:51:55.339268,MORTGAGE_INQUIRY,896,Inquired about payoff amount and where to send funds. Sounded like they may be refinancing elsewhere.,True,True,True,0.86,0.32
C0103701,2026-08-21 04:16:05.090954,MORTGAGE_INQUIRY,500,Asked about the process to pay off the loan early and whether there are any prepayment penalties.,True,True,True,0.79,0.3
C0103703,2026-08-11 12:01:35.124990,GENERAL,233,Requested a copy of the most recent mortgage statement for tax purposes.,False,False,False,0.08,0.08
C0103705,2026-09-08 16:38:03.614574,MORTGAGE_INQUIRY,305,Wants to speak to a mortgage specialist about refinancing. Mentioned rate shopping.,True,False,False,0.86,-0.19
C0103708,2026-07-17 03:48:14.403423,ESCROW,239,Requested a copy of the most recent mortgage statement for tax purposes.,False,False,False,0.15,-0.19
C0103708,2026-07-18 11:59:40.724588,PAYMENT,348,Confirmed next payment due date.,False,False,False,0.37,0.79
C0103709,2026-06-20 12:42:33.986472,MORTGAGE_INQUIRY,787,Called about refinancing options — wanted to know break-even on closing costs against a 5.24% offer.,True,False,False,0.92,-0.31
C0103709,2026-08-07 02:50:01.566592,MORTGAGE_INQUIRY,213,Wants to speak to a mortgage specialist about refinancing. Mentioned rate shopping.,True,True,False,0.79,-0.32
C0103713,2026-06-16 10:15:48.505497,PAYMENT,664,General question about online banking access.,False,False,False,0.0,0.18
C0103713,2026-08-22 03:03:58.860092,MORTGAGE_INQUIRY,323,Wants to speak to a mortgage specialist about refinancing. Mentioned rate shopping.,True,True,False,0.84,-0.46
C0103715,2026-09-08 04:54:07.186663,MORTGAGE_INQUIRY,125,Customer asked what our current 30-year rates look like and mentioned they saw 5.51% at a competitor.,True,True,False,0.91,0.04
C0103720,2026-07-03 06:29:31.814707,PAYMENT,194,Asked how to set up autopay for the mortgage.,False,False,False,0.35,0.22
C0103720,2026-08-26 22:40:56.163234,ESCROW,263,General question about online banking access.,False,False,False,0.03,0.23
C0103721,2026-07-31 03:27:13.494386,MORTGAGE_INQUIRY,465,Inquired about payoff amount and where to send funds. Sounded like they may be refinancing elsewhere.,True,True,True,0.86,-0.12
C0103721,2026-09-02 10:43:20.481881,MORTGAGE_INQUIRY,667,Asked about the process to pay off the loan early and whether there are any prepayment penalties.,True,True,True,0.63,-0.17
C0103723,2026-07-30 21:59:48.818644,MORTGAGE_INQUIRY,400,Customer asked what our current 30-year rates look like and mentioned they saw 5.17% at Rocket.,True,True,False,0.76,-0.21
C0103723,2026-09-10 03:44:44.243826,STATEMENT,485,Requested a copy of the most recent mortgage statement for tax purposes.,False,False,False,0.33,0.31
C0103726,2026-07-09 02:40:19.646241,MORTGAGE_INQUIRY,300,Called about refinancing options — wanted to know break-even on closing costs against a 5.25% offer.,True,True,False,0.58,-0.39
C0103726,2026-09-10 05:09:54.364568,MORTGAGE_INQUIRY,95,Wants to speak to a mortgage specialist about refinancing. Mentioned rate shopping.,True,True,False,0.63,-0.14
C0103727,2026-06-22 06:30:18.114671,MORTGAGE_INQUIRY,827,Asked about the process to pay off the loan early and whether there are any prepayment penalties.,True,True,True,0.86,-0.28
C0103727,2026-09-04 14:03:50.879319,MORTGAGE_INQUIRY,629,Asked about the process to pay off the loan early and whether there are any prepayment penalties.,True,True,True,1.0,0.03
C0103730,2026-08-02 01:34:47.161273,PAYMENT,585,Question about escrow analysis and property tax increase.,False,False,False,0.39,0.03
C0103730,2026-09-04 16:31:33.542025,PAYMENT,216,General question about online banking access.,False,False,False,0.43,0.05
C0103738,2026-07-11 14:07:45.140862,PAYMENT,274,Asked how to set up autopay for the mortgage.,False,False,False,0.0,-0.24
C0103740,2026-09-10 15:57:38.722057,MORTGAGE_INQUIRY,510,Inquired about payoff amount and where to send funds. Sounded like they may be refinancing elsewhere.,True,False,True,0.85,-0.07
C0103741,2026-09-07 12:40:14.444014,ESCROW,366,Confirmed next payment due date.,False,False,False,0.3,-0.33
C0103742,2026-07-14 14:01:31.510058,PAYMENT,720,Question about escrow analysis and property tax increase.,False,False,False,0.14,0.02
C0103742,2026-08-25 17:59:35.419905,MORTGAGE_INQUIRY,745,Called about refinancing options — wanted to know break-even on closing costs against a 5.29% offer.,True,True,False,0.8,0.24
C0103748,2026-08-31 05:42:28.641798,MORTGAGE_INQUIRY,624,Called about refinancing options — wanted to know break-even on closing costs against a 5.56% offer.,True,True,False,0.81,-0.41
C0103751,2026-08-25 07:00:00.140469,GENERAL,167,Confirmed next payment due date.,False,False,False,0.0,0.33
C0103752,2026-06-18 23:06:53.662906,MORTGAGE_INQUIRY,780,Customer asked what our current 30-year rates look like and mentioned they saw 5.36% at Rocket.,True,True,False,0.73,-0.08
C0103752,2026-08-02 18:14:20.033655,STATEMENT,892,Confirmed next payment due date.,False,False,False,0.3,0.68
C0103758,2026-07-10 02:43:05.293370,ESCROW,118,Confirmed next payment due date.,False,False,False,0.26,0.37
C0103759,2026-08-04 12:26:33.748817,PAYMENT,555,General question about online banking access.,False,False,False,0.44,0.62
C0103765,2026-07-13 09:16:06.790785,MORTGAGE_INQUIRY,225,Called about refinancing options — wanted to know break-even on closing costs against a 5.15% offer.,True,False,False,0.71,0.41
C0103768,2026-07-28 12:34:06.230190,STATEMENT,735,Confirmed next payment due date.,False,False,False,0.01,0.57
C0103768,2026-08-10 17:42:20.105398,MORTGAGE_INQUIRY,892,Wants to speak to a mortgage specialist about refinancing. Mentioned rate shopping.,True,True,False,0.96,-0.15
C0103771,2026-07-27 21:23:16.728799,STATEMENT,736,Requested a copy of the most recent mortgage statement for tax purposes.,False,False,False,0.02,0.35
C0103773,2026-08-18 18:30:20.774205,GENERAL,158,General question about online banking access.,False,False,False,0.31,0.68
C0103774,2026-07-14 16:58:45.940674,MORTGAGE_INQUIRY,876,Wants to speak to a mortgage specialist about refinancing. Mentioned rate shopping.,True,True,False,0.98,-0.74
C0103774,2026-09-07 01:17:22.338682,STATEMENT,349,Requested a copy of the most recent mortgage statement for tax purposes.,False,False,False,0.0,0.27
C0103778,2026-06-27 22:57:06.754870,PAYMENT,817,Requested a copy of the most recent mortgage statement for tax purposes.,False,False,False,0.02,0.36
C0103781,2026-07-13 21:48:38.529189,GENERAL,879,Requested a copy of the most recent mortgage statement for tax purposes.,False,False,False,0.26,0.61
C0103781,2026-08-06 08:54:54.088082,STATEMENT,394,General question about online banking access.,False,False,False,0.27,-0.58
C0103783,2026-08-05 06:05:08.680567,PAYMENT,570,Question about escrow analysis and property tax increase.,False,False,False,0.05,0.13
C0103785,2026-07-17 02:10:08.160675,PAYMENT,490,Confirmed next payment due date.,False,False,False,0.05,0.81
C0103792,2026-06-22 18:44:10.341580,MORTGAGE_INQUIRY,471,Called about refinancing options — wanted to know break-even on closing costs against a 5.37% offer.,True,True,False,0.67,0.28
C0103794,2026-07-14 05:04:50.158798,MORTGAGE_INQUIRY,195,Customer asked what our current 30-year rates look like and mentioned they saw 5.38% at Rocket.,True,True,False,1.0,-0.2
C0103798,2026-09-10 13:50:53.356943,ESCROW,302,Confirmed next payment due date.,False,False,False,0.23,0.57
C0103799,2026-07-07 10:47:23.726872,PAYMENT,315,Confirmed next payment due date.,False,False,False,0.25,-0.24
C0103806,2026-06-18 01:06:07.930185,STATEMENT,444,Requested a copy of the most recent mortgage statement for tax purposes.,False,False,False,0.0,-0.01
C0103806,2026-09-10 12:28:33.849758,MORTGAGE_INQUIRY,696,Called about refinancing options — wanted to know break-even on closing costs against a 5.29% offer.,True,True,False,0.7,0.37
C0103810,2026-06-15 09:21:38.969577,MORTGAGE_INQUIRY,666,Customer asked what our current 30-year rates look like and mentioned they saw 5.31% at a competitor.,True,True,False,0.64,0.24
C0103816,2026-06-16 09:08:33.897439,MORTGAGE_INQUIRY,858,Inquired about payoff amount and where to send funds. Sounded like they may be refinancing elsewhere.,True,True,True,0.73,-0.47
C0103817,2026-07-01 06:39:09.913365,PAYMENT,259,Asked how to set up autopay for the mortgage.,False,False,False,0.19,0.26
C0103826,2026-08-25 22:17:38.797673,MORTGAGE_INQUIRY,567,Customer asked what our current 30-year rates look like and mentioned they saw 5.49% at Chase.,True,True,False,0.93,0.45
C0103827,2026-07-01 04:11:40.298207,MORTGAGE_INQUIRY,599,Wants to speak to a mortgage specialist about refinancing. Mentioned rate shopping.,True,True,False,1.0,0.18
C0103827,2026-07-19 03:39:41.788369,MORTGAGE_INQUIRY,97,Inquired about payoff amount and where to send funds. Sounded like they may be refinancing elsewhere.,True,False,True,0.36,-0.29
C0103831,2026-07-26 03:53:14.923075,MORTGAGE_INQUIRY,565,Called about refinancing options — wanted to know break-even on closing costs against a 5.32% offer.,True,True,False,0.88,0.11
C0103833,2026-07-06 21:41:24.004782,MORTGAGE_INQUIRY,613,Wants to speak to a mortgage specialist about refinancing. Mentioned rate shopping.,True,True,False,0.94,0.0
C0103833,2026-07-25 18:45:07.775259,PAYMENT,204,Asked how to set up autopay for the mortgage.,False,False,False,0.4,-0.3
C0103842,2026-08-09 11:19:56.858537,STATEMENT,357,Requested a copy of the most recent mortgage statement for tax purposes.,False,False,False,0.1,-0.4
C0103845,2026-07-04 22:24:16.574502,MORTGAGE_INQUIRY,854,Customer asked what our current 30-year rates look like and mentioned they saw 5.33% at Chase.,True,True,False,0.97,-0.06
C0103845,2026-07-16 05:43:57.967627,MORTGAGE_INQUIRY,548,Called about refinancing options — wanted to know break-even on closing costs against a 5.43% offer.,True,True,False,0.7,-0.06
C0103847,2026-08-03 13:52:52.972636,MORTGAGE_INQUIRY,777,Wants to speak to a mortgage specialist about refinancing. Mentioned rate shopping.,True,True,False,0.8,-0.53
C0103847,2026-09-06 10:41:13.613948,MORTGAGE_INQUIRY,347,Customer asked what our current 30-year rates look like and mentioned they saw 5.23% at an online lender.,True,True,False,0.89,-0.21
C0103852,2026-08-18 16:44:10.211424,MORTGAGE_INQUIRY,121,Inquired about payoff amount and where to send funds. Sounded like they may be refinancing elsewhere.,True,True,True,0.82,0.02
C0103852,2026-09-01 04:49:22.441384,PAYMENT,294,Question about escrow analysis and property tax increase.,False,False,False,0.08,0.38
C0103857,2026-06-17 07:21:11.195336,MORTGAGE_INQUIRY,575,Asked about the process to pay off the loan early and whether there are any prepayment penalties.,True,True,True,0.7,0.32
C0103857,2026-09-08 02:32:49.075250,MORTGAGE_INQUIRY,128,Inquired about payoff amount and where to send funds. Sounded like they may be refinancing elsewhere.,True,True,True,0.74,0.09
C0103858,2026-08-31 12:44:41.282896,MORTGAGE_INQUIRY,106,Wants to speak to a mortgage specialist about refinancing. Mentioned rate shopping.,True,True,False,0.8,-0.06
C0103863,2026-07-30 17:54:07.412737,GENERAL,395,Asked how to set up autopay for the mortgage.,False,False,False,0.39,0.04
C0103863,2026-08-07 23:41:06.668845,ESCROW,859,Requested a copy of the most recent mortgage statement for tax purposes.,False,False,False,0.0,-0.24
C0103870,2026-08-03 01:15:57.524918,STATEMENT,183,Requested a copy of the most recent mortgage statement for tax purposes.,False,False,False,0.27,0.38
C0103870,2026-09-10 06:54:28.555224,GENERAL,427,Confirmed next payment due date.,False,False,False,0.32,-0.23
C0103871,2026-07-27 03:11:14.200423,GENERAL,222,Confirmed next payment due date.,False,False,False,0.13,0.01
C0103871,2026-08-02 04:30:40.039302,PAYMENT,154,Confirmed next payment due date.,False,False,False,0.0,0.64
C0103873,2026-06-21 18:05:01.552221,MORTGAGE_INQUIRY,497,Called about refinancing options — wanted to know break-even on closing costs against a 5.55% offer.,True,False,False,0.77,0.45
C0103876,2026-07-03 06:41:27.857200,MORTGAGE_INQUIRY,434,Customer asked what our current 30-year rates look like and mentioned they saw 5.21% at an online lender.,True,True,False,0.59,-0.13
C0103877,2026-07-26 15:42:34.746698,PAYMENT,220,General question about online banking access.,False,False,False,0.04,0.29
C0103877,2026-08-23 01:10:45.832374,ESCROW,200,Asked how to set up autopay for the mortgage.,False,False,False,0.17,-0.11
C0103879,2026-08-01 12:51:31.423611,MORTGAGE_INQUIRY,706,Called about refinancing options — wanted to know break-even on closing costs against a 5.52% offer.,True,True,False,0.67,-0.2
C0103881,2026-07-23 14:52:24.669097,PAYMENT,325,Requested a copy of the most recent mortgage statement for tax purposes.,False,False,False,0.4,-0.24
C0103894,2026-07-01 20:38:32.773401,MORTGAGE_INQUIRY,572,Wants to speak to a mortgage specialist about refinancing. Mentioned rate shopping.,True,True,False,0.87,0.58
C0103894,2026-07-07 10:25:28.001425,ESCROW,379,Confirmed next payment due date.,False,False,False,0.39,0.11
C0103895,2026-07-22 05:39:17.353565,ESCROW,74,Confirmed next payment due date.,False,False,False,0.12,0.0
C0103901,2026-06-20 03:12:49.911718,GENERAL,244,Requested a copy of the most recent mortgage statement for tax purposes.,False,False,False,0.26,0.25
C0103905,2026-08-04 22:04:03.227010,MORTGAGE_INQUIRY,640,Called about refinancing options — wanted to know break-even on closing costs against a 5.3% offer.,True,True,False,0.65,0.34
C0103905,2026-08-30 05:57:33.625259,ESCROW,566,Requested a copy of the most recent mortgage statement for tax purposes.,False,False,False,0.18,0.62
C0103909,2026-08-16 00:48:02.222848,GENERAL,92,Requested a copy of the most recent mortgage statement for tax purposes.,False,False,False,0.05,0.31
C0103912,2026-06-25 22:41:40.671561,MORTGAGE_INQUIRY,550,Customer asked what our current 30-year rates look like and mentioned they saw 5.42% at Chase.,True,True,False,0.98,-0.0
C0103912,2026-07-09 07:43:26.004951,ESCROW,340,Question about escrow analysis and property tax increase.,False,False,False,0.39,0.65
C0103918,2026-09-05 08:04:49.193368,MORTGAGE_INQUIRY,513,Wants to speak to a mortgage specialist about refinancing. Mentioned rate shopping.,True,False,False,0.89,-0.29
C0103920,2026-06-28 03:44:35.341373,MORTGAGE_INQUIRY,334,Inquired about payoff amount and where to send funds. Sounded like they may be refinancing elsewhere.,True,True,True,0.52,-0.16
C0103920,2026-09-01 12:38:56.100748,MORTGAGE_INQUIRY,757,Inquired about payoff amount and where to send funds. Sounded like they may be refinancing elsewhere.,True,False,True,0.66,-0.3
C0103930,2026-08-12 06:17:55.905292,MORTGAGE_INQUIRY,263,Customer asked what our current 30-year rates look like and mentioned they saw 5.42% at Chase.,True,True,False,0.81,0.2
C0103930,2026-09-03 05:54:01.903482,STATEMENT,373,General question about online banking access.,False,False,False,0.33,0.31
C0103931,2026-09-07 15:30:21.243754,MORTGAGE_INQUIRY,538,Asked about the process to pay off the loan early and whether there are any prepayment penalties.,True,False,True,0.68,-0.08
C0103935,2026-06-29 21:15:18.692872,MORTGAGE_INQUIRY,818,Wants to speak to a mortgage specialist about refinancing. Mentioned rate shopping.,True,True,False,0.62,0.1
C0103936,2026-06-20 01:08:14.586729,STATEMENT,851,Question about escrow analysis and property tax increase.,False,False,False,0.3,0.24
C0103937,2026-09-01 14:26:04.022935,STATEMENT,660,Asked how to set up autopay for the mortgage.,False,False,False,0.18,0.32
C0103937,2026-09-02 09:39:46.139913,PAYMENT,841,Asked how to set up autopay for the mortgage.,False,False,False,0.07,0.18
C0103938,2026-08-08 08:07:45.135523,MORTGAGE_INQUIRY,439,Inquired about payoff amount and where to send funds. Sounded like they may be refinancing elsewhere.,True,True,True,1.0,-0.27
C0103938,2026-08-22 19:51:12.001435,PAYMENT,585,Confirmed next payment due date.,False,False,False,0.41,0.37
C0103940,2026-07-21 12:16:11.902693,MORTGAGE_INQUIRY,420,Asked about the process to pay off the loan early and whether there are any prepayment penalties.,True,False,True,0.79,0.05
C0103941,2026-07-06 16:59:31.932027,MORTGAGE_INQUIRY,590,Inquired about payoff amount and where to send funds. Sounded like they may be refinancing elsewhere.,True,False,True,0.65,0.08
C0103941,2026-09-10 07:46:37.660243,ESCROW,301,Question about escrow analysis and property tax increase.,False,False,False,0.0,-0.43
C0103942,2026-08-16 07:59:52.881993,ESCROW,597,Question about escrow analysis and property tax increase.,False,False,False,0.0,0.42
C0103949,2026-08-09 05:44:32.222985,PAYMENT,135,General question about online banking access.,False,False,False,0.24,0.51
C0103954,2026-07-29 00:07:21.616293,PAYMENT,563,Asked how to set up autopay for the mortgage.,False,False,False,0.0,0.11
C0103954,2026-08-12 12:02:01.134213,ESCROW,205,Question about escrow analysis and property tax increase.,False,False,False,0.14,0.68
C0103958,2026-08-03 06:54:21.808496,MORTGAGE_INQUIRY,442,Inquired about payoff amount and where to send funds. Sounded like they may be refinancing elsewhere.,True,True,True,0.54,0.4
C0103959,2026-07-15 12:07:42.546832,STATEMENT,219,Confirmed next payment due date.,False,False,False,0.0,0.62
C0103959,2026-09-08 15:39:52.512308,MORTGAGE_INQUIRY,163,Customer asked what our current 30-year rates look like and mentioned they saw 5.56% at an online lender.,True,True,False,0.87,-0.53
C0103967,2026-09-02 12:56:59.545121,STATEMENT,67,Question about escrow analysis and property tax increase.,False,False,False,0.23,0.17
C0103974,2026-07-09 00:24:15.111471,ESCROW,285,Asked how to set up autopay for the mortgage.,False,False,False,0.14,0.04
C0103974,2026-07-14 16:18:17.977083,ESCROW,301,Confirmed next payment due date.,False,False,False,0.15,0.05
C0103976,2026-08-30 10:32:52.030503,PAYMENT,569,Question about escrow analysis and property tax increase.,False,False,False,0.45,-0.18
C0103978,2026-06-20 19:35:12.297163,MORTGAGE_INQUIRY,606,Called about refinancing options — wanted to know break-even on closing costs against a 5.48% offer.,True,True,False,0.91,0.0
C0103978,2026-08-28 13:00:58.101012,STATEMENT,273,General question about online banking access.,False,False,False,0.29,-0.16
C0103980,2026-08-17 08:01:38.799433,MORTGAGE_INQUIRY,376,Asked about the process to pay off the loan early and whether there are any prepayment penalties.,True,True,True,0.91,-0.26
C0103980,2026-08-26 01:01:11.307388,ESCROW,597,Requested a copy of the most recent mortgage statement for tax purposes.,False,False,False,0.19,0.34
C0103988,2026-07-13 11:47:10.436344,PAYMENT,690,Question about escrow analysis and property tax increase.,False,False,False,0.34,0.31
C0103997,2026-07-17 15:29:52.288456,STATEMENT,574,Requested a copy of the most recent mortgage statement for tax purposes.,False,False,False,0.22,0.46
C0104003,2026-07-30 04:39:15.389862,MORTGAGE_INQUIRY,315,Called about refinancing options — wanted to know break-even on closing costs against a 5.42% offer.,True,True,False,0.55,-0.27
C0104003,2026-08-27 18:40:12.474728,MORTGAGE_INQUIRY,227,Wants to speak to a mortgage specialist about refinancing. Mentioned rate shopping.,True,False,False,0.97,0.33
C0104005,2026-07-28 05:15:22.386814,MORTGAGE_INQUIRY,657,Asked about the process to pay off the loan early and whether there are any prepayment penalties.,True,False,True,0.82,0.41
C0104005,2026-08-14 07:40:30.431313,STATEMENT,284,Question about escrow analysis and property tax increase.,False,False,False,0.11,-0.04
C0104006,2026-06-14 07:48:50.810712,MORTGAGE_INQUIRY,438,Wants to speak to a mortgage specialist about refinancing. Mentioned rate shopping.,True,True,False,0.81,0.31
C0104006,2026-08-24 11:35:30.420749,GENERAL,67,Asked how to set up autopay for the mortgage.,False,False,False,0.27,0.66
C0104007,2026-07-09 10:55:35.294250,MORTGAGE_INQUIRY,220,Called about refinancing options — wanted to know break-even on closing costs against a 5.42% offer.,True,True,False,0.89,-0.13
C0104007,2026-08-03 09:00:15.978533,MORTGAGE_INQUIRY,825,Called about refinancing options — wanted to know break-even on closing costs against a 5.24% offer.,True,True,False,0.77,-0.2
C0104010,2026-07-17 12:06:21.131346,PAYMENT,730,Asked how to set up autopay for the mortgage.,False,False,False,0.06,0.53
C0104010,2026-08-23 01:15:35.103857,GENERAL,249,Question about escrow analysis and property tax increase.,False,False,False,0.17,0.3
C0104012,2026-06-23 22:12:30.823496,MORTGAGE_INQUIRY,139,Customer asked what our current 30-year rates look like and mentioned they saw 5.34% at Rocket.,True,False,False,0.64,-0.14
C0104012,2026-07-03 14:57:35.565314,MORTGAGE_INQUIRY,107,Called about refinancing options — wanted to know break-even on closing costs against a 5.15% offer.,True,True,False,1.0,-0.51
C0104013,2026-06-18 15:04:14.138273,PAYMENT,758,Question about escrow analysis and property tax increase.,False,False,False,0.21,-0.07
C0104013,2026-06-23 13:11:52.581775,MORTGAGE_INQUIRY,275,Asked about the process to pay off the loan early and whether there are any prepayment penalties.,True,True,True,0.88,-0.27
C0104014,2026-06-27 20:57:33.376907,GENERAL,818,Requested a copy of the most recent mortgage statement for tax purposes.,False,False,False,0.16,0.05
C0104015,2026-07-13 13:00:04.382188,MORTGAGE_INQUIRY,745,Customer asked what our current 30-year rates look like and mentioned they saw 5.28% at an online lender.,True,True,False,0.75,-0.18
C0104015,2026-08-29 23:47:12.021841,GENERAL,63,Asked how to set up autopay for the mortgage.,False,False,False,0.14,0.09
C0104017,2026-06-15 16:52:13.275099,MORTGAGE_INQUIRY,322,Asked about the process to pay off the loan early and whether there are any prepayment penalties.,True,False,True,0.69,-0.2
C0104017,2026-07-18 07:38:34.897816,MORTGAGE_INQUIRY,478,Inquired about payoff amount and where to send funds. Sounded like they may be refinancing elsewhere.,True,False,True,0.93,-0.06
C0104019,2026-07-04 23:52:19.848858,PAYMENT,123,Question about escrow analysis and property tax increase.,False,False,False,0.18,0.17
C0104024,2026-06-13 15:40:56.592502,MORTGAGE_INQUIRY,225,Customer asked what our current 30-year rates look like and mentioned they saw 5.58% at an online lender.,True,True,False,0.74,-0.06
C0104031,2026-07-18 09:55:54.265621,MORTGAGE_INQUIRY,600,Wants to speak to a mortgage specialist about refinancing. Mentioned rate shopping.,True,False,False,0.84,-0.03
C0104034,2026-08-11 11:45:03.121082,MORTGAGE_INQUIRY,863,Wants to speak to a mortgage specialist about refinancing. Mentioned rate shopping.,True,True,False,0.84,0.09
C0104037,2026-06-14 06:21:30.008679,MORTGAGE_INQUIRY,859,Inquired about payoff amount and where to send funds. Sounded like they may be refinancing elsewhere.,True,True,True,0.76,-0.36
C0104047,2026-07-16 21:42:44.505369,MORTGAGE_INQUIRY,689,Customer asked what our current 30-year rates look like and mentioned they saw 5.31% at Chase.,True,True,False,0.36,-0.22
C0104048,2026-06-19 04:50:51.795851,PAYMENT,117,Confirmed next payment due date.,False,False,False,0.15,0.5
C0104048,2026-07-07 04:09:42.651940,ESCROW,710,Asked how to set up autopay for the mortgage.,False,False,False,0.18,-0.02
C0104053,2026-09-02 17:02:35.791706,MORTGAGE_INQUIRY,547,Called about refinancing options — wanted to know break-even on closing costs against a 5.26% offer.,True,False,False,0.89,0.29
C0104054,2026-06-28 01:18:22.734343,MORTGAGE_INQUIRY,145,Called about refinancing options — wanted to know break-even on closing costs against a 5.33% offer.,True,False,False,0.83,-0.12
C0104055,2026-08-10 01:56:25.281259,ESCROW,436,Asked how to set up autopay for the mortgage.,False,False,False,0.0,-0.07
C0104057,2026-07-23 13:47:39.491020,MORTGAGE_INQUIRY,879,Called about refinancing options — wanted to know break-even on closing costs against a 5.17% offer.,True,True,False,1.0,-0.31
C0104058,2026-06-23 16:13:45.785274,MORTGAGE_INQUIRY,556,Called about refinancing options — wanted to know break-even on closing costs against a 5.17% offer.,True,True,False,0.89,-0.34
C0104058,2026-08-22 00:27:47.445157,MORTGAGE_INQUIRY,771,Customer asked what our current 30-year rates look like and mentioned they saw 5.29% at Rocket.,True,True,False,0.48,-0.11
C0104059,2026-08-16 18:49:30.388455,PAYMENT,539,Question about escrow analysis and property tax increase.,False,False,False,0.25,-0.11
C0104059,2026-09-05 12:20:41.577275,PAYMENT,523,Requested a copy of the most recent mortgage statement for tax purposes.,False,False,False,0.36,0.21
C0104063,2026-07-30 19:02:50.625546,PAYMENT,676,Question about escrow analysis and property tax increase.,False,False,False,0.25,0.28
C0104063,2026-09-04 11:02:44.923668,MORTGAGE_INQUIRY,209,Called about refinancing options — wanted to know break-even on closing costs against a 5.48% offer.,True,True,False,0.79,0.0
C0104064,2026-06-26 01:59:51.571536,GENERAL,727,Asked how to set up autopay for the mortgage.,False,False,False,0.09,-0.55
C0104065,2026-07-03 14:05:38.421587,GENERAL,345,Requested a copy of the most recent mortgage statement for tax purposes.,False,False,False,0.41,0.04
C0104066,2026-08-02 23:54:07.872285,MORTGAGE_INQUIRY,787,Customer asked what our current 30-year rates look like and mentioned they saw 5.16% at a competitor.,True,True,False,1.0,-0.35
C0104066,2026-08-12 16:05:47.704493,ESCROW,579,Asked how to set up autopay for the mortgage.,False,False,False,0.27,0.33
C0104070,2026-09-09 13:14:58.469649,MORTGAGE_INQUIRY,369,Customer asked what our current 30-year rates look like and mentioned they saw 5.31% at an online lender.,True,False,False,0.76,-0.49
C0104072,2026-06-22 12:35:38.123720,MORTGAGE_INQUIRY,897,Inquired about payoff amount and where to send funds. Sounded like they may be refinancing elsewhere.,True,True,True,0.69,0.36
C0104072,2026-08-09 21:41:57.615963,ESCROW,676,Asked how to set up autopay for the mortgage.,False,False,False,0.0,-0.16
C0104082,2026-07-02 04:53:53.081973,MORTGAGE_INQUIRY,379,Customer asked what our current 30-year rates look like and mentioned they saw 5.34% at Rocket.,True,False,False,0.76,-0.21
C0104082,2026-07-20 12:22:22.740363,MORTGAGE_INQUIRY,154,Customer asked what our current 30-year rates look like and mentioned they saw 5.35% at Chase.,True,True,False,0.79,0.08
C0104083,2026-06-23 16:21:22.560357,PAYMENT,551,Confirmed next payment due date.,False,False,False,0.13,0.39
C0104083,2026-09-05 05:45:56.386727,STATEMENT,404,Asked how to set up autopay for the mortgage.,False,False,False,0.18,0.08
C0104084,2026-08-16 18:18:55.233238,STATEMENT,639,Question about escrow analysis and property tax increase.,False,False,False,0.07,0.02
C0104085,2026-07-04 21:15:57.179200,MORTGAGE_INQUIRY,819,Wants to speak to a mortgage specialist about refinancing. Mentioned rate shopping.,True,False,False,0.68,0.14
C0104085,2026-09-09 12:53:05.418645,MORTGAGE_INQUIRY,400,Wants to speak to a mortgage specialist about refinancing. Mentioned rate shopping.,True,True,False,0.48,-0.45
C0104096,2026-08-05 10:58:53.467973,MORTGAGE_INQUIRY,182,Inquired about payoff amount and where to send funds. Sounded like they may be refinancing elsewhere.,True,True,True,0.74,0.07
C0104100,2026-06-15 21:47:13.109903,ESCROW,358,Question about escrow analysis and property tax increase.,False,False,False,0.0,0.12
C0104100,2026-07-15 13:05:22.958922,ESCROW,372,General question about online banking access.,False,False,False,0.12,0.11
C0104102,2026-08-20 00:55:58.308330,MORTGAGE_INQUIRY,502,Wants to speak to a mortgage specialist about refinancing. Mentioned rate shopping.,True,True,False,0.89,-0.52
C0104102,2026-09-01 03:55:05.013778,MORTGAGE_INQUIRY,517,Called about refinancing options — wanted to know break-even on closing costs against a 5.24% offer.,True,True,False,0.59,0.28
C0104104,2026-07-17 01:23:29.704011,STATEMENT,206,Requested a copy of the most recent mortgage statement for tax purposes.,False,False,False,0.14,-0.25
C0104105,2026-07-22 09:28:10.145016,MORTGAGE_INQUIRY,354,Inquired about payoff amount and where to send funds. Sounded like they may be refinancing elsewhere.,True,True,True,0.93,-0.74
C0104105,2026-08-29 12:50:58.576337,GENERAL,368,Confirmed next payment due date.,False,False,False,0.0,0.06
C0104107,2026-08-03 20:21:24.649071,PAYMENT,889,General question about online banking access.,False,False,False,0.0,0.32
C0104107,2026-08-15 01:13:46.137943,MORTGAGE_INQUIRY,305,Asked about the process to pay off the loan early and whether there are any prepayment penalties.,True,True,True,0.89,0.12
C0104108,2026-07-01 01:58:10.522398,GENERAL,791,Question about escrow analysis and property tax increase.,False,False,False,0.0,0.28
C0104108,2026-07-02 10:44:27.688502,ESCROW,71,Asked how to set up autopay for the mortgage.,False,False,False,0.08,0.4
C0104114,2026-08-20 04:27:05.213036,MORTGAGE_INQUIRY,212,Asked about the process to pay off the loan early and whether there are any prepayment penalties.,True,False,True,0.72,0.17
C0104114,2026-09-01 04:49:35.902934,MORTGAGE_INQUIRY,496,Called about refinancing options — wanted to know break-even on closing costs against a 5.53% offer.,True,False,False,0.74,0.27
C0104115,2026-06-13 20:36:27.201797,MORTGAGE_INQUIRY,529,Asked about the process to pay off the loan early and whether there are any prepayment penalties.,True,False,True,0.71,-0.27
C0104115,2026-07-27 21:53:35.225868,MORTGAGE_INQUIRY,698,Wants to speak to a mortgage specialist about refinancing. Mentioned rate shopping.,True,False,False,0.63,0.05
C0104119,2026-07-14 01:22:07.982062,MORTGAGE_INQUIRY,772,Asked about the process to pay off the loan early and whether there are any prepayment penalties.,True,True,True,0.7,-0.13
C0104119,2026-07-31 13:15:32.025310,STATEMENT,439,Requested a copy of the most recent mortgage statement for tax purposes.,False,False,False,0.0,-0.06
C0104124,2026-06-22 18:47:38.219397,MORTGAGE_INQUIRY,761,Inquired about payoff amount and where to send funds. Sounded like they may be refinancing elsewhere.,True,True,True,0.58,0.16
C0104124,2026-07-26 11:53:24.901798,MORTGAGE_INQUIRY,770,Called about refinancing options — wanted to know break-even on closing costs against a 5.3% offer.,True,True,False,0.77,0.47
C0104125,2026-08-21 07:07:11.683967,GENERAL,839,Confirmed next payment due date.,False,False,False,0.09,0.45
C0104125,2026-08-21 15:10:00.517228,MORTGAGE_INQUIRY,657,Customer asked what our current 30-year rates look like and mentioned they saw 5.51% at Chase.,True,False,False,0.46,0.18
C0104126,2026-07-13 12:20:58.643374,MORTGAGE_INQUIRY,314,Asked about the process to pay off the loan early and whether there are any prepayment penalties.,True,True,True,0.84,-0.06
C0104126,2026-08-08 06:52:02.664735,MORTGAGE_INQUIRY,211,Called about refinancing options — wanted to know break-even on closing costs against a 5.44% offer.,True,True,False,1.0,-0.26
C0104128,2026-08-03 19:01:23.303247,PAYMENT,629,Requested a copy of the most recent mortgage statement for tax purposes.,False,False,False,0.27,-0.09
C0104132,2026-07-23 11:38:32.469310,PAYMENT,872,Question about escrow analysis and property tax increase.,False,False,False,0.1,0.49
C0104135,2026-06-19 01:14:44.226576,ESCROW,610,General question about online banking access.,False,False,False,0.15,0.05
C0104139,2026-07-09 02:19:20.776396,MORTGAGE_INQUIRY,209,Asked about the process to pay off the loan early and whether there are any prepayment penalties.,True,True,True,0.98,0.2
C0104139,2026-07-13 22:49:20.031187,MORTGAGE_INQUIRY,562,Customer asked what our current 30-year rates look like and mentioned they saw 5.15% at Chase.,True,False,False,0.61,-0.38
C0104143,2026-08-23 08:22:18.264814,MORTGAGE_INQUIRY,899,Customer asked what our current 30-year rates look like and mentioned they saw 5.29% at an online lender.,True,True,False,0.63,-0.23
C0104143,2026-09-06 13:49:10.311819,STATEMENT,848,Question about escrow analysis and property tax increase.,False,False,False,0.0,0.3
C0104145,2026-07-21 19:18:36.845822,MORTGAGE_INQUIRY,104,Called about refinancing options — wanted to know break-even on closing costs against a 5.54% offer.,True,True,False,0.7,0.06
C0104145,2026-07-25 06:52:51.112121,MORTGAGE_INQUIRY,213,Customer asked what our current 30-year rates look like and mentioned they saw 5.33% at Chase.,True,False,False,0.54,-0.28
C0104147,2026-09-09 05:08:11.387521,MORTGAGE_INQUIRY,229,Inquired about payoff amount and where to send funds. Sounded like they may be refinancing elsewhere.,True,True,True,0.63,-0.33
C0104151,2026-07-31 07:35:32.996545,MORTGAGE_INQUIRY,685,Inquired about payoff amount and where to send funds. Sounded like they may be refinancing elsewhere.,True,False,True,0.53,0.09
C0104157,2026-08-18 01:54:49.818406,GENERAL,437,Confirmed next payment due date.,False,False,False,0.14,-0.03
C0104161,2026-07-06 15:43:28.337373,STATEMENT,355,Requested a copy of the most recent mortgage statement for tax purposes.,False,False,False,0.0,0.33
C0104161,2026-09-02 23:58:16.154836,MORTGAGE_INQUIRY,754,Wants to speak to a mortgage specialist about refinancing. Mentioned rate shopping.,True,True,False,0.51,-0.16
C0104166,2026-08-17 01:34:04.963580,ESCROW,546,General question about online banking access.,False,False,False,0.0,0.5
C0104166,2026-08-26 23:52:06.153758,MORTGAGE_INQUIRY,375,Inquired about payoff amount and where to send funds. Sounded like they may be refinancing elsewhere.,True,True,True,0.62,-0.67
C0104174,2026-07-13 04:54:21.746407,ESCROW,394,Question about escrow analysis and property tax increase.,False,False,False,0.25,0.0
C0104174,2026-07-19 01:40:40.903801,PAYMENT,359,Asked how to set up autopay for the mortgage.,False,False,False,0.0,-0.58
C0104177,2026-06-23 23:34:48.778016,STATEMENT,90,Question about escrow analysis and property tax increase.,False,False,False,0.26,0.56
C0104177,2026-09-10 18:42:50.424285,PAYMENT,95,General question about online banking access.,False,False,False,0.28,0.06
C0104179,2026-07-02 22:14:35.457464,MORTGAGE_INQUIRY,115,Customer asked what our current 30-year rates look like and mentioned they saw 5.47% at Chase.,True,False,False,0.78,0.48
C0104179,2026-07-12 23:48:01.300699,MORTGAGE_INQUIRY,64,Customer asked what our current 30-year rates look like and mentioned they saw 5.4% at an online lender.,True,False,False,0.74,-0.5
C0104180,2026-07-13 07:33:37.226442,GENERAL,666,Requested a copy of the most recent mortgage statement for tax purposes.,False,False,False,0.02,0.28
C0104189,2026-07-19 04:04:45.405336,MORTGAGE_INQUIRY,448,Wants to speak to a mortgage specialist about refinancing. Mentioned rate shopping.,True,True,False,0.72,-0.16
C0104189,2026-08-23 11:14:09.016277,MORTGAGE_INQUIRY,781,Wants to speak to a mortgage specialist about refinancing. Mentioned rate shopping.,True,False,False,0.75,-0.32
C0104194,2026-06-24 06:04:48.067993,ESCROW,610,Question about escrow analysis and property tax increase.,False,False,False,0.16,0.57
C0104194,2026-09-04 16:03:33.015384,ESCROW,445,General question about online banking access.,False,False,False,0.04,-0.02
C0104198,2026-06-21 16:39:17.763313,GENERAL,757,Requested a copy of the most recent mortgage statement for tax purposes.,False,False,False,0.0,0.04
C0104199,2026-06-25 08:17:27.193981,STATEMENT,833,General question about online banking access.,False,False,False,0.02,0.27
C0104199,2026-08-25 01:17:26.673714,GENERAL,702,Asked how to set up autopay for the mortgage.,False,False,False,0.06,0.75
C0104200,2026-06-23 11:25:11.448357,MORTGAGE_INQUIRY,495,Called about refinancing options — wanted to know break-even on closing costs against a 5.58% offer.,True,True,False,0.74,0.1
C0104202,2026-07-25 03:02:22.087729,PAYMENT,781,Requested a copy of the most recent mortgage statement for tax purposes.,False,False,False,0.14,0.43
C0104202,2026-09-01 02:51:31.223942,MORTGAGE_INQUIRY,803,Inquired about payoff amount and where to send funds. Sounded like they may be refinancing elsewhere.,True,True,True,0.89,-0.27
C0104204,2026-07-01 14:58:53.746873,PAYMENT,892,Confirmed next payment due date.,False,False,False,0.0,0.06
C0104204,2026-07-16 03:14:52.078933,PAYMENT,644,Asked how to set up autopay for the mortgage.,False,False,False,0.35,0.38
C0104214,2026-08-18 14:53:04.992181,MORTGAGE_INQUIRY,246,Inquired about payoff amount and where to send funds. Sounded like they may be refinancing elsewhere.,True,False,True,0.83,0.29
C0104214,2026-08-26 02:12:38.634136,MORTGAGE_INQUIRY,144,Customer asked what our current 30-year rates look like and mentioned they saw 5.11% at an online lender.,True,True,False,0.89,-0.06
C0104217,2026-06-20 06:29:10.774263,ESCROW,326,Question about escrow analysis and property tax increase.,False,False,False,0.1,0.1
C0104217,2026-09-05 23:46:09.343203,MORTGAGE_INQUIRY,510,Called about refinancing options — wanted to know break-even on closing costs against a 5.46% offer.,True,False,False,0.54,-0.36
C0104219,2026-07-16 23:23:22.876894,MORTGAGE_INQUIRY,327,Wants to speak to a mortgage specialist about refinancing. Mentioned rate shopping.,True,False,False,0.68,-0.34
C0104219,2026-08-11 01:55:24.969953,GENERAL,573,Question about escrow analysis and property tax increase.,False,False,False,0.21,0.32
C0104222,2026-07-04 11:17:57.529101,STATEMENT,646,Asked how to set up autopay for the mortgage.,False,False,False,0.07,0.03
C0104222,2026-08-07 12:52:57.061769,MORTGAGE_INQUIRY,92,Wants to speak to a mortgage specialist about refinancing. Mentioned rate shopping.,True,False,False,0.81,-0.17
C0104224,2026-07-18 05:41:32.222167,MORTGAGE_INQUIRY,408,Wants to speak to a mortgage specialist about refinancing. Mentioned rate shopping.,True,False,False,1.0,-0.08
C0104243,2026-07-03 13:34:33.586929,MORTGAGE_INQUIRY,579,Inquired about payoff amount and where to send funds. Sounded like they may be refinancing elsewhere.,True,False,True,0.7,-0.77
C0104248,2026-07-02 02:07:53.048397,MORTGAGE_INQUIRY,263,Called about refinancing options — wanted to know break-even on closing costs against a 5.37% offer.,True,True,False,1.0,-0.11
C0104248,2026-07-16 05:08:34.625360,MORTGAGE_INQUIRY,203,Wants to speak to a mortgage specialist about refinancing. Mentioned rate shopping.,True,True,False,0.77,0.45
C0104250,2026-07-04 04:41:38.075896,MORTGAGE_INQUIRY,635,Customer asked what our current 30-year rates look like and mentioned they saw 5.43% at a competitor.,True,True,False,0.49,0.09
C0104250,2026-07-30 15:23:54.905096,MORTGAGE_INQUIRY,235,Wants to speak to a mortgage specialist about refinancing. Mentioned rate shopping.,True,False,False,0.48,0.14
C0104251,2026-06-19 06:06:38.778274,ESCROW,347,Confirmed next payment due date.,False,False,False,0.31,0.04
C0104259,2026-08-11 13:44:34.609870,MORTGAGE_INQUIRY,548,Wants to speak to a mortgage specialist about refinancing. Mentioned rate shopping.,True,False,False,1.0,-0.04
C0104261,2026-06-24 18:39:57.659092,MORTGAGE_INQUIRY,586,Called about refinancing options — wanted to know break-even on closing costs against a 5.36% offer.,True,True,False,0.55,-0.2
C0104261,2026-09-06 08:29:29.259432,PAYMENT,619,Asked how to set up autopay for the mortgage.,False,False,False,0.17,0.17
C0104264,2026-08-30 03:16:59.445239,ESCROW,145,General question about online banking access.,False,False,False,0.01,-0.24
C0104264,2026-09-04 13:10:37.788747,STATEMENT,716,General question about online banking access.,False,False,False,0.2,-0.3
C0104266,2026-09-07 13:27:49.386442,MORTGAGE_INQUIRY,202,Asked about the process to pay off the loan early and whether there are any prepayment penalties.,True,False,True,0.59,-0.06
C0104270,2026-07-25 00:55:18.192046,PAYMENT,476,General question about online banking access.,False,False,False,0.0,0.11
C0104270,2026-08-29 22:33:41.379870,STATEMENT,302,Confirmed next payment due date.,False,False,False,0.04,0.32
C0104273,2026-08-14 07:24:53.720135,GENERAL,119,Requested a copy of the most recent mortgage statement for tax purposes.,False,False,False,0.08,-0.29
C0104273,2026-08-27 17:46:53.104358,MORTGAGE_INQUIRY,86,Inquired about payoff amount and where to send funds. Sounded like they may be refinancing elsewhere.,True,False,True,0.69,-0.13
C0104274,2026-06-16 12:26:52.452946,GENERAL,792,General question about online banking access.,False,False,False,0.0,0.39
C0104274,2026-06-20 05:25:41.566898,ESCROW,142,Asked how to set up autopay for the mortgage.,False,False,False,0.21,-0.11
C0104282,2026-07-10 00:22:18.695769,MORTGAGE_INQUIRY,647,Called about refinancing options — wanted to know break-even on closing costs against a 5.56% offer.,True,True,False,0.67,-0.51
C0104282,2026-07-12 14:34:30.462948,PAYMENT,697,Confirmed next payment due date.,False,False,False,0.32,0.25
C0104283,2026-07-24 09:01:11.603709,MORTGAGE_INQUIRY,91,Asked about the process to pay off the loan early and whether there are any prepayment penalties.,True,True,True,0.92,-0.07
C0104288,2026-08-14 17:28:03.909811,ESCROW,418,General question about online banking access.,False,False,False,0.32,0.13
C0104288,2026-08-15 16:29:23.795676,MORTGAGE_INQUIRY,609,Called about refinancing options — wanted to know break-even on closing costs against a 5.47% offer.,True,True,False,0.91,-0.14
C0104289,2026-06-19 07:51:59.144871,GENERAL,562,Question about escrow analysis and property tax increase.,False,False,False,0.25,0.22
C0104289,2026-06-19 23:03:05.763531,GENERAL,144,Asked how to set up autopay for the mortgage.,False,False,False,0.08,0.42
C0104292,2026-08-13 10:19:29.377071,PAYMENT,267,General question about online banking access.,False,False,False,0.0,0.58
C0104293,2026-07-13 16:48:10.683663,ESCROW,851,General question about online banking access.,False,False,False,0.3,-0.22
C0104295,2026-06-19 03:30:27.453581,STATEMENT,621,Asked how to set up autopay for the mortgage.,False,False,False,0.02,0.07
C0104295,2026-08-26 03:27:45.224644,MORTGAGE_INQUIRY,843,Customer asked what our current 30-year rates look like and mentioned they saw 5.44% at Rocket.,True,False,False,0.8,0.04
C0104299,2026-07-19 00:48:28.746430,MORTGAGE_INQUIRY,555,Called about refinancing options — wanted to know break-even on closing costs against a 5.57% offer.,True,True,False,0.74,-0.14
C0104299,2026-09-10 21:39:01.062554,ESCROW,506,Asked how to set up autopay for the mortgage.,False,False,False,0.31,0.07
C0104300,2026-08-31 22:37:43.352694,PAYMENT,243,Requested a copy of the most recent mortgage statement for tax purposes.,False,False,False,0.21,-0.14
C0104300,2026-09-01 22:28:54.801556,ESCROW,605,Confirmed next payment due date.,False,False,False,0.01,0.46
C0104302,2026-08-23 16:04:07.793356,MORTGAGE_INQUIRY,354,Customer asked what our current 30-year rates look like and mentioned they saw 5.29% at Rocket.,True,True,False,0.85,-0.22
C0104317,2026-09-02 16:15:11.305706,MORTGAGE_INQUIRY,324,Called about refinancing options — wanted to know break-even on closing costs against a 5.5% offer.,True,True,False,0.39,0.1
C0104318,2026-06-17 07:25:35.632193,MORTGAGE_INQUIRY,582,Wants to speak to a mortgage specialist about refinancing. Mentioned rate shopping.,True,False,False,0.78,0.32
C0104318,2026-07-17 22:23:47.451625,STATEMENT,465,Confirmed next payment due date.,False,False,False,0.05,0.42
C0104321,2026-07-02 11:32:00.980540,ESCROW,620,Requested a copy of the most recent mortgage statement for tax purposes.,False,False,False,0.02,0.21
C0104321,2026-07-22 00:54:47.551925,PAYMENT,402,Question about escrow analysis and property tax increase.,False,False,False,0.0,0.19
C0104325,2026-06-29 19:10:45.696861,MORTGAGE_INQUIRY,99,Asked about the process to pay off the loan early and whether there are any prepayment penalties.,True,False,True,0.89,0.83
C0104327,2026-08-17 16:53:18.047959,PAYMENT,567,Question about escrow analysis and property tax increase.,False,False,False,0.16,0.45
C0104329,2026-06-20 07:49:51.266650,GENERAL,446,Asked how to set up autopay for the mortgage.,False,False,False,0.29,0.22
C0104329,2026-07-24 10:54:04.489729,MORTGAGE_INQUIRY,336,Wants to speak to a mortgage specialist about refinancing. Mentioned rate shopping.,True,False,False,0.68,-0.39
C0104330,2026-07-08 23:06:58.106669,STATEMENT,302,Question about escrow analysis and property tax increase.,False,False,False,0.41,-0.09
C0104330,2026-08-16 00:59:03.013671,MORTGAGE_INQUIRY,399,Asked about the process to pay off the loan early and whether there are any prepayment penalties.,True,True,True,0.88,-0.54
C0104333,2026-08-07 17:55:15.643923,MORTGAGE_INQUIRY,235,Wants to speak to a mortgage specialist about refinancing. Mentioned rate shopping.,True,True,False,0.77,-0.36
C0104334,2026-06-25 23:33:09.914708,MORTGAGE_INQUIRY,328,Wants to speak to a mortgage specialist about refinancing. Mentioned rate shopping.,True,True,False,0.88,-0.19
C0104334,2026-08-28 20:06:54.773175,MORTGAGE_INQUIRY,868,Called about refinancing options — wanted to know break-even on closing costs against a 5.16% offer.,True,False,False,0.64,-0.01
C0104336,2026-07-24 16:49:24.713033,ESCROW,433,Requested a copy of the most recent mortgage statement for tax purposes.,False,False,False,0.0,0.5
C0104336,2026-08-28 12:47:57.050044,PAYMENT,870,Asked how to set up autopay for the mortgage.,False,False,False,0.14,0.02
C0104337,2026-08-09 14:02:18.548438,GENERAL,821,Requested a copy of the most recent mortgage statement for tax purposes.,False,False,False,0.16,0.95
C0104338,2026-06-24 05:39:25.575064,STATEMENT,205,Confirmed next payment due date.,False,False,False,0.36,0.48
C0104338,2026-09-06 22:01:31.444278,MORTGAGE_INQUIRY,401,Asked about the process to pay off the loan early and whether there are any prepayment penalties.,True,False,True,0.92,-0.02
C0104339,2026-08-07 13:08:46.607932,MORTGAGE_INQUIRY,205,Customer asked what our current 30-year rates look like and mentioned they saw 5.24% at Rocket.,True,True,False,0.8,-0.13
C0104346,2026-06-23 05:16:44.310056,MORTGAGE_INQUIRY,431,Asked about the process to pay off the loan early and whether there are any prepayment penalties.,True,True,True,0.44,-0.24
C0104359,2026-07-03 00:02:39.867020,MORTGAGE_INQUIRY,525,Wants to speak to a mortgage specialist about refinancing. Mentioned rate shopping.,True,True,False,0.8,-0.64
C0104360,2026-08-11 15:17:35.767352,MORTGAGE_INQUIRY,874,Wants to speak to a mortgage specialist about refinancing. Mentioned rate shopping.,True,True,False,0.71,0.41
C0104360,2026-09-08 15:01:12.904592,MORTGAGE_INQUIRY,215,Customer asked what our current 30-year rates look like and mentioned they saw 5.4% at a competitor.,True,False,False,0.84,0.26
C0104366,2026-07-16 03:48:31.143370,MORTGAGE_INQUIRY,217,Asked about the process to pay off the loan early and whether there are any prepayment penalties.,True,False,True,0.8,-0.42
C0104371,2026-07-04 12:04:16.677781,MORTGAGE_INQUIRY,354,Called about refinancing options — wanted to know break-even on closing costs against a 5.56% offer.,True,True,False,0.94,-0.04
C0104371,2026-07-17 12:45:17.861706,MORTGAGE_INQUIRY,539,Customer asked what our current 30-year rates look like and mentioned they saw 5.23% at a competitor.,True,True,False,0.59,0.04
C0104372,2026-07-06 09:01:17.224810,ESCROW,847,General question about online banking access.,False,False,False,0.0,-0.27
C0104372,2026-08-11 01:00:28.939320,GENERAL,784,Asked how to set up autopay for the mortgage.,False,False,False,0.6,-0.1
C0104377,2026-08-24 04:02:44.110235,MORTGAGE_INQUIRY,679,Customer asked what our current 30-year rates look like and mentioned they saw 5.23% at Rocket.,True,True,False,0.74,-0.05
C0104383,2026-07-28 09:05:02.290244,ESCROW,286,Question about escrow analysis and property tax increase.,False,False,False,0.0,-0.26
C0104384,2026-07-18 11:19:27.171323,STATEMENT,412,General question about online banking access.,False,False,False,0.04,-0.12
C0104384,2026-07-25 13:35:38.511209,ESCROW,592,General question about online banking access.,False,False,False,0.17,0.51
C0104387,2026-08-10 11:52:03.758334,STATEMENT,174,Confirmed next payment due date.,False,False,False,0.0,0.39
C0104392,2026-07-05 19:57:52.463814,PAYMENT,784,Question about escrow analysis and property tax increase.,False,False,False,0.16,0.5
C0104392,2026-07-11 20:44:04.173579,GENERAL,161,Question about escrow analysis and property tax increase.,False,False,False,0.25,0.21
C0104397,2026-07-26 02:22:06.330305,MORTGAGE_INQUIRY,165,Inquired about payoff amount and where to send funds. Sounded like they may be refinancing elsewhere.,True,False,True,0.83,-0.18
C0104398,2026-07-16 10:07:03.070258,MORTGAGE_INQUIRY,416,Called about refinancing options — wanted to know break-even on closing costs against a 5.34% offer.,True,True,False,0.69,0.02
C0104399,2026-08-06 14:38:17.674304,PAYMENT,437,Requested a copy of the most recent mortgage statement for tax purposes.,False,False,False,0.17,-0.0
C0104409,2026-07-27 03:08:32.778233,MORTGAGE_INQUIRY,109,Wants to speak to a mortgage specialist about refinancing. Mentioned rate shopping.,True,True,False,0.74,-0.31
C0104410,2026-08-27 09:26:27.255627,MORTGAGE_INQUIRY,114,Inquired about payoff amount and where to send funds. Sounded like they may be refinancing elsewhere.,True,True,True,0.72,-0.7
C0104413,2026-09-02 06:54:50.022626,MORTGAGE_INQUIRY,732,Wants to speak to a mortgage specialist about refinancing. Mentioned rate shopping.,True,True,False,0.76,-0.17
C0104413,2026-09-10 02:16:45.932263,PAYMENT,815,Requested a copy of the most recent mortgage statement for tax purposes.,False,False,False,0.14,1.0
C0104419,2026-06-29 06:54:57.419531,MORTGAGE_INQUIRY,634,Asked about the process to pay off the loan early and whether there are any prepayment penalties.,True,False,True,0.59,0.04
C0104419,2026-07-16 10:53:09.990556,MORTGAGE_INQUIRY,432,Inquired about payoff amount and where to send funds. Sounded like they may be refinancing elsewhere.,True,True,True,0.64,0.16
C0104421,2026-07-05 01:14:20.062587,GENERAL,198,Requested a copy of the most recent mortgage statement for tax purposes.,False,False,False,0.18,-0.3
C0104431,2026-08-08 04:24:41.441629,GENERAL,716,Asked how to set up autopay for the mortgage.,False,False,False,0.14,-0.18
C0104434,2026-07-07 07:32:39.841983,ESCROW,306,General question about online banking access.,False,False,False,0.33,-0.2
C0104436,2026-09-10 01:30:50.283860,GENERAL,683,Question about escrow analysis and property tax increase.,False,False,False,0.42,0.41
C0104439,2026-06-26 21:16:13.110799,GENERAL,633,Question about escrow analysis and property tax increase.,False,False,False,0.03,0.77
C0104439,2026-08-05 11:12:29.321417,GENERAL,675,General question about online banking access.,False,False,False,0.0,0.48
C0104444,2026-06-26 18:02:59.085061,STATEMENT,144,General question about online banking access.,False,False,False,0.41,-0.26
C0104448,2026-07-20 00:25:51.759097,MORTGAGE_INQUIRY,800,Inquired about payoff amount and where to send funds. Sounded like they may be refinancing elsewhere.,True,False,True,0.54,0.35
C0104448,2026-07-25 00:49:20.733688,MORTGAGE_INQUIRY,882,Inquired about payoff amount and where to send funds. Sounded like they may be refinancing elsewhere.,True,False,True,0.87,-0.05
C0104451,2026-06-14 22:50:50.762613,ESCROW,165,Confirmed next payment due date.,False,False,False,0.16,0.18
C0104451,2026-07-02 08:25:04.754842,MORTGAGE_INQUIRY,817,Wants to speak to a mortgage specialist about refinancing. Mentioned rate shopping.,True,False,False,0.85,0.02
C0104455,2026-08-31 15:38:04.532937,ESCROW,452,Requested a copy of the most recent mortgage statement for tax purposes.,False,False,False,0.16,0.58
C0104455,2026-09-04 20:35:42.075961,MORTGAGE_INQUIRY,804,Called about refinancing options — wanted to know break-even on closing costs against a 5.14% offer.,True,False,False,0.82,0.38
C0104456,2026-08-24 13:50:41.960336,MORTGAGE_INQUIRY,72,Inquired about payoff amount and where to send funds. Sounded like they may be refinancing elsewhere.,True,True,True,0.61,0.26
C0104459,2026-08-13 04:31:38.018979,GENERAL,305,General question about online banking access.,False,False,False,0.13,-0.0
C0104464,2026-07-15 01:53:11.212408,PAYMENT,372,Confirmed next payment due date.,False,False,False,0.0,0.13
C0104464,2026-08-27 02:05:42.955468,STATEMENT,326,Asked how to set up autopay for the mortgage.,False,False,False,0.32,0.05
C0104465,2026-07-05 11:04:41.581956,MORTGAGE_INQUIRY,122,Wants to speak to a mortgage specialist about refinancing. Mentioned rate shopping.,True,False,False,0.55,-0.29
C0104467,2026-07-06 18:27:32.185854,MORTGAGE_INQUIRY,422,Asked about the process to pay off the loan early and whether there are any prepayment penalties.,True,False,True,0.66,-0.79
C0104467,2026-07-30 14:57:12.082899,GENERAL,101,Requested a copy of the most recent mortgage statement for tax purposes.,False,False,False,0.27,0.34
C0104468,2026-07-07 00:15:52.399781,GENERAL,587,General question about online banking access.,False,False,False,0.43,0.27
C0104468,2026-09-10 09:18:43.113817,MORTGAGE_INQUIRY,542,Asked about the process to pay off the loan early and whether there are any prepayment penalties.,True,True,True,0.8,-0.23
C0104469,2026-07-07 02:23:10.015782,GENERAL,895,Confirmed next payment due date.,False,False,False,0.01,-0.42
C0104469,2026-09-09 20:08:55.240970,MORTGAGE_INQUIRY,153,Asked about the process to pay off the loan early and whether there are any prepayment penalties.,True,True,True,0.79,0.01
C0104472,2026-08-28 03:34:44.181601,PAYMENT,194,Asked how to set up autopay for the mortgage.,False,False,False,0.23,0.07
C0104472,2026-09-05 06:11:45.148498,PAYMENT,622,Question about escrow analysis and property tax increase.,False,False,False,0.31,0.1
C0104475,2026-07-19 07:59:23.302915,MORTGAGE_INQUIRY,85,Wants to speak to a mortgage specialist about refinancing. Mentioned rate shopping.,True,True,False,0.76,0.13
C0104475,2026-07-28 13:52:54.592173,MORTGAGE_INQUIRY,554,Asked about the process to pay off the loan early and whether there are any prepayment penalties.,True,True,True,0.9,-0.23
C0104477,2026-06-24 18:39:57.534547,PAYMENT,321,Asked how to set up autopay for the mortgage.,False,False,False,0.11,0.05
C0104478,2026-07-17 07:28:10.124554,MORTGAGE_INQUIRY,373,Asked about the process to pay off the loan early and whether there are any prepayment penalties.,True,False,True,0.75,-0.61
C0104478,2026-09-10 06:11:18.925958,MORTGAGE_INQUIRY,873,Wants to speak to a mortgage specialist about refinancing. Mentioned rate shopping.,True,False,False,0.86,-0.08
C0104483,2026-06-20 00:53:31.739598,MORTGAGE_INQUIRY,145,Called about refinancing options — wanted to know break-even on closing costs against a 5.19% offer.,True,False,False,0.91,-0.45
C0104483,2026-07-05 14:54:40.060963,GENERAL,886,Question about escrow analysis and property tax increase.,False,False,False,0.04,0.28
C0104487,2026-07-15 11:28:50.090466,MORTGAGE_INQUIRY,860,Called about refinancing options — wanted to know break-even on closing costs against a 5.49% offer.,True,True,False,0.8,0.17
C0104487,2026-07-29 01:36:48.858199,MORTGAGE_INQUIRY,563,Called about refinancing options — wanted to know break-even on closing costs against a 5.21% offer.,True,True,False,0.47,-0.28
C0104488,2026-07-20 22:32:17.337029,MORTGAGE_INQUIRY,889,Inquired about payoff amount and where to send funds. Sounded like they may be refinancing elsewhere.,True,True,True,0.96,0.21
C0104488,2026-08-22 18:26:17.254982,MORTGAGE_INQUIRY,287,Inquired about payoff amount and where to send funds. Sounded like they may be refinancing elsewhere.,True,False,True,0.8,-0.33
C0104493,2026-08-20 11:18:27.607628,MORTGAGE_INQUIRY,640,Inquired about payoff amount and where to send funds. Sounded like they may be refinancing elsewhere.,True,True,True,0.73,-0.74
C0104494,2026-07-09 00:06:35.521176,ESCROW,173,Question about escrow analysis and property tax increase.,False,False,False,0.4,0.38
C0104494,2026-08-23 20:32:24.606593,ESCROW,352,Confirmed next payment due date.,False,False,False,0.0,0.26
C0104496,2026-06-20 18:48:26.271374,MORTGAGE_INQUIRY,685,Asked about the process to pay off the loan early and whether there are any prepayment penalties.,True,False,True,0.68,-0.3
C0104497,2026-09-07 12:42:02.601280,ESCROW,501,Confirmed next payment due date.,False,False,False,0.05,-0.11
C0104498,2026-08-09 19:50:23.656515,GENERAL,741,Asked how to set up autopay for the mortgage.,False,False,False,0.38,-0.07
C0104498,2026-08-22 03:50:32.889796,MORTGAGE_INQUIRY,321,Called about refinancing options — wanted to know break-even on closing costs against a 5.55% offer.,True,True,False,0.81,0.24
C0104508,2026-08-23 05:22:13.865023,STATEMENT,395,General question about online banking access.,False,False,False,0.0,0.38
C0104514,2026-08-29 20:09:03.377007,ESCROW,597,Confirmed next payment due date.,False,False,False,0.0,0.4
C0104519,2026-06-21 10:09:02.612855,GENERAL,494,Requested a copy of the most recent mortgage statement for tax purposes.,False,False,False,0.0,-0.07
C0104519,2026-07-09 07:46:04.598316,ESCROW,166,General question about online banking access.,False,False,False,0.12,0.8
C0104521,2026-07-12 09:14:39.124049,MORTGAGE_INQUIRY,314,Inquired about payoff amount and where to send funds. Sounded like they may be refinancing elsewhere.,True,True,True,0.79,0.18
C0104529,2026-07-22 15:14:47.570796,MORTGAGE_INQUIRY,550,Inquired about payoff amount and where to send funds. Sounded like they may be refinancing elsewhere.,True,False,True,0.58,-0.57
C0104529,2026-08-07 05:41:22.645590,MORTGAGE_INQUIRY,548,Asked about the process to pay off the loan early and whether there are any prepayment penalties.,True,True,True,0.77,-0.43
C0104533,2026-08-02 18:37:38.949879,ESCROW,582,Requested a copy of the most recent mortgage statement for tax purposes.,False,False,False,0.21,-0.37
C0104542,2026-07-02 21:24:31.572213,MORTGAGE_INQUIRY,898,Customer asked what our current 30-year rates look like and mentioned they saw 5.26% at Chase.,True,True,False,0.7,-0.19
C0104542,2026-09-08 08:42:56.251108,MORTGAGE_INQUIRY,698,Wants to speak to a mortgage specialist about refinancing. Mentioned rate shopping.,True,True,False,0.61,-0.28
C0104543,2026-06-18 12:19:10.768229,GENERAL,410,Requested a copy of the most recent mortgage statement for tax purposes.,False,False,False,0.24,-0.03
C0104543,2026-08-07 15:35:55.562296,MORTGAGE_INQUIRY,653,Inquired about payoff amount and where to send funds. Sounded like they may be refinancing elsewhere.,True,True,True,0.88,0.35
C0104545,2026-06-21 23:22:46.337803,PAYMENT,745,Question about escrow analysis and property tax increase.,False,False,False,0.15,0.21
C0104546,2026-08-09 06:13:01.179886,ESCROW,376,Asked how to set up autopay for the mortgage.,False,False,False,0.33,0.16
C0104551,2026-08-11 18:54:53.712029,MORTGAGE_INQUIRY,627,Called about refinancing options — wanted to know break-even on closing costs against a 5.57% offer.,True,True,False,0.67,-0.15
C0104555,2026-08-26 09:59:31.401708,ESCROW,352,Requested a copy of the most recent mortgage statement for tax purposes.,False,False,False,0.12,0.07
C0104555,2026-09-03 07:19:31.595116,MORTGAGE_INQUIRY,887,Called about refinancing options — wanted to know break-even on closing costs against a 5.33% offer.,True,False,False,0.83,-0.03
C0104557,2026-08-18 13:21:43.511538,GENERAL,865,Confirmed next payment due date.,False,False,False,0.0,0.19
C0104558,2026-07-01 17:05:38.310840,ESCROW,232,Question about escrow analysis and property tax increase.,False,False,False,0.05,0.03
C0104559,2026-08-17 13:08:08.336181,STATEMENT,432,Requested a copy of the most recent mortgage statement for tax purposes.,False,False,False,0.3,0.1
C0104563,2026-07-06 15:49:49.178678,MORTGAGE_INQUIRY,670,Inquired about payoff amount and where to send funds. Sounded like they may be refinancing elsewhere.,True,True,True,0.53,0.05
C0104563,2026-08-12 15:24:29.558529,STATEMENT,447,Requested a copy of the most recent mortgage statement for tax purposes.,False,False,False,0.22,-0.11
C0104566,2026-09-04 20:49:29.310232,ESCROW,116,General question about online banking access.,False,False,False,0.23,0.37
C0104570,2026-06-29 18:37:32.762138,MORTGAGE_INQUIRY,219,Wants to speak to a mortgage specialist about refinancing. Mentioned rate shopping.,True,False,False,0.46,-0.44
C0104573,2026-09-08 23:43:24.805119,STATEMENT,785,Requested a copy of the most recent mortgage statement for tax purposes.,False,False,False,0.17,0.06
C0104575,2026-08-19 15:40:43.368413,GENERAL,721,Requested a copy of the most recent mortgage statement for tax purposes.,False,False,False,0.13,0.22
C0104575,2026-08-21 21:53:57.230595,PAYMENT,826,Requested a copy of the most recent mortgage statement for tax purposes.,False,False,False,0.1,0.09
C0104584,2026-09-02 08:35:05.575859,GENERAL,876,General question about online banking access.,False,False,False,0.0,0.18
C0104586,2026-07-17 08:16:05.714574,STATEMENT,883,Requested a copy of the most recent mortgage statement for tax purposes.,False,False,False,0.16,0.23
C0104586,2026-08-27 11:51:46.512357,MORTGAGE_INQUIRY,389,Wants to speak to a mortgage specialist about refinancing. Mentioned rate shopping.,True,True,False,0.74,-0.23
C0104587,2026-07-08 09:03:12.025944,MORTGAGE_INQUIRY,686,Wants to speak to a mortgage specialist about refinancing. Mentioned rate shopping.,True,True,False,0.42,-0.15
C0104593,2026-06-24 14:34:57.815258,MORTGAGE_INQUIRY,465,Wants to speak to a mortgage specialist about refinancing. Mentioned rate shopping.,True,True,False,0.43,0.52
C0104595,2026-09-04 16:20:32.529618,MORTGAGE_INQUIRY,328,Called about refinancing options — wanted to know break-even on closing costs against a 5.39% offer.,True,False,False,0.79,-0.25
C0104595,2026-09-04 21:37:07.768288,PAYMENT,489,Question about escrow analysis and property tax increase.,False,False,False,0.0,0.38
C0104596,2026-09-09 22:59:58.308854,ESCROW,89,Question about escrow analysis and property tax increase.,False,False,False,0.02,0.17
C0104602,2026-09-06 02:25:51.070500,ESCROW,121,Requested a copy of the most recent mortgage statement for tax purposes.,False,False,False,0.24,0.48
C0104605,2026-06-20 22:09:28.939862,PAYMENT,763,Requested a copy of the most recent mortgage statement for tax purposes.,False,False,False,0.53,0.02
C0104605,2026-07-30 11:27:40.386623,ESCROW,376,Requested a copy of the most recent mortgage statement for tax purposes.,False,False,False,0.0,0.08
C0104606,2026-08-24 14:27:15.931414,STATEMENT,74,Question about escrow analysis and property tax increase.,False,False,False,0.26,0.24
C0104607,2026-07-01 11:49:50.071382,PAYMENT,180,Question about escrow analysis and property tax increase.,False,False,False,0.25,0.26
C0104611,2026-08-31 01:52:12.552276,MORTGAGE_INQUIRY,288,Customer asked what our current 30-year rates look like and mentioned they saw 5.23% at Chase.,True,True,False,1.0,-0.29
C0104614,2026-07-02 13:07:54.660872,MORTGAGE_INQUIRY,847,Inquired about payoff amount and where to send funds. Sounded like they may be refinancing elsewhere.,True,True,True,0.42,-0.58
C0104617,2026-07-08 13:57:08.093184,ESCROW,690,Question about escrow analysis and property tax increase.,False,False,False,0.0,0.17
C0104617,2026-07-22 17:49:11.371333,MORTGAGE_INQUIRY,260,Asked about the process to pay off the loan early and whether there are any prepayment penalties.,True,False,True,1.0,0.21
C0104620,2026-06-19 01:00:28.526568,MORTGAGE_INQUIRY,171,Inquired about payoff amount and where to send funds. Sounded like they may be refinancing elsewhere.,True,True,True,0.59,0.31
C0104620,2026-06-27 20:36:13.132234,ESCROW,626,Asked how to set up autopay for the mortgage.,False,False,False,0.18,0.18
C0104624,2026-06-29 17:17:06.388831,ESCROW,381,General question about online banking access.,False,False,False,0.0,-0.17
C0104624,2026-08-29 12:42:14.666101,ESCROW,529,General question about online banking access.,False,False,False,0.28,0.04
C0104625,2026-09-10 15:27:23.309571,STATEMENT,102,General question about online banking access.,False,False,False,0.31,0.39
C0104627,2026-08-30 09:01:32.926949,STATEMENT,581,Confirmed next payment due date.,False,False,False,0.09,0.58
C0104635,2026-07-20 19:51:38.126804,MORTGAGE_INQUIRY,665,Called about refinancing options — wanted to know break-even on closing costs against a 5.55% offer.,True,False,False,0.67,0.19
C0104636,2026-07-14 12:59:45.394242,STATEMENT,823,General question about online banking access.,False,False,False,0.35,0.43
C0104639,2026-09-08 20:45:44.726774,MORTGAGE_INQUIRY,813,Customer asked what our current 30-year rates look like and mentioned they saw 5.18% at Chase.,True,True,False,0.83,0.46
C0104640,2026-06-28 00:31:58.331307,MORTGAGE_INQUIRY,179,Inquired about payoff amount and where to send funds. Sounded like they may be refinancing elsewhere.,True,True,True,0.64,-0.14
C0104641,2026-08-01 01:43:25.568362,MORTGAGE_INQUIRY,794,Wants to speak to a mortgage specialist about refinancing. Mentioned rate shopping.,True,False,False,0.89,-0.0
C0104641,2026-08-24 23:45:49.028841,MORTGAGE_INQUIRY,694,Customer asked what our current 30-year rates look like and mentioned they saw 5.57% at Rocket.,True,True,False,0.99,-0.12
C0104642,2026-08-07 18:08:34.772247,MORTGAGE_INQUIRY,698,Inquired about payoff amount and where to send funds. Sounded like they may be refinancing elsewhere.,True,True,True,0.54,0.06
C0104642,2026-09-07 05:55:51.985460,MORTGAGE_INQUIRY,792,Inquired about payoff amount and where to send funds. Sounded like they may be refinancing elsewhere.,True,True,True,0.87,-0.18
C0104646,2026-07-10 00:10:13.356023,ESCROW,107,Requested a copy of the most recent mortgage statement for tax purposes.,False,False,False,0.26,0.48
C0104648,2026-08-25 13:16:29.307188,ESCROW,677,General question about online banking access.,False,False,False,0.0,0.92
C0104652,2026-07-23 00:11:12.791560,ESCROW,398,Asked how to set up autopay for the mortgage.,False,False,False,0.45,0.19
C0104654,2026-08-13 18:39:51.970035,ESCROW,818,Confirmed next payment due date.,False,False,False,0.04,0.25
C0104656,2026-07-05 21:38:50.795727,MORTGAGE_INQUIRY,827,Called about refinancing options — wanted to know break-even on closing costs against a 5.55% offer.,True,True,False,0.3,-0.61
C0104656,2026-07-24 07:18:48.186120,MORTGAGE_INQUIRY,161,Customer asked what our current 30-year rates look like and mentioned they saw 5.13% at Rocket.,True,False,False,0.8,0.26
C0104672,2026-07-27 22:03:43.206920,MORTGAGE_INQUIRY,392,Inquired about payoff amount and where to send funds. Sounded like they may be refinancing elsewhere.,True,False,True,0.7,0.03
C0104672,2026-08-06 14:27:12.639280,ESCROW,441,Question about escrow analysis and property tax increase.,False,False,False,0.14,0.11
C0104674,2026-08-19 21:57:46.877400,ESCROW,168,Question about escrow analysis and property tax increase.,False,False,False,0.45,0.2
C0104678,2026-06-20 03:29:27.721084,ESCROW,493,Asked how to set up autopay for the mortgage.,False,False,False,0.0,0.03
C0104678,2026-07-15 07:28:00.982161,STATEMENT,516,Question about escrow analysis and property tax increase.,False,False,False,0.0,0.37
C0104679,2026-06-22 12:30:40.653085,MORTGAGE_INQUIRY,250,Asked about the process to pay off the loan early and whether there are any prepayment penalties.,True,True,True,0.91,-0.15
C0104682,2026-06-30 22:14:04.476548,PAYMENT,570,General question about online banking access.,False,False,False,0.11,0.34
C0104683,2026-06-15 01:43:32.882108,MORTGAGE_INQUIRY,99,Wants to speak to a mortgage specialist about refinancing. Mentioned rate shopping.,True,True,False,0.74,-0.08
C0104689,2026-08-20 06:42:02.313988,MORTGAGE_INQUIRY,721,Customer asked what our current 30-year rates look like and mentioned they saw 5.44% at Rocket.,True,True,False,0.84,0.04
C0104693,2026-07-07 08:38:41.422536,MORTGAGE_INQUIRY,351,Asked about the process to pay off the loan early and whether there are any prepayment penalties.,True,True,True,0.72,0.01
C0104693,2026-09-06 20:47:56.191935,MORTGAGE_INQUIRY,544,Called about refinancing options — wanted to know break-even on closing costs against a 5.11% offer.,True,False,False,0.62,0.12
C0104695,2026-08-04 21:31:15.652652,MORTGAGE_INQUIRY,864,Called about refinancing options — wanted to know break-even on closing costs against a 5.29% offer.,True,False,False,0.69,-0.16
C0104700,2026-07-01 01:10:27.251441,MORTGAGE_INQUIRY,559,Wants to speak to a mortgage specialist about refinancing. Mentioned rate shopping.,True,True,False,0.69,-0.19
C0104702,2026-06-17 05:45:10.460309,PAYMENT,339,Question about escrow analysis and property tax increase.,False,False,False,0.19,0.04
C0104702,2026-07-10 04:59:50.714547,PAYMENT,605,Requested a copy of the most recent mortgage statement for tax purposes.,False,False,False,0.43,-0.1
C0104704,2026-07-01 22:06:29.373533,MORTGAGE_INQUIRY,125,Inquired about payoff amount and where to send funds. Sounded like they may be refinancing elsewhere.,True,True,True,1.0,0.45
C0104705,2026-06-17 03:20:27.539286,MORTGAGE_INQUIRY,240,Inquired about payoff amount and where to send funds. Sounded like they may be refinancing elsewhere.,True,False,True,0.68,0.08
C0104706,2026-08-04 07:49:25.403021,STATEMENT,583,General question about online banking access.,False,False,False,0.18,0.38
C0104707,2026-07-12 18:45:45.913257,ESCROW,477,Asked how to set up autopay for the mortgage.,False,False,False,0.0,0.26
C0104707,2026-08-06 14:51:24.385989,STATEMENT,171,Confirmed next payment due date.,False,False,False,0.24,0.02
C0104713,2026-06-15 19:26:11.559230,GENERAL,109,Question about escrow analysis and property tax increase.,False,False,False,0.42,0.52
C0104713,2026-09-09 16:37:40.910514,PAYMENT,529,Confirmed next payment due date.,False,False,False,0.15,0.52
C0104714,2026-07-20 00:25:21.026435,STATEMENT,352,Requested a copy of the most recent mortgage statement for tax purposes.,False,False,False,0.16,0.53
C0104714,2026-08-19 22:36:59.304041,GENERAL,645,Confirmed next payment due date.,False,False,False,0.13,0.44
C0104717,2026-07-11 10:34:24.767869,MORTGAGE_INQUIRY,531,Asked about the process to pay off the loan early and whether there are any prepayment penalties.,True,False,True,0.61,-0.27
C0104717,2026-07-22 05:05:15.505162,MORTGAGE_INQUIRY,790,Asked about the process to pay off the loan early and whether there are any prepayment penalties.,True,True,True,0.6,-0.3
C0104719,2026-07-02 10:18:53.578698,MORTGAGE_INQUIRY,545,Asked about the process to pay off the loan early and whether there are any prepayment penalties.,True,True,True,0.64,-0.1
C0104719,2026-07-07 10:51:55.506007,ESCROW,649,Asked how to set up autopay for the mortgage.,False,False,False,0.25,0.64
C0104720,2026-07-04 19:20:26.120542,GENERAL,313,Asked how to set up autopay for the mortgage.,False,False,False,0.05,-0.02
C0104720,2026-07-07 05:49:26.426095,MORTGAGE_INQUIRY,178,Wants to speak to a mortgage specialist about refinancing. Mentioned rate shopping.,True,False,False,0.83,-0.39
C0104724,2026-07-11 09:52:46.365052,MORTGAGE_INQUIRY,443,Customer asked what our current 30-year rates look like and mentioned they saw 5.18% at a competitor.,True,False,False,0.71,0.05
C0104728,2026-09-09 16:17:00.164513,STATEMENT,668,General question about online banking access.,False,False,False,0.26,-0.07
C0104729,2026-07-18 14:31:15.894249,PAYMENT,350,Question about escrow analysis and property tax increase.,False,False,False,0.21,0.19
C0104729,2026-09-10 18:55:38.726728,MORTGAGE_INQUIRY,143,Called about refinancing options — wanted to know break-even on closing costs against a 5.55% offer.,True,True,False,0.61,-0.0
C0104731,2026-08-11 08:13:15.121285,PAYMENT,222,Question about escrow analysis and property tax increase.,False,False,False,0.19,0.11
C0104737,2026-06-13 08:30:02.248796,MORTGAGE_INQUIRY,887,Inquired about payoff amount and where to send funds. Sounded like they may be refinancing elsewhere.,True,True,True,0.62,-0.22
C0104742,2026-08-05 07:40:18.723586,ESCROW,500,Confirmed next payment due date.,False,False,False,0.16,0.24
C0104746,2026-07-08 08:52:54.790667,STATEMENT,400,General question about online banking access.,False,False,False,0.43,0.02
C0104746,2026-08-20 07:08:57.825417,MORTGAGE_INQUIRY,328,Called about refinancing options — wanted to know break-even on closing costs against a 5.4% offer.,True,True,False,0.81,0.07
C0104747,2026-06-20 02:55:30.436683,MORTGAGE_INQUIRY,372,Asked about the process to pay off the loan early and whether there are any prepayment penalties.,True,True,True,0.87,0.02
C0104748,2026-07-11 15:29:15.005111,STATEMENT,145,General question about online banking access.,False,False,False,0.24,-0.03
C0104748,2026-07-12 18:27:51.170925,MORTGAGE_INQUIRY,354,Called about refinancing options — wanted to know break-even on closing costs against a 5.11% offer.,True,True,False,0.76,-0.24
C0104752,2026-08-04 08:02:02.773575,MORTGAGE_INQUIRY,810,Wants to speak to a mortgage specialist about refinancing. Mentioned rate shopping.,True,True,False,0.76,0.08
C0104753,2026-07-25 09:44:24.906298,ESCROW,108,Requested a copy of the most recent mortgage statement for tax purposes.,False,False,False,0.09,0.34
C0104754,2026-08-01 10:12:51.104890,PAYMENT,251,Confirmed next payment due date.,False,False,False,0.05,0.01
C0104754,2026-09-04 00:22:28.936992,GENERAL,131,Question about escrow analysis and property tax increase.,False,False,False,0.2,0.1
C0104757,2026-07-13 21:41:22.395966,ESCROW,602,Requested a copy of the most recent mortgage statement for tax purposes.,False,False,False,0.08,-0.03
C0104768,2026-07-02 11:34:21.329306,MORTGAGE_INQUIRY,435,Inquired about payoff amount and where to send funds. Sounded like they may be refinancing elsewhere.,True,True,True,0.84,-0.15
C0104774,2026-06-21 13:51:44.818926,MORTGAGE_INQUIRY,588,Wants to speak to a mortgage specialist about refinancing. Mentioned rate shopping.,True,True,False,0.86,-0.07
C0104774,2026-07-19 00:32:25.732201,MORTGAGE_INQUIRY,785,Asked about the process to pay off the loan early and whether there are any prepayment penalties.,True,True,True,0.93,-0.29
C0104775,2026-07-09 04:31:35.121337,MORTGAGE_INQUIRY,857,Inquired about payoff amount and where to send funds. Sounded like they may be refinancing elsewhere.,True,False,True,0.69,-0.26
C0104777,2026-08-18 19:38:32.007990,MORTGAGE_INQUIRY,547,Wants to speak to a mortgage specialist about refinancing. Mentioned rate shopping.,True,True,False,0.73,-0.12
C0104778,2026-06-25 09:11:43.275540,ESCROW,830,Requested a copy of the most recent mortgage statement for tax purposes.,False,False,False,0.31,0.34
C0104778,2026-06-29 20:45:14.479438,GENERAL,544,Asked how to set up autopay for the mortgage.,False,False,False,0.22,0.38
C0104781,2026-07-03 23:23:26.033487,ESCROW,814,Confirmed next payment due date.,False,False,False,0.0,-0.05
C0104781,2026-08-06 19:58:31.996790,MORTGAGE_INQUIRY,80,Called about refinancing options — wanted to know break-even on closing costs against a 5.24% offer.,True,True,False,0.92,-0.57
C0104782,2026-08-13 06:34:58.145046,ESCROW,870,Confirmed next payment due date.,False,False,False,0.0,-0.15
C0104786,2026-08-13 05:35:14.095091,MORTGAGE_INQUIRY,208,Inquired about payoff amount and where to send funds. Sounded like they may be refinancing elsewhere.,True,True,True,0.84,0.28
C0104788,2026-06-20 07:32:58.508484,MORTGAGE_INQUIRY,612,Inquired about payoff amount and where to send funds. Sounded like they may be refinancing elsewhere.,True,False,True,0.57,-0.07
C0104788,2026-08-19 15:06:15.373359,MORTGAGE_INQUIRY,540,Inquired about payoff amount and where to send funds. Sounded like they may be refinancing elsewhere.,True,True,True,0.62,-0.02
C0104789,2026-07-17 20:08:13.103616,PAYMENT,817,General question about online banking access.,False,False,False,0.25,0.01
C0104790,2026-06-21 03:00:41.732946,MORTGAGE_INQUIRY,430,Customer asked what our current 30-year rates look like and mentioned they saw 5.6% at Rocket.,True,True,False,0.7,-0.1
C0104790,2026-07-24 06:29:34.255252,STATEMENT,221,Asked how to set up autopay for the mortgage.,False,False,False,0.13,0.48
C0104796,2026-06-17 16:32:04.774594,PAYMENT,669,General question about online banking access.,False,False,False,0.34,-0.07
C0104797,2026-07-05 15:49:45.967685,PAYMENT,837,Requested a copy of the most recent mortgage statement for tax purposes.,False,False,False,0.33,0.56
C0104797,2026-08-23 02:45:34.279443,MORTGAGE_INQUIRY,258,Called about refinancing options — wanted to know break-even on closing costs against a 5.32% offer.,True,True,False,0.71,0.2
C0104802,2026-06-20 04:17:04.182072,MORTGAGE_INQUIRY,775,Inquired about payoff amount and where to send funds. Sounded like they may be refinancing elsewhere.,True,True,True,0.75,-0.53
C0104802,2026-07-26 08:28:49.700837,MORTGAGE_INQUIRY,463,Customer asked what our current 30-year rates look like and mentioned they saw 5.51% at a competitor.,True,False,False,0.58,0.39
C0104813,2026-06-16 02:54:59.866536,STATEMENT,869,Question about escrow analysis and property tax increase.,False,False,False,0.3,0.37
C0104813,2026-07-21 16:35:10.486137,MORTGAGE_INQUIRY,253,Inquired about payoff amount and where to send funds. Sounded like they may be refinancing elsewhere.,True,True,True,0.9,0.25
C0104819,2026-06-17 18:29:47.617142,MORTGAGE_INQUIRY,591,Asked about the process to pay off the loan early and whether there are any prepayment penalties.,True,True,True,0.69,-0.23
C0104820,2026-07-06 17:40:29.659766,MORTGAGE_INQUIRY,487,Wants to speak to a mortgage specialist about refinancing. Mentioned rate shopping.,True,True,False,0.85,-0.04
C0104820,2026-07-16 09:00:39.254952,GENERAL,853,Question about escrow analysis and property tax increase.,False,False,False,0.06,0.35
C0104821,2026-06-13 20:36:14.097182,MORTGAGE_INQUIRY,548,Customer asked what our current 30-year rates look like and mentioned they saw 5.41% at an online lender.,True,True,False,0.64,0.1
C0104821,2026-08-08 15:17:18.715215,MORTGAGE_INQUIRY,280,Customer asked what our current 30-year rates look like and mentioned they saw 5.58% at a competitor.,True,True,False,0.69,-0.31
C0104823,2026-06-15 23:57:49.134678,MORTGAGE_INQUIRY,605,Customer asked what our current 30-year rates look like and mentioned they saw 5.25% at Chase.,True,True,False,0.69,0.11
C0104827,2026-07-10 10:23:32.598903,MORTGAGE_INQUIRY,417,Customer asked what our current 30-year rates look like and mentioned they saw 5.32% at Chase.,True,True,False,0.79,-0.33
C0104828,2026-07-19 22:11:05.688850,GENERAL,355,General question about online banking access.,False,False,False,0.13,0.55
C0104832,2026-08-18 10:02:00.323578,MORTGAGE_INQUIRY,95,Asked about the process to pay off the loan early and whether there are any prepayment penalties.,True,True,True,0.83,0.0
C0104832,2026-08-30 11:28:34.201197,MORTGAGE_INQUIRY,204,Customer asked what our current 30-year rates look like and mentioned they saw 5.53% at Rocket.,True,False,False,0.73,0.15
C0104838,2026-08-07 21:41:51.016246,STATEMENT,134,Asked how to set up autopay for the mortgage.,False,False,False,0.25,0.14
C0104846,2026-07-21 03:17:58.938407,GENERAL,742,Asked how to set up autopay for the mortgage.,False,False,False,0.06,0.62
C0104846,2026-08-27 09:50:03.537573,GENERAL,484,Asked how to set up autopay for the mortgage.,False,False,False,0.24,0.22
C0104849,2026-09-10 14:47:10.198371,MORTGAGE_INQUIRY,625,Called about refinancing options — wanted to know break-even on closing costs against a 5.47% offer.,True,False,False,0.89,0.18
C0104850,2026-07-02 19:57:31.620289,ESCROW,772,Confirmed next payment due date.,False,False,False,0.0,-0.06
C0104850,2026-07-30 22:23:13.460664,ESCROW,347,Question about escrow analysis and property tax increase.,False,False,False,0.17,0.44
C0104853,2026-06-29 18:06:29.038577,MORTGAGE_INQUIRY,383,Wants to speak to a mortgage specialist about refinancing. Mentioned rate shopping.,True,True,False,0.71,-0.08
C0104853,2026-09-02 03:19:29.654472,MORTGAGE_INQUIRY,217,Wants to speak to a mortgage specialist about refinancing. Mentioned rate shopping.,True,True,False,0.81,0.05
C0104855,2026-07-15 18:34:54.471524,STATEMENT,776,Requested a copy of the most recent mortgage statement for tax purposes.,False,False,False,0.23,0.17
C0104859,2026-07-19 01:49:13.214674,ESCROW,197,Confirmed next payment due date.,False,False,False,0.11,0.14
C0104862,2026-08-17 23:09:39.319943,GENERAL,287,Requested a copy of the most recent mortgage statement for tax purposes.,False,False,False,0.04,0.37
C0104863,2026-07-23 01:41:42.125478,MORTGAGE_INQUIRY,477,Wants to speak to a mortgage specialist about refinancing. Mentioned rate shopping.,True,False,False,0.78,0.09
C0104868,2026-07-19 10:47:02.562429,STATEMENT,299,Question about escrow analysis and property tax increase.,False,False,False,0.17,-0.07
C0104868,2026-07-26 05:29:56.339356,ESCROW,770,Requested a copy of the most recent mortgage statement for tax purposes.,False,False,False,0.31,0.08
C0104872,2026-09-05 10:00:45.109320,MORTGAGE_INQUIRY,698,Wants to speak to a mortgage specialist about refinancing. Mentioned rate shopping.,True,False,False,0.71,-0.22
C0104873,2026-08-31 14:52:06.046855,MORTGAGE_INQUIRY,851,Called about refinancing options — wanted to know break-even on closing costs against a 5.58% offer.,True,False,False,0.79,0.18
C0104875,2026-06-26 06:35:41.127862,MORTGAGE_INQUIRY,674,Wants to speak to a mortgage specialist about refinancing. Mentioned rate shopping.,True,True,False,0.88,0.12
C0104878,2026-07-23 11:27:29.924408,PAYMENT,801,Requested a copy of the most recent mortgage statement for tax purposes.,False,False,False,0.35,0.19
C0104878,2026-08-19 19:39:07.577516,STATEMENT,164,Question about escrow analysis and property tax increase.,False,False,False,0.14,-0.57
C0104882,2026-07-16 05:26:49.714527,MORTGAGE_INQUIRY,431,Inquired about payoff amount and where to send funds. Sounded like they may be refinancing elsewhere.,True,True,True,0.89,0.56
C0104886,2026-07-26 03:01:31.078835,MORTGAGE_INQUIRY,245,Asked about the process to pay off the loan early and whether there are any prepayment penalties.,True,False,True,1.0,0.37
C0104889,2026-08-27 04:26:38.457732,MORTGAGE_INQUIRY,193,Inquired about payoff amount and where to send funds. Sounded like they may be refinancing elsewhere.,True,True,True,0.5,-0.28
C0104893,2026-07-04 16:03:45.730022,STATEMENT,171,Question about escrow analysis and property tax increase.,False,False,False,0.19,0.22
C0104903,2026-09-02 15:02:42.500206,ESCROW,830,Requested a copy of the most recent mortgage statement for tax purposes.,False,False,False,0.06,0.54
C0104904,2026-08-14 06:36:35.899589,STATEMENT,490,General question about online banking access.,False,False,False,0.0,-0.1
C0104904,2026-08-23 07:30:30.165596,STATEMENT,591,Question about escrow analysis and property tax increase.,False,False,False,0.44,0.46
C0104907,2026-07-23 02:01:22.164443,STATEMENT,461,Asked how to set up autopay for the mortgage.,False,False,False,0.0,0.18
C0104907,2026-08-02 23:56:44.313787,MORTGAGE_INQUIRY,624,Inquired about payoff amount and where to send funds. Sounded like they may be refinancing elsewhere.,True,True,True,0.89,0.22
C0104908,2026-07-26 22:24:56.120978,PAYMENT,220,General question about online banking access.,False,False,False,0.31,0.02
C0104908,2026-09-07 15:01:06.941178,MORTGAGE_INQUIRY,775,Wants to speak to a mortgage specialist about refinancing. Mentioned rate shopping.,True,True,False,0.69,0.15
C0104909,2026-06-21 17:08:31.380655,MORTGAGE_INQUIRY,883,Inquired about payoff amount and where to send funds. Sounded like they may be refinancing elsewhere.,True,False,True,0.85,-0.18
C0104909,2026-06-23 10:11:17.290910,GENERAL,445,General question about online banking access.,False,False,False,0.0,-0.46
C0104911,2026-06-22 00:45:57.233947,PAYMENT,556,General question about online banking access.,False,False,False,0.38,0.49
C0104911,2026-07-03 16:57:19.310257,MORTGAGE_INQUIRY,772,Wants to speak to a mortgage specialist about refinancing. Mentioned rate shopping.,True,True,False,0.94,0.09
C0104921,2026-07-17 21:32:18.861108,MORTGAGE_INQUIRY,445,Wants to speak to a mortgage specialist about refinancing. Mentioned rate shopping.,True,True,False,0.89,0.05
C0104921,2026-09-09 00:15:04.378579,STATEMENT,127,General question about online banking access.,False,False,False,0.14,0.42
C0104922,2026-07-19 23:22:49.508373,STATEMENT,809,Asked how to set up autopay for the mortgage.,False,False,False,0.19,0.31
C0104925,2026-07-26 01:15:15.329131,PAYMENT,544,Question about escrow analysis and property tax increase.,False,False,False,0.1,0.39
C0104927,2026-07-06 20:10:40.943328,MORTGAGE_INQUIRY,899,Wants to speak to a mortgage specialist about refinancing. Mentioned rate shopping.,True,True,False,0.6,-0.36
C0104927,2026-09-04 00:54:29.819716,STATEMENT,801,Question about escrow analysis and property tax increase.,False,False,False,0.1,0.65
C0104928,2026-08-15 04:45:59.431583,STATEMENT,469,Confirmed next payment due date.,False,False,False,0.14,-0.16
C0104928,2026-09-01 07:25:14.630550,MORTGAGE_INQUIRY,389,Customer asked what our current 30-year rates look like and mentioned they saw 5.31% at an online lender.,True,True,False,0.77,-0.73
C0104930,2026-08-22 04:09:33.444095,STATEMENT,721,Asked how to set up autopay for the mortgage.,False,False,False,0.0,-0.09
C0104930,2026-08-23 12:53:23.730534,PAYMENT,492,Question about escrow analysis and property tax increase.,False,False,False,0.0,-0.08
C0104931,2026-07-29 07:35:40.285208,ESCROW,464,Question about escrow analysis and property tax increase.,False,False,False,0.15,-0.06
C0104938,2026-07-03 14:27:16.672474,STATEMENT,709,Requested a copy of the most recent mortgage statement for tax purposes.,False,False,False,0.05,0.61
C0104941,2026-08-15 13:39:11.894564,ESCROW,693,Requested a copy of the most recent mortgage statement for tax purposes.,False,False,False,0.45,0.25
C0104943,2026-06-26 07:23:56.438014,PAYMENT,839,Asked how to set up autopay for the mortgage.,False,False,False,0.31,-0.05
C0104943,2026-06-27 10:42:28.140596,PAYMENT,244,Confirmed next payment due date.,False,False,False,0.0,0.11
C0104947,2026-06-16 05:31:44.617116,MORTGAGE_INQUIRY,358,Asked about the process to pay off the loan early and whether there are any prepayment penalties.,True,True,True,0.92,-0.56
C0104948,2026-06-27 19:45:23.636413,ESCROW,770,Asked how to set up autopay for the mortgage.,False,False,False,0.11,0.36
C0104948,2026-08-30 16:25:27.036885,MORTGAGE_INQUIRY,550,Called about refinancing options — wanted to know break-even on closing costs against a 5.56% offer.,True,True,False,0.68,-0.18
C0104953,2026-07-19 00:06:55.097552,MORTGAGE_INQUIRY,797,Inquired about payoff amount and where to send funds. Sounded like they may be refinancing elsewhere.,True,True,True,0.94,0.27
C0104954,2026-08-04 03:10:19.305204,GENERAL,262,Requested a copy of the most recent mortgage statement for tax purposes.,False,False,False,0.27,0.35
C0104955,2026-06-15 23:36:34.119207,MORTGAGE_INQUIRY,104,Asked about the process to pay off the loan early and whether there are any prepayment penalties.,True,False,True,0.64,-0.37
C0104960,2026-06-29 01:46:05.787085,GENERAL,296,Asked how to set up autopay for the mortgage.,False,False,False,0.1,-0.07
C0104960,2026-07-05 14:18:49.198829,STATEMENT,558,Requested a copy of the most recent mortgage statement for tax purposes.,False,False,False,0.11,0.72
C0104961,2026-08-28 21:26:57.376695,GENERAL,797,Requested a copy of the most recent mortgage statement for tax purposes.,False,False,False,0.16,0.04
C0104963,2026-06-17 04:38:12.556136,MORTGAGE_INQUIRY,747,Called about refinancing options — wanted to know break-even on closing costs against a 5.26% offer.,True,False,False,0.94,0.1
C0104963,2026-08-22 02:50:12.150279,MORTGAGE_INQUIRY,90,Customer asked what our current 30-year rates look like and mentioned they saw 5.16% at Rocket.,True,True,False,0.94,-0.7
C0104964,2026-07-24 13:49:53.330820,ESCROW,116,Question about escrow analysis and property tax increase.,False,False,False,0.04,1.0
C0104964,2026-07-31 16:25:40.852226,STATEMENT,829,Question about escrow analysis and property tax increase.,False,False,False,0.0,-0.36
C0104965,2026-08-28 00:10:18.767594,STATEMENT,623,Asked how to set up autopay for the mortgage.,False,False,False,0.23,-0.12
C0104965,2026-09-07 08:09:14.077582,MORTGAGE_INQUIRY,716,Inquired about payoff amount and where to send funds. Sounded like they may be refinancing elsewhere.,True,False,True,0.9,0.02
C0104967,2026-07-12 16:53:02.302271,MORTGAGE_INQUIRY,668,Wants to speak to a mortgage specialist about refinancing. Mentioned rate shopping.,True,True,False,0.77,-0.39
C0104968,2026-08-24 04:35:46.727425,STATEMENT,645,Asked how to set up autopay for the mortgage.,False,False,False,0.23,0.07
C0104969,2026-07-28 18:40:57.758334,MORTGAGE_INQUIRY,461,Inquired about payoff amount and where to send funds. Sounded like they may be refinancing elsewhere.,True,True,True,0.41,0.01
C0104969,2026-08-25 18:58:35.094823,ESCROW,465,General question about online banking access.,False,False,False,0.23,0.3
C0104972,2026-07-26 14:51:34.151833,GENERAL,99,Confirmed next payment due date.,False,False,False,0.45,-0.15
C0104972,2026-08-31 03:44:53.410512,ESCROW,656,Question about escrow analysis and property tax increase.,False,False,False,0.31,-0.11
C0104975,2026-06-27 23:56:45.699971,STATEMENT,668,Requested a copy of the most recent mortgage statement for tax purposes.,False,False,False,0.09,-0.06
C0104975,2026-08-20 23:06:28.146681,MORTGAGE_INQUIRY,581,Inquired about payoff amount and where to send funds. Sounded like they may be refinancing elsewhere.,True,True,True,0.7,-0.07
C0104978,2026-08-28 17:15:42.112747,PAYMENT,380,Requested a copy of the most recent mortgage statement for tax purposes.,False,False,False,0.13,0.36
C0104986,2026-07-14 21:13:32.692092,GENERAL,722,Confirmed next payment due date.,False,False,False,0.13,0.35
C0104986,2026-07-22 20:57:58.289263,GENERAL,565,Requested a copy of the most recent mortgage statement for tax purposes.,False,False,False,0.31,0.62
C0104987,2026-06-23 17:22:04.729830,PAYMENT,572,Question about escrow analysis and property tax increase.,False,False,False,0.12,0.07
C0104987,2026-08-05 16:23:46.619500,GENERAL,895,Question about escrow analysis and property tax increase.,False,False,False,0.16,0.28
C0104988,2026-07-13 21:54:44.624070,PAYMENT,649,Asked how to set up autopay for the mortgage.,False,False,False,0.17,0.19
C0104993,2026-07-21 23:45:55.474113,PAYMENT,435,General question about online banking access.,False,False,False,0.11,0.13
C0104993,2026-07-30 07:17:54.228869,MORTGAGE_INQUIRY,638,Wants to speak to a mortgage specialist about refinancing. Mentioned rate shopping.,True,False,False,0.69,0.26
C0104994,2026-07-01 07:34:40.422359,MORTGAGE_INQUIRY,382,Customer asked what our current 30-year rates look like and mentioned they saw 5.51% at Rocket.,True,True,False,0.35,0.41
C0104994,2026-08-25 06:59:05.245495,ESCROW,395,Confirmed next payment due date.,False,False,False,0.15,0.12
C0104997,2026-07-11 21:05:39.255976,MORTGAGE_INQUIRY,594,Inquired about payoff amount and where to send funds. Sounded like they may be refinancing elsewhere.,True,True,True,0.81,-0.29
C0104998,2026-09-07 22:48:31.081314,GENERAL,311,Requested a copy of the most recent mortgage statement for tax purposes.,False,False,False,0.36,-0.02
C0105002,2026-07-06 08:44:46.051279,GENERAL,482,Requested a copy of the most recent mortgage statement for tax purposes.,False,False,False,0.15,0.47
C0105003,2026-07-18 22:22:36.509740,PAYMENT,351,Question about escrow analysis and property tax increase.,False,False,False,0.36,0.13
C0105003,2026-08-14 07:35:44.945169,MORTGAGE_INQUIRY,135,Asked about the process to pay off the loan early and whether there are any prepayment penalties.,True,False,True,0.71,0.26
C0105004,2026-07-25 17:30:52.648365,MORTGAGE_INQUIRY,716,Wants to speak to a mortgage specialist about refinancing. Mentioned rate shopping.,True,True,False,1.0,0.22
C0105004,2026-08-13 06:57:41.968193,MORTGAGE_INQUIRY,795,Asked about the process to pay off the loan early and whether there are any prepayment penalties.,True,True,True,0.64,0.27
C0105010,2026-07-26 03:05:15.805777,ESCROW,676,Question about escrow analysis and property tax increase.,False,False,False,0.0,0.14
C0105010,2026-08-15 17:40:17.470248,MORTGAGE_INQUIRY,750,Called about refinancing options — wanted to know break-even on closing costs against a 5.42% offer.,True,True,False,0.66,0.18
C0105015,2026-08-11 15:26:06.958131,MORTGAGE_INQUIRY,536,Asked about the process to pay off the loan early and whether there are any prepayment penalties.,True,True,True,0.67,0.11
C0105021,2026-06-16 10:38:45.006095,PAYMENT,512,Confirmed next payment due date.,False,False,False,0.08,-0.02
C0105021,2026-06-23 04:06:53.465402,MORTGAGE_INQUIRY,871,Customer asked what our current 30-year rates look like and mentioned they saw 5.46% at Chase.,True,True,False,0.91,-0.47
C0105023,2026-08-27 03:58:53.183453,MORTGAGE_INQUIRY,860,Customer asked what our current 30-year rates look like and mentioned they saw 5.5% at a competitor.,True,True,False,0.64,-0.17
C0105023,2026-08-30 20:06:58.915864,MORTGAGE_INQUIRY,225,Asked about the process to pay off the loan early and whether there are any prepayment penalties.,True,True,True,0.68,0.08
C0105026,2026-06-26 18:21:00.622024,PAYMENT,286,Confirmed next payment due date.,False,False,False,0.16,0.29
C0105026,2026-07-10 17:43:10.081959,GENERAL,703,Question about escrow analysis and property tax increase.,False,False,False,0.1,-0.45
C0105028,2026-07-19 02:29:56.226290,PAYMENT,285,Confirmed next payment due date.,False,False,False,0.11,0.33
C0105029,2026-07-22 12:34:31.928770,MORTGAGE_INQUIRY,133,Inquired about payoff amount and where to send funds. Sounded like they may be refinancing elsewhere.,True,True,True,0.83,0.2
C0105029,2026-08-10 16:19:57.335144,PAYMENT,346,Confirmed next payment due date.,False,False,False,0.01,0.59
C0105031,2026-07-07 22:05:11.445833,GENERAL,562,Question about escrow analysis and property tax increase.,False,False,False,0.11,0.47
C0105031,2026-08-16 13:10:47.145921,MORTGAGE_INQUIRY,306,Inquired about payoff amount and where to send funds. Sounded like they may be refinancing elsewhere.,True,True,True,0.47,0.22
C0105032,2026-08-23 17:26:25.810618,MORTGAGE_INQUIRY,857,Called about refinancing options — wanted to know break-even on closing costs against a 5.48% offer.,True,True,False,0.81,0.09
C0105035,2026-08-12 09:24:35.623629,MORTGAGE_INQUIRY,169,Called about refinancing options — wanted to know break-even on closing costs against a 5.32% offer.,True,False,False,0.86,-0.6
C0105043,2026-06-15 22:44:43.687492,MORTGAGE_INQUIRY,616,Asked about the process to pay off the loan early and whether there are any prepayment penalties.,True,True,True,0.75,-0.01
C0105043,2026-06-28 08:05:40.197151,GENERAL,833,Question about escrow analysis and property tax increase.,False,False,False,0.19,0.56
C0105045,2026-06-17 09:45:10.531508,STATEMENT,191,Requested a copy of the most recent mortgage statement for tax purposes.,False,False,False,0.0,0.18
C0105045,2026-07-12 02:05:00.174608,GENERAL,542,General question about online banking access.,False,False,False,0.13,0.69
C0105049,2026-08-23 23:58:59.078200,MORTGAGE_INQUIRY,483,Customer asked what our current 30-year rates look like and mentioned they saw 5.15% at a competitor.,True,True,False,0.8,0.28
C0105049,2026-08-27 08:47:31.079169,MORTGAGE_INQUIRY,869,Called about refinancing options — wanted to know break-even on closing costs against a 5.37% offer.,True,True,False,0.45,-0.46
C0105050,2026-06-22 11:29:50.312414,ESCROW,885,Requested a copy of the most recent mortgage statement for tax purposes.,False,False,False,0.19,0.15
C0105052,2026-07-04 17:24:44.143329,STATEMENT,812,Confirmed next payment due date.,False,False,False,0.48,0.24
C0105052,2026-08-29 16:13:44.850255,ESCROW,498,Confirmed next payment due date.,False,False,False,0.0,0.11
C0105059,2026-07-22 01:03:05.015956,GENERAL,92,Asked how to set up autopay for the mortgage.,False,False,False,0.42,0.5
C0105065,2026-07-30 21:22:26.088988,ESCROW,624,Requested a copy of the most recent mortgage statement for tax purposes.,False,False,False,0.04,-0.31
C0105065,2026-07-31 10:10:36.367359,STATEMENT,443,Question about escrow analysis and property tax increase.,False,False,False,0.08,0.6
C0105067,2026-06-27 00:23:29.660909,MORTGAGE_INQUIRY,692,Customer asked what our current 30-year rates look like and mentioned they saw 5.13% at Rocket.,True,False,False,0.77,0.4
C0105067,2026-08-16 11:43:37.845661,PAYMENT,523,Asked how to set up autopay for the mortgage.,False,False,False,0.06,0.2
C0105068,2026-07-01 19:53:43.497130,PAYMENT,668,Asked how to set up autopay for the mortgage.,False,False,False,0.0,0.41
C0105072,2026-07-19 12:47:42.491978,MORTGAGE_INQUIRY,802,Inquired about payoff amount and where to send funds. Sounded like they may be refinancing elsewhere.,True,False,True,0.73,-0.39
C0105072,2026-08-28 00:39:46.433034,GENERAL,359,Asked how to set up autopay for the mortgage.,False,False,False,0.18,0.29
C0105073,2026-07-07 05:36:06.022271,ESCROW,725,Confirmed next payment due date.,False,False,False,0.0,0.14
C0105073,2026-07-18 01:09:58.440043,MORTGAGE_INQUIRY,883,Asked about the process to pay off the loan early and whether there are any prepayment penalties.,True,False,True,0.88,0.3
C0105074,2026-07-03 01:19:58.879093,STATEMENT,395,General question about online banking access.,False,False,False,0.19,0.14
C0105074,2026-09-07 12:38:32.883226,MORTGAGE_INQUIRY,468,Customer asked what our current 30-year rates look like and mentioned they saw 5.15% at Rocket.,True,True,False,0.69,-0.29
C0105083,2026-08-05 01:05:07.236072,ESCROW,142,Requested a copy of the most recent mortgage statement for tax purposes.,False,False,False,0.19,-0.27
C0105083,2026-08-08 18:41:54.175346,PAYMENT,459,Confirmed next payment due date.,False,False,False,0.05,0.75
C0105086,2026-06-30 21:34:48.624068,GENERAL,149,Confirmed next payment due date.,False,False,False,0.09,0.75
C0105086,2026-07-04 19:15:18.952893,GENERAL,867,Asked how to set up autopay for the mortgage.,False,False,False,0.01,0.57
C0105095,2026-06-26 13:53:54.349858,ESCROW,267,General question about online banking access.,False,False,False,0.31,0.33
C0105095,2026-08-18 14:43:29.201006,PAYMENT,449,Asked how to set up autopay for the mortgage.,False,False,False,0.09,0.37
C0105096,2026-06-14 16:02:01.193136,MORTGAGE_INQUIRY,146,Called about refinancing options — wanted to know break-even on closing costs against a 5.5% offer.,True,False,False,0.59,-0.28
C0105096,2026-08-04 10:10:21.484664,ESCROW,506,Asked how to set up autopay for the mortgage.,False,False,False,0.23,-0.06
C0105097,2026-06-14 13:32:10.409437,MORTGAGE_INQUIRY,788,Inquired about payoff amount and where to send funds. Sounded like they may be refinancing elsewhere.,True,True,True,0.42,-0.13
C0105097,2026-08-06 15:27:41.286516,ESCROW,557,Requested a copy of the most recent mortgage statement for tax purposes.,False,False,False,0.19,0.37
C0105101,2026-07-28 13:29:36.695523,MORTGAGE_INQUIRY,157,Inquired about payoff amount and where to send funds. Sounded like they may be refinancing elsewhere.,True,True,True,0.79,0.01
C0105103,2026-07-19 17:48:01.181564,GENERAL,256,Confirmed next payment due date.,False,False,False,0.15,0.53
C0105107,2026-07-25 13:25:59.698343,MORTGAGE_INQUIRY,185,Customer asked what our current 30-year rates look like and mentioned they saw 5.6% at a competitor.,True,False,False,0.64,-0.39
C0105107,2026-07-30 07:27:20.559025,PAYMENT,345,Asked how to set up autopay for the mortgage.,False,False,False,0.15,0.26
C0105112,2026-08-01 07:41:37.784484,MORTGAGE_INQUIRY,284,Called about refinancing options — wanted to know break-even on closing costs against a 5.5% offer.,True,True,False,0.94,0.03
C0105112,2026-08-26 16:58:30.982758,PAYMENT,229,Question about escrow analysis and property tax increase.,False,False,False,0.2,0.1
C0105116,2026-06-23 12:38:46.519935,ESCROW,464,Question about escrow analysis and property tax increase.,False,False,False,0.0,0.19
C0105116,2026-07-30 19:57:47.079357,GENERAL,236,Requested a copy of the most recent mortgage statement for tax purposes.,False,False,False,0.13,0.21
C0105120,2026-06-18 13:52:03.231346,GENERAL,359,Requested a copy of the most recent mortgage statement for tax purposes.,False,False,False,0.29,0.32
C0105120,2026-07-31 08:31:55.749151,GENERAL,203,Question about escrow analysis and property tax increase.,False,False,False,0.0,0.51
C0105121,2026-08-09 04:40:45.610079,MORTGAGE_INQUIRY,372,Inquired about payoff amount and where to send funds. Sounded like they may be refinancing elsewhere.,True,False,True,0.69,0.32
C0105121,2026-08-17 02:25:28.664982,MORTGAGE_INQUIRY,455,Wants to speak to a mortgage specialist about refinancing. Mentioned rate shopping.,True,True,False,0.89,0.43
C0105123,2026-09-05 10:05:11.310947,PAYMENT,717,Requested a copy of the most recent mortgage statement for tax purposes.,False,False,False,0.29,0.45
C0105124,2026-06-30 13:03:29.625059,MORTGAGE_INQUIRY,448,Called about refinancing options — wanted to know break-even on closing costs against a 5.36% offer.,True,True,False,0.89,-0.15
C0105124,2026-07-07 19:35:43.313280,MORTGAGE_INQUIRY,800,Customer asked what our current 30-year rates look like and mentioned they saw 5.22% at Rocket.,True,True,False,0.66,0.06
C0105125,2026-07-22 02:37:05.057593,GENERAL,391,General question about online banking access.,False,False,False,0.12,0.01
C0105125,2026-08-25 01:54:53.341228,STATEMENT,132,Question about escrow analysis and property tax increase.,False,False,False,0.38,0.03
C0105126,2026-06-19 01:26:46.925368,MORTGAGE_INQUIRY,380,Customer asked what our current 30-year rates look like and mentioned they saw 5.52% at a competitor.,True,True,False,0.88,0.32
C0105126,2026-07-18 15:31:53.109194,ESCROW,146,Question about escrow analysis and property tax increase.,False,False,False,0.0,0.56
C0105128,2026-07-08 07:59:41.088793,ESCROW,304,Question about escrow analysis and property tax increase.,False,False,False,0.08,-0.06
C0105128,2026-07-16 11:45:29.165931,GENERAL,133,Asked how to set up autopay for the mortgage.,False,False,False,0.29,-0.38
C0105130,2026-09-10 03:34:55.738489,MORTGAGE_INQUIRY,710,Wants to speak to a mortgage specialist about refinancing. Mentioned rate shopping.,True,False,False,0.78,-0.26
C0105131,2026-07-29 05:56:36.336732,PAYMENT,685,Confirmed next payment due date.,False,False,False,0.13,-0.01
C0105143,2026-08-17 02:16:21.201604,PAYMENT,846,Confirmed next payment due date.,False,False,False,0.13,-0.08
C0105143,2026-09-02 21:49:30.842553,STATEMENT,524,Requested a copy of the most recent mortgage statement for tax purposes.,False,False,False,0.29,0.21
C0105144,2026-07-11 19:01:13.880974,PAYMENT,858,Requested a copy of the most recent mortgage statement for tax purposes.,False,False,False,0.02,0.04
C0105147,2026-06-13 17:39:02.445159,STATEMENT,657,Asked how to set up autopay for the mortgage.,False,False,False,0.23,0.01
C0105147,2026-07-25 17:40:20.585494,GENERAL,141,Requested a copy of the most recent mortgage statement for tax purposes.,False,False,False,0.19,0.19
C0105148,2026-08-09 12:10:33.070302,MORTGAGE_INQUIRY,574,Called about refinancing options — wanted to know break-even on closing costs against a 5.36% offer.,True,False,False,0.62,-0.21
C0105148,2026-08-25 23:22:51.755185,PAYMENT,74,Question about escrow analysis and property tax increase.,False,False,False,0.18,0.15
C0105152,2026-06-22 15:02:00.831332,MORTGAGE_INQUIRY,714,Inquired about payoff amount and where to send funds. Sounded like they may be refinancing elsewhere.,True,False,True,0.69,0.25
C0105152,2026-08-21 04:18:37.790051,MORTGAGE_INQUIRY,865,Customer asked what our current 30-year rates look like and mentioned they saw 5.5% at Rocket.,True,True,False,0.66,-0.77
C0105154,2026-07-10 05:06:36.168549,STATEMENT,80,Question about escrow analysis and property tax increase.,False,False,False,0.07,-0.18
C0105154,2026-08-25 19:22:40.817511,PAYMENT,98,Confirmed next payment due date.,False,False,False,0.02,0.84
C0105156,2026-06-22 12:26:56.280407,GENERAL,452,Confirmed next payment due date.,False,False,False,0.14,0.66
C0105156,2026-07-06 19:04:13.619190,MORTGAGE_INQUIRY,144,Wants to speak to a mortgage specialist about refinancing. Mentioned rate shopping.,True,False,False,0.61,0.27
C0105157,2026-08-02 04:03:55.132450,MORTGAGE_INQUIRY,303,Wants to speak to a mortgage specialist about refinancing. Mentioned rate shopping.,True,True,False,0.62,-0.78
C0105157,2026-08-11 07:21:53.428038,ESCROW,779,Requested a copy of the most recent mortgage statement for tax purposes.,False,False,False,0.07,0.13
C0105160,2026-06-14 21:45:57.278163,STATEMENT,735,Requested a copy of the most recent mortgage statement for tax purposes.,False,False,False,0.4,0.56
C0105160,2026-08-21 16:06:11.646933,MORTGAGE_INQUIRY,872,Asked about the process to pay off the loan early and whether there are any prepayment penalties.,True,True,True,0.58,-0.0
C0105161,2026-08-29 07:06:51.721219,ESCROW,811,Question about escrow analysis and property tax increase.,False,False,False,0.07,0.16
C0105166,2026-08-10 23:39:11.827281,STATEMENT,272,Requested a copy of the most recent mortgage statement for tax purposes.,False,False,False,0.0,0.57
C0105166,2026-08-19 15:30:30.140944,ESCROW,477,Question about escrow analysis and property tax increase.,False,False,False,0.36,-0.24
C0105168,2026-08-14 16:30:15.850507,GENERAL,364,Confirmed next payment due date.,False,False,False,0.0,0.42
C0105169,2026-08-31 02:59:41.206793,MORTGAGE_INQUIRY,751,Wants to speak to a mortgage specialist about refinancing. Mentioned rate shopping.,True,True,False,0.66,-0.13
C0105173,2026-07-15 01:19:01.881786,MORTGAGE_INQUIRY,127,Inquired about payoff amount and where to send funds. Sounded like they may be refinancing elsewhere.,True,True,True,0.65,-0.2
C0105173,2026-09-09 20:25:14.406922,PAYMENT,353,Question about escrow analysis and property tax increase.,False,False,False,0.03,0.02
C0105175,2026-06-20 02:25:29.772870,MORTGAGE_INQUIRY,861,Asked about the process to pay off the loan early and whether there are any prepayment penalties.,True,True,True,0.72,0.08
C0105175,2026-07-06 01:51:37.038046,ESCROW,651,General question about online banking access.,False,False,False,0.13,0.48
C0105180,2026-08-03 15:23:36.288390,STATEMENT,644,Asked how to set up autopay for the mortgage.,False,False,False,0.33,-0.01
C0105180,2026-08-03 23:47:53.867932,ESCROW,250,General question about online banking access.,False,False,False,0.0,-0.34
C0105184,2026-08-28 08:10:45.276842,MORTGAGE_INQUIRY,464,Asked about the process to pay off the loan early and whether there are any prepayment penalties.,True,True,True,0.92,0.2
C0105184,2026-09-07 02:40:05.746614,STATEMENT,95,Requested a copy of the most recent mortgage statement for tax purposes.,False,False,False,0.25,0.3
C0105187,2026-06-15 01:41:51.933720,GENERAL,793,Confirmed next payment due date.,False,False,False,0.36,0.24
C0105187,2026-08-11 22:42:38.946402,MORTGAGE_INQUIRY,534,Wants to speak to a mortgage specialist about refinancing. Mentioned rate shopping.,True,False,False,0.73,-0.12
C0105190,2026-06-14 03:52:29.321949,PAYMENT,466,General question about online banking access.,False,False,False,0.41,0.4
C0105195,2026-06-20 04:41:24.997842,MORTGAGE_INQUIRY,259,Called about refinancing options — wanted to know break-even on closing costs against a 5.14% offer.,True,True,False,0.7,-0.1
C0105196,2026-08-29 14:34:16.233505,MORTGAGE_INQUIRY,160,Wants to speak to a mortgage specialist about refinancing. Mentioned rate shopping.,True,True,False,0.63,0.16
C0105199,2026-08-27 03:16:30.184704,MORTGAGE_INQUIRY,99,Asked about the process to pay off the loan early and whether there are any prepayment penalties.,True,True,True,0.89,0.29
C0105199,2026-09-04 23:34:08.723751,MORTGAGE_INQUIRY,745,Called about refinancing options — wanted to know break-even on closing costs against a 5.57% offer.,True,True,False,0.59,-0.36
C0105201,2026-08-02 05:28:45.797755,MORTGAGE_INQUIRY,559,Wants to speak to a mortgage specialist about refinancing. Mentioned rate shopping.,True,True,False,0.84,-0.82
C0105204,2026-07-31 09:44:55.050191,MORTGAGE_INQUIRY,686,Asked about the process to pay off the loan early and whether there are any prepayment penalties.,True,True,True,0.61,0.38
C0105204,2026-08-04 13:25:45.519575,ESCROW,786,Requested a copy of the most recent mortgage statement for tax purposes.,False,False,False,0.02,0.23
C0105205,2026-07-11 01:29:26.944718,GENERAL,684,General question about online banking access.,False,False,False,0.16,-0.16
C0105211,2026-08-12 00:28:19.469594,MORTGAGE_INQUIRY,192,Called about refinancing options — wanted to know break-even on closing costs against a 5.28% offer.,True,True,False,0.85,0.36
C0105212,2026-08-27 00:43:08.277862,ESCROW,838,General question about online banking access.,False,False,False,0.36,0.37
C0105212,2026-08-31 14:59:53.889504,MORTGAGE_INQUIRY,595,Inquired about payoff amount and where to send funds. Sounded like they may be refinancing elsewhere.,True,False,True,1.0,-0.09
C0105221,2026-06-19 19:01:39.150122,MORTGAGE_INQUIRY,133,Called about refinancing options — wanted to know break-even on closing costs against a 5.28% offer.,True,True,False,0.88,0.25
C0105221,2026-06-23 13:54:08.007515,STATEMENT,842,General question about online banking access.,False,False,False,0.29,0.25
C0105222,2026-08-26 02:12:31.661245,MORTGAGE_INQUIRY,108,Wants to speak to a mortgage specialist about refinancing. Mentioned rate shopping.,True,True,False,0.75,0.04
C0105225,2026-07-25 13:36:02.317572,ESCROW,705,Requested a copy of the most recent mortgage statement for tax purposes.,False,False,False,0.33,0.1
C0105227,2026-06-25 19:01:46.885031,PAYMENT,865,Requested a copy of the most recent mortgage statement for tax purposes.,False,False,False,0.19,0.41
C0105231,2026-07-22 22:25:05.676630,MORTGAGE_INQUIRY,812,Inquired about payoff amount and where to send funds. Sounded like they may be refinancing elsewhere.,True,True,True,0.98,-0.29
C0105231,2026-08-14 03:28:01.047066,STATEMENT,645,General question about online banking access.,False,False,False,0.03,0.34
C0105235,2026-08-25 02:09:55.519640,ESCROW,741,Question about escrow analysis and property tax increase.,False,False,False,0.14,0.13
C0105238,2026-08-16 08:46:37.127561,STATEMENT,289,Question about escrow analysis and property tax increase.,False,False,False,0.0,-0.03
C0105238,2026-08-23 13:50:17.946573,MORTGAGE_INQUIRY,311,Asked about the process to pay off the loan early and whether there are any prepayment penalties.,True,True,True,0.92,-0.31
C0105243,2026-08-02 00:51:02.805989,ESCROW,698,Asked how to set up autopay for the mortgage.,False,False,False,0.13,-0.04
C0105243,2026-08-24 21:36:31.696520,MORTGAGE_INQUIRY,492,Asked about the process to pay off the loan early and whether there are any prepayment penalties.,True,False,True,0.63,0.03
C0105244,2026-07-07 17:25:51.183672,MORTGAGE_INQUIRY,399,Asked about the process to pay off the loan early and whether there are any prepayment penalties.,True,True,True,0.94,0.01
C0105245,2026-06-24 20:50:55.589493,MORTGAGE_INQUIRY,225,Called about refinancing options — wanted to know break-even on closing costs against a 5.18% offer.,True,True,False,0.86,0.5
C0105245,2026-08-24 19:36:49.737628,MORTGAGE_INQUIRY,615,Asked about the process to pay off the loan early and whether there are any prepayment penalties.,True,True,True,0.63,-0.01
C0105246,2026-08-09 14:23:34.743762,STATEMENT,248,Confirmed next payment due date.,False,False,False,0.0,-0.28
C0105246,2026-08-10 00:52:38.216955,ESCROW,298,Question about escrow analysis and property tax increase.,False,False,False,0.28,0.11
C0105249,2026-07-01 08:10:47.930049,MORTGAGE_INQUIRY,217,Inquired about payoff amount and where to send funds. Sounded like they may be refinancing elsewhere.,True,False,True,0.79,0.44
C0105249,2026-08-29 05:37:50.460172,MORTGAGE_INQUIRY,751,Inquired about payoff amount and where to send funds. Sounded like they may be refinancing elsewhere.,True,False,True,0.72,0.12
C0105250,2026-08-08 11:15:43.361813,GENERAL,334,General question about online banking access.,False,False,False,0.39,0.62
C0105250,2026-08-24 06:41:33.828091,MORTGAGE_INQUIRY,384,Customer asked what our current 30-year rates look like and mentioned they saw 5.1% at an online lender.,True,False,False,0.66,-0.27
C0105257,2026-07-24 22:33:59.795307,STATEMENT,309,General question about online banking access.,False,False,False,0.12,-0.09
C0105257,2026-08-13 02:46:00.155744,GENERAL,400,Question about escrow analysis and property tax increase.,False,False,False,0.12,0.58
C0105259,2026-06-20 02:33:48.265658,GENERAL,108,Requested a copy of the most recent mortgage statement for tax purposes.,False,False,False,0.17,0.36
C0105259,2026-07-30 23:23:00.265263,MORTGAGE_INQUIRY,300,Called about refinancing options — wanted to know break-even on closing costs against a 5.28% offer.,True,True,False,0.36,-0.89
C0105261,2026-07-11 22:10:00.438524,PAYMENT,193,Asked how to set up autopay for the mortgage.,False,False,False,0.3,0.23
C0105261,2026-08-05 23:34:53.644501,MORTGAGE_INQUIRY,378,Wants to speak to a mortgage specialist about refinancing. Mentioned rate shopping.,True,True,False,0.96,0.46
C0105267,2026-08-29 03:31:07.684381,STATEMENT,333,Requested a copy of the most recent mortgage statement for tax purposes.,False,False,False,0.0,0.94
C0105272,2026-07-05 02:28:52.081074,GENERAL,199,General question about online banking access.,False,False,False,0.13,-0.27
C0105272,2026-08-03 08:59:54.466807,MORTGAGE_INQUIRY,354,Called about refinancing options — wanted to know break-even on closing costs against a 5.25% offer.,True,True,False,0.85,0.16
C0105274,2026-07-23 20:10:48.369915,PAYMENT,686,Question about escrow analysis and property tax increase.,False,False,False,0.07,-0.13
C0105274,2026-08-15 16:10:27.702003,MORTGAGE_INQUIRY,638,Called about refinancing options — wanted to know break-even on closing costs against a 5.4% offer.,True,True,False,0.96,-0.53
C0105278,2026-08-02 07:44:08.858176,MORTGAGE_INQUIRY,356,Asked about the process to pay off the loan early and whether there are any prepayment penalties.,True,True,True,0.72,-0.14
C0105286,2026-09-07 04:37:28.779055,MORTGAGE_INQUIRY,591,Customer asked what our current 30-year rates look like and mentioned they saw 5.38% at Rocket.,True,True,False,0.96,-0.37
C0105287,2026-07-03 21:21:19.288589,MORTGAGE_INQUIRY,344,Wants to speak to a mortgage specialist about refinancing. Mentioned rate shopping.,True,True,False,1.0,-0.37
C0105287,2026-07-11 18:35:21.118553,MORTGAGE_INQUIRY,675,Wants to speak to a mortgage specialist about refinancing. Mentioned rate shopping.,True,True,False,0.51,0.15
C0105288,2026-08-12 18:21:49.721316,GENERAL,798,Asked how to set up autopay for the mortgage.,False,False,False,0.08,0.01
C0105298,2026-08-03 03:30:17.910271,MORTGAGE_INQUIRY,631,Called about refinancing options — wanted to know break-even on closing costs against a 5.34% offer.,True,True,False,0.84,-0.22
C0105300,2026-09-06 12:24:51.303113,MORTGAGE_INQUIRY,579,Customer asked what our current 30-year rates look like and mentioned they saw 5.43% at Chase.,True,False,False,0.76,-0.2
C0105301,2026-06-18 10:19:53.865727,STATEMENT,250,Requested a copy of the most recent mortgage statement for tax purposes.,False,False,False,0.35,0.12
C0105301,2026-06-26 20:08:06.789728,GENERAL,650,Asked how to set up autopay for the mortgage.,False,False,False,0.05,-0.36
C0105303,2026-07-18 04:49:26.924185,MORTGAGE_INQUIRY,337,Wants to speak to a mortgage specialist about refinancing. Mentioned rate shopping.,True,False,False,0.74,0.07
C0105304,2026-07-14 18:04:28.423200,MORTGAGE_INQUIRY,119,Customer asked what our current 30-year rates look like and mentioned they saw 5.34% at a competitor.,True,True,False,0.83,-0.51
C0105310,2026-07-08 02:41:22.394678,MORTGAGE_INQUIRY,669,Customer asked what our current 30-year rates look like and mentioned they saw 5.11% at an online lender.,True,True,False,0.83,-0.03
C0105310,2026-09-05 10:06:13.312554,PAYMENT,128,General question about online banking access.,False,False,False,0.0,-0.33
C0105313,2026-07-23 17:50:15.651570,GENERAL,248,Confirmed next payment due date.,False,False,False,0.28,-0.05
C0105320,2026-06-25 14:16:20.924570,PAYMENT,342,Requested a copy of the most recent mortgage statement for tax purposes.,False,False,False,0.25,0.18
C0105320,2026-06-26 16:30:41.447823,ESCROW,840,Question about escrow analysis and property tax increase.,False,False,False,0.37,0.09
C0105324,2026-07-27 18:42:47.031388,PAYMENT,267,Confirmed next payment due date.,False,False,False,0.0,0.75
C0105324,2026-09-06 00:58:27.759885,STATEMENT,335,Question about escrow analysis and property tax increase.,False,False,False,0.29,-0.18
C0105326,2026-07-04 17:19:23.034081,MORTGAGE_INQUIRY,184,Called about refinancing options — wanted to know break-even on closing costs against a 5.37% offer.,True,True,False,0.66,-0.18
C0105326,2026-08-04 14:51:17.222075,PAYMENT,735,Question about escrow analysis and property tax increase.,False,False,False,0.33,-0.06
C0105331,2026-07-07 14:09:04.828046,MORTGAGE_INQUIRY,204,Called about refinancing options — wanted to know break-even on closing costs against a 5.26% offer.,True,True,False,0.61,-0.21
C0105331,2026-09-10 11:33:56.970893,MORTGAGE_INQUIRY,532,Customer asked what our current 30-year rates look like and mentioned they saw 5.48% at an online lender.,True,False,False,0.95,-0.05
C0105332,2026-07-30 09:26:34.880174,ESCROW,641,Question about escrow analysis and property tax increase.,False,False,False,0.22,0.09
C0105335,2026-07-18 19:44:27.566064,GENERAL,897,Asked how to set up autopay for the mortgage.,False,False,False,0.17,0.19
C0105335,2026-08-15 03:05:26.798204,MORTGAGE_INQUIRY,312,Asked about the process to pay off the loan early and whether there are any prepayment penalties.,True,False,True,0.77,-0.12
C0105338,2026-07-15 11:29:31.153372,MORTGAGE_INQUIRY,872,Inquired about payoff amount and where to send funds. Sounded like they may be refinancing elsewhere.,True,False,True,0.91,-0.36
C0105340,2026-07-01 23:06:24.156555,GENERAL,256,Confirmed next payment due date.,False,False,False,0.25,0.19
C0105340,2026-07-26 21:10:18.061002,STATEMENT,507,Confirmed next payment due date.,False,False,False,0.17,0.65
C0105347,2026-07-16 06:58:53.465450,MORTGAGE_INQUIRY,67,Called about refinancing options — wanted to know break-even on closing costs against a 5.17% offer.,True,True,False,0.85,-0.33
C0105347,2026-08-04 11:17:54.449619,STATEMENT,809,Question about escrow analysis and property tax increase.,False,False,False,0.05,-0.41
C0105357,2026-08-03 01:19:06.574469,MORTGAGE_INQUIRY,722,Called about refinancing options — wanted to know break-even on closing costs against a 5.39% offer.,True,True,False,0.8,0.15
C0105357,2026-08-21 10:51:39.305448,MORTGAGE_INQUIRY,580,Asked about the process to pay off the loan early and whether there are any prepayment penalties.,True,True,True,1.0,-0.39
C0105358,2026-07-16 02:43:36.743710,MORTGAGE_INQUIRY,688,Called about refinancing options — wanted to know break-even on closing costs against a 5.33% offer.,True,True,False,0.89,-0.21
C0105358,2026-09-07 16:31:03.847150,STATEMENT,160,Requested a copy of the most recent mortgage statement for tax purposes.,False,False,False,0.0,-0.57
C0105360,2026-08-30 08:42:09.466734,STATEMENT,848,General question about online banking access.,False,False,False,0.2,0.08
C0105361,2026-07-31 16:58:52.294810,PAYMENT,84,Confirmed next payment due date.,False,False,False,0.25,-0.11
C0105362,2026-07-06 08:19:16.702461,MORTGAGE_INQUIRY,248,Wants to speak to a mortgage specialist about refinancing. Mentioned rate shopping.,True,True,False,0.73,-0.32
C0105365,2026-06-14 01:28:48.263744,MORTGAGE_INQUIRY,294,Wants to speak to a mortgage specialist about refinancing. Mentioned rate shopping.,True,False,False,0.74,-0.03
C0105369,2026-08-27 01:19:08.488218,GENERAL,864,Asked how to set up autopay for the mortgage.,False,False,False,0.22,0.21
C0105371,2026-06-23 23:15:34.908999,PAYMENT,586,Confirmed next payment due date.,False,False,False,0.46,-0.03
C0105371,2026-06-28 20:47:57.551275,PAYMENT,266,Requested a copy of the most recent mortgage statement for tax purposes.,False,False,False,0.34,0.35
C0105373,2026-07-24 06:48:45.163080,PAYMENT,823,Question about escrow analysis and property tax increase.,False,False,False,0.15,-0.03
C0105373,2026-08-19 06:14:29.503235,PAYMENT,666,Question about escrow analysis and property tax increase.,False,False,False,0.2,0.42
C0105375,2026-07-21 13:55:41.237983,ESCROW,264,Requested a copy of the most recent mortgage statement for tax purposes.,False,False,False,0.13,0.11
C0105375,2026-08-20 07:59:00.108956,GENERAL,758,Asked how to set up autopay for the mortgage.,False,False,False,0.14,0.21
C0105379,2026-06-25 09:49:47.552231,STATEMENT,472,General question about online banking access.,False,False,False,0.13,0.59
C0105379,2026-08-17 14:58:09.664976,ESCROW,795,Question about escrow analysis and property tax increase.,False,False,False,0.31,0.65
C0105380,2026-08-29 17:36:17.674804,GENERAL,824,General question about online banking access.,False,False,False,0.0,0.29
C0105381,2026-07-03 09:08:53.721415,MORTGAGE_INQUIRY,625,Inquired about payoff amount and where to send funds. Sounded like they may be refinancing elsewhere.,True,False,True,0.63,-0.16
C0105381,2026-07-26 22:18:24.070914,MORTGAGE_INQUIRY,110,Inquired about payoff amount and where to send funds. Sounded like they may be refinancing elsewhere.,True,False,True,0.57,-0.13
C0105386,2026-07-20 05:48:39.865166,STATEMENT,533,Asked how to set up autopay for the mortgage.,False,False,False,0.17,-0.18
C0105386,2026-08-19 16:32:14.312446,MORTGAGE_INQUIRY,413,Called about refinancing options — wanted to know break-even on closing costs against a 5.27% offer.,True,True,False,0.75,0.14
C0105393,2026-07-05 14:45:11.080970,MORTGAGE_INQUIRY,457,Inquired about payoff amount and where to send funds. Sounded like they may be refinancing elsewhere.,True,False,True,0.71,0.07
C0105401,2026-07-21 09:04:15.020352,MORTGAGE_INQUIRY,877,Customer asked what our current 30-year rates look like and mentioned they saw 5.21% at a competitor.,True,True,False,0.38,-0.64
C0105401,2026-08-28 18:09:56.824983,GENERAL,255,Confirmed next payment due date.,False,False,False,0.07,-0.01
C0105402,2026-06-14 04:21:34.371546,ESCROW,596,General question about online banking access.,False,False,False,0.08,0.27
C0105402,2026-09-08 01:32:37.476904,MORTGAGE_INQUIRY,295,Customer asked what our current 30-year rates look like and mentioned they saw 5.43% at Rocket.,True,True,False,0.74,0.17
C0105403,2026-08-30 17:21:55.714921,MORTGAGE_INQUIRY,69,Customer asked what our current 30-year rates look like and mentioned they saw 5.55% at Rocket.,True,True,False,0.61,-0.49
C0105403,2026-09-07 20:26:47.732276,STATEMENT,772,Requested a copy of the most recent mortgage statement for tax purposes.,False,False,False,0.09,-0.25
C0105407,2026-09-07 06:12:51.429330,MORTGAGE_INQUIRY,346,Wants to speak to a mortgage specialist about refinancing. Mentioned rate shopping.,True,True,False,0.59,-0.37
C0105409,2026-06-28 09:15:11.244591,MORTGAGE_INQUIRY,340,Customer asked what our current 30-year rates look like and mentioned they saw 5.2% at Chase.,True,False,False,0.65,-0.1
C0105409,2026-07-01 10:41:29.402096,MORTGAGE_INQUIRY,674,Inquired about payoff amount and where to send funds. Sounded like they may be refinancing elsewhere.,True,True,True,0.71,0.11
C0105411,2026-07-10 21:06:16.944614,MORTGAGE_INQUIRY,497,Called about refinancing options — wanted to know break-even on closing costs against a 5.32% offer.,True,False,False,0.72,0.26
C0105414,2026-07-29 04:40:39.184983,MORTGAGE_INQUIRY,616,Customer asked what our current 30-year rates look like and mentioned they saw 5.13% at Chase.,True,True,False,0.78,-0.12
C0105418,2026-08-14 17:00:47.413909,STATEMENT,887,Confirmed next payment due date.,False,False,False,0.41,-0.03
C0105419,2026-09-10 10:13:23.455385,PAYMENT,282,General question about online banking access.,False,False,False,0.23,-0.12
C0105421,2026-08-03 01:27:20.072980,MORTGAGE_INQUIRY,454,Asked about the process to pay off the loan early and whether there are any prepayment penalties.,True,False,True,0.74,0.13
C0105429,2026-09-08 17:12:43.092361,MORTGAGE_INQUIRY,796,Asked about the process to pay off the loan early and whether there are any prepayment penalties.,True,False,True,0.79,-0.53
C0105431,2026-06-14 13:27:01.453204,MORTGAGE_INQUIRY,119,Wants to speak to a mortgage specialist about refinancing. Mentioned rate shopping.,True,True,False,0.63,0.4
C0105431,2026-06-27 12:25:49.661583,MORTGAGE_INQUIRY,150,Inquired about payoff amount and where to send funds. Sounded like they may be refinancing elsewhere.,True,False,True,0.74,-0.3
C0105433,2026-08-18 12:48:31.045077,PAYMENT,775,Question about escrow analysis and property tax increase.,False,False,False,0.31,-0.1
C0105435,2026-09-08 11:35:22.110516,MORTGAGE_INQUIRY,642,Customer asked what our current 30-year rates look like and mentioned they saw 5.44% at Rocket.,True,True,False,1.0,-0.34
C0105441,2026-06-19 03:54:19.067261,MORTGAGE_INQUIRY,680,Inquired about payoff amount and where to send funds. Sounded like they may be refinancing elsewhere.,True,True,True,0.58,0.2
C0105446,2026-08-07 14:31:37.105236,GENERAL,327,Asked how to set up autopay for the mortgage.,False,False,False,0.09,0.47
C0105446,2026-08-30 04:00:44.793674,PAYMENT,347,Question about escrow analysis and property tax increase.,False,False,False,0.0,0.2
C0105448,2026-06-24 16:06:38.181980,ESCROW,780,Confirmed next payment due date.,False,False,False,0.04,0.12
C0105451,2026-08-10 14:35:36.557760,PAYMENT,162,Question about escrow analysis and property tax increase.,False,False,False,0.21,0.4
C0105451,2026-09-10 04:50:40.604198,MORTGAGE_INQUIRY,127,Inquired about payoff amount and where to send funds. Sounded like they may be refinancing elsewhere.,True,True,True,1.0,0.03
C0105452,2026-06-29 19:42:39.159030,ESCROW,145,Asked how to set up autopay for the mortgage.,False,False,False,0.13,0.08
C0105452,2026-08-26 12:10:03.819817,ESCROW,799,Requested a copy of the most recent mortgage statement for tax purposes.,False,False,False,0.25,0.76
C0105453,2026-07-05 00:28:35.158965,ESCROW,455,Confirmed next payment due date.,False,False,False,0.3,0.21
C0105453,2026-09-01 13:22:05.157569,PAYMENT,363,Requested a copy of the most recent mortgage statement for tax purposes.,False,False,False,0.07,0.64
C0105456,2026-07-15 01:27:30.204844,GENERAL,320,Requested a copy of the most recent mortgage statement for tax purposes.,False,False,False,0.09,0.6
C0105458,2026-07-18 08:48:58.416374,MORTGAGE_INQUIRY,673,Customer asked what our current 30-year rates look like and mentioned they saw 5.44% at an online lender.,True,True,False,0.7,0.25
C0105458,2026-08-04 15:55:40.762501,STATEMENT,859,General question about online banking access.,False,False,False,0.07,-0.14
C0105460,2026-08-13 14:17:27.618908,MORTGAGE_INQUIRY,650,Asked about the process to pay off the loan early and whether there are any prepayment penalties.,True,False,True,0.58,0.28
C0105464,2026-07-31 04:46:41.131726,GENERAL,891,Confirmed next payment due date.,False,False,False,0.3,0.15
C0105464,2026-08-12 17:18:58.281173,PAYMENT,169,General question about online banking access.,False,False,False,0.28,0.4
C0105465,2026-08-30 06:26:43.432608,MORTGAGE_INQUIRY,487,Inquired about payoff amount and where to send funds. Sounded like they may be refinancing elsewhere.,True,False,True,0.6,0.18
C0105471,2026-06-15 13:24:11.618167,MORTGAGE_INQUIRY,583,Customer asked what our current 30-year rates look like and mentioned they saw 5.43% at Rocket.,True,False,False,0.82,0.36
C0105473,2026-07-29 05:05:22.421290,ESCROW,395,Question about escrow analysis and property tax increase.,False,False,False,0.04,-0.15
C0105475,2026-08-23 12:25:48.799925,MORTGAGE_INQUIRY,669,Wants to speak to a mortgage specialist about refinancing. Mentioned rate shopping.,True,False,False,0.68,-0.56
C0105481,2026-06-16 12:10:48.858635,PAYMENT,756,Question about escrow analysis and property tax increase.,False,False,False,0.0,-0.44
C0105481,2026-08-08 13:42:57.018142,STATEMENT,256,Requested a copy of the most recent mortgage statement for tax purposes.,False,False,False,0.04,0.19
C0105487,2026-09-07 17:10:48.400605,PAYMENT,695,Question about escrow analysis and property tax increase.,False,False,False,0.15,0.36
C0105489,2026-06-21 10:51:49.858642,PAYMENT,127,Requested a copy of the most recent mortgage statement for tax purposes.,False,False,False,0.43,-0.13
C0105492,2026-07-09 18:13:01.894620,PAYMENT,281,Asked how to set up autopay for the mortgage.,False,False,False,0.37,0.09
C0105495,2026-09-02 20:45:42.020296,MORTGAGE_INQUIRY,815,Called about refinancing options — wanted to know break-even on closing costs against a 5.38% offer.,True,True,False,0.66,-0.48
C0105498,2026-06-16 07:01:33.595320,GENERAL,707,Requested a copy of the most recent mortgage statement for tax purposes.,False,False,False,0.0,0.26
C0105498,2026-08-11 07:50:03.807967,STATEMENT,584,Confirmed next payment due date.,False,False,False,0.33,0.13
C0105500,2026-07-27 15:20:16.943713,STATEMENT,681,General question about online banking access.,False,False,False,0.05,-0.03
C0105500,2026-09-04 14:47:26.586701,STATEMENT,180,Question about escrow analysis and property tax increase.,False,False,False,0.37,-0.78
C0105510,2026-07-02 11:37:43.997166,PAYMENT,613,Asked how to set up autopay for the mortgage.,False,False,False,0.08,0.06
C0105514,2026-08-01 14:35:50.314402,MORTGAGE_INQUIRY,528,Asked about the process to pay off the loan early and whether there are any prepayment penalties.,True,True,True,0.6,0.36
C0105514,2026-08-29 10:10:00.553783,STATEMENT,295,Requested a copy of the most recent mortgage statement for tax purposes.,False,False,False,0.2,-0.05
C0105517,2026-09-05 07:24:10.900460,MORTGAGE_INQUIRY,624,Inquired about payoff amount and where to send funds. Sounded like they may be refinancing elsewhere.,True,True,True,0.39,-0.32
C0105519,2026-07-27 17:30:10.073767,GENERAL,264,General question about online banking access.,False,False,False,0.21,0.39
C0105519,2026-07-29 11:57:41.362681,STATEMENT,369,Confirmed next payment due date.,False,False,False,0.0,0.74
C0105521,2026-06-15 22:21:41.129380,ESCROW,622,Requested a copy of the most recent mortgage statement for tax purposes.,False,False,False,0.38,0.55
C0105521,2026-07-24 16:07:20.837357,STATEMENT,689,General question about online banking access.,False,False,False,0.26,-0.85
C0105523,2026-07-03 16:31:40.023765,MORTGAGE_INQUIRY,368,Customer asked what our current 30-year rates look like and mentioned they saw 5.36% at an online lender.,True,True,False,0.86,-0.34
C0105523,2026-08-08 14:47:14.542455,STATEMENT,158,Question about escrow analysis and property tax increase.,False,False,False,0.0,0.41
C0105526,2026-08-08 17:24:33.591636,MORTGAGE_INQUIRY,425,Inquired about payoff amount and where to send funds. Sounded like they may be refinancing elsewhere.,True,False,True,0.82,-0.25
C0105528,2026-08-11 05:13:31.863261,GENERAL,80,Asked how to set up autopay for the mortgage.,False,False,False,0.0,0.32
C0105528,2026-08-12 01:19:53.057526,PAYMENT,781,Requested a copy of the most recent mortgage statement for tax purposes.,False,False,False,0.12,0.12
C0105531,2026-08-06 16:14:52.772229,ESCROW,509,Confirmed next payment due date.,False,False,False,0.11,-0.06
C0105532,2026-08-06 15:57:11.976068,PAYMENT,885,Confirmed next payment due date.,False,False,False,0.43,0.33
C0105536,2026-07-13 05:58:31.102260,PAYMENT,596,Question about escrow analysis and property tax increase.,False,False,False,0.23,0.09
C0105536,2026-08-09 13:14:00.576610,STATEMENT,473,Confirmed next payment due date.,False,False,False,0.33,-0.09
C0105537,2026-07-23 22:26:19.282767,STATEMENT,842,Question about escrow analysis and property tax increase.,False,False,False,0.0,0.48
C0105537,2026-09-04 02:02:23.624414,MORTGAGE_INQUIRY,215,Customer asked what our current 30-year rates look like and mentioned they saw 5.4% at an online lender.,True,False,False,0.75,0.42
C0105539,2026-07-17 23:30:52.050379,STATEMENT,569,Asked how to set up autopay for the mortgage.,False,False,False,0.37,0.22
C0105539,2026-09-08 06:41:28.857357,STATEMENT,119,Requested a copy of the most recent mortgage statement for tax purposes.,False,False,False,0.0,0.2
C0105541,2026-07-22 04:31:17.400033,PAYMENT,430,General question about online banking access.,False,False,False,0.42,0.16
C0105543,2026-07-14 18:09:24.692578,MORTGAGE_INQUIRY,106,Customer asked what our current 30-year rates look like and mentioned they saw 5.29% at Chase.,True,False,False,0.66,-0.25
C0105543,2026-08-10 17:17:28.833097,MORTGAGE_INQUIRY,522,Wants to speak to a mortgage specialist about refinancing. Mentioned rate shopping.,True,False,False,0.9,0.16
C0105549,2026-06-30 10:13:59.297079,MORTGAGE_INQUIRY,651,Asked about the process to pay off the loan early and whether there are any prepayment penalties.,True,True,True,0.62,-0.16
C0105554,2026-08-13 18:02:57.428774,ESCROW,856,Asked how to set up autopay for the mortgage.,False,False,False,0.0,0.21
C0105555,2026-06-28 07:19:07.715128,GENERAL,204,Confirmed next payment due date.,False,False,False,0.21,0.58
C0105555,2026-07-03 18:51:15.429663,MORTGAGE_INQUIRY,824,Customer asked what our current 30-year rates look like and mentioned they saw 5.5% at a competitor.,True,True,False,0.64,-0.81
C0105556,2026-08-24 13:41:00.979515,MORTGAGE_INQUIRY,357,Asked about the process to pay off the loan early and whether there are any prepayment penalties.,True,True,True,0.82,0.09
C0105558,2026-08-07 03:27:49.555170,MORTGAGE_INQUIRY,630,Inquired about payoff amount and where to send funds. Sounded like they may be refinancing elsewhere.,True,True,True,0.78,-0.14
C0105558,2026-09-07 13:32:07.937029,STATEMENT,410,General question about online banking access.,False,False,False,0.01,-0.13
C0105567,2026-08-20 06:06:05.125944,MORTGAGE_INQUIRY,483,Wants to speak to a mortgage specialist about refinancing. Mentioned rate shopping.,True,True,False,0.76,0.05
C0105569,2026-08-04 05:17:45.157100,MORTGAGE_INQUIRY,842,Customer asked what our current 30-year rates look like and mentioned they saw 5.57% at Chase.,True,False,False,0.92,-0.03
C0105572,2026-07-27 20:35:43.633229,GENERAL,321,General question about online banking access.,False,False,False,0.5,0.34
C0105573,2026-07-10 03:34:47.097042,MORTGAGE_INQUIRY,220,Wants to speak to a mortgage specialist about refinancing. Mentioned rate shopping.,True,True,False,0.51,-0.42
C0105573,2026-08-10 17:06:41.808009,ESCROW,863,Asked how to set up autopay for the mortgage.,False,False,False,0.0,0.57
C0105574,2026-08-25 08:05:32.372808,GENERAL,668,Requested a copy of the most recent mortgage statement for tax purposes.,False,False,False,0.35,0.49
C0105577,2026-07-29 21:38:18.172578,MORTGAGE_INQUIRY,96,Called about refinancing options — wanted to know break-even on closing costs against a 5.27% offer.,True,False,False,0.66,-0.41
C0105584,2026-09-01 11:04:31.807075,GENERAL,872,Asked how to set up autopay for the mortgage.,False,False,False,0.05,0.09
C0105585,2026-07-23 10:30:26.468608,MORTGAGE_INQUIRY,314,Called about refinancing options — wanted to know break-even on closing costs against a 5.56% offer.,True,True,False,0.93,-0.07
C0105586,2026-09-05 02:54:52.637847,MORTGAGE_INQUIRY,138,Customer asked what our current 30-year rates look like and mentioned they saw 5.19% at an online lender.,True,False,False,0.54,-0.01
C0105591,2026-07-03 06:06:16.008808,MORTGAGE_INQUIRY,480,Wants to speak to a mortgage specialist about refinancing. Mentioned rate shopping.,True,True,False,0.71,-0.37
C0105591,2026-07-07 03:42:01.329413,MORTGAGE_INQUIRY,764,Asked about the process to pay off the loan early and whether there are any prepayment penalties.,True,True,True,0.92,-0.58
C0105594,2026-06-29 14:06:42.069438,STATEMENT,600,Confirmed next payment due date.,False,False,False,0.08,-0.55
C0105599,2026-08-13 05:30:25.533678,ESCROW,774,Question about escrow analysis and property tax increase.,False,False,False,0.11,0.42
C0105600,2026-07-18 00:15:11.479590,ESCROW,748,General question about online banking access.,False,False,False,0.17,0.54
C0105608,2026-07-21 06:32:19.989445,STATEMENT,875,Asked how to set up autopay for the mortgage.,False,False,False,0.33,0.32
C0105609,2026-09-07 06:43:22.294605,MORTGAGE_INQUIRY,407,Inquired about payoff amount and where to send funds. Sounded like they may be refinancing elsewhere.,True,True,True,0.64,-0.05
C0105613,2026-06-14 22:51:06.631599,MORTGAGE_INQUIRY,514,Inquired about payoff amount and where to send funds. Sounded like they may be refinancing elsewhere.,True,True,True,0.67,0.17
C0105613,2026-08-09 05:16:35.738990,GENERAL,497,Question about escrow analysis and property tax increase.,False,False,False,0.0,0.05
C0105615,2026-06-22 03:40:11.602081,ESCROW,572,Requested a copy of the most recent mortgage statement for tax purposes.,False,False,False,0.46,-0.43
C0105616,2026-07-11 23:25:13.212846,MORTGAGE_INQUIRY,730,Inquired about payoff amount and where to send funds. Sounded like they may be refinancing elsewhere.,True,True,True,0.9,-0.0
C0105620,2026-06-19 01:25:55.626208,MORTGAGE_INQUIRY,358,Inquired about payoff amount and where to send funds. Sounded like they may be refinancing elsewhere.,True,True,True,0.72,-0.18
C0105620,2026-06-27 09:24:04.183272,MORTGAGE_INQUIRY,768,Asked about the process to pay off the loan early and whether there are any prepayment penalties.,True,True,True,0.9,0.11
C0105622,2026-07-05 00:55:48.301578,GENERAL,399,General question about online banking access.,False,False,False,0.2,-0.09
C0105622,2026-07-09 12:23:40.039013,ESCROW,875,General question about online banking access.,False,False,False,0.0,0.22
C0105625,2026-06-16 02:17:03.939043,STATEMENT,464,Confirmed next payment due date.,False,False,False,0.22,0.25
C0105626,2026-06-15 23:50:02.565134,MORTGAGE_INQUIRY,310,Called about refinancing options — wanted to know break-even on closing costs against a 5.17% offer.,True,False,False,0.8,-0.17
C0105626,2026-08-11 10:47:01.524614,PAYMENT,129,Question about escrow analysis and property tax increase.,False,False,False,0.12,0.17
C0105628,2026-07-21 13:08:23.797735,PAYMENT,812,Asked how to set up autopay for the mortgage.,False,False,False,0.14,0.49
C0105630,2026-07-28 21:22:13.789066,STATEMENT,764,Question about escrow analysis and property tax increase.,False,False,False,0.34,-0.07
C0105632,2026-06-29 11:31:13.528035,GENERAL,233,Question about escrow analysis and property tax increase.,False,False,False,0.12,0.55
C0105632,2026-07-05 03:29:03.780466,ESCROW,816,Asked how to set up autopay for the mortgage.,False,False,False,0.05,-0.09
C0105633,2026-07-06 04:58:14.177629,GENERAL,813,Confirmed next payment due date.,False,False,False,0.0,-0.01
C0105633,2026-07-26 05:50:30.299248,PAYMENT,836,Question about escrow analysis and property tax increase.,False,False,False,0.26,-0.2
C0105636,2026-08-02 09:49:18.498137,PAYMENT,446,General question about online banking access.,False,False,False,0.06,-0.08
C0105637,2026-06-15 03:17:37.443609,GENERAL,464,Question about escrow analysis and property tax increase.,False,False,False,0.11,-0.24
C0105638,2026-07-09 11:40:50.843063,MORTGAGE_INQUIRY,467,Asked about the process to pay off the loan early and whether there are any prepayment penalties.,True,True,True,0.72,-0.15
C0105639,2026-08-07 08:54:16.162376,STATEMENT,621,Asked how to set up autopay for the mortgage.,False,False,False,0.3,0.4
C0105639,2026-09-02 10:16:15.169326,STATEMENT,208,Question about escrow analysis and property tax increase.,False,False,False,0.2,0.43
C0105640,2026-08-24 05:47:26.829681,MORTGAGE_INQUIRY,577,Asked about the process to pay off the loan early and whether there are any prepayment penalties.,True,False,True,0.78,0.64
C0105643,2026-08-07 05:15:20.050657,MORTGAGE_INQUIRY,660,Asked about the process to pay off the loan early and whether there are any prepayment penalties.,True,True,True,0.78,-0.26
C0105643,2026-08-08 06:13:40.747531,MORTGAGE_INQUIRY,82,Called about refinancing options — wanted to know break-even on closing costs against a 5.33% offer.,True,True,False,0.81,-0.63
C0105645,2026-07-28 06:26:53.888496,MORTGAGE_INQUIRY,360,Called about refinancing options — wanted to know break-even on closing costs against a 5.44% offer.,True,False,False,0.71,-0.46
C0105645,2026-08-29 12:43:45.690541,MORTGAGE_INQUIRY,438,Customer asked what our current 30-year rates look like and mentioned they saw 5.51% at Chase.,True,True,False,0.57,-0.84
C0105647,2026-07-26 13:41:40.398592,STATEMENT,92,Confirmed next payment due date.,False,False,False,0.39,0.34
C0105652,2026-07-13 11:03:44.112603,MORTGAGE_INQUIRY,237,Inquired about payoff amount and where to send funds. Sounded like they may be refinancing elsewhere.,True,True,True,0.68,-0.25
C0105652,2026-08-17 16:29:12.678882,MORTGAGE_INQUIRY,762,Customer asked what our current 30-year rates look like and mentioned they saw 5.24% at Chase.,True,True,False,0.38,-0.26
C0105658,2026-07-16 17:13:06.872278,ESCROW,795,General question about online banking access.,False,False,False,0.0,0.39
C0105658,2026-08-10 22:32:19.085539,GENERAL,245,Question about escrow analysis and property tax increase.,False,False,False,0.41,0.1
C0105659,2026-07-15 17:57:33.851066,ESCROW,747,Asked how to set up autopay for the mortgage.,False,False,False,0.06,0.34
C0105660,2026-06-21 10:48:04.856621,MORTGAGE_INQUIRY,430,Inquired about payoff amount and where to send funds. Sounded like they may be refinancing elsewhere.,True,True,True,0.61,-0.63
C0105661,2026-07-25 03:39:07.790332,STATEMENT,554,Asked how to set up autopay for the mortgage.,False,False,False,0.26,0.28
C0105661,2026-08-21 00:10:41.200821,MORTGAGE_INQUIRY,632,Wants to speak to a mortgage specialist about refinancing. Mentioned rate shopping.,True,False,False,0.72,0.25
C0105662,2026-06-23 18:08:49.140156,MORTGAGE_INQUIRY,717,Called about refinancing options — wanted to know break-even on closing costs against a 5.21% offer.,True,True,False,0.61,0.26
C0105662,2026-08-25 19:35:34.790209,GENERAL,384,Asked how to set up autopay for the mortgage.,False,False,False,0.37,-0.03
C0105665,2026-07-03 09:48:11.637717,MORTGAGE_INQUIRY,90,Inquired about payoff amount and where to send funds. Sounded like they may be refinancing elsewhere.,True,True,True,1.0,-0.09
C0105665,2026-07-11 12:31:26.839599,MORTGAGE_INQUIRY,787,Wants to speak to a mortgage specialist about refinancing. Mentioned rate shopping.,True,True,False,0.62,0.1
C0105668,2026-06-27 16:38:30.776624,PAYMENT,361,Confirmed next payment due date.,False,False,False,0.09,-0.07
C0105668,2026-08-04 05:23:57.236528,STATEMENT,381,Asked how to set up autopay for the mortgage.,False,False,False,0.0,0.44
C0105672,2026-07-13 15:43:39.122042,MORTGAGE_INQUIRY,797,Called about refinancing options — wanted to know break-even on closing costs against a 5.35% offer.,True,False,False,0.97,-0.1
C0105672,2026-07-24 22:27:58.832385,MORTGAGE_INQUIRY,621,Wants to speak to a mortgage specialist about refinancing. Mentioned rate shopping.,True,True,False,0.98,-0.29
C0105673,2026-07-09 11:36:16.300085,MORTGAGE_INQUIRY,670,Called about refinancing options — wanted to know break-even on closing costs against a 5.29% offer.,True,True,False,0.94,-0.23
C0105673,2026-07-10 12:08:36.617517,MORTGAGE_INQUIRY,849,Asked about the process to pay off the loan early and whether there are any prepayment penalties.,True,False,True,0.64,-0.57
C0105674,2026-08-27 17:12:56.643733,MORTGAGE_INQUIRY,286,Called about refinancing options — wanted to know break-even on closing costs against a 5.29% offer.,True,False,False,0.87,-0.1
C0105674,2026-08-29 00:42:37.917790,MORTGAGE_INQUIRY,83,Called about refinancing options — wanted to know break-even on closing costs against a 5.34% offer.,True,False,False,0.44,0.15
C0105676,2026-08-11 11:44:39.170298,PAYMENT,556,Asked how to set up autopay for the mortgage.,False,False,False,0.37,0.36
C0105679,2026-06-22 11:12:55.706685,ESCROW,129,General question about online banking access.,False,False,False,0.31,0.27
C0105679,2026-07-18 15:15:54.230469,STATEMENT,131,Question about escrow analysis and property tax increase.,False,False,False,0.0,0.03
C0105680,2026-07-19 22:24:50.843163,MORTGAGE_INQUIRY,637,Customer asked what our current 30-year rates look like and mentioned they saw 5.14% at Rocket.,True,True,False,0.7,-0.06
C0105681,2026-08-25 01:01:07.711265,PAYMENT,339,Asked how to set up autopay for the mortgage.,False,False,False,0.0,0.21
C0105686,2026-06-28 03:48:16.130016,STATEMENT,217,Confirmed next payment due date.,False,False,False,0.23,0.27
C0105686,2026-08-09 03:53:19.663453,PAYMENT,207,Requested a copy of the most recent mortgage statement for tax purposes.,False,False,False,0.38,0.11
C0105687,2026-09-02 07:32:21.084968,GENERAL,225,General question about online banking access.,False,False,False,0.4,-0.05
C0105693,2026-08-07 04:42:36.175552,MORTGAGE_INQUIRY,449,Customer asked what our current 30-year rates look like and mentioned they saw 5.23% at an online lender.,True,False,False,0.65,-0.32
C0105694,2026-08-20 04:12:37.140232,MORTGAGE_INQUIRY,882,Wants to speak to a mortgage specialist about refinancing. Mentioned rate shopping.,True,True,False,0.7,0.08
C0105695,2026-06-21 14:45:53.781816,STATEMENT,637,General question about online banking access.,False,False,False,0.1,-0.0
C0105695,2026-07-19 01:03:59.606253,GENERAL,189,Question about escrow analysis and property tax increase.,False,False,False,0.0,0.0
C0105698,2026-06-18 07:01:21.344120,PAYMENT,361,Question about escrow analysis and property tax increase.,False,False,False,0.33,0.08
C0105699,2026-06-25 18:13:21.374591,ESCROW,368,Confirmed next payment due date.,False,False,False,0.22,-0.05
C0105703,2026-08-20 03:09:06.685866,PAYMENT,490,Confirmed next payment due date.,False,False,False,0.46,0.12
C0105703,2026-08-31 15:21:27.971510,STATEMENT,496,General question about online banking access.,False,False,False,0.0,-0.17
C0105713,2026-07-31 21:10:20.510067,MORTGAGE_INQUIRY,816,Called about refinancing options — wanted to know break-even on closing costs against a 5.35% offer.,True,False,False,0.75,0.01
C0105716,2026-09-02 13:48:43.759256,MORTGAGE_INQUIRY,122,Inquired about payoff amount and where to send funds. Sounded like they may be refinancing elsewhere.,True,True,True,0.99,-0.16
C0105720,2026-07-07 09:41:17.388917,STATEMENT,766,Question about escrow analysis and property tax increase.,False,False,False,0.15,0.37
C0105722,2026-06-23 15:27:15.708997,GENERAL,271,Requested a copy of the most recent mortgage statement for tax purposes.,False,False,False,0.23,-0.07
C0105722,2026-07-17 01:48:12.678151,GENERAL,633,Asked how to set up autopay for the mortgage.,False,False,False,0.09,-0.14
C0105726,2026-07-14 07:37:24.536990,PAYMENT,102,Requested a copy of the most recent mortgage statement for tax purposes.,False,False,False,0.27,0.01
C0105728,2026-08-04 21:20:11.253113,MORTGAGE_INQUIRY,750,Called about refinancing options — wanted to know break-even on closing costs against a 5.13% offer.,True,True,False,0.78,0.08
C0105728,2026-08-21 20:38:22.920191,PAYMENT,430,Asked how to set up autopay for the mortgage.,False,False,False,0.12,0.46
C0105735,2026-06-30 19:53:58.573586,STATEMENT,393,Question about escrow analysis and property tax increase.,False,False,False,0.0,0.22
C0105738,2026-07-14 17:09:20.782895,STATEMENT,273,Requested a copy of the most recent mortgage statement for tax purposes.,False,False,False,0.01,0.31
C0105738,2026-08-07 08:07:30.893526,MORTGAGE_INQUIRY,385,Inquired about payoff amount and where to send funds. Sounded like they may be refinancing elsewhere.,True,True,True,0.57,0.29
C0105740,2026-06-13 23:25:56.361549,GENERAL,360,Question about escrow analysis and property tax increase.,False,False,False,0.14,0.36
C0105740,2026-08-25 07:41:37.975587,ESCROW,180,Asked how to set up autopay for the mortgage.,False,False,False,0.17,-0.1
C0105742,2026-08-18 03:53:12.299953,MORTGAGE_INQUIRY,150,Inquired about payoff amount and where to send funds. Sounded like they may be refinancing elsewhere.,True,True,True,0.65,0.17
C0105743,2026-06-29 06:10:49.731731,MORTGAGE_INQUIRY,741,Customer asked what our current 30-year rates look like and mentioned they saw 5.57% at a competitor.,True,True,False,0.89,0.21
C0105743,2026-08-09 00:23:23.245932,MORTGAGE_INQUIRY,438,Inquired about payoff amount and where to send funds. Sounded like they may be refinancing elsewhere.,True,True,True,0.74,0.09
C0105751,2026-06-23 02:30:06.931914,MORTGAGE_INQUIRY,399,Inquired about payoff amount and where to send funds. Sounded like they may be refinancing elsewhere.,True,False,True,0.88,-0.18
C0105751,2026-08-24 10:56:49.056902,MORTGAGE_INQUIRY,431,Wants to speak to a mortgage specialist about refinancing. Mentioned rate shopping.,True,True,False,0.89,0.01
C0105755,2026-08-09 03:57:00.255920,MORTGAGE_INQUIRY,743,Inquired about payoff amount and where to send funds. Sounded like they may be refinancing elsewhere.,True,True,True,0.76,-0.06
C0105757,2026-09-01 13:10:49.620106,ESCROW,128,Confirmed next payment due date.,False,False,False,0.25,0.64
C0105767,2026-06-29 19:05:59.641721,GENERAL,516,Question about escrow analysis and property tax increase.,False,False,False,0.0,0.59
C0105767,2026-08-31 02:14:13.449296,MORTGAGE_INQUIRY,515,Customer asked what our current 30-year rates look like and mentioned they saw 5.44% at Rocket.,True,True,False,0.79,-0.25
C0105770,2026-08-17 22:09:12.788493,MORTGAGE_INQUIRY,816,Customer asked what our current 30-year rates look like and mentioned they saw 5.39% at Chase.,True,True,False,0.98,0.02
C0105770,2026-09-05 06:18:42.203325,PAYMENT,437,Asked how to set up autopay for the mortgage.,False,False,False,0.1,-0.26
C0105775,2026-08-17 03:59:45.272369,STATEMENT,97,Asked how to set up autopay for the mortgage.,False,False,False,0.06,0.21
C0105777,2026-09-08 08:43:24.325451,MORTGAGE_INQUIRY,720,Customer asked what our current 30-year rates look like and mentioned they saw 5.45% at an online lender.,True,True,False,0.7,-0.22
C0105784,2026-08-11 21:45:31.296771,ESCROW,417,Confirmed next payment due date.,False,False,False,0.04,0.36
C0105784,2026-09-06 23:43:18.063251,ESCROW,857,Requested a copy of the most recent mortgage statement for tax purposes.,False,False,False,0.33,0.47
C0105787,2026-08-11 05:24:55.351730,STATEMENT,441,General question about online banking access.,False,False,False,0.21,0.26
C0105787,2026-08-14 04:35:21.793064,MORTGAGE_INQUIRY,496,Called about refinancing options — wanted to know break-even on closing costs against a 5.16% offer.,True,True,False,0.75,0.26
C0105791,2026-07-13 20:41:31.012711,MORTGAGE_INQUIRY,864,Wants to speak to a mortgage specialist about refinancing. Mentioned rate shopping.,True,True,False,0.75,-0.54
C0105793,2026-06-13 11:42:23.618925,MORTGAGE_INQUIRY,517,Wants to speak to a mortgage specialist about refinancing. Mentioned rate shopping.,True,True,False,0.81,-0.24
C0105793,2026-08-28 12:55:58.014952,MORTGAGE_INQUIRY,826,Inquired about payoff amount and where to send funds. Sounded like they may be refinancing elsewhere.,True,False,True,1.0,-0.17
C0105794,2026-07-08 05:54:33.870442,PAYMENT,489,Asked how to set up autopay for the mortgage.,False,False,False,0.3,0.26
C0105796,2026-08-27 06:04:07.074043,GENERAL,319,Asked how to set up autopay for the mortgage.,False,False,False,0.37,0.05
C0105796,2026-09-08 01:00:09.048154,MORTGAGE_INQUIRY,96,Called about refinancing options — wanted to know break-even on closing costs against a 5.16% offer.,True,True,False,0.72,0.44
C0105798,2026-08-27 12:02:31.533940,MORTGAGE_INQUIRY,91,Called about refinancing options — wanted to know break-even on closing costs against a 5.5% offer.,True,True,False,0.82,-0.71
C0105799,2026-07-09 14:29:38.864039,PAYMENT,728,Asked how to set up autopay for the mortgage.,False,False,False,0.0,0.12
C0105799,2026-07-29 16:55:59.252977,MORTGAGE_INQUIRY,472,Customer asked what our current 30-year rates look like and mentioned they saw 5.43% at Chase.,True,True,False,0.92,0.11
C0105802,2026-07-30 17:46:59.051728,ESCROW,591,Confirmed next payment due date.,False,False,False,0.26,0.11
C0105802,2026-08-22 15:54:58.253657,MORTGAGE_INQUIRY,292,Inquired about payoff amount and where to send funds. Sounded like they may be refinancing elsewhere.,True,False,True,0.8,-0.51
C0105803,2026-07-03 14:59:59.127600,PAYMENT,857,Confirmed next payment due date.,False,False,False,0.28,0.22
C0105803,2026-09-03 05:12:13.243796,STATEMENT,756,Asked how to set up autopay for the mortgage.,False,False,False,0.2,0.43
C0105804,2026-07-15 01:49:24.985152,MORTGAGE_INQUIRY,260,Inquired about payoff amount and where to send funds. Sounded like they may be refinancing elsewhere.,True,True,True,1.0,-0.18
C0105804,2026-07-28 23:10:20.775346,MORTGAGE_INQUIRY,708,Customer asked what our current 30-year rates look like and mentioned they saw 5.26% at a competitor.,True,True,False,0.94,-0.03
C0105805,2026-07-20 03:06:28.733791,PAYMENT,62,Asked how to set up autopay for the mortgage.,False,False,False,0.15,0.84
C0105805,2026-08-21 07:10:08.441974,GENERAL,406,General question about online banking access.,False,False,False,0.01,0.17
C0105809,2026-08-08 11:19:25.750167,PAYMENT,144,General question about online banking access.,False,False,False,0.17,0.23
C0105809,2026-08-15 12:32:20.457011,GENERAL,428,Confirmed next payment due date.,False,False,False,0.0,0.59
C0105812,2026-06-17 12:44:30.571546,STATEMENT,67,Asked how to set up autopay for the mortgage.,False,False,False,0.21,-0.56
C0105812,2026-06-27 20:26:48.271731,PAYMENT,740,Confirmed next payment due date.,False,False,False,0.04,0.19
C0105813,2026-07-27 03:31:45.545192,GENERAL,853,Question about escrow analysis and property tax increase.,False,False,False,0.17,0.51
C0105823,2026-08-22 21:24:09.890040,MORTGAGE_INQUIRY,165,Asked about the process to pay off the loan early and whether there are any prepayment penalties.,True,True,True,1.0,-0.1
C0105824,2026-07-20 09:39:51.624878,MORTGAGE_INQUIRY,470,Wants to speak to a mortgage specialist about refinancing. Mentioned rate shopping.,True,True,False,0.95,-0.16
C0105825,2026-07-24 05:16:58.411629,STATEMENT,748,Question about escrow analysis and property tax increase.,False,False,False,0.12,-0.11
C0105826,2026-09-09 22:09:14.800506,MORTGAGE_INQUIRY,793,Inquired about payoff amount and where to send funds. Sounded like they may be refinancing elsewhere.,True,True,True,0.7,-0.48
C0105827,2026-07-11 01:22:58.124117,MORTGAGE_INQUIRY,461,Customer asked what our current 30-year rates look like and mentioned they saw 5.53% at an online lender.,True,False,False,0.67,-0.02
C0105827,2026-08-23 09:05:02.581534,STATEMENT,638,Confirmed next payment due date.,False,False,False,0.14,0.22
C0105830,2026-08-08 14:11:36.919418,MORTGAGE_INQUIRY,192,Asked about the process to pay off the loan early and whether there are any prepayment penalties.,True,False,True,1.0,-0.18
C0105834,2026-08-19 10:02:20.308545,GENERAL,135,Requested a copy of the most recent mortgage statement for tax purposes.,False,False,False,0.26,0.31
C0105834,2026-09-09 14:38:59.560770,MORTGAGE_INQUIRY,136,Wants to speak to a mortgage specialist about refinancing. Mentioned rate shopping.,True,True,False,0.73,-0.43
C0105836,2026-08-09 02:09:40.091817,MORTGAGE_INQUIRY,221,Called about refinancing options — wanted to know break-even on closing costs against a 5.55% offer.,True,True,False,0.7,0.1
C0105836,2026-08-23 13:24:54.058008,GENERAL,631,Asked how to set up autopay for the mortgage.,False,False,False,0.05,0.23
C0105838,2026-07-09 00:44:08.758940,PAYMENT,276,Requested a copy of the most recent mortgage statement for tax purposes.,False,False,False,0.12,0.41
C0105838,2026-08-12 07:24:38.428250,GENERAL,279,General question about online banking access.,False,False,False,0.37,0.14
C0105847,2026-07-13 11:55:50.434361,MORTGAGE_INQUIRY,753,Asked about the process to pay off the loan early and whether there are any prepayment penalties.,True,True,True,0.87,-0.03
C0105848,2026-07-03 01:21:51.576032,GENERAL,643,Asked how to set up autopay for the mortgage.,False,False,False,0.0,0.34
C0105848,2026-07-29 04:50:06.141717,ESCROW,61,Confirmed next payment due date.,False,False,False,0.05,0.26
C0105849,2026-07-11 23:17:39.879324,GENERAL,845,Asked how to set up autopay for the mortgage.,False,False,False,0.26,0.49
C0105852,2026-07-15 22:18:31.849391,ESCROW,822,Requested a copy of the most recent mortgage statement for tax purposes.,False,False,False,0.3,0.31
C0105852,2026-09-04 06:49:31.467265,GENERAL,464,Requested a copy of the most recent mortgage statement for tax purposes.,False,False,False,0.08,0.27
C0105853,2026-07-02 23:58:39.595164,MORTGAGE_INQUIRY,552,Inquired about payoff amount and where to send funds. Sounded like they may be refinancing elsewhere.,True,True,True,0.78,0.38
C0105853,2026-08-29 10:11:54.659213,MORTGAGE_INQUIRY,411,Asked about the process to pay off the loan early and whether there are any prepayment penalties.,True,False,True,0.81,-0.46
C0105854,2026-07-23 21:17:30.786549,STATEMENT,596,General question about online banking access.,False,False,False,0.11,0.6
C0105854,2026-07-31 23:08:22.084419,MORTGAGE_INQUIRY,354,Customer asked what our current 30-year rates look like and mentioned they saw 5.13% at Chase.,True,False,False,0.68,-0.67
C0105855,2026-08-11 12:03:33.868458,MORTGAGE_INQUIRY,777,Called about refinancing options — wanted to know break-even on closing costs against a 5.46% offer.,True,True,False,0.86,0.06
C0105859,2026-08-03 03:12:45.848461,MORTGAGE_INQUIRY,601,Asked about the process to pay off the loan early and whether there are any prepayment penalties.,True,True,True,0.84,-0.06
C0105860,2026-07-30 23:50:19.687111,GENERAL,727,Requested a copy of the most recent mortgage statement for tax purposes.,False,False,False,0.0,0.43
C0105874,2026-09-03 09:28:11.910962,ESCROW,205,Asked how to set up autopay for the mortgage.,False,False,False,0.61,0.62
C0105875,2026-06-30 19:50:22.999436,MORTGAGE_INQUIRY,207,Wants to speak to a mortgage specialist about refinancing. Mentioned rate shopping.,True,True,False,0.82,0.3
C0105881,2026-07-06 13:04:27.713607,MORTGAGE_INQUIRY,499,Wants to speak to a mortgage specialist about refinancing. Mentioned rate shopping.,True,True,False,0.86,-0.4
C0105881,2026-08-27 22:28:48.850841,MORTGAGE_INQUIRY,589,Inquired about payoff amount and where to send funds. Sounded like they may be refinancing elsewhere.,True,True,True,0.94,0.19
C0105883,2026-08-03 01:17:52.179972,GENERAL,91,Question about escrow analysis and property tax increase.,False,False,False,0.0,-0.18
C0105883,2026-08-24 02:09:00.521958,ESCROW,327,General question about online banking access.,False,False,False,0.0,0.15
C0105887,2026-07-25 20:49:09.187595,MORTGAGE_INQUIRY,263,Called about refinancing options — wanted to know break-even on closing costs against a 5.13% offer.,True,False,False,0.68,-0.25
C0105887,2026-08-23 11:53:20.038601,MORTGAGE_INQUIRY,649,Customer asked what our current 30-year rates look like and mentioned they saw 5.14% at Chase.,True,True,False,0.79,-0.03
C0105888,2026-07-16 13:06:20.379085,STATEMENT,83,Asked how to set up autopay for the mortgage.,False,False,False,0.22,-0.17
C0105888,2026-08-23 13:06:15.462745,GENERAL,265,Question about escrow analysis and property tax increase.,False,False,False,0.0,0.56
C0105889,2026-07-19 05:57:12.120278,GENERAL,311,Confirmed next payment due date.,False,False,False,0.09,0.23
C0105891,2026-07-01 22:11:05.842700,PAYMENT,706,Asked how to set up autopay for the mortgage.,False,False,False,0.0,0.31
C0105891,2026-08-19 15:35:22.660943,PAYMENT,202,Question about escrow analysis and property tax increase.,False,False,False,0.25,0.08
C0105893,2026-07-11 23:43:51.306919,MORTGAGE_INQUIRY,244,Called about refinancing options — wanted to know break-even on closing costs against a 5.31% offer.,True,True,False,0.78,-0.94
C0105893,2026-09-07 09:17:28.939515,GENERAL,785,Asked how to set up autopay for the mortgage.,False,False,False,0.0,0.03
C0105894,2026-07-18 10:09:24.344954,STATEMENT,606,Question about escrow analysis and property tax increase.,False,False,False,0.22,0.21
C0105894,2026-07-21 19:05:23.577776,GENERAL,720,Requested a copy of the most recent mortgage statement for tax purposes.,False,False,False,0.03,0.57
C0105897,2026-08-08 19:24:27.705112,MORTGAGE_INQUIRY,557,Inquired about payoff amount and where to send funds. Sounded like they may be refinancing elsewhere.,True,True,True,1.0,-0.07
C0105897,2026-08-23 01:35:44.874199,MORTGAGE_INQUIRY,222,Inquired about payoff amount and where to send funds. Sounded like they may be refinancing elsewhere.,True,False,True,0.71,-0.2
C0105901,2026-07-08 18:49:42.962506,PAYMENT,616,Confirmed next payment due date.,False,False,False,0.06,0.14
C0105904,2026-06-26 07:51:16.336510,GENERAL,304,General question about online banking access.,False,False,False,0.35,-0.14
C0105904,2026-06-27 16:16:56.055072,MORTGAGE_INQUIRY,679,Wants to speak to a mortgage specialist about refinancing. Mentioned rate shopping.,True,True,False,0.93,-0.42
C0105905,2026-08-17 04:19:42.752075,ESCROW,567,Question about escrow analysis and property tax increase.,False,False,False,0.26,0.37
C0105905,2026-08-24 01:31:37.596326,MORTGAGE_INQUIRY,744,Asked about the process to pay off the loan early and whether there are any prepayment penalties.,True,False,True,0.85,0.38
C0105909,2026-08-13 07:23:48.666562,MORTGAGE_INQUIRY,630,Asked about the process to pay off the loan early and whether there are any prepayment penalties.,True,False,True,0.71,-0.07
C0105909,2026-09-05 20:11:29.217468,MORTGAGE_INQUIRY,757,Called about refinancing options — wanted to know break-even on closing costs against a 5.46% offer.,True,True,False,0.84,-0.24
C0105910,2026-06-29 01:58:37.276497,ESCROW,427,General question about online banking access.,False,False,False,0.11,0.2
C0105911,2026-07-13 03:37:44.323091,ESCROW,580,Requested a copy of the most recent mortgage statement for tax purposes.,False,False,False,0.3,0.04
C0105911,2026-07-27 20:05:24.931838,GENERAL,630,Confirmed next payment due date.,False,False,False,0.16,0.78
C0105914,2026-09-06 00:42:52.730586,PAYMENT,720,Question about escrow analysis and property tax increase.,False,False,False,0.34,0.13
C0105917,2026-08-07 02:48:16.904970,GENERAL,439,Confirmed next payment due date.,False,False,False,0.35,0.27
C0105919,2026-09-08 10:58:21.502649,MORTGAGE_INQUIRY,544,Called about refinancing options — wanted to know break-even on closing costs against a 5.2% offer.,True,False,False,0.66,-0.03
C0105921,2026-06-23 15:54:52.743322,ESCROW,470,Asked how to set up autopay for the mortgage.,False,False,False,0.45,0.46
C0105921,2026-07-26 06:52:18.325785,MORTGAGE_INQUIRY,616,Customer asked what our current 30-year rates look like and mentioned they saw 5.39% at Rocket.,True,True,False,0.78,-0.39
C0105925,2026-07-22 23:46:45.035072,MORTGAGE_INQUIRY,593,Asked about the process to pay off the loan early and whether there are any prepayment penalties.,True,True,True,0.73,0.28
C0105925,2026-08-25 06:27:39.239849,MORTGAGE_INQUIRY,645,Inquired about payoff amount and where to send funds. Sounded like they may be refinancing elsewhere.,True,True,True,0.75,-0.03
C0105929,2026-06-16 16:09:22.563806,ESCROW,581,Asked how to set up autopay for the mortgage.,False,False,False,0.3,0.08
C0105929,2026-06-30 07:55:35.985299,STATEMENT,480,Asked how to set up autopay for the mortgage.,False,False,False,0.21,0.55
C0105931,2026-07-11 07:13:44.484936,GENERAL,83,General question about online banking access.,False,False,False,0.21,0.26
C0105934,2026-09-03 12:53:31.163723,MORTGAGE_INQUIRY,361,Wants to speak to a mortgage specialist about refinancing. Mentioned rate shopping.,True,True,False,0.88,-0.12
C0105939,2026-06-30 20:28:53.852819,STATEMENT,635,Asked how to set up autopay for the mortgage.,False,False,False,0.05,0.28
C0105941,2026-08-19 20:43:03.972601,MORTGAGE_INQUIRY,73,Asked about the process to pay off the loan early and whether there are any prepayment penalties.,True,False,True,0.54,-0.27
C0105941,2026-09-06 22:16:54.994075,PAYMENT,551,Confirmed next payment due date.,False,False,False,0.42,0.48
C0105946,2026-07-07 18:56:23.641856,MORTGAGE_INQUIRY,868,Asked about the process to pay off the loan early and whether there are any prepayment penalties.,True,True,True,0.5,-0.19
C0105946,2026-07-23 09:06:41.057275,MORTGAGE_INQUIRY,600,Wants to speak to a mortgage specialist about refinancing. Mentioned rate shopping.,True,True,False,0.71,-0.31
C0105947,2026-08-10 20:43:34.802981,MORTGAGE_INQUIRY,784,Customer asked what our current 30-year rates look like and mentioned they saw 5.59% at Chase.,True,True,False,0.67,-0.29
C0105948,2026-08-26 03:06:12.426618,MORTGAGE_INQUIRY,843,Called about refinancing options — wanted to know break-even on closing costs against a 5.44% offer.,True,False,False,0.78,0.18
C0105948,2026-09-05 02:22:03.055549,STATEMENT,658,Asked how to set up autopay for the mortgage.,False,False,False,0.0,-0.11
C0105949,2026-07-31 19:34:49.847808,STATEMENT,373,Question about escrow analysis and property tax increase.,False,False,False,0.17,-0.29
C0105949,2026-09-07 06:46:12.340666,MORTGAGE_INQUIRY,481,Wants to speak to a mortgage specialist about refinancing. Mentioned rate shopping.,True,False,False,0.89,-0.64
C0105952,2026-06-15 18:45:56.272114,STATEMENT,61,Requested a copy of the most recent mortgage statement for tax purposes.,False,False,False,0.11,0.52
C0105952,2026-08-17 22:52:38.202528,GENERAL,374,Asked how to set up autopay for the mortgage.,False,False,False,0.35,0.39
C0105954,2026-08-29 23:15:24.531796,MORTGAGE_INQUIRY,710,Called about refinancing options — wanted to know break-even on closing costs against a 5.49% offer.,True,False,False,0.57,-0.02
C0105956,2026-07-29 22:36:15.821284,MORTGAGE_INQUIRY,329,Asked about the process to pay off the loan early and whether there are any prepayment penalties.,True,False,True,0.82,0.13
C0105956,2026-08-18 05:40:05.975958,ESCROW,247,General question about online banking access.,False,False,False,0.0,0.19
C0105957,2026-07-01 00:30:36.443378,MORTGAGE_INQUIRY,819,Called about refinancing options — wanted to know break-even on closing costs against a 5.54% offer.,True,False,False,0.82,0.59
C0105957,2026-08-10 07:59:17.113564,GENERAL,165,Question about escrow analysis and property tax increase.,False,False,False,0.25,0.68
C0105960,2026-06-30 19:18:58.266331,STATEMENT,261,Asked how to set up autopay for the mortgage.,False,False,False,0.18,0.07
C0105962,2026-06-29 23:41:30.404724,ESCROW,782,Requested a copy of the most recent mortgage statement for tax purposes.,False,False,False,0.01,0.31
C0105963,2026-07-22 14:48:49.862603,ESCROW,299,Asked how to set up autopay for the mortgage.,False,False,False,0.19,0.62
C0105963,2026-08-17 02:02:27.820065,GENERAL,539,General question about online banking access.,False,False,False,0.2,0.4
C0105969,2026-09-07 20:42:08.494120,MORTGAGE_INQUIRY,429,Asked about the process to pay off the loan early and whether there are any prepayment penalties.,True,False,True,0.62,0.07
C0105972,2026-06-25 04:47:14.450854,MORTGAGE_INQUIRY,639,Customer asked what our current 30-year rates look like and mentioned they saw 5.11% at Rocket.,True,True,False,0.87,-0.35
C0105974,2026-07-15 02:59:16.213931,STATEMENT,182,Question about escrow analysis and property tax increase.,False,False,False,0.24,0.45
C0105974,2026-07-18 19:35:42.927185,MORTGAGE_INQUIRY,791,Inquired about payoff amount and where to send funds. Sounded like they may be refinancing elsewhere.,True,True,True,0.82,-0.16
C0105975,2026-07-31 06:14:19.628742,ESCROW,320,Requested a copy of the most recent mortgage statement for tax purposes.,False,False,False,0.0,-0.04
C0105975,2026-08-13 23:41:29.765890,ESCROW,894,Confirmed next payment due date.,False,False,False,0.2,0.26
C0105976,2026-07-04 10:04:11.103742,PAYMENT,565,Asked how to set up autopay for the mortgage.,False,False,False,0.24,0.12
C0105980,2026-07-07 18:15:18.538014,PAYMENT,224,Asked how to set up autopay for the mortgage.,False,False,False,0.13,0.64
C0105983,2026-07-10 08:09:39.230542,GENERAL,433,Confirmed next payment due date.,False,False,False,0.4,0.21
C0105983,2026-09-04 03:40:27.854278,GENERAL,702,Asked how to set up autopay for the mortgage.,False,False,False,0.0,-0.13
C0105984,2026-07-03 10:14:19.662859,MORTGAGE_INQUIRY,263,Inquired about payoff amount and where to send funds. Sounded like they may be refinancing elsewhere.,True,True,True,0.89,-0.5
C0105986,2026-08-02 05:43:08.955743,MORTGAGE_INQUIRY,848,Called about refinancing options — wanted to know break-even on closing costs against a 5.49% offer.,True,True,False,0.79,-0.36
C0105986,2026-08-18 20:03:28.230905,MORTGAGE_INQUIRY,106,Inquired about payoff amount and where to send funds. Sounded like they may be refinancing elsewhere.,True,True,True,0.63,-0.21
C0105992,2026-08-25 16:19:43.600597,MORTGAGE_INQUIRY,530,Customer asked what our current 30-year rates look like and mentioned they saw 5.42% at Rocket.,True,False,False,0.73,0.1
C0105994,2026-09-02 00:54:55.893829,MORTGAGE_INQUIRY,635,Asked about the process to pay off the loan early and whether there are any prepayment penalties.,True,True,True,0.74,-0.03
C0105996,2026-08-09 07:57:10.476545,ESCROW,771,General question about online banking access.,False,False,False,0.14,0.94
C0105997,2026-07-12 05:46:07.636257,MORTGAGE_INQUIRY,867,Customer asked what our current 30-year rates look like and mentioned they saw 5.34% at Rocket.,True,True,False,0.82,-0.29
C0105997,2026-08-07 07:33:25.153744,GENERAL,707,Requested a copy of the most recent mortgage statement for tax purposes.,False,False,False,0.37,0.52
C0106000,2026-07-18 22:35:44.326384,MORTGAGE_INQUIRY,297,Customer asked what our current 30-year rates look like and mentioned they saw 5.11% at Chase.,True,True,False,0.64,-0.1
C0106000,2026-07-31 16:54:33.689984,MORTGAGE_INQUIRY,351,Wants to speak to a mortgage specialist about refinancing. Mentioned rate shopping.,True,True,False,0.7,0.25
C0106005,2026-09-09 08:54:02.504507,MORTGAGE_INQUIRY,793,Asked about the process to pay off the loan early and whether there are any prepayment penalties.,True,True,True,0.79,-0.03
C0106007,2026-07-07 08:21:29.581571,STATEMENT,496,Confirmed next payment due date.,False,False,False,0.16,0.34
C0106008,2026-06-26 18:21:54.298678,ESCROW,233,Confirmed next payment due date.,False,False,False,0.09,0.57
C0106012,2026-08-26 20:49:49.807552,MORTGAGE_INQUIRY,833,Customer asked what our current 30-year rates look like and mentioned they saw 5.52% at a competitor.,True,False,False,0.71,0.18
C0106013,2026-06-26 07:43:55.137284,MORTGAGE_INQUIRY,576,Asked about the process to pay off the loan early and whether there are any prepayment penalties.,True,True,True,0.56,0.08
C0106021,2026-06-18 16:58:04.252961,PAYMENT,128,Asked how to set up autopay for the mortgage.,False,False,False,0.25,0.2
C0106025,2026-06-21 09:52:06.516452,ESCROW,895,Asked how to set up autopay for the mortgage.,False,False,False,0.22,0.2
C0106025,2026-07-16 21:02:31.015198,MORTGAGE_INQUIRY,338,Wants to speak to a mortgage specialist about refinancing. Mentioned rate shopping.,True,False,False,0.82,-0.05
C0106028,2026-07-28 05:18:33.233995,ESCROW,213,Requested a copy of the most recent mortgage statement for tax purposes.,False,False,False,0.15,-0.08
C0106029,2026-08-02 13:30:30.146046,MORTGAGE_INQUIRY,545,Customer asked what our current 30-year rates look like and mentioned they saw 5.15% at a competitor.,True,True,False,0.7,-0.52
C0106033,2026-07-20 08:15:57.991510,PAYMENT,517,Question about escrow analysis and property tax increase.,False,False,False,0.0,-0.06
C0106037,2026-08-01 04:54:20.317575,MORTGAGE_INQUIRY,333,Customer asked what our current 30-year rates look like and mentioned they saw 5.19% at a competitor.,True,True,False,0.77,-0.24
C0106048,2026-07-07 07:25:22.271331,PAYMENT,714,Question about escrow analysis and property tax increase.,False,False,False,0.26,0.36
C0106052,2026-09-06 01:42:47.174646,STATEMENT,874,Confirmed next payment due date.,False,False,False,0.23,0.36
C0106055,2026-07-17 21:56:13.806280,MORTGAGE_INQUIRY,151,Wants to speak to a mortgage specialist about refinancing. Mentioned rate shopping.,True,False,False,0.97,-0.29
C0106056,2026-08-28 10:44:01.714332,MORTGAGE_INQUIRY,782,Wants to speak to a mortgage specialist about refinancing. Mentioned rate shopping.,True,True,False,0.85,-0.08
C0106057,2026-07-05 18:44:26.585386,PAYMENT,268,Asked how to set up autopay for the mortgage.,False,False,False,0.32,0.93
C0106057,2026-07-24 22:05:30.543393,MORTGAGE_INQUIRY,130,Customer asked what our current 30-year rates look like and mentioned they saw 5.55% at Rocket.,True,True,False,0.71,-0.02
C0106058,2026-08-01 08:34:08.509659,PAYMENT,203,General question about online banking access.,False,False,False,0.04,0.23
C0106061,2026-07-25 06:10:48.599258,MORTGAGE_INQUIRY,385,Customer asked what our current 30-year rates look like and mentioned they saw 5.54% at an online lender.,True,True,False,0.65,-0.14
C0106064,2026-08-13 01:41:49.351196,ESCROW,842,Confirmed next payment due date.,False,False,False,0.0,0.38
C0106069,2026-07-21 18:11:20.259214,ESCROW,513,Confirmed next payment due date.,False,False,False,0.19,0.55
C0106070,2026-06-13 18:41:33.369063,PAYMENT,316,Question about escrow analysis and property tax increase.,False,False,False,0.0,-0.26
C0106071,2026-06-18 15:00:42.065269,STATEMENT,184,Question about escrow analysis and property tax increase.,False,False,False,0.28,0.3
C0106071,2026-08-15 22:45:05.542796,ESCROW,690,Confirmed next payment due date.,False,False,False,0.26,0.39
C0106075,2026-07-02 14:07:12.050869,PAYMENT,687,General question about online banking access.,False,False,False,0.23,0.2
C0106075,2026-08-05 11:29:48.494060,GENERAL,342,Confirmed next payment due date.,False,False,False,0.32,0.52
C0106080,2026-07-09 07:48:59.844049,PAYMENT,752,Confirmed next payment due date.,False,False,False,0.38,0.41
C0106095,2026-06-16 17:29:51.549495,MORTGAGE_INQUIRY,802,Inquired about payoff amount and where to send funds. Sounded like they may be refinancing elsewhere.,True,True,True,0.77,-0.22
C0106095,2026-07-26 21:49:37.763466,MORTGAGE_INQUIRY,582,Asked about the process to pay off the loan early and whether there are any prepayment penalties.,True,False,True,0.51,-0.73
C0106096,2026-08-01 14:04:07.985382,MORTGAGE_INQUIRY,660,Asked about the process to pay off the loan early and whether there are any prepayment penalties.,True,True,True,0.77,-0.44
C0106096,2026-09-04 05:21:59.977169,MORTGAGE_INQUIRY,378,Inquired about payoff amount and where to send funds. Sounded like they may be refinancing elsewhere.,True,True,True,0.72,-0.16
C0106098,2026-08-27 19:38:10.612907,MORTGAGE_INQUIRY,865,Inquired about payoff amount and where to send funds. Sounded like they may be refinancing elsewhere.,True,False,True,0.72,-0.06
C0106099,2026-06-20 12:45:19.892365,MORTGAGE_INQUIRY,79,Customer asked what our current 30-year rates look like and mentioned they saw 5.3% at an online lender.,True,False,False,0.64,0.22
C0106100,2026-09-03 00:19:01.536808,ESCROW,190,Asked how to set up autopay for the mortgage.,False,False,False,0.24,-0.15
C0106101,2026-07-29 22:45:45.134890,MORTGAGE_INQUIRY,379,Inquired about payoff amount and where to send funds. Sounded like they may be refinancing elsewhere.,True,True,True,0.72,0.03
C0106101,2026-08-11 05:01:17.440176,ESCROW,674,Asked how to set up autopay for the mortgage.,False,False,False,0.17,0.5
C0106102,2026-09-04 13:40:15.608280,PAYMENT,679,General question about online banking access.,False,False,False,0.55,0.32
C0106102,2026-09-06 01:28:55.257598,MORTGAGE_INQUIRY,753,Customer asked what our current 30-year rates look like and mentioned they saw 5.43% at a competitor.,True,True,False,0.7,-0.82
C0106103,2026-07-15 07:34:09.149842,ESCROW,501,General question about online banking access.,False,False,False,0.45,0.33
C0106103,2026-08-10 05:45:17.156085,MORTGAGE_INQUIRY,229,Called about refinancing options — wanted to know break-even on closing costs against a 5.48% offer.,True,False,False,0.85,-0.46
C0106107,2026-08-20 21:55:54.716394,STATEMENT,382,General question about online banking access.,False,False,False,0.23,0.13
C0106107,2026-08-25 22:15:20.590329,MORTGAGE_INQUIRY,795,Customer asked what our current 30-year rates look like and mentioned they saw 5.29% at Chase.,True,True,False,0.83,-0.15
C0106115,2026-06-18 16:33:32.520114,STATEMENT,672,Question about escrow analysis and property tax increase.,False,False,False,0.16,-0.02
C0106115,2026-09-05 06:36:06.892927,MORTGAGE_INQUIRY,472,Wants to speak to a mortgage specialist about refinancing. Mentioned rate shopping.,True,True,False,0.61,-0.34
C0106117,2026-08-07 16:47:41.405855,STATEMENT,796,Question about escrow analysis and property tax increase.,False,False,False,0.18,0.29
C0106120,2026-06-25 09:03:58.683348,MORTGAGE_INQUIRY,742,Called about refinancing options — wanted to know break-even on closing costs against a 5.52% offer.,True,True,False,0.67,0.22
C0106120,2026-08-17 01:45:10.973994,ESCROW,424,Asked how to set up autopay for the mortgage.,False,False,False,0.1,-0.19
C0106122,2026-07-29 14:07:48.680788,MORTGAGE_INQUIRY,674,Customer asked what our current 30-year rates look like and mentioned they saw 5.22% at Rocket.,True,True,False,0.93,0.3
C0106122,2026-08-21 07:39:36.552235,MORTGAGE_INQUIRY,146,Inquired about payoff amount and where to send funds. Sounded like they may be refinancing elsewhere.,True,False,True,0.54,-0.05
C0106127,2026-08-17 04:05:19.166281,ESCROW,187,General question about online banking access.,False,False,False,0.0,0.2
C0106130,2026-06-28 04:38:49.705626,STATEMENT,223,Requested a copy of the most recent mortgage statement for tax purposes.,False,False,False,0.0,0.13
C0106143,2026-06-23 10:44:55.143358,MORTGAGE_INQUIRY,170,Asked about the process to pay off the loan early and whether there are any prepayment penalties.,True,True,True,0.65,-0.1
C0106146,2026-07-16 18:09:15.627845,MORTGAGE_INQUIRY,341,Inquired about payoff amount and where to send funds. Sounded like they may be refinancing elsewhere.,True,True,True,0.88,-0.55
C0106147,2026-07-01 17:51:51.107661,GENERAL,83,Requested a copy of the most recent mortgage statement for tax purposes.,False,False,False,0.0,0.31
C0106147,2026-07-13 15:25:51.161778,GENERAL,87,Requested a copy of the most recent mortgage statement for tax purposes.,False,False,False,0.08,0.2
C0106148,2026-08-17 08:36:32.135245,GENERAL,865,Confirmed next payment due date.,False,False,False,0.21,0.48
C0106150,2026-06-29 01:43:35.279666,PAYMENT,868,Confirmed next payment due date.,False,False,False,0.12,0.17
C0106152,2026-08-27 19:09:43.035394,MORTGAGE_INQUIRY,674,Asked about the process to pay off the loan early and whether there are any prepayment penalties.,True,False,True,0.8,-0.25
C0106153,2026-06-28 14:58:39.722079,ESCROW,398,Confirmed next payment due date.,False,False,False,0.13,0.19
C0106154,2026-06-17 14:33:24.174149,MORTGAGE_INQUIRY,277,Inquired about payoff amount and where to send funds. Sounded like they may be refinancing elsewhere.,True,True,True,0.67,-0.07
C0106156,2026-08-21 18:02:10.777396,MORTGAGE_INQUIRY,608,Wants to speak to a mortgage specialist about refinancing. Mentioned rate shopping.,True,True,False,0.98,0.11
C0106157,2026-07-29 06:58:53.007947,PAYMENT,213,Asked how to set up autopay for the mortgage.,False,False,False,0.02,-0.23
C0106157,2026-08-28 12:55:58.911129,ESCROW,191,Asked how to set up autopay for the mortgage.,False,False,False,0.28,0.28
C0106158,2026-07-19 21:02:16.630873,MORTGAGE_INQUIRY,177,Wants to speak to a mortgage specialist about refinancing. Mentioned rate shopping.,True,True,False,0.84,-0.14
C0106158,2026-07-27 04:13:59.632471,ESCROW,205,Requested a copy of the most recent mortgage statement for tax purposes.,False,False,False,0.14,0.07
C0106162,2026-06-21 23:03:04.399193,ESCROW,791,General question about online banking access.,False,False,False,0.14,-0.34
C0106162,2026-09-08 11:03:37.818049,MORTGAGE_INQUIRY,408,Inquired about payoff amount and where to send funds. Sounded like they may be refinancing elsewhere.,True,False,True,0.56,-0.04
C0106167,2026-08-04 04:16:33.412892,MORTGAGE_INQUIRY,382,Wants to speak to a mortgage specialist about refinancing. Mentioned rate shopping.,True,True,False,0.75,0.18
C0106168,2026-09-07 04:40:36.961410,MORTGAGE_INQUIRY,437,Customer asked what our current 30-year rates look like and mentioned they saw 5.3% at Rocket.,True,False,False,0.52,0.02
C0106169,2026-06-21 16:45:14.791725,STATEMENT,401,Requested a copy of the most recent mortgage statement for tax purposes.,False,False,False,0.03,0.25
C0106169,2026-08-07 05:55:43.099865,ESCROW,330,Asked how to set up autopay for the mortgage.,False,False,False,0.0,0.07
C0106175,2026-07-14 10:06:39.512371,MORTGAGE_INQUIRY,100,Wants to speak to a mortgage specialist about refinancing. Mentioned rate shopping.,True,False,False,0.71,-0.61
C0106175,2026-07-14 15:18:21.319545,STATEMENT,859,Confirmed next payment due date.,False,False,False,0.16,0.29
C0106176,2026-07-17 11:25:33.170664,STATEMENT,797,Confirmed next payment due date.,False,False,False,0.0,0.75
C0106176,2026-08-23 20:52:53.324722,MORTGAGE_INQUIRY,426,Called about refinancing options — wanted to know break-even on closing costs against a 5.6% offer.,True,False,False,0.74,0.19
C0106181,2026-08-13 15:35:03.605986,MORTGAGE_INQUIRY,365,Customer asked what our current 30-year rates look like and mentioned they saw 5.32% at a competitor.,True,True,False,0.57,-0.08
C0106183,2026-07-20 10:46:55.969032,MORTGAGE_INQUIRY,717,Inquired about payoff amount and where to send funds. Sounded like they may be refinancing elsewhere.,True,True,True,0.61,-0.14
C0106184,2026-06-25 04:42:52.853022,MORTGAGE_INQUIRY,344,Asked about the process to pay off the loan early and whether there are any prepayment penalties.,True,True,True,0.99,-0.06
C0106184,2026-07-20 11:00:52.841900,STATEMENT,624,Confirmed next payment due date.,False,False,False,0.22,-0.18
C0106192,2026-08-23 20:39:51.804433,MORTGAGE_INQUIRY,629,Wants to speak to a mortgage specialist about refinancing. Mentioned rate shopping.,True,True,False,0.8,-0.11
C0106192,2026-09-04 08:09:04.228744,MORTGAGE_INQUIRY,128,Wants to speak to a mortgage specialist about refinancing. Mentioned rate shopping.,True,False,False,0.66,-0.4
C0106193,2026-08-08 06:08:23.581921,STATEMENT,825,Asked how to set up autopay for the mortgage.,False,False,False,0.25,0.02
C0106193,2026-08-14 13:51:47.597432,PAYMENT,291,Asked how to set up autopay for the mortgage.,False,False,False,0.23,0.34
C0106202,2026-07-15 13:38:51.374650,STATEMENT,887,Question about escrow analysis and property tax increase.,False,False,False,0.09,0.45
C0106202,2026-09-08 19:06:27.038865,MORTGAGE_INQUIRY,769,Called about refinancing options — wanted to know break-even on closing costs against a 5.44% offer.,True,True,False,0.61,-0.84
C0106205,2026-08-01 07:59:45.588748,MORTGAGE_INQUIRY,785,Customer asked what our current 30-year rates look like and mentioned they saw 5.16% at Chase.,True,True,False,0.58,-0.12
C0106206,2026-06-17 07:12:32.729090,MORTGAGE_INQUIRY,440,Asked about the process to pay off the loan early and whether there are any prepayment penalties.,True,True,True,0.75,-0.69
C0106206,2026-07-28 19:54:33.238298,ESCROW,784,General question about online banking access.,False,False,False,0.26,0.17
C0106207,2026-06-30 02:04:06.128040,MORTGAGE_INQUIRY,239,Inquired about payoff amount and where to send funds. Sounded like they may be refinancing elsewhere.,True,True,True,0.62,0.35
C0106207,2026-08-10 03:26:24.477676,MORTGAGE_INQUIRY,786,Called about refinancing options — wanted to know break-even on closing costs against a 5.45% offer.,True,True,False,0.66,-0.05
C0106209,2026-07-05 20:50:21.738300,PAYMENT,528,Confirmed next payment due date.,False,False,False,0.0,-0.01
C0106217,2026-07-22 07:02:10.088861,STATEMENT,743,Requested a copy of the most recent mortgage statement for tax purposes.,False,False,False,0.22,0.37
C0106217,2026-07-24 18:28:06.983661,GENERAL,612,Asked how to set up autopay for the mortgage.,False,False,False,0.0,0.14
C0106222,2026-08-04 03:39:36.541634,MORTGAGE_INQUIRY,626,Inquired about payoff amount and where to send funds. Sounded like they may be refinancing elsewhere.,True,True,True,0.72,-0.61
C0106222,2026-09-01 17:09:08.558536,MORTGAGE_INQUIRY,453,Called about refinancing options — wanted to know break-even on closing costs against a 5.17% offer.,True,False,False,0.92,0.12
C0106225,2026-06-17 17:12:16.199039,MORTGAGE_INQUIRY,672,Inquired about payoff amount and where to send funds. Sounded like they may be refinancing elsewhere.,True,True,True,0.7,-0.03
C0106227,2026-07-12 17:03:45.653723,ESCROW,761,Confirmed next payment due date.,False,False,False,0.21,-0.04
C0106231,2026-08-05 07:29:00.513212,MORTGAGE_INQUIRY,351,Inquired about payoff amount and where to send funds. Sounded like they may be refinancing elsewhere.,True,True,True,0.53,0.2
C0106231,2026-08-31 12:08:48.258384,MORTGAGE_INQUIRY,443,Wants to speak to a mortgage specialist about refinancing. Mentioned rate shopping.,True,False,False,0.63,-0.39
C0106233,2026-06-18 20:25:34.784281,MORTGAGE_INQUIRY,278,Asked about the process to pay off the loan early and whether there are any prepayment penalties.,True,False,True,0.78,-0.32
C0106233,2026-08-09 16:29:53.819245,STATEMENT,246,Asked how to set up autopay for the mortgage.,False,False,False,0.33,0.48
C0106236,2026-06-23 20:26:25.188023,MORTGAGE_INQUIRY,573,Called about refinancing options — wanted to know break-even on closing costs against a 5.19% offer.,True,True,False,0.86,0.59
C0106236,2026-09-03 01:11:49.928049,MORTGAGE_INQUIRY,835,Called about refinancing options — wanted to know break-even on closing costs against a 5.52% offer.,True,True,False,1.0,-0.06
C0106238,2026-08-11 12:06:02.841735,MORTGAGE_INQUIRY,154,Customer asked what our current 30-year rates look like and mentioned they saw 5.55% at Rocket.,True,True,False,0.56,-0.72
C0106238,2026-08-23 23:19:24.991063,STATEMENT,492,General question about online banking access.,False,False,False,0.11,0.12
C0106242,2026-06-20 01:21:23.957757,MORTGAGE_INQUIRY,842,Customer asked what our current 30-year rates look like and mentioned they saw 5.15% at an online lender.,True,True,False,0.74,0.12
C0106243,2026-08-23 11:04:57.074165,ESCROW,250,General question about online banking access.,False,False,False,0.01,0.28
C0106259,2026-07-12 04:21:22.250089,GENERAL,312,Question about escrow analysis and property tax increase.,False,False,False,0.23,0.35
C0106259,2026-08-28 13:59:33.850341,PAYMENT,248,Requested a copy of the most recent mortgage statement for tax purposes.,False,False,False,0.1,0.41
C0106260,2026-09-02 02:07:25.901222,STATEMENT,253,Question about escrow analysis and property tax increase.,False,False,False,0.15,0.17
C0106261,2026-09-01 07:47:14.409219,ESCROW,137,Question about escrow analysis and property tax increase.,False,False,False,0.27,0.05
C0106263,2026-07-31 09:26:17.167108,STATEMENT,889,Asked how to set up autopay for the mortgage.,False,False,False,0.14,-0.27
C0106264,2026-07-17 09:48:12.379119,ESCROW,689,General question about online banking access.,False,False,False,0.11,0.21
C0106264,2026-08-01 14:37:52.566600,PAYMENT,433,General question about online banking access.,False,False,False,0.18,-0.15
C0106265,2026-08-28 20:07:54.614959,PAYMENT,246,Question about escrow analysis and property tax increase.,False,False,False,0.18,0.62
C0106267,2026-06-20 06:49:49.036641,MORTGAGE_INQUIRY,863,Called about refinancing options — wanted to know break-even on closing costs against a 5.55% offer.,True,True,False,0.72,-0.27
C0106267,2026-07-17 01:55:59.167791,GENERAL,430,Asked how to set up autopay for the mortgage.,False,False,False,0.19,0.27
C0106274,2026-07-11 03:55:40.727857,ESCROW,289,General question about online banking access.,False,False,False,0.24,0.56
C0106280,2026-08-26 21:28:55.971226,MORTGAGE_INQUIRY,81,Inquired about payoff amount and where to send funds. Sounded like they may be refinancing elsewhere.,True,True,True,0.72,0.13
C0106285,2026-09-05 18:42:09.060083,PAYMENT,109,Question about escrow analysis and property tax increase.,False,False,False,0.12,0.29
C0106285,2026-09-07 03:09:04.485910,STATEMENT,855,Confirmed next payment due date.,False,False,False,0.0,0.36
C0106290,2026-06-21 00:16:39.827575,GENERAL,255,Question about escrow analysis and property tax increase.,False,False,False,0.0,0.66
C0106290,2026-07-09 08:34:28.918016,GENERAL,848,Confirmed next payment due date.,False,False,False,0.16,0.38
C0106292,2026-07-04 03:47:47.268677,STATEMENT,531,General question about online banking access.,False,False,False,0.13,0.53
C0106296,2026-07-24 10:36:17.857875,GENERAL,728,General question about online banking access.,False,False,False,0.08,0.45
C0106297,2026-09-10 02:42:53.451684,MORTGAGE_INQUIRY,738,Inquired about payoff amount and where to send funds. Sounded like they may be refinancing elsewhere.,True,False,True,0.75,-0.52
C0106300,2026-07-22 13:15:32.676858,STATEMENT,192,Question about escrow analysis and property tax increase.,False,False,False,0.0,0.07
C0106304,2026-07-21 21:07:09.033820,PAYMENT,176,Asked how to set up autopay for the mortgage.,False,False,False,0.39,-0.12
C0106304,2026-07-25 01:53:25.484224,GENERAL,744,Asked how to set up autopay for the mortgage.,False,False,False,0.44,0.2
C0106310,2026-06-25 09:08:55.073145,MORTGAGE_INQUIRY,495,Asked about the process to pay off the loan early and whether there are any prepayment penalties.,True,False,True,0.56,-0.16
C0106310,2026-07-23 14:41:49.388413,PAYMENT,632,General question about online banking access.,False,False,False,0.19,0.49
C0106311,2026-07-03 00:30:02.211720,MORTGAGE_INQUIRY,483,Asked about the process to pay off the loan early and whether there are any prepayment penalties.,True,True,True,0.82,0.29
C0106312,2026-08-07 09:24:58.696334,PAYMENT,742,Requested a copy of the most recent mortgage statement for tax purposes.,False,False,False,0.21,0.51
C0106314,2026-09-02 09:06:13.243349,MORTGAGE_INQUIRY,401,Inquired about payoff amount and where to send funds. Sounded like they may be refinancing elsewhere.,True,True,True,0.96,0.13
C0106316,2026-07-14 14:11:01.413313,STATEMENT,767,Asked how to set up autopay for the mortgage.,False,False,False,0.13,-0.06
C0106320,2026-07-20 20:03:55.549150,MORTGAGE_INQUIRY,614,Asked about the process to pay off the loan early and whether there are any prepayment penalties.,True,True,True,0.91,0.43
C0106320,2026-08-10 19:32:35.180690,MORTGAGE_INQUIRY,728,Customer asked what our current 30-year rates look like and mentioned they saw 5.44% at a competitor.,True,True,False,0.67,-0.07
C0106322,2026-07-11 07:19:06.729994,ESCROW,604,Question about escrow analysis and property tax increase.,False,False,False,0.0,0.31
C0106329,2026-08-20 21:40:37.327233,GENERAL,336,General question about online banking access.,False,False,False,0.06,0.88
C0106331,2026-07-19 05:06:41.687154,MORTGAGE_INQUIRY,850,Asked about the process to pay off the loan early and whether there are any prepayment penalties.,True,True,True,0.78,-0.42
C0106332,2026-07-13 17:05:23.471788,GENERAL,97,Asked how to set up autopay for the mortgage.,False,False,False,0.32,0.04
C0106334,2026-06-15 08:53:57.409145,MORTGAGE_INQUIRY,579,Inquired about payoff amount and where to send funds. Sounded like they may be refinancing elsewhere.,True,False,True,0.79,-0.38
C0106334,2026-06-16 11:09:26.323743,PAYMENT,884,Confirmed next payment due date.,False,False,False,0.33,0.15
C0106335,2026-06-15 01:28:21.316274,MORTGAGE_INQUIRY,798,Called about refinancing options — wanted to know break-even on closing costs against a 5.25% offer.,True,True,False,0.97,0.5
C0106335,2026-07-27 22:26:52.974667,MORTGAGE_INQUIRY,89,Called about refinancing options — wanted to know break-even on closing costs against a 5.19% offer.,True,True,False,0.75,0.15
C0106336,2026-08-04 22:37:11.930716,ESCROW,761,General question about online banking access.,False,False,False,0.07,0.22
C0106336,2026-08-06 02:34:32.341388,MORTGAGE_INQUIRY,508,Wants to speak to a mortgage specialist about refinancing. Mentioned rate shopping.,True,True,False,0.81,-0.47
C0106342,2026-07-19 03:03:15.910594,GENERAL,800,Asked how to set up autopay for the mortgage.,False,False,False,0.09,-0.24
C0106342,2026-08-10 18:51:34.960569,ESCROW,114,Question about escrow analysis and property tax increase.,False,False,False,0.0,0.19
C0106344,2026-08-13 08:37:55.123034,MORTGAGE_INQUIRY,245,Inquired about payoff amount and where to send funds. Sounded like they may be refinancing elsewhere.,True,True,True,1.0,-0.36
C0106346,2026-08-09 06:11:26.719557,ESCROW,164,Requested a copy of the most recent mortgage statement for tax purposes.,False,False,False,0.0,-0.05
C0106346,2026-08-21 23:48:35.302583,ESCROW,845,Asked how to set up autopay for the mortgage.,False,False,False,0.38,0.53
C0106348,2026-07-06 22:17:18.834649,PAYMENT,322,Requested a copy of the most recent mortgage statement for tax purposes.,False,False,False,0.08,-0.6
C0106348,2026-08-02 22:41:56.083898,MORTGAGE_INQUIRY,360,Customer asked what our current 30-year rates look like and mentioned they saw 5.31% at Chase.,True,True,False,0.72,-0.33
C0106356,2026-06-16 13:28:11.187622,PAYMENT,752,Requested a copy of the most recent mortgage statement for tax purposes.,False,False,False,0.14,0.18
C0106362,2026-06-24 11:23:40.354919,STATEMENT,353,Asked how to set up autopay for the mortgage.,False,False,False,0.07,-0.26
C0106363,2026-07-13 11:48:30.172962,MORTGAGE_INQUIRY,422,Called about refinancing options — wanted to know break-even on closing costs against a 5.39% offer.,True,True,False,0.51,0.18
C0106363,2026-09-01 18:46:48.963747,ESCROW,138,General question about online banking access.,False,False,False,0.1,0.05
C0106366,2026-07-05 02:33:29.376264,MORTGAGE_INQUIRY,679,Asked about the process to pay off the loan early and whether there are any prepayment penalties.,True,True,True,0.81,-0.26
C0106366,2026-09-01 11:50:17.350507,STATEMENT,462,General question about online banking access.,False,False,False,0.14,0.24
C0106367,2026-07-15 05:53:59.727785,GENERAL,834,Confirmed next payment due date.,False,False,False,0.12,-0.36
C0106368,2026-09-02 12:26:40.983623,PAYMENT,876,Asked how to set up autopay for the mortgage.,False,False,False,0.24,0.48
C0106374,2026-07-09 04:31:27.862970,MORTGAGE_INQUIRY,248,Customer asked what our current 30-year rates look like and mentioned they saw 5.15% at Chase.,True,False,False,0.83,0.22
C0106380,2026-08-10 16:03:23.572774,MORTGAGE_INQUIRY,786,Inquired about payoff amount and where to send funds. Sounded like they may be refinancing elsewhere.,True,True,True,0.64,-0.05
C0106389,2026-06-25 08:30:09.007861,MORTGAGE_INQUIRY,758,Inquired about payoff amount and where to send funds. Sounded like they may be refinancing elsewhere.,True,True,True,0.8,-0.13
C0106394,2026-09-04 13:16:31.484187,GENERAL,298,Confirmed next payment due date.,False,False,False,0.19,0.56
C0106398,2026-06-19 05:31:04.914330,ESCROW,61,General question about online banking access.,False,False,False,0.25,0.19
C0106398,2026-09-06 06:02:22.435279,MORTGAGE_INQUIRY,779,Wants to speak to a mortgage specialist about refinancing. Mentioned rate shopping.,True,True,False,0.79,-0.67
C0106400,2026-06-22 10:17:46.942024,MORTGAGE_INQUIRY,596,Wants to speak to a mortgage specialist about refinancing. Mentioned rate shopping.,True,True,False,0.88,0.11
C0106400,2026-07-15 16:35:31.170147,GENERAL,427,General question about online banking access.,False,False,False,0.0,0.21
C0106402,2026-08-31 00:07:29.823558,MORTGAGE_INQUIRY,220,Customer asked what our current 30-year rates look like and mentioned they saw 5.14% at Chase.,True,True,False,0.56,0.27
C0106402,2026-09-01 17:26:00.855178,PAYMENT,479,Asked how to set up autopay for the mortgage.,False,False,False,0.22,0.1
C0106403,2026-07-31 02:58:46.356777,STATEMENT,789,General question about online banking access.,False,False,False,0.05,0.68
C0106403,2026-09-04 18:04:53.645172,PAYMENT,607,Confirmed next payment due date.,False,False,False,0.64,0.08
C0106404,2026-07-13 10:29:10.875237,MORTGAGE_INQUIRY,703,Inquired about payoff amount and where to send funds. Sounded like they may be refinancing elsewhere.,True,False,True,0.62,-0.12
C0106404,2026-08-17 04:10:18.260362,GENERAL,545,General question about online banking access.,False,False,False,0.18,0.69
C0106405,2026-07-27 03:01:16.185472,GENERAL,813,Asked how to set up autopay for the mortgage.,False,False,False,0.0,0.34
C0106405,2026-08-13 11:21:48.123723,GENERAL,457,Question about escrow analysis and property tax increase.,False,False,False,0.37,-0.23
C0106406,2026-09-06 09:33:41.053573,MORTGAGE_INQUIRY,105,Inquired about payoff amount and where to send funds. Sounded like they may be refinancing elsewhere.,True,True,True,0.7,0.19
C0106409,2026-08-26 06:14:04.267975,GENERAL,285,Question about escrow analysis and property tax increase.,False,False,False,0.21,0.01
C0106409,2026-09-01 13:32:21.856533,PAYMENT,704,Confirmed next payment due date.,False,False,False,0.0,0.37
C0106411,2026-06-15 17:38:12.817239,STATEMENT,516,Requested a copy of the most recent mortgage statement for tax purposes.,False,False,False,0.0,0.17
C0106411,2026-06-18 09:40:27.161432,MORTGAGE_INQUIRY,672,Asked about the process to pay off the loan early and whether there are any prepayment penalties.,True,False,True,0.49,0.14
C0106413,2026-08-24 20:14:43.120877,ESCROW,98,Asked how to set up autopay for the mortgage.,False,False,False,0.32,0.61
C0106416,2026-07-03 09:20:14.802404,MORTGAGE_INQUIRY,787,Called about refinancing options — wanted to know break-even on closing costs against a 5.59% offer.,True,False,False,0.82,0.22
C0106416,2026-07-19 20:14:20.436762,MORTGAGE_INQUIRY,243,Asked about the process to pay off the loan early and whether there are any prepayment penalties.,True,True,True,1.0,0.2
C0106417,2026-07-24 21:39:56.996089,MORTGAGE_INQUIRY,166,Asked about the process to pay off the loan early and whether there are any prepayment penalties.,True,True,True,0.95,-0.51
C0106425,2026-06-17 20:06:14.381267,PAYMENT,710,General question about online banking access.,False,False,False,0.21,-0.09
C0106425,2026-06-29 16:04:09.398565,MORTGAGE_INQUIRY,730,Called about refinancing options — wanted to know break-even on closing costs against a 5.58% offer.,True,True,False,0.63,0.47
C0106426,2026-07-29 21:09:09.180667,PAYMENT,68,General question about online banking access.,False,False,False,0.25,-0.36
C0106429,2026-07-24 12:54:05.724637,MORTGAGE_INQUIRY,397,Inquired about payoff amount and where to send funds. Sounded like they may be refinancing elsewhere.,True,True,True,0.75,0.32
C0106440,2026-07-04 04:06:01.837527,MORTGAGE_INQUIRY,841,Wants to speak to a mortgage specialist about refinancing. Mentioned rate shopping.,True,True,False,0.7,-0.16
C0106440,2026-07-19 16:07:36.434609,MORTGAGE_INQUIRY,520,Asked about the process to pay off the loan early and whether there are any prepayment penalties.,True,True,True,0.86,-0.42
C0106445,2026-06-15 01:22:28.603164,ESCROW,868,Confirmed next payment due date.,False,False,False,0.0,-0.26
C0106450,2026-08-16 11:27:32.962738,MORTGAGE_INQUIRY,339,Customer asked what our current 30-year rates look like and mentioned they saw 5.55% at a competitor.,True,False,False,0.51,0.06
C0106451,2026-08-15 05:52:18.660267,STATEMENT,220,General question about online banking access.,False,False,False,0.27,0.05
C0106453,2026-08-24 12:21:03.969851,MORTGAGE_INQUIRY,778,Inquired about payoff amount and where to send funds. Sounded like they may be refinancing elsewhere.,True,True,True,0.8,-0.41
C0106455,2026-06-26 04:12:13.707683,MORTGAGE_INQUIRY,329,Called about refinancing options — wanted to know break-even on closing costs against a 5.58% offer.,True,True,False,0.62,0.44
C0106455,2026-07-10 18:03:50.053322,ESCROW,805,Question about escrow analysis and property tax increase.,False,False,False,0.21,1.0
C0106456,2026-06-17 17:09:41.104102,GENERAL,783,Requested a copy of the most recent mortgage statement for tax purposes.,False,False,False,0.15,0.07
C0106459,2026-07-11 03:44:36.853821,MORTGAGE_INQUIRY,253,Asked about the process to pay off the loan early and whether there are any prepayment penalties.,True,False,True,0.73,-0.26
C0106459,2026-08-17 07:52:29.625543,STATEMENT,701,Confirmed next payment due date.,False,False,False,0.1,0.63
C0106462,2026-06-24 13:25:25.013889,PAYMENT,473,Confirmed next payment due date.,False,False,False,0.23,-0.09
C0106462,2026-09-03 14:18:33.725933,ESCROW,573,General question about online banking access.,False,False,False,0.11,0.06
C0106465,2026-07-08 05:35:35.174757,MORTGAGE_INQUIRY,196,Wants to speak to a mortgage specialist about refinancing. Mentioned rate shopping.,True,True,False,0.72,0.06
C0106465,2026-07-11 03:56:37.277587,ESCROW,566,Requested a copy of the most recent mortgage statement for tax purposes.,False,False,False,0.0,0.04
C0106469,2026-07-24 03:59:13.050280,GENERAL,399,General question about online banking access.,False,False,False,0.35,0.24
C0106469,2026-07-28 23:11:39.500888,MORTGAGE_INQUIRY,190,Called about refinancing options — wanted to know break-even on closing costs against a 5.2% offer.,True,True,False,0.9,0.17
C0106477,2026-07-29 14:49:33.088275,MORTGAGE_INQUIRY,706,Asked about the process to pay off the loan early and whether there are any prepayment penalties.,True,True,True,0.89,0.16
C0106477,2026-08-27 17:53:32.065618,MORTGAGE_INQUIRY,745,Called about refinancing options — wanted to know break-even on closing costs against a 5.3% offer.,True,True,False,0.8,-0.64
C0106478,2026-06-26 16:55:56.368946,ESCROW,114,Requested a copy of the most recent mortgage statement for tax purposes.,False,False,False,0.11,-0.05
C0106478,2026-07-08 02:54:28.880320,MORTGAGE_INQUIRY,363,Inquired about payoff amount and where to send funds. Sounded like they may be refinancing elsewhere.,True,True,True,0.62,-0.51
C0106479,2026-08-05 16:53:33.420465,STATEMENT,476,Confirmed next payment due date.,False,False,False,0.17,0.17
C0106479,2026-09-07 08:48:22.395421,PAYMENT,614,General question about online banking access.,False,False,False,0.27,0.27
C0106483,2026-08-26 14:44:58.907716,MORTGAGE_INQUIRY,617,Called about refinancing options — wanted to know break-even on closing costs against a 5.6% offer.,True,True,False,0.55,-0.06
C0106485,2026-06-28 15:09:34.661699,STATEMENT,835,Requested a copy of the most recent mortgage statement for tax purposes.,False,False,False,0.29,0.72
C0106485,2026-07-10 16:44:27.066734,MORTGAGE_INQUIRY,509,Wants to speak to a mortgage specialist about refinancing. Mentioned rate shopping.,True,False,False,0.89,0.19
C0106487,2026-07-04 00:56:29.261734,GENERAL,539,Asked how to set up autopay for the mortgage.,False,False,False,0.0,0.29
C0106487,2026-09-08 19:53:18.839319,PAYMENT,655,Requested a copy of the most recent mortgage statement for tax purposes.,False,False,False,0.44,0.45
C0106488,2026-07-24 22:50:25.725386,STATEMENT,468,Confirmed next payment due date.,False,False,False,0.12,0.43
C0106489,2026-06-28 22:28:34.501844,ESCROW,484,Requested a copy of the most recent mortgage statement for tax purposes.,False,False,False,0.0,0.15
C0106492,2026-07-30 06:50:25.629511,ESCROW,456,Requested a copy of the most recent mortgage statement for tax purposes.,False,False,False,0.0,-0.26
C0106501,2026-07-21 18:57:06.506017,MORTGAGE_INQUIRY,850,Inquired about payoff amount and where to send funds. Sounded like they may be refinancing elsewhere.,True,True,True,0.86,0.31
C0106504,2026-07-01 23:36:22.655246,ESCROW,122,Question about escrow analysis and property tax increase.,False,False,False,0.01,0.21
C0106508,2026-06-15 13:48:17.094950,MORTGAGE_INQUIRY,403,Asked about the process to pay off the loan early and whether there are any prepayment penalties.,True,True,True,0.74,-0.03
C0106508,2026-08-04 14:12:39.252252,MORTGAGE_INQUIRY,779,Inquired about payoff amount and where to send funds. Sounded like they may be refinancing elsewhere.,True,True,True,0.86,-0.08
C0106512,2026-07-09 18:25:31.548112,PAYMENT,801,Confirmed next payment due date.,False,False,False,0.0,0.4
C0106513,2026-08-21 20:44:29.011689,ESCROW,194,Asked how to set up autopay for the mortgage.,False,False,False,0.21,0.24
C0106520,2026-08-22 11:44:06.834648,STATEMENT,669,Asked how to set up autopay for the mortgage.,False,False,False,0.23,0.16
C0106520,2026-08-23 14:00:33.894967,ESCROW,516,Asked how to set up autopay for the mortgage.,False,False,False,0.33,0.17
C0106522,2026-08-05 16:07:45.177391,GENERAL,469,Confirmed next payment due date.,False,False,False,0.02,0.25
C0106522,2026-08-09 05:53:43.466384,ESCROW,73,Question about escrow analysis and property tax increase.,False,False,False,0.34,0.48
C0106524,2026-06-24 14:32:44.261421,MORTGAGE_INQUIRY,151,Inquired about payoff amount and where to send funds. Sounded like they may be refinancing elsewhere.,True,False,True,1.0,-0.41
C0106524,2026-07-12 14:12:25.474759,PAYMENT,204,Question about escrow analysis and property tax increase.,False,False,False,0.12,0.05
C0106537,2026-07-04 01:21:39.241965,ESCROW,237,Question about escrow analysis and property tax increase.,False,False,False,0.19,-0.19
C0106537,2026-09-03 09:40:05.927124,MORTGAGE_INQUIRY,407,Customer asked what our current 30-year rates look like and mentioned they saw 5.19% at Rocket.,True,True,False,0.73,-0.11
C0106540,2026-08-06 08:02:54.409035,PAYMENT,605,Confirmed next payment due date.,False,False,False,0.3,0.32
C0106540,2026-09-03 14:58:51.906328,ESCROW,270,General question about online banking access.,False,False,False,0.23,0.12
C0106543,2026-06-30 10:04:23.491996,MORTGAGE_INQUIRY,230,Customer asked what our current 30-year rates look like and mentioned they saw 5.56% at an online lender.,True,True,False,0.49,-0.1
C0106546,2026-07-09 07:39:53.955252,MORTGAGE_INQUIRY,258,Called about refinancing options — wanted to know break-even on closing costs against a 5.17% offer.,True,True,False,0.57,0.2
C0106546,2026-07-17 22:36:03.233720,ESCROW,363,Question about escrow analysis and property tax increase.,False,False,False,0.19,0.65
C0106553,2026-08-22 07:44:49.111659,MORTGAGE_INQUIRY,656,Customer asked what our current 30-year rates look like and mentioned they saw 5.46% at Chase.,True,True,False,0.75,-0.56
C0106560,2026-07-10 03:09:35.503871,MORTGAGE_INQUIRY,512,Called about refinancing options — wanted to know break-even on closing costs against a 5.29% offer.,True,False,False,0.83,-0.58
C0106560,2026-07-19 21:32:05.150181,MORTGAGE_INQUIRY,813,Asked about the process to pay off the loan early and whether there are any prepayment penalties.,True,False,True,0.87,-0.53
C0106567,2026-08-25 19:23:36.765310,MORTGAGE_INQUIRY,797,Asked about the process to pay off the loan early and whether there are any prepayment penalties.,True,True,True,0.59,0.13
C0106570,2026-06-15 13:03:26.416815,MORTGAGE_INQUIRY,619,Asked about the process to pay off the loan early and whether there are any prepayment penalties.,True,True,True,0.9,-0.28
C0106570,2026-09-06 06:07:33.595380,ESCROW,180,Asked how to set up autopay for the mortgage.,False,False,False,0.43,0.32
C0106573,2026-09-09 01:31:41.562806,ESCROW,591,Requested a copy of the most recent mortgage statement for tax purposes.,False,False,False,0.34,0.04
C0106575,2026-08-11 20:38:55.777260,STATEMENT,747,Question about escrow analysis and property tax increase.,False,False,False,0.0,0.37
C0106575,2026-09-01 11:56:23.860254,MORTGAGE_INQUIRY,156,Customer asked what our current 30-year rates look like and mentioned they saw 5.17% at a competitor.,True,True,False,0.6,-0.53
C0106582,2026-06-16 11:59:02.624802,MORTGAGE_INQUIRY,100,Inquired about payoff amount and where to send funds. Sounded like they may be refinancing elsewhere.,True,False,True,1.0,0.1
C0106583,2026-08-18 09:42:44.683474,ESCROW,502,Question about escrow analysis and property tax increase.,False,False,False,0.27,-0.26
C0106588,2026-07-13 10:32:43.141525,GENERAL,116,Confirmed next payment due date.,False,False,False,0.16,0.12
C0106588,2026-08-02 20:32:01.060905,GENERAL,544,Confirmed next payment due date.,False,False,False,0.28,-0.04
C0106590,2026-07-10 08:58:25.889047,PAYMENT,88,General question about online banking access.,False,False,False,0.0,-0.48
C0106590,2026-08-06 04:36:08.912120,ESCROW,245,General question about online banking access.,False,False,False,0.15,0.3
C0106593,2026-06-14 00:54:12.448374,STATEMENT,632,Requested a copy of the most recent mortgage statement for tax purposes.,False,False,False,0.04,0.34
C0106593,2026-08-25 16:40:49.480972,PAYMENT,128,Requested a copy of the most recent mortgage statement for tax purposes.,False,False,False,0.06,0.42
C0106595,2026-08-24 08:55:58.156754,MORTGAGE_INQUIRY,460,Inquired about payoff amount and where to send funds. Sounded like they may be refinancing elsewhere.,True,False,True,0.88,-0.77
C0106598,2026-08-20 07:40:40.470865,GENERAL,319,Question about escrow analysis and property tax increase.,False,False,False,0.36,0.0
C0106598,2026-09-07 12:34:44.270508,GENERAL,755,Requested a copy of the most recent mortgage statement for tax purposes.,False,False,False,0.04,0.35
C0106599,2026-07-26 13:38:57.907647,STATEMENT,872,Confirmed next payment due date.,False,False,False,0.22,0.06
C0106599,2026-08-30 23:56:54.948966,GENERAL,174,Requested a copy of the most recent mortgage statement for tax purposes.,False,False,False,0.29,0.16
C0106600,2026-08-25 00:27:20.759072,MORTGAGE_INQUIRY,856,Wants to speak to a mortgage specialist about refinancing. Mentioned rate shopping.,True,True,False,0.69,0.04
C0106605,2026-07-09 08:04:58.883367,MORTGAGE_INQUIRY,319,Called about refinancing options — wanted to know break-even on closing costs against a 5.56% offer.,True,False,False,0.68,0.42
C0106605,2026-07-23 15:46:39.423626,PAYMENT,807,Requested a copy of the most recent mortgage statement for tax purposes.,False,False,False,0.19,-0.18
C0106606,2026-07-28 06:28:54.240823,MORTGAGE_INQUIRY,809,Customer asked what our current 30-year rates look like and mentioned they saw 5.19% at Rocket.,True,True,False,0.7,0.18
C0106606,2026-08-11 08:07:32.494005,MORTGAGE_INQUIRY,96,Asked about the process to pay off the loan early and whether there are any prepayment penalties.,True,False,True,0.74,0.34
C0106608,2026-07-10 17:21:23.581908,MORTGAGE_INQUIRY,379,Called about refinancing options — wanted to know break-even on closing costs against a 5.31% offer.,True,True,False,0.94,-0.32
C0106608,2026-09-01 01:30:19.965741,MORTGAGE_INQUIRY,434,Inquired about payoff amount and where to send funds. Sounded like they may be refinancing elsewhere.,True,True,True,0.78,0.34
C0106614,2026-06-13 12:13:46.992732,MORTGAGE_INQUIRY,184,Wants to speak to a mortgage specialist about refinancing. Mentioned rate shopping.,True,False,False,0.8,-0.21
C0106619,2026-07-16 10:23:08.042159,MORTGAGE_INQUIRY,597,Wants to speak to a mortgage specialist about refinancing. Mentioned rate shopping.,True,False,False,0.69,-0.13
C0106623,2026-06-29 09:53:05.334404,MORTGAGE_INQUIRY,484,Asked about the process to pay off the loan early and whether there are any prepayment penalties.,True,True,True,0.92,0.42
C0106623,2026-08-25 13:57:49.114972,MORTGAGE_INQUIRY,576,Inquired about payoff amount and where to send funds. Sounded like they may be refinancing elsewhere.,True,True,True,0.48,-0.35
C0106628,2026-08-29 22:25:18.632413,PAYMENT,421,Question about escrow analysis and property tax increase.,False,False,False,0.05,0.07
C0106628,2026-08-30 04:44:35.746921,GENERAL,288,Requested a copy of the most recent mortgage statement for tax purposes.,False,False,False,0.01,0.42
C0106639,2026-07-01 08:48:27.562227,MORTGAGE_INQUIRY,499,Wants to speak to a mortgage specialist about refinancing. Mentioned rate shopping.,True,True,False,0.88,0.34
C0106639,2026-08-24 12:15:22.338716,MORTGAGE_INQUIRY,189,Called about refinancing options — wanted to know break-even on closing costs against a 5.32% offer.,True,True,False,0.46,0.03
C0106640,2026-07-22 12:18:47.999826,GENERAL,252,Question about escrow analysis and property tax increase.,False,False,False,0.31,0.88
C0106640,2026-08-02 01:45:19.000105,PAYMENT,215,Question about escrow analysis and property tax increase.,False,False,False,0.1,0.43
C0106641,2026-08-08 05:45:51.421582,GENERAL,167,Question about escrow analysis and property tax increase.,False,False,False,0.0,-0.05
C0106641,2026-09-08 05:07:59.952075,ESCROW,309,Asked how to set up autopay for the mortgage.,False,False,False,0.11,-0.47
C0106642,2026-06-25 16:55:05.080797,MORTGAGE_INQUIRY,292,Called about refinancing options — wanted to know break-even on closing costs against a 5.29% offer.,True,False,False,0.83,0.13
C0106642,2026-07-04 00:46:18.020162,GENERAL,830,Confirmed next payment due date.,False,False,False,0.0,-0.06
C0106645,2026-06-18 02:28:06.850904,MORTGAGE_INQUIRY,593,Asked about the process to pay off the loan early and whether there are any prepayment penalties.,True,True,True,0.68,-0.17
C0106645,2026-09-08 05:28:22.886761,MORTGAGE_INQUIRY,256,Called about refinancing options — wanted to know break-even on closing costs against a 5.23% offer.,True,True,False,0.9,0.04
C0106647,2026-08-02 00:36:19.861733,MORTGAGE_INQUIRY,198,Customer asked what our current 30-year rates look like and mentioned they saw 5.27% at Rocket.,True,False,False,0.59,-0.25
C0106655,2026-08-06 23:47:51.852195,MORTGAGE_INQUIRY,727,Called about refinancing options — wanted to know break-even on closing costs against a 5.35% offer.,True,False,False,0.66,-0.1
C0106655,2026-08-08 10:30:44.220164,MORTGAGE_INQUIRY,434,Customer asked what our current 30-year rates look like and mentioned they saw 5.32% at an online lender.,True,True,False,0.42,-0.22
C0106657,2026-06-18 23:19:16.401764,PAYMENT,442,Asked how to set up autopay for the mortgage.,False,False,False,0.2,0.68
C0106657,2026-06-26 17:08:42.913966,ESCROW,232,Confirmed next payment due date.,False,False,False,0.11,0.12
C0106658,2026-06-30 16:38:26.885053,ESCROW,861,Requested a copy of the most recent mortgage statement for tax purposes.,False,False,False,0.3,0.16
C0106658,2026-08-31 05:50:05.160326,GENERAL,888,Requested a copy of the most recent mortgage statement for tax purposes.,False,False,False,0.27,-0.07
C0106660,2026-06-20 00:24:11.489705,MORTGAGE_INQUIRY,72,Called about refinancing options — wanted to know break-even on closing costs against a 5.13% offer.,True,True,False,0.71,-0.2
C0106660,2026-08-04 13:07:53.055997,PAYMENT,416,Requested a copy of the most recent mortgage statement for tax purposes.,False,False,False,0.19,-0.07
C0106661,2026-08-07 02:16:20.944856,GENERAL,196,Asked how to set up autopay for the mortgage.,False,False,False,0.1,0.93
C0106671,2026-07-25 20:27:20.940624,MORTGAGE_INQUIRY,278,Called about refinancing options — wanted to know break-even on closing costs against a 5.13% offer.,True,True,False,0.59,-0.63
C0106671,2026-08-28 08:51:16.298141,MORTGAGE_INQUIRY,148,Wants to speak to a mortgage specialist about refinancing. Mentioned rate shopping.,True,True,False,0.63,0.06
C0106675,2026-08-14 00:02:38.666516,ESCROW,411,General question about online banking access.,False,False,False,0.12,0.36
C0106681,2026-08-09 13:34:57.131607,MORTGAGE_INQUIRY,313,Asked about the process to pay off the loan early and whether there are any prepayment penalties.,True,True,True,0.94,-0.35
C0106684,2026-08-10 00:04:51.968470,ESCROW,356,Confirmed next payment due date.,False,False,False,0.12,0.42
C0106689,2026-08-22 05:24:10.712197,ESCROW,62,General question about online banking access.,False,False,False,0.0,0.23
C0106690,2026-07-11 13:58:04.286553,PAYMENT,425,Question about escrow analysis and property tax increase.,False,False,False,0.38,0.44
C0106690,2026-08-05 19:10:07.379569,ESCROW,100,Question about escrow analysis and property tax increase.,False,False,False,0.13,0.13
C0106704,2026-07-30 03:44:31.759393,ESCROW,663,Confirmed next payment due date.,False,False,False,0.22,0.31
C0106710,2026-07-30 08:10:54.937245,MORTGAGE_INQUIRY,116,Asked about the process to pay off the loan early and whether there are any prepayment penalties.,True,True,True,0.75,0.14
C0106710,2026-07-31 12:16:21.228203,GENERAL,641,Confirmed next payment due date.,False,False,False,0.23,0.53
C0106711,2026-06-21 15:16:11.710590,GENERAL,481,Asked how to set up autopay for the mortgage.,False,False,False,0.09,-0.24
C0106711,2026-08-14 13:05:15.651821,PAYMENT,124,Question about escrow analysis and property tax increase.,False,False,False,0.19,0.1
C0106712,2026-09-03 12:03:25.614847,MORTGAGE_INQUIRY,233,Inquired about payoff amount and where to send funds. Sounded like they may be refinancing elsewhere.,True,True,True,0.96,-0.12
C0106714,2026-06-23 11:18:41.185786,PAYMENT,877,Requested a copy of the most recent mortgage statement for tax purposes.,False,False,False,0.03,0.01
C0106714,2026-08-11 06:00:46.227459,PAYMENT,821,Asked how to set up autopay for the mortgage.,False,False,False,0.04,0.02
C0106715,2026-07-27 04:08:22.287373,MORTGAGE_INQUIRY,60,Asked about the process to pay off the loan early and whether there are any prepayment penalties.,True,True,True,0.88,-0.03
C0106715,2026-09-03 07:12:25.165979,ESCROW,220,Confirmed next payment due date.,False,False,False,0.2,-0.27
C0106718,2026-09-08 02:50:56.651206,MORTGAGE_INQUIRY,853,Wants to speak to a mortgage specialist about refinancing. Mentioned rate shopping.,True,False,False,0.57,-0.2
C0106719,2026-07-17 16:51:48.684734,MORTGAGE_INQUIRY,243,Inquired about payoff amount and where to send funds. Sounded like they may be refinancing elsewhere.,True,False,True,0.86,-0.24
C0106719,2026-07-20 12:48:53.394885,MORTGAGE_INQUIRY,114,Customer asked what our current 30-year rates look like and mentioned they saw 5.12% at Rocket.,True,False,False,0.92,0.69
C0106721,2026-08-11 12:27:34.441598,GENERAL,288,Question about escrow analysis and property tax increase.,False,False,False,0.22,-0.29
C0106721,2026-08-24 16:58:48.195381,MORTGAGE_INQUIRY,259,Inquired about payoff amount and where to send funds. Sounded like they may be refinancing elsewhere.,True,True,True,0.84,0.14
C0106723,2026-09-08 19:13:35.794740,GENERAL,779,General question about online banking access.,False,False,False,0.05,0.27
C0106723,2026-09-09 03:11:54.663987,GENERAL,515,Asked how to set up autopay for the mortgage.,False,False,False,0.38,-0.17
C0106724,2026-08-27 16:01:57.956824,ESCROW,469,General question about online banking access.,False,False,False,0.3,0.09
C0106727,2026-07-21 13:59:28.579694,ESCROW,287,Asked how to set up autopay for the mortgage.,False,False,False,0.48,-0.03
C0106727,2026-08-08 16:29:32.978213,GENERAL,404,Confirmed next payment due date.,False,False,False,0.27,-0.49
C0106730,2026-09-03 23:13:33.021724,PAYMENT,90,Asked how to set up autopay for the mortgage.,False,False,False,0.08,0.14
C0106732,2026-06-29 14:48:53.208039,MORTGAGE_INQUIRY,602,Wants to speak to a mortgage specialist about refinancing. Mentioned rate shopping.,True,True,False,0.8,0.34
C0106732,2026-08-26 15:20:21.247968,GENERAL,688,Requested a copy of the most recent mortgage statement for tax purposes.,False,False,False,0.31,0.21
C0106734,2026-06-17 06:12:12.438691,PAYMENT,830,Asked how to set up autopay for the mortgage.,False,False,False,0.41,0.32
C0106736,2026-07-20 16:32:23.024118,MORTGAGE_INQUIRY,485,Inquired about payoff amount and where to send funds. Sounded like they may be refinancing elsewhere.,True,False,True,0.5,-0.06
C0106736,2026-08-29 06:11:20.264316,MORTGAGE_INQUIRY,95,Asked about the process to pay off the loan early and whether there are any prepayment penalties.,True,False,True,0.85,-0.44
C0106739,2026-07-14 00:56:44.460419,MORTGAGE_INQUIRY,278,Inquired about payoff amount and where to send funds. Sounded like they may be refinancing elsewhere.,True,True,True,0.76,0.01
C0106739,2026-07-26 16:15:08.484367,PAYMENT,215,General question about online banking access.,False,False,False,0.16,0.31
C0106744,2026-06-27 06:41:19.342087,PAYMENT,802,Requested a copy of the most recent mortgage statement for tax purposes.,False,False,False,0.21,0.1
C0106744,2026-07-23 22:52:02.709069,GENERAL,623,Question about escrow analysis and property tax increase.,False,False,False,0.38,0.57
C0106746,2026-09-02 16:12:34.080986,MORTGAGE_INQUIRY,632,Inquired about payoff amount and where to send funds. Sounded like they may be refinancing elsewhere.,True,True,True,0.53,-0.28
C0106749,2026-06-17 06:01:03.609053,MORTGAGE_INQUIRY,315,Inquired about payoff amount and where to send funds. Sounded like they may be refinancing elsewhere.,True,True,True,0.83,-0.53
C0106749,2026-08-21 12:10:45.164955,ESCROW,276,Question about escrow analysis and property tax increase.,False,False,False,0.3,0.66
C0106751,2026-08-24 07:46:04.416869,MORTGAGE_INQUIRY,131,Customer asked what our current 30-year rates look like and mentioned they saw 5.39% at Chase.,True,False,False,0.84,-0.39
C0106751,2026-08-26 15:04:18.114074,STATEMENT,611,General question about online banking access.,False,False,False,0.36,0.1
C0106752,2026-08-06 22:18:13.734516,STATEMENT,556,Question about escrow analysis and property tax increase.,False,False,False,0.14,-0.27
C0106752,2026-08-26 02:55:49.483671,PAYMENT,580,Question about escrow analysis and property tax increase.,False,False,False,0.17,-0.26
C0106753,2026-06-14 15:03:20.061392,MORTGAGE_INQUIRY,749,Asked about the process to pay off the loan early and whether there are any prepayment penalties.,True,True,True,0.68,-0.0
C0106755,2026-08-11 02:47:56.964027,MORTGAGE_INQUIRY,716,Asked about the process to pay off the loan early and whether there are any prepayment penalties.,True,True,True,0.79,-0.72
C0106756,2026-07-18 08:27:58.736327,MORTGAGE_INQUIRY,583,Inquired about payoff amount and where to send funds. Sounded like they may be refinancing elsewhere.,True,True,True,0.84,0.24
C0106759,2026-09-03 14:37:20.211212,MORTGAGE_INQUIRY,814,Asked about the process to pay off the loan early and whether there are any prepayment penalties.,True,True,True,0.73,0.1
C0106766,2026-06-23 20:49:48.441309,STATEMENT,521,Requested a copy of the most recent mortgage statement for tax purposes.,False,False,False,0.14,0.17
C0106766,2026-07-19 11:12:25.492617,STATEMENT,68,Asked how to set up autopay for the mortgage.,False,False,False,0.22,0.11
C0106767,2026-07-30 11:39:31.936254,STATEMENT,104,Requested a copy of the most recent mortgage statement for tax purposes.,False,False,False,0.18,0.46
C0106773,2026-07-07 15:43:18.434288,GENERAL,713,Question about escrow analysis and property tax increase.,False,False,False,0.0,0.3
C0106773,2026-07-13 11:15:32.336840,MORTGAGE_INQUIRY,712,Called about refinancing options — wanted to know break-even on closing costs against a 5.49% offer.,True,False,False,0.85,-0.12
C0106779,2026-08-17 01:26:43.655937,MORTGAGE_INQUIRY,529,Asked about the process to pay off the loan early and whether there are any prepayment penalties.,True,True,True,0.69,0.52
C0106780,2026-06-30 21:58:51.177219,PAYMENT,558,Asked how to set up autopay for the mortgage.,False,False,False,0.44,-0.12
C0106780,2026-07-23 10:45:59.180255,STATEMENT,225,Requested a copy of the most recent mortgage statement for tax purposes.,False,False,False,0.04,-0.11
C0106783,2026-08-23 06:49:17.291890,MORTGAGE_INQUIRY,781,Wants to speak to a mortgage specialist about refinancing. Mentioned rate shopping.,True,True,False,0.92,0.09
C0106783,2026-08-27 03:05:26.337400,MORTGAGE_INQUIRY,62,Called about refinancing options — wanted to know break-even on closing costs against a 5.29% offer.,True,True,False,0.94,-0.11
C0106784,2026-07-29 06:19:09.682918,MORTGAGE_INQUIRY,773,Customer asked what our current 30-year rates look like and mentioned they saw 5.17% at Rocket.,True,True,False,0.51,-0.26
C0106784,2026-08-13 19:03:18.323842,ESCROW,414,Question about escrow analysis and property tax increase.,False,False,False,0.02,0.19
C0106785,2026-06-24 16:13:46.751485,GENERAL,124,Confirmed next payment due date.,False,False,False,0.43,0.12
C0106785,2026-08-11 23:18:03.994643,MORTGAGE_INQUIRY,761,Inquired about payoff amount and where to send funds. Sounded like they may be refinancing elsewhere.,True,True,True,0.75,-0.06
C0106786,2026-08-27 18:01:52.167608,ESCROW,843,General question about online banking access.,False,False,False,0.0,0.28
C0106786,2026-09-07 09:11:26.196191,STATEMENT,808,General question about online banking access.,False,False,False,0.14,-0.03
C0106788,2026-07-03 22:28:19.088041,STATEMENT,81,Confirmed next payment due date.,False,False,False,0.11,0.1
C0106793,2026-06-15 00:48:14.001626,MORTGAGE_INQUIRY,173,Wants to speak to a mortgage specialist about refinancing. Mentioned rate shopping.,True,True,False,0.82,0.04
C0106793,2026-07-09 04:28:18.275567,ESCROW,257,Asked how to set up autopay for the mortgage.,False,False,False,0.0,0.29
C0106802,2026-08-08 09:18:24.163020,MORTGAGE_INQUIRY,419,Called about refinancing options — wanted to know break-even on closing costs against a 5.56% offer.,True,True,False,0.8,-0.75
C0106803,2026-08-13 09:54:15.703789,MORTGAGE_INQUIRY,862,Inquired about payoff amount and where to send funds. Sounded like they may be refinancing elsewhere.,True,True,True,0.79,-0.62
C0106806,2026-07-17 08:07:01.204867,GENERAL,344,Requested a copy of the most recent mortgage statement for tax purposes.,False,False,False,0.06,0.45
C0106806,2026-09-08 02:19:54.660657,STATEMENT,337,General question about online banking access.,False,False,False,0.12,0.29
C0106807,2026-08-28 14:47:41.157379,MORTGAGE_INQUIRY,130,Asked about the process to pay off the loan early and whether there are any prepayment penalties.,True,True,True,0.62,0.09
C0106823,2026-06-21 03:33:35.617456,PAYMENT,549,Asked how to set up autopay for the mortgage.,False,False,False,0.0,0.82
C0106823,2026-07-02 01:57:56.606960,GENERAL,591,Confirmed next payment due date.,False,False,False,0.07,0.22
C0106824,2026-08-27 14:25:42.056134,MORTGAGE_INQUIRY,393,Called about refinancing options — wanted to know break-even on closing costs against a 5.44% offer.,True,False,False,0.76,0.24
C0106832,2026-07-19 20:10:23.652881,GENERAL,800,Confirmed next payment due date.,False,False,False,0.03,0.52
C0106832,2026-08-09 19:32:51.432033,STATEMENT,128,Asked how to set up autopay for the mortgage.,False,False,False,0.31,0.63
C0106834,2026-07-01 08:24:53.438957,MORTGAGE_INQUIRY,109,Wants to speak to a mortgage specialist about refinancing. Mentioned rate shopping.,True,True,False,0.68,-0.22
C0106834,2026-08-21 05:26:16.024388,GENERAL,63,Question about escrow analysis and property tax increase.,False,False,False,0.0,0.52
C0106836,2026-08-02 13:26:11.269553,GENERAL,530,Requested a copy of the most recent mortgage statement for tax purposes.,False,False,False,0.08,0.56
C0106836,2026-08-12 23:48:22.000686,GENERAL,397,Asked how to set up autopay for the mortgage.,False,False,False,0.15,-0.32
C0106843,2026-07-04 19:51:30.589894,MORTGAGE_INQUIRY,512,Customer asked what our current 30-year rates look like and mentioned they saw 5.54% at Chase.,True,False,False,0.64,0.27
C0106844,2026-06-29 20:25:32.674833,MORTGAGE_INQUIRY,642,Called about refinancing options — wanted to know break-even on closing costs against a 5.46% offer.,True,True,False,0.83,-0.31
C0106845,2026-06-24 00:13:03.988732,STATEMENT,789,Requested a copy of the most recent mortgage statement for tax purposes.,False,False,False,0.36,0.44
C0106845,2026-08-05 04:52:18.525745,ESCROW,688,Confirmed next payment due date.,False,False,False,0.0,0.46
C0106850,2026-06-26 13:39:05.627170,PAYMENT,820,Requested a copy of the most recent mortgage statement for tax purposes.,False,False,False,0.11,-0.18
C0106850,2026-08-13 14:52:26.505296,GENERAL,532,Requested a copy of the most recent mortgage statement for tax purposes.,False,False,False,0.15,0.44
C0106851,2026-09-07 16:50:24.123506,ESCROW,877,Requested a copy of the most recent mortgage statement for tax purposes.,False,False,False,0.0,-0.16
C0106856,2026-07-26 20:36:43.698911,GENERAL,97,Requested a copy of the most recent mortgage statement for tax purposes.,False,False,False,0.32,0.41
C0106856,2026-08-13 18:03:52.081484,GENERAL,280,Requested a copy of the most recent mortgage statement for tax purposes.,False,False,False,0.16,0.11
C0106859,2026-06-24 22:06:59.322993,MORTGAGE_INQUIRY,374,Inquired about payoff amount and where to send funds. Sounded like they may be refinancing elsewhere.,True,False,True,0.86,-0.13
C0106859,2026-07-29 10:21:40.729841,MORTGAGE_INQUIRY,389,Wants to speak to a mortgage specialist about refinancing. Mentioned rate shopping.,True,False,False,0.82,-0.03
C0106861,2026-08-18 15:16:23.324177,MORTGAGE_INQUIRY,157,Inquired about payoff amount and where to send funds. Sounded like they may be refinancing elsewhere.,True,False,True,0.64,-0.45
C0106861,2026-09-07 12:05:18.884140,MORTGAGE_INQUIRY,440,Called about refinancing options — wanted to know break-even on closing costs against a 5.15% offer.,True,True,False,0.92,-0.12
C0106862,2026-08-07 10:18:53.971526,MORTGAGE_INQUIRY,717,Wants to speak to a mortgage specialist about refinancing. Mentioned rate shopping.,True,True,False,0.64,-0.53
C0106862,2026-09-01 23:42:42.329535,MORTGAGE_INQUIRY,484,Inquired about payoff amount and where to send funds. Sounded like they may be refinancing elsewhere.,True,True,True,0.76,0.03
C0106868,2026-08-02 23:08:15.242595,GENERAL,540,Confirmed next payment due date.,False,False,False,0.0,0.46
C0106868,2026-08-17 19:11:14.551880,MORTGAGE_INQUIRY,447,Asked about the process to pay off the loan early and whether there are any prepayment penalties.,True,True,True,0.68,-0.63
C0106869,2026-06-23 18:07:06.532336,MORTGAGE_INQUIRY,868,Inquired about payoff amount and where to send funds. Sounded like they may be refinancing elsewhere.,True,True,True,0.68,-0.35
C0106869,2026-08-14 23:35:28.179367,MORTGAGE_INQUIRY,891,Called about refinancing options — wanted to know break-even on closing costs against a 5.39% offer.,True,False,False,0.77,-0.4
C0106874,2026-07-02 12:23:49.961519,MORTGAGE_INQUIRY,70,Inquired about payoff amount and where to send funds. Sounded like they may be refinancing elsewhere.,True,True,True,0.73,-0.02
C0106874,2026-08-08 13:14:30.997527,MORTGAGE_INQUIRY,256,Inquired about payoff amount and where to send funds. Sounded like they may be refinancing elsewhere.,True,True,True,0.88,-0.02
C0106876,2026-07-24 21:36:30.774574,MORTGAGE_INQUIRY,735,Inquired about payoff amount and where to send funds. Sounded like they may be refinancing elsewhere.,True,True,True,1.0,-0.2
C0106876,2026-08-14 02:23:51.919637,PAYMENT,773,Confirmed next payment due date.,False,False,False,0.02,-0.09
C0106877,2026-07-20 01:57:06.710400,MORTGAGE_INQUIRY,659,Inquired about payoff amount and where to send funds. Sounded like they may be refinancing elsewhere.,True,True,True,0.59,-0.66
C0106877,2026-09-03 23:36:38.691444,ESCROW,374,Question about escrow analysis and property tax increase.,False,False,False,0.0,0.32
C0106878,2026-08-10 06:11:01.189641,PAYMENT,753,Confirmed next payment due date.,False,False,False,0.1,0.11
C0106878,2026-08-17 03:46:37.317851,PAYMENT,428,General question about online banking access.,False,False,False,0.12,0.48
C0106879,2026-08-16 04:45:54.400092,STATEMENT,798,General question about online banking access.,False,False,False,0.25,0.53
C0106879,2026-09-08 23:23:55.770210,STATEMENT,852,Confirmed next payment due date.,False,False,False,0.21,0.19
C0106880,2026-06-14 12:58:09.303674,MORTGAGE_INQUIRY,682,Wants to speak to a mortgage specialist about refinancing. Mentioned rate shopping.,True,True,False,0.75,0.02
C0106880,2026-06-25 09:58:51.673102,MORTGAGE_INQUIRY,527,Asked about the process to pay off the loan early and whether there are any prepayment penalties.,True,False,True,0.54,-0.26
C0106882,2026-06-28 22:17:58.994887,MORTGAGE_INQUIRY,459,Wants to speak to a mortgage specialist about refinancing. Mentioned rate shopping.,True,True,False,0.79,-0.24
C0106882,2026-08-01 17:47:13.931138,MORTGAGE_INQUIRY,528,Wants to speak to a mortgage specialist about refinancing. Mentioned rate shopping.,True,True,False,0.57,-0.13
C0106883,2026-08-19 19:46:36.733209,MORTGAGE_INQUIRY,558,Asked about the process to pay off the loan early and whether there are any prepayment penalties.,True,True,True,0.54,0.11
C0106885,2026-08-16 05:56:58.348913,STATEMENT,853,Question about escrow analysis and property tax increase.,False,False,False,0.03,0.28
C0106886,2026-08-10 01:43:37.226416,MORTGAGE_INQUIRY,258,Called about refinancing options — wanted to know break-even on closing costs against a 5.15% offer.,True,True,False,0.7,-0.14
C0106890,2026-08-06 21:00:10.658075,GENERAL,401,Confirmed next payment due date.,False,False,False,0.25,0.25
C0106890,2026-08-28 00:39:54.364235,GENERAL,560,Requested a copy of the most recent mortgage statement for tax purposes.,False,False,False,0.11,0.37
C0106892,2026-07-12 10:49:49.783731,STATEMENT,616,General question about online banking access.,False,False,False,0.0,-0.05
C0106892,2026-08-11 16:38:52.945654,MORTGAGE_INQUIRY,388,Wants to speak to a mortgage specialist about refinancing. Mentioned rate shopping.,True,False,False,0.81,0.08
C0106894,2026-07-22 17:12:30.100192,GENERAL,371,Question about escrow analysis and property tax increase.,False,False,False,0.27,0.19
C0106895,2026-07-30 09:13:48.265834,ESCROW,844,Confirmed next payment due date.,False,False,False,0.0,0.08
C0106899,2026-06-27 16:45:45.723656,ESCROW,582,Requested a copy of the most recent mortgage statement for tax purposes.,False,False,False,0.04,0.28
C0106899,2026-07-15 08:28:22.459790,MORTGAGE_INQUIRY,361,Inquired about payoff amount and where to send funds. Sounded like they may be refinancing elsewhere.,True,True,True,0.78,-0.02
C0106902,2026-08-17 12:35:43.724104,MORTGAGE_INQUIRY,727,Customer asked what our current 30-year rates look like and mentioned they saw 5.13% at Chase.,True,False,False,0.91,-0.25
C0106906,2026-06-21 02:30:17.695231,MORTGAGE_INQUIRY,512,Inquired about payoff amount and where to send funds. Sounded like they may be refinancing elsewhere.,True,False,True,0.65,-0.09
C0106907,2026-08-14 00:24:37.611575,MORTGAGE_INQUIRY,328,Customer asked what our current 30-year rates look like and mentioned they saw 5.44% at Chase.,True,False,False,0.52,-0.27
C0106908,2026-06-21 08:12:09.508663,MORTGAGE_INQUIRY,805,Called about refinancing options — wanted to know break-even on closing costs against a 5.44% offer.,True,False,False,0.72,-0.06
C0106909,2026-06-22 08:44:15.548242,ESCROW,153,Asked how to set up autopay for the mortgage.,False,False,False,0.0,-0.33
C0106914,2026-07-10 18:08:56.588002,ESCROW,296,Asked how to set up autopay for the mortgage.,False,False,False,0.0,-0.01
C0106915,2026-09-02 09:40:01.944927,MORTGAGE_INQUIRY,219,Customer asked what our current 30-year rates look like and mentioned they saw 5.2% at Rocket.,True,False,False,0.58,0.0
C0106919,2026-06-29 19:09:44.661409,ESCROW,402,Confirmed next payment due date.,False,False,False,0.0,0.02
C0106919,2026-09-01 16:39:08.270632,PAYMENT,560,Requested a copy of the most recent mortgage statement for tax purposes.,False,False,False,0.28,0.57
C0106922,2026-08-01 19:46:38.553715,MORTGAGE_INQUIRY,387,Called about refinancing options — wanted to know break-even on closing costs against a 5.26% offer.,True,False,False,0.59,-1.0
C0106924,2026-08-15 22:03:29.880937,MORTGAGE_INQUIRY,104,Wants to speak to a mortgage specialist about refinancing. Mentioned rate shopping.,True,True,False,0.76,-0.14
C0106925,2026-06-18 20:18:47.256131,PAYMENT,588,Question about escrow analysis and property tax increase.,False,False,False,0.35,-0.13
C0106925,2026-06-23 09:10:56.607109,GENERAL,667,Question about escrow analysis and property tax increase.,False,False,False,0.51,0.06
C0106926,2026-08-31 23:28:37.842034,STATEMENT,725,General question about online banking access.,False,False,False,0.43,-0.01
C0106930,2026-08-22 04:01:19.659178,MORTGAGE_INQUIRY,319,Inquired about payoff amount and where to send funds. Sounded like they may be refinancing elsewhere.,True,True,True,0.83,0.07
C0106930,2026-09-10 08:08:31.073234,PAYMENT,455,Confirmed next payment due date.,False,False,False,0.26,0.31
C0106931,2026-07-02 02:27:13.119134,ESCROW,675,Question about escrow analysis and property tax increase.,False,False,False,0.0,0.29
C0106933,2026-07-13 16:35:32.529622,MORTGAGE_INQUIRY,680,Called about refinancing options — wanted to know break-even on closing costs against a 5.38% offer.,True,True,False,0.97,0.46
C0106934,2026-08-22 22:08:12.655502,STATEMENT,159,Question about escrow analysis and property tax increase.,False,False,False,0.05,0.44
C0106934,2026-09-03 00:42:35.641553,MORTGAGE_INQUIRY,685,Inquired about payoff amount and where to send funds. Sounded like they may be refinancing elsewhere.,True,True,True,0.53,-0.0
C0106936,2026-07-13 13:19:06.801131,MORTGAGE_INQUIRY,349,Asked about the process to pay off the loan early and whether there are any prepayment penalties.,True,True,True,0.65,-0.55
C0106936,2026-07-15 21:58:13.053359,ESCROW,590,Requested a copy of the most recent mortgage statement for tax purposes.,False,False,False,0.28,0.06
C0106940,2026-07-02 22:43:19.031922,MORTGAGE_INQUIRY,703,Inquired about payoff amount and where to send funds. Sounded like they may be refinancing elsewhere.,True,True,True,0.71,-0.04
C0106940,2026-07-10 08:36:00.372725,STATEMENT,595,Confirmed next payment due date.,False,False,False,0.0,0.71
C0106941,2026-07-06 21:01:20.838365,MORTGAGE_INQUIRY,284,Inquired about payoff amount and where to send funds. Sounded like they may be refinancing elsewhere.,True,True,True,0.56,0.04
C0106941,2026-08-01 06:25:38.396251,MORTGAGE_INQUIRY,613,Asked about the process to pay off the loan early and whether there are any prepayment penalties.,True,True,True,0.63,0.6
C0106946,2026-07-22 18:47:02.359560,PAYMENT,773,Question about escrow analysis and property tax increase.,False,False,False,0.37,0.43
C0106946,2026-08-12 04:21:27.811890,MORTGAGE_INQUIRY,140,Wants to speak to a mortgage specialist about refinancing. Mentioned rate shopping.,True,False,False,0.7,-0.44
C0106949,2026-06-25 17:33:22.201530,GENERAL,94,Asked how to set up autopay for the mortgage.,False,False,False,0.11,0.42
C0106949,2026-07-04 12:23:57.795844,ESCROW,227,Asked how to set up autopay for the mortgage.,False,False,False,0.01,-0.09
C0106951,2026-08-28 05:33:59.616214,MORTGAGE_INQUIRY,810,Wants to speak to a mortgage specialist about refinancing. Mentioned rate shopping.,True,False,False,0.69,0.25
C0106954,2026-07-03 13:14:03.655435,ESCROW,143,General question about online banking access.,False,False,False,0.0,0.1
C0106962,2026-06-30 04:16:28.420334,STATEMENT,571,Requested a copy of the most recent mortgage statement for tax purposes.,False,False,False,0.0,-0.22
C0106962,2026-09-03 16:10:01.145692,GENERAL,134,Confirmed next payment due date.,False,False,False,0.23,-0.09
C0106963,2026-06-29 02:39:29.544720,STATEMENT,735,Question about escrow analysis and property tax increase.,False,False,False,0.15,-0.03
C0106964,2026-06-16 22:17:37.710028,PAYMENT,78,Confirmed next payment due date.,False,False,False,0.23,0.56
C0106964,2026-09-09 14:47:48.914759,STATEMENT,452,General question about online banking access.,False,False,False,0.08,0.1
C0106968,2026-07-16 23:14:21.050699,MORTGAGE_INQUIRY,414,Called about refinancing options — wanted to know break-even on closing costs against a 5.44% offer.,True,True,False,0.79,0.32
C0106969,2026-09-09 11:49:26.070615,GENERAL,755,Requested a copy of the most recent mortgage statement for tax purposes.,False,False,False,0.0,0.01
C0106975,2026-09-10 03:50:49.485911,ESCROW,89,General question about online banking access.,False,False,False,0.16,0.58
C0106976,2026-06-21 08:20:56.011434,MORTGAGE_INQUIRY,476,Called about refinancing options — wanted to know break-even on closing costs against a 5.18% offer.,True,True,False,0.88,-0.02
C0106976,2026-07-29 07:58:36.104861,MORTGAGE_INQUIRY,429,Inquired about payoff amount and where to send funds. Sounded like they may be refinancing elsewhere.,True,True,True,1.0,-0.61
C0106977,2026-06-26 10:20:39.366376,MORTGAGE_INQUIRY,816,Called about refinancing options — wanted to know break-even on closing costs against a 5.32% offer.,True,False,False,0.96,0.03
C0106977,2026-09-09 21:26:39.115307,MORTGAGE_INQUIRY,882,Asked about the process to pay off the loan early and whether there are any prepayment penalties.,True,True,True,0.98,-0.59
C0106979,2026-06-28 04:52:28.003314,STATEMENT,454,Confirmed next payment due date.,False,False,False,0.19,0.5
C0106982,2026-08-13 19:33:40.478738,STATEMENT,316,Requested a copy of the most recent mortgage statement for tax purposes.,False,False,False,0.19,0.37
C0106989,2026-07-21 11:55:09.306959,STATEMENT,839,Question about escrow analysis and property tax increase.,False,False,False,0.44,-0.01
C0106989,2026-09-03 19:00:34.130003,MORTGAGE_INQUIRY,172,Inquired about payoff amount and where to send funds. Sounded like they may be refinancing elsewhere.,True,False,True,0.86,-0.23
C0106991,2026-07-18 23:22:52.936447,PAYMENT,791,Requested a copy of the most recent mortgage statement for tax purposes.,False,False,False,0.16,0.52
C0106991,2026-08-26 15:48:48.357160,GENERAL,135,General question about online banking access.,False,False,False,0.38,0.59
C0106992,2026-06-16 01:37:23.880274,MORTGAGE_INQUIRY,126,Inquired about payoff amount and where to send funds. Sounded like they may be refinancing elsewhere.,True,False,True,0.75,0.37
C0106992,2026-07-27 02:42:52.144337,ESCROW,225,Asked how to set up autopay for the mortgage.,False,False,False,0.0,0.51
C0106993,2026-07-24 01:56:50.849363,GENERAL,784,Asked how to set up autopay for the mortgage.,False,False,False,0.02,0.32
C0106993,2026-08-31 22:49:24.132346,GENERAL,619,Question about escrow analysis and property tax increase.,False,False,False,0.29,0.22
C0106996,2026-07-23 22:06:07.310377,PAYMENT,519,Asked how to set up autopay for the mortgage.,False,False,False,0.0,0.28
C0106996,2026-08-11 16:10:24.174796,GENERAL,64,Asked how to set up autopay for the mortgage.,False,False,False,0.15,-0.11
C0107002,2026-06-22 01:35:26.645440,GENERAL,449,Question about escrow analysis and property tax increase.,False,False,False,0.06,-0.21
C0107002,2026-07-25 11:37:22.499490,GENERAL,532,Confirmed next payment due date.,False,False,False,0.08,0.21
C0107004,2026-08-22 06:33:32.579989,GENERAL,71,Question about escrow analysis and property tax increase.,False,False,False,0.2,0.26
C0107007,2026-06-19 23:32:59.239665,PAYMENT,305,Question about escrow analysis and property tax increase.,False,False,False,0.17,0.47
C0107007,2026-08-28 11:45:20.339905,MORTGAGE_INQUIRY,836,Inquired about payoff amount and where to send funds. Sounded like they may be refinancing elsewhere.,True,False,True,0.64,-0.49
C0107012,2026-08-12 09:33:14.643730,MORTGAGE_INQUIRY,531,Asked about the process to pay off the loan early and whether there are any prepayment penalties.,True,True,True,0.8,-0.7
C0107013,2026-08-28 15:15:18.183255,MORTGAGE_INQUIRY,145,Customer asked what our current 30-year rates look like and mentioned they saw 5.27% at an online lender.,True,True,False,0.9,-0.52
C0107017,2026-08-20 09:10:02.154414,PAYMENT,653,General question about online banking access.,False,False,False,0.3,0.51
C0107021,2026-06-15 12:08:13.395913,MORTGAGE_INQUIRY,154,Called about refinancing options — wanted to know break-even on closing costs against a 5.12% offer.,True,True,False,0.87,-0.12
C0107021,2026-07-26 05:02:14.865530,ESCROW,254,Asked how to set up autopay for the mortgage.,False,False,False,0.02,0.2
C0107022,2026-06-15 22:49:50.862397,PAYMENT,297,Requested a copy of the most recent mortgage statement for tax purposes.,False,False,False,0.37,-0.15
C0107022,2026-06-25 18:31:16.399334,PAYMENT,421,Requested a copy of the most recent mortgage statement for tax purposes.,False,False,False,0.21,0.04
C0107023,2026-07-25 04:59:51.682785,GENERAL,800,Confirmed next payment due date.,False,False,False,0.25,-0.18
C0107023,2026-08-15 19:34:39.945794,MORTGAGE_INQUIRY,434,Asked about the process to pay off the loan early and whether there are any prepayment penalties.,True,True,True,0.44,0.23
C0107029,2026-07-19 23:36:17.602164,MORTGAGE_INQUIRY,365,Inquired about payoff amount and where to send funds. Sounded like they may be refinancing elsewhere.,True,True,True,0.91,-0.47
C0107029,2026-08-12 16:00:24.434777,MORTGAGE_INQUIRY,729,Customer asked what our current 30-year rates look like and mentioned they saw 5.4% at an online lender.,True,True,False,0.74,0.15
C0107030,2026-07-26 01:23:15.134420,MORTGAGE_INQUIRY,853,Wants to speak to a mortgage specialist about refinancing. Mentioned rate shopping.,True,True,False,0.64,-0.24
C0107035,2026-06-25 08:31:09.003234,MORTGAGE_INQUIRY,894,Inquired about payoff amount and where to send funds. Sounded like they may be refinancing elsewhere.,True,False,True,1.0,-0.21
C0107041,2026-07-16 19:31:06.970511,GENERAL,552,Asked how to set up autopay for the mortgage.,False,False,False,0.04,0.47
C0107042,2026-08-26 13:29:19.532860,STATEMENT,105,General question about online banking access.,False,False,False,0.03,0.33
C0107042,2026-08-28 06:40:20.451039,ESCROW,596,Asked how to set up autopay for the mortgage.,False,False,False,0.0,0.34
C0107047,2026-08-28 07:47:20.887013,STATEMENT,865,General question about online banking access.,False,False,False,0.09,0.35
C0107048,2026-07-12 06:47:37.412372,ESCROW,77,Asked how to set up autopay for the mortgage.,False,False,False,0.25,-0.09
C0107048,2026-07-26 13:01:53.238230,GENERAL,407,Requested a copy of the most recent mortgage statement for tax purposes.,False,False,False,0.29,-0.04
C0107050,2026-07-09 13:51:45.808254,STATEMENT,95,General question about online banking access.,False,False,False,0.0,0.03
C0107050,2026-08-31 19:08:52.877949,GENERAL,691,Asked how to set up autopay for the mortgage.,False,False,False,0.0,0.14
C0107051,2026-07-30 02:00:38.158005,MORTGAGE_INQUIRY,554,Inquired about payoff amount and where to send funds. Sounded like they may be refinancing elsewhere.,True,True,True,0.7,-0.14
C0107052,2026-09-02 14:51:41.174224,MORTGAGE_INQUIRY,700,Asked about the process to pay off the loan early and whether there are any prepayment penalties.,True,True,True,0.8,0.1
C0107056,2026-08-26 09:56:44.500067,MORTGAGE_INQUIRY,872,Customer asked what our current 30-year rates look like and mentioned they saw 5.52% at Rocket.,True,True,False,0.56,-0.11
C0107061,2026-06-24 23:39:49.429508,MORTGAGE_INQUIRY,255,Asked about the process to pay off the loan early and whether there are any prepayment penalties.,True,False,True,0.63,0.03
C0107061,2026-07-20 11:03:34.844639,PAYMENT,789,General question about online banking access.,False,False,False,0.16,0.38
C0107068,2026-07-08 17:54:59.044740,PAYMENT,827,Asked how to set up autopay for the mortgage.,False,False,False,0.07,0.18
C0107068,2026-07-18 02:22:29.780232,MORTGAGE_INQUIRY,369,Called about refinancing options — wanted to know break-even on closing costs against a 5.56% offer.,True,True,False,0.71,0.44
C0107071,2026-07-25 21:44:37.367362,STATEMENT,511,Asked how to set up autopay for the mortgage.,False,False,False,0.0,0.25
C0107071,2026-09-08 17:35:50.076254,MORTGAGE_INQUIRY,405,Wants to speak to a mortgage specialist about refinancing. Mentioned rate shopping.,True,False,False,0.77,-0.5
C0107075,2026-09-02 02:57:55.564417,MORTGAGE_INQUIRY,792,Called about refinancing options — wanted to know break-even on closing costs against a 5.29% offer.,True,False,False,0.95,-0.09
C0107082,2026-09-02 06:30:43.766490,ESCROW,219,Requested a copy of the most recent mortgage statement for tax purposes.,False,False,False,0.0,0.02
C0107083,2026-06-13 16:36:56.697781,GENERAL,268,Requested a copy of the most recent mortgage statement for tax purposes.,False,False,False,0.1,0.38
C0107083,2026-06-29 10:30:40.422086,MORTGAGE_INQUIRY,617,Wants to speak to a mortgage specialist about refinancing. Mentioned rate shopping.,True,True,False,0.75,-0.21
C0107091,2026-07-26 12:18:40.134271,MORTGAGE_INQUIRY,396,Inquired about payoff amount and where to send funds. Sounded like they may be refinancing elsewhere.,True,True,True,0.76,-0.2
C0107091,2026-08-12 11:50:49.980962,GENERAL,591,Confirmed next payment due date.,False,False,False,0.33,0.56
C0107092,2026-08-30 13:41:39.110778,GENERAL,583,Requested a copy of the most recent mortgage statement for tax purposes.,False,False,False,0.1,0.4
C0107092,2026-09-08 06:58:40.017664,STATEMENT,417,Question about escrow analysis and property tax increase.,False,False,False,0.29,0.36
C0107093,2026-07-05 23:05:45.362412,GENERAL,675,General question about online banking access.,False,False,False,0.12,-0.13
C0107093,2026-07-18 08:54:22.396394,ESCROW,711,Asked how to set up autopay for the mortgage.,False,False,False,0.44,0.31
C0107094,2026-08-29 16:16:47.000772,PAYMENT,669,Confirmed next payment due date.,False,False,False,0.0,0.16
C0107099,2026-07-11 05:20:44.973638,STATEMENT,178,Question about escrow analysis and property tax increase.,False,False,False,0.08,0.34
C0107100,2026-08-12 11:16:23.762038,PAYMENT,754,Asked how to set up autopay for the mortgage.,False,False,False,0.0,0.37
C0107101,2026-07-12 00:30:12.234033,STATEMENT,846,General question about online banking access.,False,False,False,0.0,-0.08
C0107101,2026-09-03 05:46:37.224692,STATEMENT,290,Asked how to set up autopay for the mortgage.,False,False,False,0.27,0.27
C0107104,2026-08-10 11:54:32.076092,STATEMENT,272,Asked how to set up autopay for the mortgage.,False,False,False,0.46,-0.06
C0107104,2026-08-24 05:49:14.741343,MORTGAGE_INQUIRY,66,Wants to speak to a mortgage specialist about refinancing. Mentioned rate shopping.,True,False,False,0.54,0.08
C0107112,2026-08-11 06:51:32.400835,ESCROW,387,Confirmed next payment due date.,False,False,False,0.21,0.36
C0107113,2026-07-13 11:55:03.472337,PAYMENT,682,Confirmed next payment due date.,False,False,False,0.0,0.6
C0107116,2026-08-08 08:49:49.045377,MORTGAGE_INQUIRY,563,Customer asked what our current 30-year rates look like and mentioned they saw 5.53% at Chase.,True,True,False,0.82,0.23
C0107116,2026-08-22 19:27:04.863040,MORTGAGE_INQUIRY,462,Called about refinancing options — wanted to know break-even on closing costs against a 5.41% offer.,True,True,False,0.93,0.2
C0107117,2026-07-20 13:54:56.944431,ESCROW,682,Requested a copy of the most recent mortgage statement for tax purposes.,False,False,False,0.23,0.54
C0107117,2026-07-28 00:53:50.793803,MORTGAGE_INQUIRY,571,Customer asked what our current 30-year rates look like and mentioned they saw 5.19% at a competitor.,True,True,False,0.39,0.19
C0107119,2026-07-21 04:20:22.307652,MORTGAGE_INQUIRY,647,Called about refinancing options — wanted to know break-even on closing costs against a 5.13% offer.,True,False,False,0.89,0.34
C0107120,2026-07-06 05:37:01.904070,MORTGAGE_INQUIRY,840,Called about refinancing options — wanted to know break-even on closing costs against a 5.42% offer.,True,True,False,0.81,0.22
C0107122,2026-06-21 09:04:53.077694,PAYMENT,247,Asked how to set up autopay for the mortgage.,False,False,False,0.06,-0.18
C0107122,2026-08-29 09:52:15.832590,STATEMENT,406,Confirmed next payment due date.,False,False,False,0.0,-0.07
C0107124,2026-08-16 21:04:19.282557,MORTGAGE_INQUIRY,69,Wants to speak to a mortgage specialist about refinancing. Mentioned rate shopping.,True,True,False,0.99,-0.14
C0107125,2026-06-17 10:29:32.290103,PAYMENT,541,Question about escrow analysis and property tax increase.,False,False,False,0.33,0.13
C0107127,2026-08-06 00:50:32.643383,GENERAL,741,Question about escrow analysis and property tax increase.,False,False,False,0.21,0.06
C0107128,2026-07-05 23:14:47.916173,ESCROW,420,Confirmed next payment due date.,False,False,False,0.36,0.13
C0107130,2026-08-02 02:59:31.730292,MORTGAGE_INQUIRY,378,Inquired about payoff amount and where to send funds. Sounded like they may be refinancing elsewhere.,True,True,True,0.91,-0.5
C0107130,2026-09-05 19:26:15.150651,GENERAL,332,Requested a copy of the most recent mortgage statement for tax purposes.,False,False,False,0.3,0.28
C0107132,2026-06-24 18:45:28.734139,MORTGAGE_INQUIRY,397,Called about refinancing options — wanted to know break-even on closing costs against a 5.49% offer.,True,False,False,0.94,0.66
C0107132,2026-07-19 03:30:35.484999,MORTGAGE_INQUIRY,312,Called about refinancing options — wanted to know break-even on closing costs against a 5.18% offer.,True,True,False,0.69,-0.21
C0107133,2026-07-13 20:42:42.894471,ESCROW,188,General question about online banking access.,False,False,False,0.27,0.01
C0107135,2026-09-04 20:43:41.702341,STATEMENT,862,Confirmed next payment due date.,False,False,False,0.19,0.09
C0107136,2026-06-15 07:00:51.338479,MORTGAGE_INQUIRY,532,Asked about the process to pay off the loan early and whether there are any prepayment penalties.,True,False,True,0.7,-0.26
C0107140,2026-07-26 13:15:36.295670,ESCROW,527,General question about online banking access.,False,False,False,0.25,-0.62
C0107140,2026-08-14 03:05:57.223233,PAYMENT,714,General question about online banking access.,False,False,False,0.19,-0.28
C0107142,2026-07-02 05:11:24.688320,MORTGAGE_INQUIRY,780,Inquired about payoff amount and where to send funds. Sounded like they may be refinancing elsewhere.,True,True,True,0.65,-0.33
C0107142,2026-08-24 22:13:08.785051,GENERAL,514,Asked how to set up autopay for the mortgage.,False,False,False,0.2,0.28
C0107144,2026-06-28 11:59:41.846030,STATEMENT,777,Confirmed next payment due date.,False,False,False,0.53,0.2
C0107144,2026-07-25 23:44:06.670041,ESCROW,493,Confirmed next payment due date.,False,False,False,0.51,0.03
C0107146,2026-08-25 03:07:37.379166,MORTGAGE_INQUIRY,270,Customer asked what our current 30-year rates look like and mentioned they saw 5.3% at a competitor.,True,True,False,0.58,0.0
C0107147,2026-07-23 05:55:52.795240,STATEMENT,282,Requested a copy of the most recent mortgage statement for tax purposes.,False,False,False,0.02,0.41
C0107150,2026-08-06 07:50:22.225432,STATEMENT,500,Asked how to set up autopay for the mortgage.,False,False,False,0.0,-0.03
C0107150,2026-08-18 16:49:50.104604,GENERAL,433,General question about online banking access.,False,False,False,0.14,-0.02
C0107153,2026-06-15 23:04:04.143070,STATEMENT,427,Asked how to set up autopay for the mortgage.,False,False,False,0.13,0.14
C0107153,2026-08-19 13:08:44.790189,ESCROW,131,Confirmed next payment due date.,False,False,False,0.29,0.09
C0107154,2026-09-05 00:26:14.066982,STATEMENT,688,Question about escrow analysis and property tax increase.,False,False,False,0.0,0.18
C0107154,2026-09-09 00:45:53.435938,STATEMENT,431,Asked how to set up autopay for the mortgage.,False,False,False,0.11,-0.02
C0107156,2026-08-24 14:42:35.637596,MORTGAGE_INQUIRY,601,Customer asked what our current 30-year rates look like and mentioned they saw 5.42% at a competitor.,True,True,False,0.73,-0.09
C0107159,2026-07-07 04:30:40.932399,MORTGAGE_INQUIRY,457,Inquired about payoff amount and where to send funds. Sounded like they may be refinancing elsewhere.,True,False,True,0.64,-0.23
C0107165,2026-06-28 08:54:14.993041,MORTGAGE_INQUIRY,435,Asked about the process to pay off the loan early and whether there are any prepayment penalties.,True,False,True,0.59,0.18
C0107167,2026-07-27 03:30:01.219764,MORTGAGE_INQUIRY,899,Inquired about payoff amount and where to send funds. Sounded like they may be refinancing elsewhere.,True,True,True,0.95,0.03
C0107170,2026-08-01 04:42:46.692134,MORTGAGE_INQUIRY,740,Asked about the process to pay off the loan early and whether there are any prepayment penalties.,True,False,True,1.0,-0.38
C0107172,2026-06-29 01:31:18.687030,GENERAL,358,Confirmed next payment due date.,False,False,False,0.24,0.55
C0107172,2026-08-05 00:05:45.604420,PAYMENT,447,Asked how to set up autopay for the mortgage.,False,False,False,0.32,0.29
C0107173,2026-08-06 02:59:19.363746,GENERAL,208,Requested a copy of the most recent mortgage statement for tax purposes.,False,False,False,0.21,0.47
C0107175,2026-07-02 12:23:29.368417,PAYMENT,567,General question about online banking access.,False,False,False,0.0,0.46
C0107177,2026-07-10 01:04:18.961546,MORTGAGE_INQUIRY,393,Inquired about payoff amount and where to send funds. Sounded like they may be refinancing elsewhere.,True,False,True,0.85,-0.19
C0107177,2026-07-21 18:08:17.324439,MORTGAGE_INQUIRY,107,Called about refinancing options — wanted to know break-even on closing costs against a 5.4% offer.,True,False,False,0.93,-0.05
C0107186,2026-08-10 18:25:14.187773,STATEMENT,558,Question about escrow analysis and property tax increase.,False,False,False,0.08,0.24
C0107187,2026-09-08 22:10:08.776042,MORTGAGE_INQUIRY,287,Wants to speak to a mortgage specialist about refinancing. Mentioned rate shopping.,True,False,False,0.79,0.67
C0107191,2026-08-17 22:46:02.768736,ESCROW,412,Requested a copy of the most recent mortgage statement for tax purposes.,False,False,False,0.05,1.0
C0107192,2026-06-27 03:36:19.926201,GENERAL,417,Confirmed next payment due date.,False,False,False,0.26,0.03
C0107193,2026-08-07 08:46:02.406934,GENERAL,348,General question about online banking access.,False,False,False,0.25,0.51
C0107194,2026-08-25 04:16:48.969430,PAYMENT,852,Requested a copy of the most recent mortgage statement for tax purposes.,False,False,False,0.11,0.42
C0107194,2026-08-30 02:50:35.083726,MORTGAGE_INQUIRY,719,Customer asked what our current 30-year rates look like and mentioned they saw 5.12% at a competitor.,True,True,False,0.77,-0.02
C0107195,2026-06-19 21:31:22.369772,PAYMENT,264,Confirmed next payment due date.,False,False,False,0.44,0.42
C0107195,2026-08-09 00:08:32.116260,STATEMENT,62,Question about escrow analysis and property tax increase.,False,False,False,0.26,0.33
C0107196,2026-08-09 23:25:01.207767,MORTGAGE_INQUIRY,863,Wants to speak to a mortgage specialist about refinancing. Mentioned rate shopping.,True,False,False,0.87,-0.47
C0107196,2026-08-24 02:51:52.592826,ESCROW,530,Requested a copy of the most recent mortgage statement for tax purposes.,False,False,False,0.08,0.25
C0107201,2026-08-06 17:03:02.802344,MORTGAGE_INQUIRY,870,Inquired about payoff amount and where to send funds. Sounded like they may be refinancing elsewhere.,True,True,True,0.8,-0.47
C0107209,2026-06-24 20:47:02.848288,MORTGAGE_INQUIRY,404,Called about refinancing options — wanted to know break-even on closing costs against a 5.27% offer.,True,False,False,0.96,-0.2
C0107209,2026-09-03 12:50:16.784339,ESCROW,751,Asked how to set up autopay for the mortgage.,False,False,False,0.29,-0.03
C0107213,2026-08-16 09:23:51.146310,MORTGAGE_INQUIRY,819,Asked about the process to pay off the loan early and whether there are any prepayment penalties.,True,False,True,0.7,-0.35
C0107216,2026-06-22 13:10:24.657732,ESCROW,889,Confirmed next payment due date.,False,False,False,0.13,-0.09
C0107217,2026-08-08 21:41:19.835343,ESCROW,270,Asked how to set up autopay for the mortgage.,False,False,False,0.0,0.06
C0107221,2026-07-11 19:07:21.046945,STATEMENT,480,Confirmed next payment due date.,False,False,False,0.31,0.39
C0107221,2026-09-05 01:40:44.441376,MORTGAGE_INQUIRY,167,Wants to speak to a mortgage specialist about refinancing. Mentioned rate shopping.,True,True,False,0.7,0.25
C0107222,2026-08-18 18:32:08.590072,ESCROW,622,Asked how to set up autopay for the mortgage.,False,False,False,0.0,-0.64
C0107223,2026-07-26 13:26:18.157858,PAYMENT,284,General question about online banking access.,False,False,False,0.35,0.44
C0107225,2026-08-23 11:05:47.068821,ESCROW,315,Requested a copy of the most recent mortgage statement for tax purposes.,False,False,False,0.24,0.23
C0107227,2026-06-22 05:36:07.661016,MORTGAGE_INQUIRY,886,Customer asked what our current 30-year rates look like and mentioned they saw 5.56% at Chase.,True,True,False,0.77,-0.38
C0107230,2026-07-12 21:18:13.702961,GENERAL,424,Asked how to set up autopay for the mortgage.,False,False,False,0.37,0.62
C0107230,2026-08-04 19:35:33.842017,STATEMENT,256,Question about escrow analysis and property tax increase.,False,False,False,0.1,0.09
C0107233,2026-07-21 15:54:57.447403,MORTGAGE_INQUIRY,845,Wants to speak to a mortgage specialist about refinancing. Mentioned rate shopping.,True,True,False,0.65,-0.22
C0107233,2026-07-22 22:21:42.616507,ESCROW,241,Asked how to set up autopay for the mortgage.,False,False,False,0.33,0.23
C0107234,2026-07-16 00:45:31.872342,MORTGAGE_INQUIRY,234,Customer asked what our current 30-year rates look like and mentioned they saw 5.41% at a competitor.,True,True,False,0.92,-0.03
C0107235,2026-07-31 11:43:59.409093,GENERAL,136,General question about online banking access.,False,False,False,0.28,0.02
C0107235,2026-08-30 13:35:30.041901,GENERAL,524,Confirmed next payment due date.,False,False,False,0.16,0.8
C0107244,2026-07-12 11:26:14.211471,MORTGAGE_INQUIRY,567,Inquired about payoff amount and where to send funds. Sounded like they may be refinancing elsewhere.,True,True,True,0.87,0.24
C0107244,2026-07-19 06:49:16.839218,MORTGAGE_INQUIRY,178,Inquired about payoff amount and where to send funds. Sounded like they may be refinancing elsewhere.,True,False,True,0.94,0.27
C0107245,2026-07-04 15:53:26.007651,PAYMENT,154,Asked how to set up autopay for the mortgage.,False,False,False,0.35,0.07
C0107245,2026-09-03 22:22:12.258682,ESCROW,198,Question about escrow analysis and property tax increase.,False,False,False,0.03,0.29
C0107252,2026-06-29 00:44:21.181430,ESCROW,333,Requested a copy of the most recent mortgage statement for tax purposes.,False,False,False,0.2,0.5
C0107256,2026-08-17 13:58:16.346311,ESCROW,609,Question about escrow analysis and property tax increase.,False,False,False,0.34,0.13
C0107258,2026-07-24 10:41:35.786374,MORTGAGE_INQUIRY,381,Wants to speak to a mortgage specialist about refinancing. Mentioned rate shopping.,True,True,False,0.71,0.01
C0107266,2026-06-18 11:01:55.773465,MORTGAGE_INQUIRY,707,Asked about the process to pay off the loan early and whether there are any prepayment penalties.,True,True,True,0.74,-0.08
C0107266,2026-09-10 11:19:58.839549,PAYMENT,750,Confirmed next payment due date.,False,False,False,0.46,0.02
C0107268,2026-06-24 13:51:53.257922,MORTGAGE_INQUIRY,626,Customer asked what our current 30-year rates look like and mentioned they saw 5.1% at Chase.,True,True,False,0.98,-0.42
C0107268,2026-07-03 06:09:17.829043,MORTGAGE_INQUIRY,264,Called about refinancing options — wanted to know break-even on closing costs against a 5.57% offer.,True,False,False,0.87,-0.37
C0107269,2026-08-07 18:12:20.946171,PAYMENT,228,General question about online banking access.,False,False,False,0.15,0.48
C0107281,2026-06-30 09:17:04.514600,MORTGAGE_INQUIRY,337,Customer asked what our current 30-year rates look like and mentioned they saw 5.59% at Rocket.,True,False,False,0.7,-0.18
C0107281,2026-08-22 17:52:31.487707,ESCROW,888,Asked how to set up autopay for the mortgage.,False,False,False,0.17,0.84
C0107286,2026-07-13 23:23:35.041398,STATEMENT,295,Confirmed next payment due date.,False,False,False,0.02,-0.26
C0107286,2026-08-21 18:58:28.051198,STATEMENT,340,Requested a copy of the most recent mortgage statement for tax purposes.,False,False,False,0.58,0.33
C0107294,2026-06-14 06:41:31.749617,GENERAL,853,Question about escrow analysis and property tax increase.,False,False,False,0.31,0.12
C0107294,2026-07-31 07:13:03.095097,STATEMENT,343,General question about online banking access.,False,False,False,0.23,0.44
C0107301,2026-08-07 00:47:00.559987,GENERAL,182,Question about escrow analysis and property tax increase.,False,False,False,0.4,-0.15
C0107301,2026-08-21 03:15:34.653937,STATEMENT,358,General question about online banking access.,False,False,False,0.15,0.19
C0107305,2026-07-29 06:55:10.006735,STATEMENT,95,General question about online banking access.,False,False,False,0.0,0.24
C0107308,2026-06-29 12:16:42.264532,MORTGAGE_INQUIRY,159,Wants to speak to a mortgage specialist about refinancing. Mentioned rate shopping.,True,False,False,0.89,0.07
C0107308,2026-09-09 03:12:02.381142,MORTGAGE_INQUIRY,669,Customer asked what our current 30-year rates look like and mentioned they saw 5.26% at an online lender.,True,True,False,1.0,-0.08
C0107309,2026-08-10 23:10:13.796838,MORTGAGE_INQUIRY,735,Customer asked what our current 30-year rates look like and mentioned they saw 5.33% at a competitor.,True,False,False,0.73,-0.04
C0107309,2026-08-14 16:35:30.000679,MORTGAGE_INQUIRY,480,Customer asked what our current 30-year rates look like and mentioned they saw 5.21% at Rocket.,True,True,False,0.83,0.27
C0107312,2026-08-18 19:19:25.920058,MORTGAGE_INQUIRY,798,Called about refinancing options — wanted to know break-even on closing costs against a 5.16% offer.,True,True,False,0.83,-0.4
C0107315,2026-06-26 15:45:04.583365,GENERAL,885,Question about escrow analysis and property tax increase.,False,False,False,0.0,-0.58
C0107315,2026-07-18 04:42:41.145921,STATEMENT,90,General question about online banking access.,False,False,False,0.01,-0.47
C0107318,2026-08-26 04:46:35.486352,MORTGAGE_INQUIRY,446,Wants to speak to a mortgage specialist about refinancing. Mentioned rate shopping.,True,True,False,0.97,-0.43
C0107320,2026-07-12 06:06:58.517865,STATEMENT,119,Confirmed next payment due date.,False,False,False,0.14,-0.17
C0107322,2026-07-21 14:34:31.970408,MORTGAGE_INQUIRY,62,Inquired about payoff amount and where to send funds. Sounded like they may be refinancing elsewhere.,True,False,True,0.57,0.01
C0107324,2026-07-06 12:49:57.088718,PAYMENT,280,Asked how to set up autopay for the mortgage.,False,False,False,0.05,0.06
C0107324,2026-07-13 14:10:09.768896,MORTGAGE_INQUIRY,224,Wants to speak to a mortgage specialist about refinancing. Mentioned rate shopping.,True,False,False,0.73,-0.14
C0107325,2026-08-09 14:54:17.643938,MORTGAGE_INQUIRY,610,Called about refinancing options — wanted to know break-even on closing costs against a 5.19% offer.,True,True,False,0.86,0.08
C0107335,2026-06-22 02:22:11.896264,ESCROW,666,Confirmed next payment due date.,False,False,False,0.0,0.38
C0107335,2026-08-18 12:15:27.836942,ESCROW,647,Requested a copy of the most recent mortgage statement for tax purposes.,False,False,False,0.0,0.23
C0107337,2026-07-30 07:19:40.800738,MORTGAGE_INQUIRY,815,Called about refinancing options — wanted to know break-even on closing costs against a 5.36% offer.,True,True,False,0.78,0.08
C0107338,2026-06-14 04:44:57.571853,MORTGAGE_INQUIRY,437,Called about refinancing options — wanted to know break-even on closing costs against a 5.13% offer.,True,True,False,0.84,-0.01
C0107338,2026-08-06 08:12:21.419577,GENERAL,831,General question about online banking access.,False,False,False,0.08,0.74
C0107339,2026-08-29 13:22:36.591480,PAYMENT,176,Confirmed next payment due date.,False,False,False,0.21,0.48
C0107340,2026-07-02 10:24:15.856647,STATEMENT,725,General question about online banking access.,False,False,False,0.11,0.12
C0107346,2026-07-12 08:58:49.197133,PAYMENT,751,Confirmed next payment due date.,False,False,False,0.38,0.45
C0107346,2026-07-16 13:07:08.968780,PAYMENT,99,General question about online banking access.,False,False,False,0.23,0.04
C0107349,2026-08-09 22:16:42.741371,MORTGAGE_INQUIRY,431,Wants to speak to a mortgage specialist about refinancing. Mentioned rate shopping.,True,False,False,0.81,-0.26
C0107349,2026-08-25 05:15:45.964629,ESCROW,68,Asked how to set up autopay for the mortgage.,False,False,False,0.0,0.41
C0107351,2026-08-01 02:37:02.264173,MORTGAGE_INQUIRY,563,Wants to speak to a mortgage specialist about refinancing. Mentioned rate shopping.,True,True,False,0.75,-0.22
C0107354,2026-06-18 12:14:46.037977,ESCROW,647,General question about online banking access.,False,False,False,0.04,0.06
C0107356,2026-08-28 18:24:34.012846,MORTGAGE_INQUIRY,604,Inquired about payoff amount and where to send funds. Sounded like they may be refinancing elsewhere.,True,True,True,1.0,0.11
C0107356,2026-09-09 04:55:17.208445,STATEMENT,494,Question about escrow analysis and property tax increase.,False,False,False,0.12,-0.23
C0107357,2026-06-17 05:30:18.004936,MORTGAGE_INQUIRY,392,Wants to speak to a mortgage specialist about refinancing. Mentioned rate shopping.,True,True,False,0.61,-0.1
C0107358,2026-07-01 13:23:57.627807,GENERAL,426,Asked how to set up autopay for the mortgage.,False,False,False,0.07,0.25
C0107358,2026-08-06 16:49:00.016681,PAYMENT,502,Confirmed next payment due date.,False,False,False,0.12,0.52
C0107360,2026-07-11 11:08:04.990114,STATEMENT,555,Requested a copy of the most recent mortgage statement for tax purposes.,False,False,False,0.01,0.49
C0107360,2026-07-12 13:30:37.679307,MORTGAGE_INQUIRY,160,Inquired about payoff amount and where to send funds. Sounded like they may be refinancing elsewhere.,True,True,True,0.93,-0.02
C0107361,2026-08-04 00:00:49.137006,PAYMENT,447,Asked how to set up autopay for the mortgage.,False,False,False,0.18,0.19
C0107361,2026-08-10 19:45:07.461929,GENERAL,789,Confirmed next payment due date.,False,False,False,0.17,0.21
C0107362,2026-06-25 16:55:32.614546,PAYMENT,297,Confirmed next payment due date.,False,False,False,0.24,-0.35
C0107362,2026-08-23 15:00:18.268850,PAYMENT,176,Confirmed next payment due date.,False,False,False,0.04,0.74
C0107363,2026-08-06 15:23:39.842720,MORTGAGE_INQUIRY,684,Customer asked what our current 30-year rates look like and mentioned they saw 5.37% at Chase.,True,True,False,0.62,-0.33
C0107368,2026-09-05 09:11:52.948548,MORTGAGE_INQUIRY,411,Inquired about payoff amount and where to send funds. Sounded like they may be refinancing elsewhere.,True,True,True,0.61,-0.02
C0107370,2026-07-12 21:05:19.792419,GENERAL,844,Asked how to set up autopay for the mortgage.,False,False,False,0.35,0.48
C0107370,2026-07-22 03:53:29.197501,ESCROW,481,Asked how to set up autopay for the mortgage.,False,False,False,0.23,-0.24
C0107376,2026-06-18 20:25:48.737379,MORTGAGE_INQUIRY,117,Inquired about payoff amount and where to send funds. Sounded like they may be refinancing elsewhere.,True,False,True,0.71,0.08
C0107376,2026-08-17 16:01:13.177020,ESCROW,532,Confirmed next payment due date.,False,False,False,0.03,0.33
C0107377,2026-07-02 21:40:48.116372,MORTGAGE_INQUIRY,154,Inquired about payoff amount and where to send funds. Sounded like they may be refinancing elsewhere.,True,True,True,0.59,-0.07
C0107378,2026-07-09 00:31:14.852473,MORTGAGE_INQUIRY,447,Called about refinancing options — wanted to know break-even on closing costs against a 5.34% offer.,True,False,False,0.82,0.05
C0107378,2026-08-21 20:12:04.863462,MORTGAGE_INQUIRY,231,Asked about the process to pay off the loan early and whether there are any prepayment penalties.,True,True,True,0.86,0.58
C0107381,2026-08-05 11:17:11.837884,STATEMENT,187,Requested a copy of the most recent mortgage statement for tax purposes.,False,False,False,0.28,0.63
C0107384,2026-07-06 19:39:25.691298,MORTGAGE_INQUIRY,94,Customer asked what our current 30-year rates look like and mentioned they saw 5.24% at Rocket.,True,True,False,0.62,-0.11
C0107384,2026-09-01 03:24:01.385236,GENERAL,685,General question about online banking access.,False,False,False,0.0,0.22
C0107385,2026-08-16 10:39:20.764453,GENERAL,309,Question about escrow analysis and property tax increase.,False,False,False,0.24,0.15
C0107386,2026-06-24 21:22:24.350005,MORTGAGE_INQUIRY,398,Customer asked what our current 30-year rates look like and mentioned they saw 5.3% at a competitor.,True,False,False,0.64,-0.01
C0107386,2026-06-26 15:38:47.376621,MORTGAGE_INQUIRY,793,Asked about the process to pay off the loan early and whether there are any prepayment penalties.,True,True,True,0.73,0.04
C0107387,2026-07-13 12:01:03.581899,STATEMENT,378,General question about online banking access.,False,False,False,0.22,0.28
C0107391,2026-06-19 09:53:28.123448,MORTGAGE_INQUIRY,112,Inquired about payoff amount and where to send funds. Sounded like they may be refinancing elsewhere.,True,False,True,0.85,-0.21
C0107393,2026-06-13 18:49:57.755354,MORTGAGE_INQUIRY,591,Inquired about payoff amount and where to send funds. Sounded like they may be refinancing elsewhere.,True,False,True,0.63,-0.04
C0107398,2026-08-12 19:01:10.708105,STATEMENT,734,General question about online banking access.,False,False,False,0.09,0.38
C0107400,2026-06-18 23:09:12.867696,STATEMENT,303,Question about escrow analysis and property tax increase.,False,False,False,0.0,0.35
C0107406,2026-08-21 06:41:54.683540,MORTGAGE_INQUIRY,660,Wants to speak to a mortgage specialist about refinancing. Mentioned rate shopping.,True,False,False,0.49,0.34
C0107409,2026-09-01 05:20:44.104093,ESCROW,717,Asked how to set up autopay for the mortgage.,False,False,False,0.25,0.17
C0107409,2026-09-03 23:49:36.944091,STATEMENT,425,Confirmed next payment due date.,False,False,False,0.13,0.46
C0107410,2026-08-01 07:59:10.479069,MORTGAGE_INQUIRY,259,Wants to speak to a mortgage specialist about refinancing. Mentioned rate shopping.,True,True,False,0.81,-0.12
C0107410,2026-09-03 10:18:03.429780,MORTGAGE_INQUIRY,390,Asked about the process to pay off the loan early and whether there are any prepayment penalties.,True,True,True,0.75,0.16
C0107412,2026-07-14 08:05:24.949723,ESCROW,765,Asked how to set up autopay for the mortgage.,False,False,False,0.24,0.04
C0107412,2026-09-01 19:53:55.348217,STATEMENT,294,Asked how to set up autopay for the mortgage.,False,False,False,0.05,-0.02
C0107413,2026-08-09 05:56:28.743257,MORTGAGE_INQUIRY,806,Inquired about payoff amount and where to send funds. Sounded like they may be refinancing elsewhere.,True,True,True,0.78,-0.14
C0107416,2026-06-24 19:06:30.238268,MORTGAGE_INQUIRY,686,Customer asked what our current 30-year rates look like and mentioned they saw 5.41% at an online lender.,True,True,False,0.77,-0.29
C0107416,2026-07-04 08:15:10.742443,MORTGAGE_INQUIRY,761,Asked about the process to pay off the loan early and whether there are any prepayment penalties.,True,True,True,0.98,-0.3
C0107419,2026-07-24 14:39:54.031664,PAYMENT,402,Asked how to set up autopay for the mortgage.,False,False,False,0.12,0.12
C0107419,2026-08-25 19:27:19.396336,GENERAL,568,Requested a copy of the most recent mortgage statement for tax purposes.,False,False,False,0.16,0.03
C0107420,2026-07-18 16:32:18.462603,ESCROW,756,General question about online banking access.,False,False,False,0.26,0.48
C0107420,2026-09-07 07:50:50.857331,MORTGAGE_INQUIRY,678,Called about refinancing options — wanted to know break-even on closing costs against a 5.49% offer.,True,True,False,0.65,-0.27
C0107422,2026-08-10 15:03:46.742423,MORTGAGE_INQUIRY,799,Asked about the process to pay off the loan early and whether there are any prepayment penalties.,True,True,True,1.0,0.01
C0107423,2026-06-22 20:43:32.306716,MORTGAGE_INQUIRY,143,Customer asked what our current 30-year rates look like and mentioned they saw 5.42% at Chase.,True,True,False,0.73,-0.18
C0107423,2026-08-31 04:49:27.626540,GENERAL,674,Confirmed next payment due date.,False,False,False,0.12,0.25
C0107424,2026-07-21 14:46:41.176999,MORTGAGE_INQUIRY,469,Wants to speak to a mortgage specialist about refinancing. Mentioned rate shopping.,True,False,False,0.73,0.18
C0107428,2026-08-30 14:10:34.272005,GENERAL,527,Asked how to set up autopay for the mortgage.,False,False,False,0.16,-0.44
C0107434,2026-06-17 09:44:34.551032,MORTGAGE_INQUIRY,554,Customer asked what our current 30-year rates look like and mentioned they saw 5.39% at Chase.,True,True,False,0.86,-0.2
C0107434,2026-09-10 19:53:36.748812,MORTGAGE_INQUIRY,512,Customer asked what our current 30-year rates look like and mentioned they saw 5.59% at a competitor.,True,True,False,1.0,0.11
C0107436,2026-07-13 21:09:30.026669,MORTGAGE_INQUIRY,198,Customer asked what our current 30-year rates look like and mentioned they saw 5.49% at Chase.,True,True,False,0.86,-0.15
C0107436,2026-08-09 07:41:52.749259,MORTGAGE_INQUIRY,655,Inquired about payoff amount and where to send funds. Sounded like they may be refinancing elsewhere.,True,True,True,0.66,-0.05
C0107439,2026-07-16 07:28:03.584809,MORTGAGE_INQUIRY,733,Customer asked what our current 30-year rates look like and mentioned they saw 5.37% at a competitor.,True,True,False,0.68,0.17
C0107439,2026-09-08 06:07:01.767469,PAYMENT,85,Confirmed next payment due date.,False,False,False,0.28,0.0
C0107440,2026-08-08 16:51:12.131407,PAYMENT,880,Asked how to set up autopay for the mortgage.,False,False,False,0.11,0.54
C0107444,2026-07-20 17:49:20.325886,STATEMENT,699,Question about escrow analysis and property tax increase.,False,False,False,0.25,0.47
C0107444,2026-09-08 12:23:54.298072,ESCROW,770,Question about escrow analysis and property tax increase.,False,False,False,0.24,0.15
C0107445,2026-08-26 13:25:24.317293,GENERAL,172,Question about escrow analysis and property tax increase.,False,False,False,0.29,0.34
C0107447,2026-06-19 12:10:10.866130,ESCROW,606,Confirmed next payment due date.,False,False,False,0.1,0.34
C0107452,2026-07-29 17:50:22.132470,PAYMENT,658,Asked how to set up autopay for the mortgage.,False,False,False,0.0,0.27
C0107452,2026-07-31 20:22:27.545255,STATEMENT,309,Asked how to set up autopay for the mortgage.,False,False,False,0.31,0.32
C0107455,2026-06-26 01:46:57.838194,MORTGAGE_INQUIRY,546,Called about refinancing options — wanted to know break-even on closing costs against a 5.32% offer.,True,True,False,0.51,-0.06
C0107457,2026-08-20 23:36:28.155797,ESCROW,844,Asked how to set up autopay for the mortgage.,False,False,False,0.31,0.3
C0107457,2026-09-01 21:59:36.621166,GENERAL,263,Requested a copy of the most recent mortgage statement for tax purposes.,False,False,False,0.12,-0.13
C0107470,2026-07-17 13:56:50.754781,ESCROW,156,Question about escrow analysis and property tax increase.,False,False,False,0.14,0.2
C0107470,2026-09-02 12:20:30.823675,GENERAL,418,Requested a copy of the most recent mortgage statement for tax purposes.,False,False,False,0.32,-0.2
C0107472,2026-06-18 08:57:01.758154,MORTGAGE_INQUIRY,513,Wants to speak to a mortgage specialist about refinancing. Mentioned rate shopping.,True,False,False,0.66,-0.3
C0107472,2026-07-08 11:06:12.626134,MORTGAGE_INQUIRY,573,Customer asked what our current 30-year rates look like and mentioned they saw 5.33% at Chase.,True,True,False,0.5,-0.12
C0107473,2026-08-02 18:32:29.863506,MORTGAGE_INQUIRY,899,Customer asked what our current 30-year rates look like and mentioned they saw 5.49% at Rocket.,True,True,False,0.81,0.27
C0107474,2026-08-15 07:37:24.260422,PAYMENT,118,General question about online banking access.,False,False,False,0.08,0.36
C0107474,2026-08-21 17:52:34.300012,ESCROW,393,General question about online banking access.,False,False,False,0.17,0.53
C0107475,2026-08-06 11:22:22.788639,MORTGAGE_INQUIRY,599,Called about refinancing options — wanted to know break-even on closing costs against a 5.19% offer.,True,True,False,0.68,-0.15
C0107478,2026-09-02 23:28:17.210567,MORTGAGE_INQUIRY,192,Called about refinancing options — wanted to know break-even on closing costs against a 5.35% offer.,True,False,False,0.82,-0.17
C0107479,2026-06-16 13:10:41.868657,MORTGAGE_INQUIRY,620,Customer asked what our current 30-year rates look like and mentioned they saw 5.55% at Rocket.,True,True,False,0.79,-0.1
C0107479,2026-08-25 11:43:47.675977,STATEMENT,365,General question about online banking access.,False,False,False,0.36,0.46
C0107480,2026-07-05 18:34:52.053540,GENERAL,564,Question about escrow analysis and property tax increase.,False,False,False,0.31,0.07
C0107482,2026-06-16 03:35:16.933284,GENERAL,375,Requested a copy of the most recent mortgage statement for tax purposes.,False,False,False,0.34,0.25
C0107482,2026-07-27 00:45:00.369532,ESCROW,550,Requested a copy of the most recent mortgage statement for tax purposes.,False,False,False,0.19,0.32
C0107485,2026-06-13 05:58:21.277889,MORTGAGE_INQUIRY,491,Wants to speak to a mortgage specialist about refinancing. Mentioned rate shopping.,True,True,False,0.77,0.03
C0107485,2026-09-07 17:09:23.366953,ESCROW,659,Asked how to set up autopay for the mortgage.,False,False,False,0.39,0.53
C0107486,2026-08-03 23:55:11.689049,ESCROW,310,Question about escrow analysis and property tax increase.,False,False,False,0.1,0.3
C0107491,2026-07-08 09:43:18.817046,MORTGAGE_INQUIRY,255,Called about refinancing options — wanted to know break-even on closing costs against a 5.59% offer.,True,False,False,0.82,0.09
C0107491,2026-08-13 09:42:07.310986,ESCROW,476,Requested a copy of the most recent mortgage statement for tax purposes.,False,False,False,0.29,-0.02
C0107500,2026-08-10 05:35:50.039771,GENERAL,763,General question about online banking access.,False,False,False,0.07,0.74
C0107500,2026-09-05 15:36:55.250950,ESCROW,578,Requested a copy of the most recent mortgage statement for tax purposes.,False,False,False,0.25,-0.24
C0107502,2026-07-16 05:40:33.773285,MORTGAGE_INQUIRY,410,Asked about the process to pay off the loan early and whether there are any prepayment penalties.,True,True,True,0.77,-0.46
C0107503,2026-07-03 07:34:51.987731,ESCROW,873,Confirmed next payment due date.,False,False,False,0.22,0.05
C0107505,2026-07-07 07:33:56.563496,PAYMENT,561,Confirmed next payment due date.,False,False,False,0.21,0.69
C0107505,2026-08-17 23:17:22.023862,GENERAL,383,Confirmed next payment due date.,False,False,False,0.37,0.56
C0107506,2026-07-14 09:13:40.932993,ESCROW,219,Asked how to set up autopay for the mortgage.,False,False,False,0.33,0.46
C0107506,2026-08-23 18:56:29.961112,STATEMENT,837,Confirmed next payment due date.,False,False,False,0.0,-0.14
C0107508,2026-06-19 09:56:23.329998,MORTGAGE_INQUIRY,225,Called about refinancing options — wanted to know break-even on closing costs against a 5.51% offer.,True,True,False,0.67,-0.23
C0107511,2026-06-25 00:01:01.077395,ESCROW,232,Asked how to set up autopay for the mortgage.,False,False,False,0.34,0.41
C0107515,2026-09-05 11:52:51.766633,PAYMENT,749,General question about online banking access.,False,False,False,0.31,0.1
C0107518,2026-07-26 01:54:59.701258,ESCROW,202,General question about online banking access.,False,False,False,0.28,0.17
C0107518,2026-09-04 16:03:50.330262,PAYMENT,721,General question about online banking access.,False,False,False,0.16,-0.0
C0107521,2026-06-14 12:08:53.334438,ESCROW,169,Requested a copy of the most recent mortgage statement for tax purposes.,False,False,False,0.09,0.35
C0107521,2026-07-09 22:15:20.338531,ESCROW,864,Confirmed next payment due date.,False,False,False,0.12,-0.33
C0107525,2026-09-05 07:30:23.826440,MORTGAGE_INQUIRY,613,Called about refinancing options — wanted to know break-even on closing costs against a 5.46% offer.,True,True,False,0.86,-0.21
C0107527,2026-09-05 03:37:12.491946,MORTGAGE_INQUIRY,476,Inquired about payoff amount and where to send funds. Sounded like they may be refinancing elsewhere.,True,True,True,0.81,-0.09
C0107528,2026-06-30 17:00:51.768480,ESCROW,518,Asked how to set up autopay for the mortgage.,False,False,False,0.47,-0.37
C0107528,2026-07-30 06:05:58.652177,MORTGAGE_INQUIRY,117,Wants to speak to a mortgage specialist about refinancing. Mentioned rate shopping.,True,True,False,0.52,-0.06
C0107529,2026-07-05 11:30:23.200833,MORTGAGE_INQUIRY,746,Called about refinancing options — wanted to know break-even on closing costs against a 5.34% offer.,True,True,False,0.56,0.15
C0107529,2026-08-09 05:24:23.026552,MORTGAGE_INQUIRY,522,Customer asked what our current 30-year rates look like and mentioned they saw 5.56% at a competitor.,True,False,False,0.86,-0.75
C0107530,2026-06-22 02:20:54.958099,PAYMENT,412,Question about escrow analysis and property tax increase.,False,False,False,0.37,-0.03
C0107530,2026-08-15 12:42:51.854666,GENERAL,458,Requested a copy of the most recent mortgage statement for tax purposes.,False,False,False,0.37,0.25
C0107534,2026-08-21 02:17:05.422082,MORTGAGE_INQUIRY,314,Called about refinancing options — wanted to know break-even on closing costs against a 5.44% offer.,True,False,False,0.62,-0.09
C0107534,2026-08-27 10:11:41.230724,MORTGAGE_INQUIRY,434,Customer asked what our current 30-year rates look like and mentioned they saw 5.56% at a competitor.,True,True,False,0.91,-0.19
C0107537,2026-06-28 12:56:31.401799,STATEMENT,434,Confirmed next payment due date.,False,False,False,0.0,0.77
C0107537,2026-08-03 20:33:55.731027,STATEMENT,885,Question about escrow analysis and property tax increase.,False,False,False,0.0,-0.01
C0107539,2026-08-07 13:41:50.699344,PAYMENT,129,Question about escrow analysis and property tax increase.,False,False,False,0.44,0.65
C0107542,2026-07-10 23:07:16.418893,ESCROW,326,Requested a copy of the most recent mortgage statement for tax purposes.,False,False,False,0.1,0.69
C0107542,2026-09-01 19:50:13.484964,STATEMENT,777,Asked how to set up autopay for the mortgage.,False,False,False,0.17,-0.03
C0107545,2026-07-09 09:47:08.949652,ESCROW,171,Requested a copy of the most recent mortgage statement for tax purposes.,False,False,False,0.17,-0.01
C0107548,2026-09-05 22:55:43.875739,PAYMENT,109,Asked how to set up autopay for the mortgage.,False,False,False,0.26,-0.39
C0107554,2026-08-08 10:28:35.299036,GENERAL,124,Asked how to set up autopay for the mortgage.,False,False,False,0.18,0.48
C0107555,2026-09-03 12:18:17.950457,MORTGAGE_INQUIRY,169,Inquired about payoff amount and where to send funds. Sounded like they may be refinancing elsewhere.,True,True,True,0.8,-0.27
C0107565,2026-08-08 04:16:18.893125,GENERAL,539,General question about online banking access.,False,False,False,0.05,0.18
C0107568,2026-06-13 05:37:28.622334,MORTGAGE_INQUIRY,99,Inquired about payoff amount and where to send funds. Sounded like they may be refinancing elsewhere.,True,False,True,0.87,-0.5
C0107568,2026-07-10 01:51:32.097438,MORTGAGE_INQUIRY,235,Customer asked what our current 30-year rates look like and mentioned they saw 5.59% at Rocket.,True,True,False,0.89,-0.43
C0107574,2026-07-25 20:36:00.794390,PAYMENT,61,Question about escrow analysis and property tax increase.,False,False,False,0.0,0.25
C0107576,2026-07-07 16:46:56.430663,MORTGAGE_INQUIRY,552,Asked about the process to pay off the loan early and whether there are any prepayment penalties.,True,False,True,0.88,0.39
C0107578,2026-06-14 12:13:19.121053,ESCROW,330,Confirmed next payment due date.,False,False,False,0.35,0.33
C0107578,2026-07-10 20:28:15.678283,MORTGAGE_INQUIRY,320,Asked about the process to pay off the loan early and whether there are any prepayment penalties.,True,False,True,0.8,0.29
C0107583,2026-08-18 10:39:46.322324,MORTGAGE_INQUIRY,607,Customer asked what our current 30-year rates look like and mentioned they saw 5.43% at a competitor.,True,False,False,0.94,-0.26
C0107583,2026-08-29 12:06:59.524474,MORTGAGE_INQUIRY,161,Asked about the process to pay off the loan early and whether there are any prepayment penalties.,True,True,True,0.88,-0.23
C0107587,2026-08-21 07:52:01.583333,PAYMENT,466,Asked how to set up autopay for the mortgage.,False,False,False,0.09,0.25
C0107589,2026-08-06 06:13:26.599788,GENERAL,287,Confirmed next payment due date.,False,False,False,0.0,0.47
C0107593,2026-08-07 01:04:08.813126,GENERAL,636,General question about online banking access.,False,False,False,0.0,-0.03
C0107593,2026-08-21 18:56:11.773954,MORTGAGE_INQUIRY,635,Customer asked what our current 30-year rates look like and mentioned they saw 5.21% at Chase.,True,True,False,0.9,-0.52
C0107595,2026-07-26 16:35:52.198469,GENERAL,725,Asked how to set up autopay for the mortgage.,False,False,False,0.18,0.82
C0107595,2026-09-07 06:44:31.541663,GENERAL,153,Requested a copy of the most recent mortgage statement for tax purposes.,False,False,False,0.0,-0.23
C0107598,2026-07-11 04:05:43.960457,MORTGAGE_INQUIRY,760,Called about refinancing options — wanted to know break-even on closing costs against a 5.55% offer.,True,True,False,0.73,-0.65
C0107602,2026-08-31 21:43:04.015343,MORTGAGE_INQUIRY,717,Asked about the process to pay off the loan early and whether there are any prepayment penalties.,True,False,True,0.79,0.09
C0107602,2026-09-08 22:18:06.315657,MORTGAGE_INQUIRY,288,Called about refinancing options — wanted to know break-even on closing costs against a 5.25% offer.,True,True,False,0.89,-0.13
C0107606,2026-09-04 13:40:50.821539,MORTGAGE_INQUIRY,679,Inquired about payoff amount and where to send funds. Sounded like they may be refinancing elsewhere.,True,True,True,0.89,-0.41
C0107608,2026-06-27 07:09:21.099646,GENERAL,690,Question about escrow analysis and property tax increase.,False,False,False,0.0,0.85
C0107610,2026-06-15 05:18:08.253767,STATEMENT,768,Confirmed next payment due date.,False,False,False,0.04,0.03
C0107617,2026-08-09 04:29:47.049279,GENERAL,423,General question about online banking access.,False,False,False,0.17,0.55
C0107620,2026-06-19 15:08:34.621626,PAYMENT,353,General question about online banking access.,False,False,False,0.29,0.39
C0107623,2026-08-03 11:31:57.870757,MORTGAGE_INQUIRY,254,Customer asked what our current 30-year rates look like and mentioned they saw 5.45% at an online lender.,True,True,False,0.85,-0.47
C0107623,2026-08-04 12:06:04.596459,MORTGAGE_INQUIRY,488,Customer asked what our current 30-year rates look like and mentioned they saw 5.19% at a competitor.,True,True,False,1.0,-0.06
C0107625,2026-07-28 14:26:50.378909,MORTGAGE_INQUIRY,640,Asked about the process to pay off the loan early and whether there are any prepayment penalties.,True,True,True,0.9,-0.24
C0107628,2026-07-11 03:45:25.129388,MORTGAGE_INQUIRY,624,Customer asked what our current 30-year rates look like and mentioned they saw 5.49% at Chase.,True,True,False,0.88,-0.2
C0107628,2026-09-08 15:56:20.336301,MORTGAGE_INQUIRY,159,Inquired about payoff amount and where to send funds. Sounded like they may be refinancing elsewhere.,True,False,True,0.43,0.01
C0107631,2026-08-05 10:40:04.444052,MORTGAGE_INQUIRY,260,Wants to speak to a mortgage specialist about refinancing. Mentioned rate shopping.,True,False,False,0.41,-0.09
C0107631,2026-08-28 21:18:39.888763,MORTGAGE_INQUIRY,773,Asked about the process to pay off the loan early and whether there are any prepayment penalties.,True,False,True,0.75,-0.2
C0107634,2026-08-01 00:58:31.898494,ESCROW,345,General question about online banking access.,False,False,False,0.21,0.03
C0107634,2026-08-29 18:40:02.315464,MORTGAGE_INQUIRY,639,Asked about the process to pay off the loan early and whether there are any prepayment penalties.,True,False,True,0.45,0.2
C0107635,2026-07-18 15:12:10.582035,PAYMENT,297,General question about online banking access.,False,False,False,0.26,0.44
C0107635,2026-07-31 03:22:54.361162,MORTGAGE_INQUIRY,536,Customer asked what our current 30-year rates look like and mentioned they saw 5.6% at Chase.,True,False,False,0.72,0.35
C0107638,2026-07-10 03:05:57.680429,MORTGAGE_INQUIRY,204,Customer asked what our current 30-year rates look like and mentioned they saw 5.58% at an online lender.,True,True,False,0.7,0.12
C0107638,2026-09-06 07:33:11.121976,MORTGAGE_INQUIRY,228,Wants to speak to a mortgage specialist about refinancing. Mentioned rate shopping.,True,True,False,0.68,0.57
C0107640,2026-08-30 16:34:33.677477,GENERAL,340,Requested a copy of the most recent mortgage statement for tax purposes.,False,False,False,0.0,0.32
C0107640,2026-09-05 13:47:57.806957,ESCROW,394,Requested a copy of the most recent mortgage statement for tax purposes.,False,False,False,0.06,-0.88
C0107642,2026-07-20 13:33:07.365501,MORTGAGE_INQUIRY,646,Asked about the process to pay off the loan early and whether there are any prepayment penalties.,True,True,True,0.93,0.0
C0107642,2026-08-03 19:39:13.033208,ESCROW,812,Asked how to set up autopay for the mortgage.,False,False,False,0.05,0.18
C0107643,2026-08-03 05:08:52.382638,GENERAL,71,Asked how to set up autopay for the mortgage.,False,False,False,0.15,0.74
C0107649,2026-06-20 03:21:37.363782,ESCROW,440,Question about escrow analysis and property tax increase.,False,False,False,0.27,-0.01
C0107649,2026-06-27 03:37:39.411713,ESCROW,429,General question about online banking access.,False,False,False,0.02,-0.04
C0107652,2026-07-23 14:47:14.023314,PAYMENT,688,Question about escrow analysis and property tax increase.,False,False,False,0.0,0.32
C0107653,2026-07-08 08:48:19.535291,PAYMENT,512,Requested a copy of the most recent mortgage statement for tax purposes.,False,False,False,0.1,-0.0
C0107653,2026-07-15 11:10:13.769014,GENERAL,646,General question about online banking access.,False,False,False,0.18,0.16
C0107658,2026-07-21 22:34:23.400778,MORTGAGE_INQUIRY,745,Asked about the process to pay off the loan early and whether there are any prepayment penalties.,True,False,True,0.85,-0.21
C0107659,2026-06-20 10:21:23.811666,MORTGAGE_INQUIRY,439,Called about refinancing options — wanted to know break-even on closing costs against a 5.21% offer.,True,True,False,0.56,0.07
C0107660,2026-08-17 23:08:18.061969,PAYMENT,707,Requested a copy of the most recent mortgage statement for tax purposes.,False,False,False,0.14,0.51
C0107660,2026-09-05 06:34:36.415133,MORTGAGE_INQUIRY,158,Asked about the process to pay off the loan early and whether there are any prepayment penalties.,True,True,True,0.78,-0.47
C0107661,2026-06-15 20:31:24.414990,MORTGAGE_INQUIRY,452,Customer asked what our current 30-year rates look like and mentioned they saw 5.45% at Chase.,True,True,False,0.7,-0.03
C0107662,2026-06-18 03:24:09.584872,ESCROW,786,Question about escrow analysis and property tax increase.,False,False,False,0.15,-0.08
C0107662,2026-06-21 11:51:16.497864,MORTGAGE_INQUIRY,105,Asked about the process to pay off the loan early and whether there are any prepayment penalties.,True,True,True,0.73,0.36
C0107674,2026-07-09 01:51:26.797714,PAYMENT,557,Requested a copy of the most recent mortgage statement for tax purposes.,False,False,False,0.35,-0.31
C0107674,2026-08-03 19:43:51.523611,PAYMENT,895,Asked how to set up autopay for the mortgage.,False,False,False,0.42,-0.02
C0107675,2026-07-27 05:06:55.745067,MORTGAGE_INQUIRY,543,Called about refinancing options — wanted to know break-even on closing costs against a 5.1% offer.,True,False,False,0.47,-0.28
C0107679,2026-06-21 04:46:57.027470,GENERAL,296,Question about escrow analysis and property tax increase.,False,False,False,0.13,0.45
C0107679,2026-07-29 11:52:08.197967,PAYMENT,802,Requested a copy of the most recent mortgage statement for tax purposes.,False,False,False,0.17,0.15
C0107681,2026-07-23 04:32:48.145689,STATEMENT,688,Confirmed next payment due date.,False,False,False,0.12,-0.11
C0107682,2026-07-26 12:09:36.178315,MORTGAGE_INQUIRY,123,Called about refinancing options — wanted to know break-even on closing costs against a 5.17% offer.,True,True,False,0.74,-0.18
C0107682,2026-08-13 20:03:56.772907,MORTGAGE_INQUIRY,196,Asked about the process to pay off the loan early and whether there are any prepayment penalties.,True,False,True,0.9,-0.33
C0107685,2026-08-27 08:59:28.285484,MORTGAGE_INQUIRY,543,Customer asked what our current 30-year rates look like and mentioned they saw 5.47% at Chase.,True,True,False,0.74,-0.44
C0107686,2026-06-28 10:31:03.590728,MORTGAGE_INQUIRY,761,Called about refinancing options — wanted to know break-even on closing costs against a 5.39% offer.,True,False,False,0.75,-0.19
C0107686,2026-08-08 21:50:02.623873,GENERAL,364,Asked how to set up autopay for the mortgage.,False,False,False,0.01,0.35
C0107687,2026-08-16 03:48:52.812968,GENERAL,574,Requested a copy of the most recent mortgage statement for tax purposes.,False,False,False,0.26,0.27
C0107687,2026-09-03 03:07:09.679783,ESCROW,261,Confirmed next payment due date.,False,False,False,0.09,0.35
C0107689,2026-06-27 10:13:44.061660,STATEMENT,118,Confirmed next payment due date.,False,False,False,0.22,0.14
C0107690,2026-07-27 22:54:30.751228,MORTGAGE_INQUIRY,352,Customer asked what our current 30-year rates look like and mentioned they saw 5.4% at an online lender.,True,False,False,0.84,0.06
C0107690,2026-07-31 06:28:44.076471,MORTGAGE_INQUIRY,571,Wants to speak to a mortgage specialist about refinancing. Mentioned rate shopping.,True,True,False,1.0,0.13
C0107699,2026-08-06 09:43:15.740655,ESCROW,877,Question about escrow analysis and property tax increase.,False,False,False,0.32,0.0
C0107700,2026-07-01 17:40:56.557746,PAYMENT,641,General question about online banking access.,False,False,False,0.05,-0.2
C0107705,2026-07-09 06:51:34.986065,MORTGAGE_INQUIRY,781,Called about refinancing options — wanted to know break-even on closing costs against a 5.59% offer.,True,False,False,0.64,-0.13
C0107705,2026-08-25 00:38:04.421125,ESCROW,640,Question about escrow analysis and property tax increase.,False,False,False,0.0,-0.31
C0107706,2026-07-29 07:42:38.308400,MORTGAGE_INQUIRY,703,Wants to speak to a mortgage specialist about refinancing. Mentioned rate shopping.,True,True,False,0.84,0.37
C0107706,2026-08-02 20:27:03.199386,MORTGAGE_INQUIRY,823,Customer asked what our current 30-year rates look like and mentioned they saw 5.46% at Rocket.,True,False,False,0.83,-0.69
C0107707,2026-07-13 20:42:11.666168,STATEMENT,521,Requested a copy of the most recent mortgage statement for tax purposes.,False,False,False,0.04,0.0
C0107708,2026-07-01 01:57:12.161205,PAYMENT,302,Asked how to set up autopay for the mortgage.,False,False,False,0.0,0.14
C0107712,2026-08-11 05:35:58.788107,STATEMENT,240,Asked how to set up autopay for the mortgage.,False,False,False,0.01,0.03
C0107713,2026-06-14 01:53:01.419010,PAYMENT,218,Confirmed next payment due date.,False,False,False,0.33,0.49
C0107713,2026-06-25 05:10:22.942159,GENERAL,487,Question about escrow analysis and property tax increase.,False,False,False,0.0,0.08
C0107717,2026-06-22 15:51:30.440543,STATEMENT,697,General question about online banking access.,False,False,False,0.2,0.25
C0107717,2026-09-09 01:29:58.127902,PAYMENT,325,Asked how to set up autopay for the mortgage.,False,False,False,0.25,-0.09
C0107720,2026-08-15 10:57:09.624267,MORTGAGE_INQUIRY,188,Inquired about payoff amount and where to send funds. Sounded like they may be refinancing elsewhere.,True,True,True,0.73,0.15
C0107724,2026-07-18 17:13:01.604711,PAYMENT,424,Asked how to set up autopay for the mortgage.,False,False,False,0.04,0.38
C0107725,2026-08-31 10:34:44.500001,ESCROW,612,General question about online banking access.,False,False,False,0.31,0.21
C0107731,2026-07-21 22:50:58.210913,GENERAL,774,Requested a copy of the most recent mortgage statement for tax purposes.,False,False,False,0.12,0.65
C0107731,2026-08-09 16:29:50.414414,MORTGAGE_INQUIRY,217,Asked about the process to pay off the loan early and whether there are any prepayment penalties.,True,True,True,0.82,0.13
C0107732,2026-08-17 13:44:49.945209,GENERAL,248,Asked how to set up autopay for the mortgage.,False,False,False,0.25,0.24
C0107735,2026-09-07 17:05:07.979675,MORTGAGE_INQUIRY,617,Called about refinancing options — wanted to know break-even on closing costs against a 5.17% offer.,True,False,False,0.66,0.18
C0107740,2026-09-10 08:37:10.295966,MORTGAGE_INQUIRY,65,Customer asked what our current 30-year rates look like and mentioned they saw 5.59% at a competitor.,True,True,False,0.74,0.11
C0107741,2026-07-20 13:47:30.558906,ESCROW,783,Question about escrow analysis and property tax increase.,False,False,False,0.0,-0.06
C0107742,2026-07-28 22:48:34.611286,MORTGAGE_INQUIRY,84,Asked about the process to pay off the loan early and whether there are any prepayment penalties.,True,True,True,0.64,0.22
C0107746,2026-06-20 04:47:12.409185,MORTGAGE_INQUIRY,842,Wants to speak to a mortgage specialist about refinancing. Mentioned rate shopping.,True,False,False,0.75,0.18
C0107746,2026-09-06 21:38:52.596678,MORTGAGE_INQUIRY,163,Wants to speak to a mortgage specialist about refinancing. Mentioned rate shopping.,True,True,False,0.73,-0.29
C0107749,2026-08-21 04:42:14.246822,PAYMENT,370,Question about escrow analysis and property tax increase.,False,False,False,0.0,-0.71
C0107749,2026-08-30 03:11:51.615235,PAYMENT,127,Question about escrow analysis and property tax increase.,False,False,False,0.04,0.27
C0107757,2026-08-09 09:31:20.911595,MORTGAGE_INQUIRY,128,Inquired about payoff amount and where to send funds. Sounded like they may be refinancing elsewhere.,True,True,True,0.8,0.01
C0107759,2026-09-04 14:18:38.357448,MORTGAGE_INQUIRY,374,Inquired about payoff amount and where to send funds. Sounded like they may be refinancing elsewhere.,True,True,True,0.76,-0.24
C0107765,2026-07-20 16:43:50.961560,MORTGAGE_INQUIRY,201,Inquired about payoff amount and where to send funds. Sounded like they may be refinancing elsewhere.,True,True,True,0.97,0.1
C0107765,2026-09-07 07:09:18.544442,GENERAL,445,General question about online banking access.,False,False,False,0.34,-0.26
C0107771,2026-06-25 21:19:38.816753,PAYMENT,107,Confirmed next payment due date.,False,False,False,0.22,0.5
C0107771,2026-07-23 13:47:46.541790,ESCROW,303,Requested a copy of the most recent mortgage statement for tax purposes.,False,False,False,0.13,0.21
C0107773,2026-06-22 08:25:46.347554,ESCROW,895,Asked how to set up autopay for the mortgage.,False,False,False,0.22,0.0
C0107773,2026-08-22 10:32:05.096336,MORTGAGE_INQUIRY,579,Called about refinancing options — wanted to know break-even on closing costs against a 5.43% offer.,True,True,False,0.92,-0.04
C0107779,2026-06-26 17:23:25.889947,STATEMENT,407,Requested a copy of the most recent mortgage statement for tax purposes.,False,False,False,0.05,0.39
C0107779,2026-07-15 01:41:17.202941,GENERAL,352,Asked how to set up autopay for the mortgage.,False,False,False,0.09,0.36
C0107780,2026-07-13 00:33:54.098554,STATEMENT,871,Requested a copy of the most recent mortgage statement for tax purposes.,False,False,False,0.22,0.47
C0107783,2026-07-18 00:53:22.367603,MORTGAGE_INQUIRY,122,Inquired about payoff amount and where to send funds. Sounded like they may be refinancing elsewhere.,True,True,True,0.85,-0.61
C0107785,2026-06-13 09:44:51.222747,GENERAL,183,Question about escrow analysis and property tax increase.,False,False,False,0.0,0.27
C0107785,2026-08-28 13:22:14.545333,MORTGAGE_INQUIRY,435,Called about refinancing options — wanted to know break-even on closing costs against a 5.13% offer.,True,False,False,0.77,0.07
C0107788,2026-09-04 02:00:04.820537,PAYMENT,557,Asked how to set up autopay for the mortgage.,False,False,False,0.06,0.41
C0107789,2026-07-19 16:46:35.606304,MORTGAGE_INQUIRY,221,Customer asked what our current 30-year rates look like and mentioned they saw 5.57% at a competitor.,True,True,False,0.8,-0.26
C0107789,2026-09-05 16:15:56.679765,MORTGAGE_INQUIRY,379,Wants to speak to a mortgage specialist about refinancing. Mentioned rate shopping.,True,False,False,0.63,0.19
C0107795,2026-08-29 08:23:41.931043,STATEMENT,766,General question about online banking access.,False,False,False,0.08,-0.41
C0107796,2026-08-03 07:21:39.119669,MORTGAGE_INQUIRY,841,Called about refinancing options — wanted to know break-even on closing costs against a 5.43% offer.,True,True,False,1.0,0.16
C0107798,2026-08-01 07:56:06.075825,MORTGAGE_INQUIRY,806,Wants to speak to a mortgage specialist about refinancing. Mentioned rate shopping.,True,True,False,0.9,-0.72
C0107798,2026-08-03 19:16:01.431566,MORTGAGE_INQUIRY,727,Wants to speak to a mortgage specialist about refinancing. Mentioned rate shopping.,True,True,False,0.62,0.13
C0107803,2026-06-23 17:32:26.498133,MORTGAGE_INQUIRY,504,Inquired about payoff amount and where to send funds. Sounded like they may be refinancing elsewhere.,True,True,True,0.56,-0.55
C0107804,2026-07-12 23:58:27.014276,MORTGAGE_INQUIRY,874,Wants to speak to a mortgage specialist about refinancing. Mentioned rate shopping.,True,True,False,0.69,-0.15
C0107804,2026-08-27 14:38:44.565982,MORTGAGE_INQUIRY,845,Asked about the process to pay off the loan early and whether there are any prepayment penalties.,True,True,True,0.41,-0.18
C0107806,2026-07-19 05:55:27.804000,ESCROW,387,Question about escrow analysis and property tax increase.,False,False,False,0.4,0.77
C0107806,2026-09-06 02:44:55.105009,MORTGAGE_INQUIRY,585,Inquired about payoff amount and where to send funds. Sounded like they may be refinancing elsewhere.,True,True,True,0.78,-0.17
C0107810,2026-07-06 00:52:46.984490,MORTGAGE_INQUIRY,510,Customer asked what our current 30-year rates look like and mentioned they saw 5.49% at Chase.,True,False,False,0.78,-0.39
C0107810,2026-07-25 05:57:44.850862,STATEMENT,571,Question about escrow analysis and property tax increase.,False,False,False,0.11,0.56
C0107811,2026-08-09 11:00:26.522070,PAYMENT,428,Requested a copy of the most recent mortgage statement for tax purposes.,False,False,False,0.12,0.17
C0107811,2026-08-12 11:49:58.660243,MORTGAGE_INQUIRY,627,Called about refinancing options — wanted to know break-even on closing costs against a 5.59% offer.,True,True,False,0.9,0.47
C0107814,2026-07-05 07:25:40.056360,MORTGAGE_INQUIRY,728,Called about refinancing options — wanted to know break-even on closing costs against a 5.43% offer.,True,True,False,0.64,-0.2
C0107820,2026-06-30 07:06:33.351081,PAYMENT,377,Asked how to set up autopay for the mortgage.,False,False,False,0.0,0.16
C0107820,2026-08-07 16:20:40.183997,MORTGAGE_INQUIRY,571,Inquired about payoff amount and where to send funds. Sounded like they may be refinancing elsewhere.,True,True,True,1.0,-0.03
C0107826,2026-08-15 20:59:06.170674,MORTGAGE_INQUIRY,112,Customer asked what our current 30-year rates look like and mentioned they saw 5.14% at Chase.,True,True,False,0.96,-0.49
C0107826,2026-08-20 05:06:43.171159,MORTGAGE_INQUIRY,830,Asked about the process to pay off the loan early and whether there are any prepayment penalties.,True,True,True,0.55,0.05
C0107829,2026-06-21 12:09:08.434386,PAYMENT,589,Confirmed next payment due date.,False,False,False,0.26,0.1
C0107829,2026-07-17 03:57:51.470852,MORTGAGE_INQUIRY,383,Wants to speak to a mortgage specialist about refinancing. Mentioned rate shopping.,True,True,False,0.99,-0.06
C0107831,2026-07-24 04:02:26.200574,STATEMENT,325,Question about escrow analysis and property tax increase.,False,False,False,0.12,0.16
C0107831,2026-08-01 21:37:49.271262,ESCROW,493,Confirmed next payment due date.,False,False,False,0.3,0.08
C0107833,2026-08-21 06:26:21.988804,PAYMENT,474,Question about escrow analysis and property tax increase.,False,False,False,0.33,0.24
C0107834,2026-07-08 07:03:30.524946,ESCROW,859,Question about escrow analysis and property tax increase.,False,False,False,0.41,0.23
C0107835,2026-07-05 00:04:21.426136,GENERAL,434,General question about online banking access.,False,False,False,0.0,0.32
C0107837,2026-06-20 06:08:28.339670,MORTGAGE_INQUIRY,515,Wants to speak to a mortgage specialist about refinancing. Mentioned rate shopping.,True,True,False,0.66,-0.03
C0107842,2026-08-31 01:00:27.099695,GENERAL,298,General question about online banking access.,False,False,False,0.18,-0.13
C0107847,2026-07-27 13:36:16.001319,ESCROW,97,Question about escrow analysis and property tax increase.,False,False,False,0.1,-0.12
C0107850,2026-07-12 12:03:56.452213,MORTGAGE_INQUIRY,248,Called about refinancing options — wanted to know break-even on closing costs against a 5.22% offer.,True,True,False,0.74,-0.42
C0107852,2026-08-25 10:45:32.023770,PAYMENT,550,Confirmed next payment due date.,False,False,False,0.25,-0.26
C0107853,2026-07-02 23:53:18.490330,GENERAL,482,Asked how to set up autopay for the mortgage.,False,False,False,0.07,0.74
C0107856,2026-07-02 03:19:52.359684,PAYMENT,385,Requested a copy of the most recent mortgage statement for tax purposes.,False,False,False,0.27,0.4
C0107856,2026-08-16 07:56:09.651013,STATEMENT,235,Requested a copy of the most recent mortgage statement for tax purposes.,False,False,False,0.12,0.17
C0107858,2026-07-11 21:25:54.836630,MORTGAGE_INQUIRY,240,Customer asked what our current 30-year rates look like and mentioned they saw 5.24% at Rocket.,True,True,False,0.48,-0.5
C0107859,2026-08-01 00:53:18.399522,ESCROW,149,Question about escrow analysis and property tax increase.,False,False,False,0.2,0.45
C0107864,2026-08-09 13:56:50.305397,GENERAL,285,General question about online banking access.,False,False,False,0.11,-0.01
C0107874,2026-08-08 11:59:55.174880,MORTGAGE_INQUIRY,295,Inquired about payoff amount and where to send funds. Sounded like they may be refinancing elsewhere.,True,False,True,0.89,-0.12
C0107874,2026-08-14 21:21:00.876951,MORTGAGE_INQUIRY,690,Wants to speak to a mortgage specialist about refinancing. Mentioned rate shopping.,True,False,False,0.85,-0.15
C0107876,2026-06-24 15:09:46.691194,MORTGAGE_INQUIRY,538,Called about refinancing options — wanted to know break-even on closing costs against a 5.27% offer.,True,True,False,0.69,-0.32
C0107879,2026-06-15 01:58:19.063251,MORTGAGE_INQUIRY,146,Asked about the process to pay off the loan early and whether there are any prepayment penalties.,True,False,True,1.0,-0.2
C0107881,2026-06-18 08:39:11.062784,PAYMENT,657,Asked how to set up autopay for the mortgage.,False,False,False,0.0,0.42
C0107881,2026-09-01 22:13:53.912726,STATEMENT,561,Requested a copy of the most recent mortgage statement for tax purposes.,False,False,False,0.15,0.03
C0107883,2026-09-02 19:51:59.956187,STATEMENT,621,Requested a copy of the most recent mortgage statement for tax purposes.,False,False,False,0.25,-0.12
C0107885,2026-09-04 07:37:25.461817,PAYMENT,389,Confirmed next payment due date.,False,False,False,0.22,0.51
C0107886,2026-07-25 18:28:26.703776,ESCROW,877,Requested a copy of the most recent mortgage statement for tax purposes.,False,False,False,0.0,0.11
C0107887,2026-07-18 23:00:39.929375,MORTGAGE_INQUIRY,581,Asked about the process to pay off the loan early and whether there are any prepayment penalties.,True,True,True,0.88,-0.1
C0107887,2026-08-12 22:07:05.384900,PAYMENT,603,General question about online banking access.,False,False,False,0.22,0.31
C0107890,2026-07-02 08:03:55.316608,GENERAL,803,Question about escrow analysis and property tax increase.,False,False,False,0.06,-0.11
C0107891,2026-06-20 13:06:15.965353,ESCROW,658,Requested a copy of the most recent mortgage statement for tax purposes.,False,False,False,0.28,0.79
C0107893,2026-07-03 14:53:48.736517,MORTGAGE_INQUIRY,670,Inquired about payoff amount and where to send funds. Sounded like they may be refinancing elsewhere.,True,True,True,0.84,-0.01
C0107896,2026-06-27 12:25:20.885056,MORTGAGE_INQUIRY,116,Called about refinancing options — wanted to know break-even on closing costs against a 5.25% offer.,True,True,False,0.79,0.16
C0107896,2026-09-02 16:08:59.237592,MORTGAGE_INQUIRY,656,Inquired about payoff amount and where to send funds. Sounded like they may be refinancing elsewhere.,True,False,True,1.0,-0.58
C0107899,2026-06-23 16:40:33.671551,GENERAL,127,Confirmed next payment due date.,False,False,False,0.0,0.27
C0107899,2026-07-13 11:57:07.463078,GENERAL,518,Asked how to set up autopay for the mortgage.,False,False,False,0.16,-0.12
C0107901,2026-08-13 22:02:46.593926,PAYMENT,356,Requested a copy of the most recent mortgage statement for tax purposes.,False,False,False,0.12,0.24
C0107901,2026-08-20 09:51:33.091266,MORTGAGE_INQUIRY,346,Customer asked what our current 30-year rates look like and mentioned they saw 5.37% at Chase.,True,False,False,0.82,-0.3
C0107902,2026-07-25 04:17:35.254748,GENERAL,893,General question about online banking access.,False,False,False,0.06,0.66
C0107903,2026-06-18 03:19:36.866029,MORTGAGE_INQUIRY,486,Customer asked what our current 30-year rates look like and mentioned they saw 5.19% at Rocket.,True,True,False,0.73,-0.16
C0107903,2026-07-26 20:51:08.934099,GENERAL,94,Asked how to set up autopay for the mortgage.,False,False,False,0.28,0.63
C0107904,2026-07-13 07:01:22.516081,PAYMENT,712,Requested a copy of the most recent mortgage statement for tax purposes.,False,False,False,0.3,0.48
C0107904,2026-09-06 19:58:27.385589,STATEMENT,210,Requested a copy of the most recent mortgage statement for tax purposes.,False,False,False,0.17,0.1
C0107912,2026-06-21 08:48:46.415455,MORTGAGE_INQUIRY,280,Called about refinancing options — wanted to know break-even on closing costs against a 5.42% offer.,True,False,False,0.73,-0.03
C0107912,2026-08-19 18:12:54.845743,MORTGAGE_INQUIRY,548,Asked about the process to pay off the loan early and whether there are any prepayment penalties.,True,True,True,0.7,0.27
C0107916,2026-06-29 10:21:10.308852,ESCROW,790,Asked how to set up autopay for the mortgage.,False,False,False,0.0,0.65
C0107916,2026-07-05 14:25:01.955991,ESCROW,716,Confirmed next payment due date.,False,False,False,0.26,-0.35
C0107921,2026-08-27 18:37:07.516931,STATEMENT,231,General question about online banking access.,False,False,False,0.1,-0.21
C0107922,2026-06-23 04:27:29.045908,MORTGAGE_INQUIRY,785,Customer asked what our current 30-year rates look like and mentioned they saw 5.51% at Rocket.,True,False,False,0.6,-0.25
C0107922,2026-08-26 16:57:46.601332,MORTGAGE_INQUIRY,749,Inquired about payoff amount and where to send funds. Sounded like they may be refinancing elsewhere.,True,True,True,0.87,0.72
C0107927,2026-08-09 18:54:42.868604,MORTGAGE_INQUIRY,654,Asked about the process to pay off the loan early and whether there are any prepayment penalties.,True,True,True,0.84,0.02
C0107927,2026-08-30 02:26:16.618052,STATEMENT,503,Question about escrow analysis and property tax increase.,False,False,False,0.22,0.15
C0107932,2026-06-26 02:53:50.583510,ESCROW,894,Question about escrow analysis and property tax increase.,False,False,False,0.0,0.28
C0107939,2026-08-26 03:56:04.622626,MORTGAGE_INQUIRY,500,Customer asked what our current 30-year rates look like and mentioned they saw 5.53% at Chase.,True,True,False,0.74,-0.31
C0107941,2026-06-19 22:17:23.951127,MORTGAGE_INQUIRY,702,Wants to speak to a mortgage specialist about refinancing. Mentioned rate shopping.,True,True,False,0.62,0.28
C0107941,2026-07-09 04:56:56.632295,PAYMENT,370,Question about escrow analysis and property tax increase.,False,False,False,0.12,0.19
C0107942,2026-09-01 09:37:32.305349,STATEMENT,425,Requested a copy of the most recent mortgage statement for tax purposes.,False,False,False,0.07,0.81
C0107945,2026-07-04 11:54:25.903508,MORTGAGE_INQUIRY,221,Customer asked what our current 30-year rates look like and mentioned they saw 5.45% at an online lender.,True,False,False,1.0,0.08
C0107945,2026-07-18 20:34:11.570753,MORTGAGE_INQUIRY,347,Inquired about payoff amount and where to send funds. Sounded like they may be refinancing elsewhere.,True,True,True,0.96,-0.15
C0107946,2026-06-13 07:37:20.903630,MORTGAGE_INQUIRY,582,Inquired about payoff amount and where to send funds. Sounded like they may be refinancing elsewhere.,True,True,True,1.0,-0.28
C0107946,2026-08-26 00:45:41.517533,GENERAL,321,Question about escrow analysis and property tax increase.,False,False,False,0.0,0.4
C0107947,2026-07-11 19:55:46.401027,MORTGAGE_INQUIRY,331,Customer asked what our current 30-year rates look like and mentioned they saw 5.18% at an online lender.,True,False,False,0.78,-0.39
C0107949,2026-08-04 21:50:53.919043,MORTGAGE_INQUIRY,108,Asked about the process to pay off the loan early and whether there are any prepayment penalties.,True,True,True,0.84,-0.38
C0107958,2026-08-10 13:49:15.133189,MORTGAGE_INQUIRY,815,Inquired about payoff amount and where to send funds. Sounded like they may be refinancing elsewhere.,True,True,True,0.55,-0.47
C0107961,2026-07-15 13:28:30.575718,GENERAL,302,General question about online banking access.,False,False,False,0.1,0.36
C0107961,2026-07-29 23:17:40.300599,MORTGAGE_INQUIRY,510,Inquired about payoff amount and where to send funds. Sounded like they may be refinancing elsewhere.,True,True,True,0.74,-0.26
C0107972,2026-07-28 20:13:15.010514,ESCROW,267,Requested a copy of the most recent mortgage statement for tax purposes.,False,False,False,0.0,0.11
C0107972,2026-08-02 05:52:14.671678,MORTGAGE_INQUIRY,158,Called about refinancing options — wanted to know break-even on closing costs against a 5.22% offer.,True,False,False,0.8,-0.41
C0107973,2026-07-06 06:25:47.952450,GENERAL,587,General question about online banking access.,False,False,False,0.1,0.23
C0107973,2026-08-20 10:28:41.211992,MORTGAGE_INQUIRY,531,Customer asked what our current 30-year rates look like and mentioned they saw 5.37% at Chase.,True,True,False,0.68,0.07
C0107976,2026-06-22 22:46:33.110535,STATEMENT,150,General question about online banking access.,False,False,False,0.35,0.08
C0107978,2026-07-26 13:39:19.087587,STATEMENT,636,Question about escrow analysis and property tax increase.,False,False,False,0.04,0.06
C0107984,2026-09-06 18:46:01.597429,MORTGAGE_INQUIRY,228,Called about refinancing options — wanted to know break-even on closing costs against a 5.46% offer.,True,True,False,0.83,0.25
C0107985,2026-07-01 09:27:23.576218,STATEMENT,509,Confirmed next payment due date.,False,False,False,0.33,0.15
C0107985,2026-07-04 06:42:15.368636,GENERAL,192,Confirmed next payment due date.,False,False,False,0.13,0.01
C0107988,2026-07-03 17:35:02.268561,PAYMENT,711,Confirmed next payment due date.,False,False,False,0.26,0.15
C0107988,2026-08-18 03:42:45.022246,MORTGAGE_INQUIRY,167,Asked about the process to pay off the loan early and whether there are any prepayment penalties.,True,True,True,0.73,0.02
C0107990,2026-08-02 17:02:50.414962,MORTGAGE_INQUIRY,633,Called about refinancing options — wanted to know break-even on closing costs against a 5.2% offer.,True,False,False,0.76,-0.33
C0107991,2026-08-29 14:17:48.833434,STATEMENT,256,General question about online banking access.,False,False,False,0.23,0.31
C0107999,2026-07-16 06:16:46.916378,MORTGAGE_INQUIRY,662,Customer asked what our current 30-year rates look like and mentioned they saw 5.44% at Chase.,True,True,False,1.0,-0.13
C0107999,2026-08-20 09:55:50.460982,MORTGAGE_INQUIRY,756,Customer asked what our current 30-year rates look like and mentioned they saw 5.17% at a competitor.,True,True,False,1.0,-0.06
C0108003,2026-07-31 10:16:00.491266,STATEMENT,685,Requested a copy of the most recent mortgage statement for tax purposes.,False,False,False,0.28,0.53
C0108004,2026-06-22 02:42:53.536558,GENERAL,487,Asked how to set up autopay for the mortgage.,False,False,False,0.25,0.13
C0108004,2026-08-14 04:03:02.789693,MORTGAGE_INQUIRY,632,Inquired about payoff amount and where to send funds. Sounded like they may be refinancing elsewhere.,True,True,True,0.53,0.02
C0108007,2026-06-18 05:02:56.435232,GENERAL,755,General question about online banking access.,False,False,False,0.0,0.32
C0108007,2026-07-18 12:20:48.167258,MORTGAGE_INQUIRY,660,Inquired about payoff amount and where to send funds. Sounded like they may be refinancing elsewhere.,True,False,True,0.76,-0.07
C0108011,2026-08-13 20:28:08.821327,STATEMENT,280,General question about online banking access.,False,False,False,0.0,0.49
C0108015,2026-08-30 17:13:39.533472,STATEMENT,304,Question about escrow analysis and property tax increase.,False,False,False,0.28,0.13
C0108018,2026-09-06 03:46:18.696303,GENERAL,618,Confirmed next payment due date.,False,False,False,0.17,0.32
C0108022,2026-07-10 11:25:45.131094,ESCROW,560,Requested a copy of the most recent mortgage statement for tax purposes.,False,False,False,0.24,0.11
C0108025,2026-07-03 10:23:09.590396,MORTGAGE_INQUIRY,80,Asked about the process to pay off the loan early and whether there are any prepayment penalties.,True,True,True,0.76,0.11
C0108026,2026-06-26 17:55:12.443237,PAYMENT,732,Question about escrow analysis and property tax increase.,False,False,False,0.19,0.18
C0108026,2026-07-28 07:35:23.908846,GENERAL,756,Confirmed next payment due date.,False,False,False,0.04,0.74
C0108027,2026-07-31 22:46:44.384010,PAYMENT,71,Requested a copy of the most recent mortgage statement for tax purposes.,False,False,False,0.3,-0.01
C0108031,2026-06-15 22:35:21.556493,ESCROW,86,General question about online banking access.,False,False,False,0.23,0.08
C0108031,2026-08-22 02:10:45.236736,MORTGAGE_INQUIRY,821,Customer asked what our current 30-year rates look like and mentioned they saw 5.36% at Chase.,True,False,False,0.71,-0.13
C0108036,2026-08-29 11:46:33.497562,ESCROW,313,Confirmed next payment due date.,False,False,False,0.21,-0.07
C0108040,2026-08-10 22:23:43.015799,MORTGAGE_INQUIRY,887,Inquired about payoff amount and where to send funds. Sounded like they may be refinancing elsewhere.,True,True,True,0.72,-0.09
C0108044,2026-07-13 11:39:28.754060,MORTGAGE_INQUIRY,804,Inquired about payoff amount and where to send funds. Sounded like they may be refinancing elsewhere.,True,True,True,0.55,-0.5
C0108044,2026-09-01 13:17:48.461482,GENERAL,233,Requested a copy of the most recent mortgage statement for tax purposes.,False,False,False,0.24,-0.25
C0108053,2026-06-16 11:52:02.217162,MORTGAGE_INQUIRY,884,Asked about the process to pay off the loan early and whether there are any prepayment penalties.,True,True,True,0.49,0.13
C0108053,2026-07-29 01:19:14.650497,MORTGAGE_INQUIRY,342,Customer asked what our current 30-year rates look like and mentioned they saw 5.6% at Chase.,True,True,False,0.71,-0.01
C0108062,2026-06-28 05:01:39.592247,STATEMENT,811,Requested a copy of the most recent mortgage statement for tax purposes.,False,False,False,0.15,0.24
C0108062,2026-08-29 11:48:00.852204,ESCROW,159,Asked how to set up autopay for the mortgage.,False,False,False,0.01,0.14
C0108065,2026-07-08 11:43:07.728568,PAYMENT,180,Confirmed next payment due date.,False,False,False,0.0,-0.06
C0108065,2026-08-03 09:23:35.359420,MORTGAGE_INQUIRY,345,Wants to speak to a mortgage specialist about refinancing. Mentioned rate shopping.,True,True,False,0.67,-0.31
C0108068,2026-07-02 11:02:58.899402,PAYMENT,112,Requested a copy of the most recent mortgage statement for tax purposes.,False,False,False,0.12,-0.17
C0108069,2026-08-31 06:36:07.642847,MORTGAGE_INQUIRY,562,Wants to speak to a mortgage specialist about refinancing. Mentioned rate shopping.,True,False,False,0.66,-0.03
C0108072,2026-07-06 06:02:30.307408,ESCROW,655,Requested a copy of the most recent mortgage statement for tax purposes.,False,False,False,0.4,0.42
C0108072,2026-08-26 03:19:15.941719,MORTGAGE_INQUIRY,816,Called about refinancing options — wanted to know break-even on closing costs against a 5.49% offer.,True,True,False,0.63,0.38
C0108077,2026-08-23 12:00:36.566427,STATEMENT,734,General question about online banking access.,False,False,False,0.23,-0.01
C0108082,2026-06-25 08:13:19.771055,PAYMENT,824,Confirmed next payment due date.,False,False,False,0.09,0.13
C0108082,2026-08-22 10:30:18.353260,GENERAL,705,Asked how to set up autopay for the mortgage.,False,False,False,0.0,0.43
C0108083,2026-07-22 11:47:40.055746,ESCROW,270,Confirmed next payment due date.,False,False,False,0.0,-0.22
C0108088,2026-09-07 19:51:51.523831,MORTGAGE_INQUIRY,666,Inquired about payoff amount and where to send funds. Sounded like they may be refinancing elsewhere.,True,False,True,0.82,-0.12
C0108088,2026-09-09 13:25:44.569246,MORTGAGE_INQUIRY,111,Customer asked what our current 30-year rates look like and mentioned they saw 5.54% at an online lender.,True,True,False,0.42,-0.43
C0108093,2026-07-18 09:23:59.780909,MORTGAGE_INQUIRY,60,Asked about the process to pay off the loan early and whether there are any prepayment penalties.,True,False,True,0.77,-0.41
C0108093,2026-08-20 19:07:02.864462,MORTGAGE_INQUIRY,143,Called about refinancing options — wanted to know break-even on closing costs against a 5.56% offer.,True,False,False,0.83,-0.02
C0108095,2026-06-30 09:58:58.242658,PAYMENT,359,Confirmed next payment due date.,False,False,False,0.11,0.31
C0108106,2026-08-11 10:37:29.560776,MORTGAGE_INQUIRY,400,Called about refinancing options — wanted to know break-even on closing costs against a 5.56% offer.,True,False,False,0.64,-0.02
C0108106,2026-09-08 13:44:28.038113,MORTGAGE_INQUIRY,623,Inquired about payoff amount and where to send funds. Sounded like they may be refinancing elsewhere.,True,True,True,0.69,-0.46
C0108109,2026-08-14 16:24:39.305738,PAYMENT,272,Confirmed next payment due date.,False,False,False,0.03,-0.08
C0108109,2026-08-18 07:05:17.989185,GENERAL,345,General question about online banking access.,False,False,False,0.15,0.67
C0108114,2026-07-09 06:58:11.676744,MORTGAGE_INQUIRY,381,Asked about the process to pay off the loan early and whether there are any prepayment penalties.,True,True,True,0.64,-0.36
C0108114,2026-08-14 18:37:54.837536,MORTGAGE_INQUIRY,321,Asked about the process to pay off the loan early and whether there are any prepayment penalties.,True,True,True,0.75,0.11
C0108120,2026-08-06 06:01:24.674745,GENERAL,618,Requested a copy of the most recent mortgage statement for tax purposes.,False,False,False,0.26,-0.06
C0108120,2026-08-19 22:19:23.393903,PAYMENT,375,Asked how to set up autopay for the mortgage.,False,False,False,0.01,0.36
C0108121,2026-08-23 03:42:44.415698,MORTGAGE_INQUIRY,274,Called about refinancing options — wanted to know break-even on closing costs against a 5.54% offer.,True,True,False,0.8,-0.44
C0108125,2026-06-14 22:21:30.355105,ESCROW,126,Confirmed next payment due date.,False,False,False,0.04,-0.2
C0108126,2026-08-28 01:48:29.008372,ESCROW,431,Asked how to set up autopay for the mortgage.,False,False,False,0.17,0.26
C0108131,2026-07-29 12:00:15.569627,MORTGAGE_INQUIRY,262,Called about refinancing options — wanted to know break-even on closing costs against a 5.1% offer.,True,False,False,0.75,-0.54
C0108132,2026-07-15 15:05:27.096193,PAYMENT,871,Question about escrow analysis and property tax increase.,False,False,False,0.45,0.07
C0108132,2026-07-21 05:18:01.711238,MORTGAGE_INQUIRY,720,Wants to speak to a mortgage specialist about refinancing. Mentioned rate shopping.,True,True,False,0.56,0.16
C0108140,2026-06-20 20:40:20.148150,ESCROW,187,Question about escrow analysis and property tax increase.,False,False,False,0.0,0.18
C0108140,2026-07-21 22:58:48.422490,MORTGAGE_INQUIRY,504,Asked about the process to pay off the loan early and whether there are any prepayment penalties.,True,True,True,0.67,-0.22
C0108144,2026-07-04 09:05:02.583141,ESCROW,94,Requested a copy of the most recent mortgage statement for tax purposes.,False,False,False,0.16,-0.38
C0108144,2026-08-14 17:12:45.310770,PAYMENT,690,General question about online banking access.,False,False,False,0.11,-0.05
C0108147,2026-07-14 14:40:17.288125,STATEMENT,548,Asked how to set up autopay for the mortgage.,False,False,False,0.11,-0.13
C0108147,2026-07-28 15:58:47.720715,PAYMENT,378,Question about escrow analysis and property tax increase.,False,False,False,0.2,0.61
C0108149,2026-06-21 10:45:36.439662,MORTGAGE_INQUIRY,256,Asked about the process to pay off the loan early and whether there are any prepayment penalties.,True,True,True,0.63,0.16
C0108150,2026-06-30 07:55:15.665491,MORTGAGE_INQUIRY,358,Customer asked what our current 30-year rates look like and mentioned they saw 5.15% at a competitor.,True,True,False,0.97,-0.12
C0108150,2026-08-08 23:05:54.735297,MORTGAGE_INQUIRY,89,Inquired about payoff amount and where to send funds. Sounded like they may be refinancing elsewhere.,True,True,True,0.58,0.25
C0108151,2026-06-14 11:12:26.561347,PAYMENT,678,Question about escrow analysis and property tax increase.,False,False,False,0.31,0.33
C0108151,2026-07-31 18:27:20.175478,GENERAL,246,Confirmed next payment due date.,False,False,False,0.15,0.03
C0108153,2026-08-26 11:25:07.424433,STATEMENT,150,Asked how to set up autopay for the mortgage.,False,False,False,0.21,0.15
C0108154,2026-06-22 00:26:07.872823,MORTGAGE_INQUIRY,720,Asked about the process to pay off the loan early and whether there are any prepayment penalties.,True,False,True,0.52,0.11
C0108154,2026-08-29 14:52:17.114250,MORTGAGE_INQUIRY,89,Wants to speak to a mortgage specialist about refinancing. Mentioned rate shopping.,True,True,False,0.63,-0.33
C0108155,2026-07-07 08:43:26.813682,ESCROW,867,Asked how to set up autopay for the mortgage.,False,False,False,0.06,0.54
C0108155,2026-07-18 13:51:37.446176,ESCROW,768,Requested a copy of the most recent mortgage statement for tax purposes.,False,False,False,0.07,0.25
C0108169,2026-08-18 03:18:13.573644,MORTGAGE_INQUIRY,614,Called about refinancing options — wanted to know break-even on closing costs against a 5.29% offer.,True,True,False,0.67,-0.26
C0108170,2026-07-23 04:11:24.811938,STATEMENT,688,Asked how to set up autopay for the mortgage.,False,False,False,0.15,0.54
C0108170,2026-08-31 22:42:24.040048,MORTGAGE_INQUIRY,111,Inquired about payoff amount and where to send funds. Sounded like they may be refinancing elsewhere.,True,True,True,0.77,-0.42
C0108182,2026-06-13 10:20:59.736778,PAYMENT,85,Confirmed next payment due date.,False,False,False,0.0,0.22
C0108182,2026-09-02 07:59:10.486160,MORTGAGE_INQUIRY,611,Called about refinancing options — wanted to know break-even on closing costs against a 5.19% offer.,True,True,False,0.76,-0.05
C0108185,2026-07-04 17:39:22.873822,PAYMENT,110,Asked how to set up autopay for the mortgage.,False,False,False,0.23,0.01
C0108185,2026-08-16 06:02:33.370271,MORTGAGE_INQUIRY,251,Customer asked what our current 30-year rates look like and mentioned they saw 5.47% at Rocket.,True,False,False,0.87,0.16
C0108191,2026-06-22 16:33:47.571250,PAYMENT,104,Requested a copy of the most recent mortgage statement for tax purposes.,False,False,False,0.22,0.2
C0108191,2026-07-17 12:05:22.743161,MORTGAGE_INQUIRY,218,Inquired about payoff amount and where to send funds. Sounded like they may be refinancing elsewhere.,True,True,True,0.5,0.13
C0108194,2026-06-20 02:49:06.365605,GENERAL,880,Confirmed next payment due date.,False,False,False,0.0,0.31
C0108203,2026-07-26 07:17:44.098087,MORTGAGE_INQUIRY,184,Called about refinancing options — wanted to know break-even on closing costs against a 5.38% offer.,True,False,False,0.75,-0.14
C0108207,2026-07-07 00:46:06.537805,MORTGAGE_INQUIRY,305,Customer asked what our current 30-year rates look like and mentioned they saw 5.58% at Rocket.,True,True,False,0.44,0.48
C0108207,2026-07-22 04:25:53.835608,STATEMENT,351,Asked how to set up autopay for the mortgage.,False,False,False,0.07,0.18
C0108208,2026-08-26 05:37:56.081714,ESCROW,717,Asked how to set up autopay for the mortgage.,False,False,False,0.3,0.68
C0108209,2026-09-04 19:08:18.576903,GENERAL,377,Requested a copy of the most recent mortgage statement for tax purposes.,False,False,False,0.43,0.35
C0108213,2026-06-26 23:31:03.519959,MORTGAGE_INQUIRY,724,Wants to speak to a mortgage specialist about refinancing. Mentioned rate shopping.,True,True,False,0.77,-0.22
C0108213,2026-08-28 11:01:56.584442,ESCROW,249,Requested a copy of the most recent mortgage statement for tax purposes.,False,False,False,0.23,-0.37
C0108215,2026-08-12 05:10:25.313908,MORTGAGE_INQUIRY,187,Inquired about payoff amount and where to send funds. Sounded like they may be refinancing elsewhere.,True,True,True,0.75,0.16
C0108215,2026-09-02 21:30:04.713331,MORTGAGE_INQUIRY,721,Customer asked what our current 30-year rates look like and mentioned they saw 5.22% at Chase.,True,True,False,0.75,-0.05
C0108224,2026-09-01 09:16:48.111778,PAYMENT,136,Confirmed next payment due date.,False,False,False,0.23,-0.11
C0108227,2026-07-09 21:03:53.387553,MORTGAGE_INQUIRY,778,Wants to speak to a mortgage specialist about refinancing. Mentioned rate shopping.,True,False,False,0.87,0.19
C0108228,2026-07-26 17:54:15.287051,MORTGAGE_INQUIRY,203,Called about refinancing options — wanted to know break-even on closing costs against a 5.36% offer.,True,True,False,0.56,-0.34
C0108228,2026-09-08 03:33:42.546206,GENERAL,232,Question about escrow analysis and property tax increase.,False,False,False,0.18,0.27
C0108230,2026-09-05 11:25:27.852826,MORTGAGE_INQUIRY,752,Inquired about payoff amount and where to send funds. Sounded like they may be refinancing elsewhere.,True,True,True,1.0,0.36
C0108231,2026-06-13 07:10:55.379422,MORTGAGE_INQUIRY,447,Asked about the process to pay off the loan early and whether there are any prepayment penalties.,True,True,True,0.65,0.22
C0108232,2026-08-04 18:46:07.126949,PAYMENT,405,Requested a copy of the most recent mortgage statement for tax purposes.,False,False,False,0.03,0.26
C0108233,2026-06-13 01:17:02.325885,GENERAL,667,Confirmed next payment due date.,False,False,False,0.28,0.5
C0108234,2026-06-19 23:40:51.314988,ESCROW,150,General question about online banking access.,False,False,False,0.01,-0.25
C0108234,2026-09-07 09:29:40.147187,MORTGAGE_INQUIRY,449,Wants to speak to a mortgage specialist about refinancing. Mentioned rate shopping.,True,True,False,0.69,-0.03
C0108239,2026-08-14 23:38:31.849829,MORTGAGE_INQUIRY,95,Wants to speak to a mortgage specialist about refinancing. Mentioned rate shopping.,True,True,False,0.82,-0.06
C0108240,2026-06-16 06:08:40.818324,ESCROW,744,Requested a copy of the most recent mortgage statement for tax purposes.,False,False,False,0.3,-0.07
C0108240,2026-08-19 22:49:54.256974,MORTGAGE_INQUIRY,798,Wants to speak to a mortgage specialist about refinancing. Mentioned rate shopping.,True,True,False,0.67,-0.28
C0108242,2026-08-18 11:06:37.040994,STATEMENT,204,Requested a copy of the most recent mortgage statement for tax purposes.,False,False,False,0.07,0.47
C0108242,2026-09-05 20:37:55.632685,STATEMENT,312,Asked how to set up autopay for the mortgage.,False,False,False,0.0,0.61
C0108246,2026-08-06 00:16:21.502238,MORTGAGE_INQUIRY,233,Customer asked what our current 30-year rates look like and mentioned they saw 5.25% at Rocket.,True,True,False,0.93,0.13
C0108247,2026-07-19 10:03:53.673008,ESCROW,831,General question about online banking access.,False,False,False,0.38,0.16
C0108247,2026-08-03 11:33:17.038045,GENERAL,269,General question about online banking access.,False,False,False,0.21,-0.25
C0108248,2026-06-15 13:09:55.570031,ESCROW,168,Confirmed next payment due date.,False,False,False,0.14,0.27
C0108251,2026-06-25 08:59:42.809942,STATEMENT,783,Requested a copy of the most recent mortgage statement for tax purposes.,False,False,False,0.48,0.16
C0108251,2026-08-15 16:07:43.980443,ESCROW,66,Confirmed next payment due date.,False,False,False,0.01,0.1
C0108253,2026-06-23 13:46:51.348818,PAYMENT,361,Asked how to set up autopay for the mortgage.,False,False,False,0.26,0.01
C0108253,2026-07-28 20:31:43.337797,STATEMENT,297,Confirmed next payment due date.,False,False,False,0.39,0.33
C0108257,2026-06-13 10:09:18.036362,PAYMENT,402,Requested a copy of the most recent mortgage statement for tax purposes.,False,False,False,0.11,-0.16
C0108259,2026-09-07 05:17:41.227812,STATEMENT,758,Asked how to set up autopay for the mortgage.,False,False,False,0.07,0.0
C0108263,2026-06-30 14:57:44.236004,MORTGAGE_INQUIRY,799,Inquired about payoff amount and where to send funds. Sounded like they may be refinancing elsewhere.,True,True,True,0.81,0.12
C0108264,2026-06-24 06:18:02.649313,MORTGAGE_INQUIRY,779,Inquired about payoff amount and where to send funds. Sounded like they may be refinancing elsewhere.,True,True,True,0.61,-0.14
C0108264,2026-08-13 21:40:13.008520,MORTGAGE_INQUIRY,106,Customer asked what our current 30-year rates look like and mentioned they saw 5.27% at an online lender.,True,False,False,0.33,-0.27
C0108265,2026-08-01 22:06:25.282734,ESCROW,771,Asked how to set up autopay for the mortgage.,False,False,False,0.03,0.09
C0108265,2026-09-09 05:42:09.262213,STATEMENT,748,Question about escrow analysis and property tax increase.,False,False,False,0.08,0.18
C0108266,2026-07-12 11:01:38.990433,MORTGAGE_INQUIRY,71,Wants to speak to a mortgage specialist about refinancing. Mentioned rate shopping.,True,False,False,0.77,-0.44
C0108266,2026-08-26 17:30:02.285408,MORTGAGE_INQUIRY,274,Customer asked what our current 30-year rates look like and mentioned they saw 5.59% at Rocket.,True,True,False,0.6,-0.51
C0108269,2026-06-22 19:36:38.511117,ESCROW,529,Requested a copy of the most recent mortgage statement for tax purposes.,False,False,False,0.07,-0.0
C0108269,2026-06-24 03:59:53.337676,STATEMENT,676,Question about escrow analysis and property tax increase.,False,False,False,0.1,0.34
C0108270,2026-06-16 09:15:36.660707,PAYMENT,350,Confirmed next payment due date.,False,False,False,0.0,0.05
C0108275,2026-09-09 15:10:59.039996,MORTGAGE_INQUIRY,566,Wants to speak to a mortgage specialist about refinancing. Mentioned rate shopping.,True,False,False,0.46,-0.01
C0108276,2026-06-29 04:38:35.854132,MORTGAGE_INQUIRY,580,Inquired about payoff amount and where to send funds. Sounded like they may be refinancing elsewhere.,True,True,True,0.81,-0.14
C0108276,2026-08-21 13:46:12.725964,MORTGAGE_INQUIRY,436,Customer asked what our current 30-year rates look like and mentioned they saw 5.39% at Rocket.,True,True,False,0.81,-0.13
C0108279,2026-08-29 08:37:23.999614,PAYMENT,868,Requested a copy of the most recent mortgage statement for tax purposes.,False,False,False,0.0,0.34
C0108279,2026-09-05 13:13:56.578934,MORTGAGE_INQUIRY,70,Asked about the process to pay off the loan early and whether there are any prepayment penalties.,True,True,True,0.51,0.09
C0108283,2026-07-28 16:54:45.471339,GENERAL,587,Question about escrow analysis and property tax increase.,False,False,False,0.18,-0.23
C0108283,2026-08-05 00:40:42.944009,MORTGAGE_INQUIRY,758,Wants to speak to a mortgage specialist about refinancing. Mentioned rate shopping.,True,False,False,0.81,0.55
C0108288,2026-06-15 16:48:00.060671,GENERAL,562,Confirmed next payment due date.,False,False,False,0.14,0.69
C0108288,2026-08-23 21:52:42.129996,PAYMENT,244,General question about online banking access.,False,False,False,0.02,-0.38
C0108296,2026-08-01 18:11:37.290063,PAYMENT,193,Question about escrow analysis and property tax increase.,False,False,False,0.11,0.13
C0108300,2026-06-19 06:53:14.303651,MORTGAGE_INQUIRY,202,Wants to speak to a mortgage specialist about refinancing. Mentioned rate shopping.,True,True,False,0.81,0.04
C0108300,2026-07-21 04:26:31.987957,PAYMENT,713,Asked how to set up autopay for the mortgage.,False,False,False,0.37,-0.07
C0108307,2026-06-23 00:19:11.517403,MORTGAGE_INQUIRY,819,Called about refinancing options — wanted to know break-even on closing costs against a 5.6% offer.,True,False,False,0.85,0.05
C0108307,2026-08-17 17:37:40.079754,MORTGAGE_INQUIRY,159,Called about refinancing options — wanted to know break-even on closing costs against a 5.52% offer.,True,True,False,0.54,0.29
C0108309,2026-07-10 21:05:04.150687,PAYMENT,803,Confirmed next payment due date.,False,False,False,0.39,-0.43
C0108311,2026-08-04 00:36:10.025048,PAYMENT,267,Confirmed next payment due date.,False,False,False,0.04,0.36
C0108313,2026-06-26 00:10:31.561045,MORTGAGE_INQUIRY,742,Inquired about payoff amount and where to send funds. Sounded like they may be refinancing elsewhere.,True,True,True,0.86,-0.23
C0108313,2026-09-05 12:23:33.703598,STATEMENT,352,Requested a copy of the most recent mortgage statement for tax purposes.,False,False,False,0.15,0.21
C0108327,2026-07-01 05:03:44.399753,STATEMENT,379,Question about escrow analysis and property tax increase.,False,False,False,0.01,0.5
C0108327,2026-07-14 07:36:43.417009,PAYMENT,858,Asked how to set up autopay for the mortgage.,False,False,False,0.0,0.15
C0108329,2026-08-08 03:22:02.959980,MORTGAGE_INQUIRY,530,Asked about the process to pay off the loan early and whether there are any prepayment penalties.,True,True,True,0.37,-0.3
C0108331,2026-06-24 11:24:45.228753,MORTGAGE_INQUIRY,640,Called about refinancing options — wanted to know break-even on closing costs against a 5.47% offer.,True,False,False,0.74,-0.03
C0108338,2026-07-30 14:41:57.682060,MORTGAGE_INQUIRY,238,Inquired about payoff amount and where to send funds. Sounded like they may be refinancing elsewhere.,True,True,True,0.79,0.47
C0108338,2026-08-30 23:39:17.815344,MORTGAGE_INQUIRY,608,Wants to speak to a mortgage specialist about refinancing. Mentioned rate shopping.,True,False,False,0.81,-0.28
C0108339,2026-07-01 06:48:39.164996,PAYMENT,872,General question about online banking access.,False,False,False,0.13,0.29
C0108339,2026-08-10 16:55:57.997583,MORTGAGE_INQUIRY,167,Called about refinancing options — wanted to know break-even on closing costs against a 5.21% offer.,True,False,False,0.49,0.1
C0108342,2026-08-27 13:56:09.794659,MORTGAGE_INQUIRY,480,Asked about the process to pay off the loan early and whether there are any prepayment penalties.,True,False,True,0.61,-0.69
C0108343,2026-06-21 09:41:52.586599,ESCROW,583,General question about online banking access.,False,False,False,0.01,0.43
C0108343,2026-09-10 12:50:38.299064,PAYMENT,505,General question about online banking access.,False,False,False,0.51,0.25
C0108345,2026-06-16 17:29:58.419774,PAYMENT,725,Confirmed next payment due date.,False,False,False,0.58,0.24
C0108345,2026-09-03 08:39:57.366214,MORTGAGE_INQUIRY,173,Called about refinancing options — wanted to know break-even on closing costs against a 5.25% offer.,True,True,False,0.92,-0.02
C0108346,2026-07-01 14:53:49.509455,PAYMENT,887,General question about online banking access.,False,False,False,0.15,0.16
C0108347,2026-08-21 19:53:35.226070,PAYMENT,637,Requested a copy of the most recent mortgage statement for tax purposes.,False,False,False,0.39,0.57
C0108348,2026-07-10 12:53:22.845297,GENERAL,112,Requested a copy of the most recent mortgage statement for tax purposes.,False,False,False,0.11,0.0
C0108351,2026-06-19 08:24:32.876850,ESCROW,619,Question about escrow analysis and property tax increase.,False,False,False,0.24,0.56
C0108351,2026-08-03 01:34:48.594602,ESCROW,299,Question about escrow analysis and property tax increase.,False,False,False,0.03,-0.13
C0108359,2026-08-03 03:33:44.561885,MORTGAGE_INQUIRY,496,Asked about the process to pay off the loan early and whether there are any prepayment penalties.,True,True,True,0.72,-0.38
C0108359,2026-08-08 12:07:42.382674,MORTGAGE_INQUIRY,494,Wants to speak to a mortgage specialist about refinancing. Mentioned rate shopping.,True,False,False,0.88,0.06
C0108362,2026-07-12 05:31:52.295485,MORTGAGE_INQUIRY,301,Asked about the process to pay off the loan early and whether there are any prepayment penalties.,True,True,True,0.72,-0.2
C0108367,2026-08-21 20:43:13.199817,GENERAL,857,Requested a copy of the most recent mortgage statement for tax purposes.,False,False,False,0.4,0.42
C0108369,2026-09-01 09:45:50.022671,ESCROW,109,General question about online banking access.,False,False,False,0.19,-0.05
C0108369,2026-09-02 06:19:45.286084,ESCROW,265,Question about escrow analysis and property tax increase.,False,False,False,0.0,-0.05
C0108374,2026-06-30 17:56:41.164410,MORTGAGE_INQUIRY,719,Asked about the process to pay off the loan early and whether there are any prepayment penalties.,True,True,True,0.66,-0.02
C0108374,2026-07-19 01:36:01.550889,ESCROW,215,Question about escrow analysis and property tax increase.,False,False,False,0.08,0.54
C0108375,2026-06-22 14:08:39.570438,GENERAL,790,Requested a copy of the most recent mortgage statement for tax purposes.,False,False,False,0.23,0.16
C0108375,2026-07-15 03:30:02.170507,PAYMENT,743,Asked how to set up autopay for the mortgage.,False,False,False,0.23,-0.27
C0108378,2026-06-16 01:15:23.021941,GENERAL,157,Requested a copy of the most recent mortgage statement for tax purposes.,False,False,False,0.32,0.43
C0108378,2026-07-18 10:35:54.676975,ESCROW,778,Asked how to set up autopay for the mortgage.,False,False,False,0.12,0.49
C0108380,2026-06-27 14:45:16.831968,MORTGAGE_INQUIRY,705,Customer asked what our current 30-year rates look like and mentioned they saw 5.42% at a competitor.,True,False,False,1.0,-0.32
C0108383,2026-06-28 03:52:50.295154,PAYMENT,266,Requested a copy of the most recent mortgage statement for tax purposes.,False,False,False,0.3,0.16
C0108387,2026-07-02 02:55:04.625270,MORTGAGE_INQUIRY,625,Asked about the process to pay off the loan early and whether there are any prepayment penalties.,True,True,True,0.65,-0.19
C0108387,2026-08-11 12:00:07.266811,GENERAL,515,Question about escrow analysis and property tax increase.,False,False,False,0.12,0.17
C0108394,2026-08-19 22:56:09.787942,MORTGAGE_INQUIRY,64,Called about refinancing options — wanted to know break-even on closing costs against a 5.21% offer.,True,False,False,0.62,0.41
C0108402,2026-08-23 03:48:16.024039,MORTGAGE_INQUIRY,708,Asked about the process to pay off the loan early and whether there are any prepayment penalties.,True,True,True,0.59,-0.19
C0108405,2026-08-24 20:55:36.981208,MORTGAGE_INQUIRY,713,Called about refinancing options — wanted to know break-even on closing costs against a 5.43% offer.,True,True,False,0.72,-0.12
C0108410,2026-07-03 17:46:51.424923,STATEMENT,356,Asked how to set up autopay for the mortgage.,False,False,False,0.09,0.35
C0108410,2026-09-02 17:36:33.779705,ESCROW,107,General question about online banking access.,False,False,False,0.11,0.21
C0108412,2026-07-08 13:24:19.250654,MORTGAGE_INQUIRY,631,Wants to speak to a mortgage specialist about refinancing. Mentioned rate shopping.,True,True,False,0.8,-0.54
C0108412,2026-09-04 05:37:20.633890,MORTGAGE_INQUIRY,518,Inquired about payoff amount and where to send funds. Sounded like they may be refinancing elsewhere.,True,True,True,1.0,0.64
C0108414,2026-09-01 12:51:31.330994,STATEMENT,281,Confirmed next payment due date.,False,False,False,0.12,0.28
C0108421,2026-07-06 01:10:55.859802,MORTGAGE_INQUIRY,733,Called about refinancing options — wanted to know break-even on closing costs against a 5.47% offer.,True,True,False,0.8,0.18
C0108421,2026-08-04 21:08:09.223345,PAYMENT,326,General question about online banking access.,False,False,False,0.13,0.2
C0108422,2026-06-22 12:36:17.381053,PAYMENT,215,Asked how to set up autopay for the mortgage.,False,False,False,0.23,0.4
C0108422,2026-08-04 13:57:01.771403,PAYMENT,729,Question about escrow analysis and property tax increase.,False,False,False,0.51,0.15
C0108423,2026-08-05 05:33:26.838979,PAYMENT,890,Requested a copy of the most recent mortgage statement for tax purposes.,False,False,False,0.24,0.33
C0108425,2026-07-05 23:59:21.038171,MORTGAGE_INQUIRY,265,Inquired about payoff amount and where to send funds. Sounded like they may be refinancing elsewhere.,True,False,True,0.7,-0.23
C0108425,2026-07-21 10:55:47.899452,GENERAL,398,Confirmed next payment due date.,False,False,False,0.0,-0.32
C0108426,2026-07-16 11:16:28.666243,STATEMENT,399,General question about online banking access.,False,False,False,0.35,0.18
C0108426,2026-07-19 01:43:19.036311,MORTGAGE_INQUIRY,136,Called about refinancing options — wanted to know break-even on closing costs against a 5.15% offer.,True,False,False,0.86,-0.0
C0108427,2026-07-23 23:34:49.017605,MORTGAGE_INQUIRY,882,Customer asked what our current 30-year rates look like and mentioned they saw 5.18% at Chase.,True,False,False,0.82,-0.52
C0108429,2026-06-17 08:37:30.296231,MORTGAGE_INQUIRY,773,Asked about the process to pay off the loan early and whether there are any prepayment penalties.,True,True,True,0.68,0.21
C0108429,2026-07-28 07:13:30.384832,MORTGAGE_INQUIRY,821,Wants to speak to a mortgage specialist about refinancing. Mentioned rate shopping.,True,True,False,0.73,-0.7
C0108430,2026-07-16 08:45:16.209982,MORTGAGE_INQUIRY,248,Customer asked what our current 30-year rates look like and mentioned they saw 5.36% at an online lender.,True,True,False,0.7,0.48
C0108430,2026-08-23 19:23:31.314529,GENERAL,438,Question about escrow analysis and property tax increase.,False,False,False,0.22,-0.51
C0108431,2026-08-01 04:27:50.764985,GENERAL,862,Confirmed next payment due date.,False,False,False,0.0,0.11
C0108431,2026-08-06 16:51:41.231169,PAYMENT,86,Question about escrow analysis and property tax increase.,False,False,False,0.05,0.56
C0108432,2026-06-17 08:52:12.850159,PAYMENT,382,Question about escrow analysis and property tax increase.,False,False,False,0.0,-0.33
C0108432,2026-08-29 20:06:32.581496,STATEMENT,222,Requested a copy of the most recent mortgage statement for tax purposes.,False,False,False,0.14,-0.17
C0108434,2026-08-27 05:10:11.246699,STATEMENT,540,Question about escrow analysis and property tax increase.,False,False,False,0.23,-0.11
C0108440,2026-08-26 12:02:17.221438,MORTGAGE_INQUIRY,684,Inquired about payoff amount and where to send funds. Sounded like they may be refinancing elsewhere.,True,False,True,0.54,0.01
C0108444,2026-07-06 17:18:12.741613,ESCROW,97,General question about online banking access.,False,False,False,0.03,0.9
C0108455,2026-06-19 23:44:49.685486,MORTGAGE_INQUIRY,716,Wants to speak to a mortgage specialist about refinancing. Mentioned rate shopping.,True,False,False,0.55,-0.36
C0108455,2026-08-15 23:14:19.037545,PAYMENT,734,Asked how to set up autopay for the mortgage.,False,False,False,0.39,0.16
C0108460,2026-07-30 19:53:38.291641,MORTGAGE_INQUIRY,756,Customer asked what our current 30-year rates look like and mentioned they saw 5.38% at an online lender.,True,False,False,0.82,-0.16
C0108460,2026-08-07 07:43:51.552603,ESCROW,158,Asked how to set up autopay for the mortgage.,False,False,False,0.21,-0.12
C0108461,2026-07-02 07:16:12.294326,MORTGAGE_INQUIRY,554,Asked about the process to pay off the loan early and whether there are any prepayment penalties.,True,True,True,0.81,-0.1
C0108465,2026-09-07 08:00:22.011417,MORTGAGE_INQUIRY,763,Asked about the process to pay off the loan early and whether there are any prepayment penalties.,True,True,True,0.67,-0.3
C0108473,2026-06-28 07:15:27.222655,MORTGAGE_INQUIRY,778,Asked about the process to pay off the loan early and whether there are any prepayment penalties.,True,True,True,0.78,-0.15
C0108473,2026-08-26 03:59:33.970074,ESCROW,116,Confirmed next payment due date.,False,False,False,0.05,0.06
C0108475,2026-09-07 05:53:52.213145,MORTGAGE_INQUIRY,362,Customer asked what our current 30-year rates look like and mentioned they saw 5.48% at Rocket.,True,False,False,0.66,-0.11
C0108479,2026-06-16 01:04:36.382005,STATEMENT,597,Asked how to set up autopay for the mortgage.,False,False,False,0.13,0.14
C0108479,2026-09-09 12:47:49.729007,MORTGAGE_INQUIRY,241,Called about refinancing options — wanted to know break-even on closing costs against a 5.15% offer.,True,True,False,0.74,-0.04
C0108486,2026-08-11 01:13:23.681365,MORTGAGE_INQUIRY,762,Customer asked what our current 30-year rates look like and mentioned they saw 5.5% at an online lender.,True,True,False,0.7,-0.21
C0108491,2026-07-14 08:18:55.083191,MORTGAGE_INQUIRY,528,Inquired about payoff amount and where to send funds. Sounded like they may be refinancing elsewhere.,True,False,True,0.61,-0.3
C0108491,2026-07-24 09:10:34.793362,MORTGAGE_INQUIRY,485,Asked about the process to pay off the loan early and whether there are any prepayment penalties.,True,True,True,0.7,-0.41
C0108492,2026-07-19 15:26:38.434648,MORTGAGE_INQUIRY,265,Wants to speak to a mortgage specialist about refinancing. Mentioned rate shopping.,True,True,False,0.76,-0.07
C0108492,2026-08-26 00:24:20.619774,MORTGAGE_INQUIRY,375,Wants to speak to a mortgage specialist about refinancing. Mentioned rate shopping.,True,True,False,0.71,0.37
C0108496,2026-06-14 06:53:57.941464,STATEMENT,164,General question about online banking access.,False,False,False,0.09,0.08
C0108496,2026-07-23 03:34:08.596052,PAYMENT,583,Requested a copy of the most recent mortgage statement for tax purposes.,False,False,False,0.13,0.11
C0108499,2026-06-29 07:57:47.109833,PAYMENT,123,Requested a copy of the most recent mortgage statement for tax purposes.,False,False,False,0.41,0.29
C0108499,2026-09-10 20:15:24.013297,STATEMENT,766,Requested a copy of the most recent mortgage statement for tax purposes.,False,False,False,0.17,-0.21
C0108502,2026-06-22 18:20:15.219427,MORTGAGE_INQUIRY,175,Customer asked what our current 30-year rates look like and mentioned they saw 5.23% at a competitor.,True,True,False,0.61,-0.11
C0108502,2026-08-28 17:16:36.511286,MORTGAGE_INQUIRY,707,Asked about the process to pay off the loan early and whether there are any prepayment penalties.,True,False,True,0.68,0.33
C0108503,2026-06-14 13:59:31.340203,GENERAL,171,Asked how to set up autopay for the mortgage.,False,False,False,0.17,0.25
C0108504,2026-08-20 04:43:55.662130,MORTGAGE_INQUIRY,272,Customer asked what our current 30-year rates look like and mentioned they saw 5.16% at a competitor.,True,True,False,0.81,0.08
C0108504,2026-08-31 12:47:22.046512,ESCROW,501,Confirmed next payment due date.,False,False,False,0.21,0.1
C0108507,2026-07-13 01:37:51.761821,GENERAL,642,Question about escrow analysis and property tax increase.,False,False,False,0.0,0.23
C0108508,2026-06-29 16:44:34.484046,PAYMENT,379,Question about escrow analysis and property tax increase.,False,False,False,0.0,0.37
C0108508,2026-08-31 09:31:06.594458,GENERAL,528,Requested a copy of the most recent mortgage statement for tax purposes.,False,False,False,0.1,0.42
C0108511,2026-06-19 11:57:27.706342,PAYMENT,783,Asked how to set up autopay for the mortgage.,False,False,False,0.19,-0.09
C0108512,2026-06-15 23:46:35.673074,ESCROW,516,Confirmed next payment due date.,False,False,False,0.27,-0.08
C0108512,2026-08-11 14:36:06.679862,PAYMENT,94,General question about online banking access.,False,False,False,0.16,0.76
C0108519,2026-07-10 15:24:16.997353,PAYMENT,241,Requested a copy of the most recent mortgage statement for tax purposes.,False,False,False,0.41,0.39
C0108519,2026-08-24 02:30:53.693943,MORTGAGE_INQUIRY,204,Wants to speak to a mortgage specialist about refinancing. Mentioned rate shopping.,True,False,False,0.67,-0.44
C0108520,2026-08-26 10:07:48.313969,ESCROW,557,General question about online banking access.,False,False,False,0.16,-0.28
C0108521,2026-08-19 02:09:04.863401,PAYMENT,721,Question about escrow analysis and property tax increase.,False,False,False,0.09,0.52
C0108523,2026-06-14 03:54:26.337509,MORTGAGE_INQUIRY,285,Wants to speak to a mortgage specialist about refinancing. Mentioned rate shopping.,True,True,False,0.51,0.24
C0108523,2026-07-20 20:57:00.759543,ESCROW,192,Requested a copy of the most recent mortgage statement for tax purposes.,False,False,False,0.08,0.15
C0108524,2026-06-28 22:23:24.634299,GENERAL,870,Question about escrow analysis and property tax increase.,False,False,False,0.09,-0.1
C0108524,2026-07-27 12:43:50.056587,MORTGAGE_INQUIRY,776,Called about refinancing options — wanted to know break-even on closing costs against a 5.17% offer.,True,True,False,0.55,-0.12
C0108525,2026-08-01 05:53:56.132413,MORTGAGE_INQUIRY,598,Called about refinancing options — wanted to know break-even on closing costs against a 5.19% offer.,True,False,False,0.74,-0.26
C0108530,2026-07-03 10:36:55.408028,GENERAL,415,General question about online banking access.,False,False,False,0.08,0.75
C0108536,2026-09-02 01:58:56.979483,STATEMENT,835,Asked how to set up autopay for the mortgage.,False,False,False,0.24,-0.18
C0108539,2026-08-01 02:01:15.803144,PAYMENT,764,Requested a copy of the most recent mortgage statement for tax purposes.,False,False,False,0.25,0.59
C0108539,2026-09-03 00:04:14.493457,MORTGAGE_INQUIRY,295,Wants to speak to a mortgage specialist about refinancing. Mentioned rate shopping.,True,True,False,0.68,-0.47
C0108544,2026-09-05 21:21:45.935862,MORTGAGE_INQUIRY,462,Asked about the process to pay off the loan early and whether there are any prepayment penalties.,True,True,True,0.79,0.11
C0108545,2026-07-16 06:41:50.211569,ESCROW,685,Question about escrow analysis and property tax increase.,False,False,False,0.39,-0.15
C0108546,2026-08-13 11:33:20.418625,GENERAL,611,General question about online banking access.,False,False,False,0.17,-0.47
C0108546,2026-09-01 15:07:20.413517,STATEMENT,895,Asked how to set up autopay for the mortgage.,False,False,False,0.21,-0.22
C0108548,2026-07-20 13:04:54.282199,MORTGAGE_INQUIRY,74,Inquired about payoff amount and where to send funds. Sounded like they may be refinancing elsewhere.,True,False,True,0.69,0.02
C0108548,2026-08-18 07:28:50.682786,PAYMENT,702,Confirmed next payment due date.,False,False,False,0.0,0.11
C0108549,2026-07-12 02:09:31.696512,MORTGAGE_INQUIRY,404,Inquired about payoff amount and where to send funds. Sounded like they may be refinancing elsewhere.,True,True,True,0.68,-0.02
C0108549,2026-08-13 12:51:35.808768,MORTGAGE_INQUIRY,752,Customer asked what our current 30-year rates look like and mentioned they saw 5.45% at Chase.,True,True,False,0.87,-0.48
C0108550,2026-06-22 00:29:47.545712,MORTGAGE_INQUIRY,98,Wants to speak to a mortgage specialist about refinancing. Mentioned rate shopping.,True,True,False,0.79,-0.47
C0108550,2026-07-26 15:47:12.249300,GENERAL,328,General question about online banking access.,False,False,False,0.09,0.04
C0108554,2026-07-14 18:46:01.937233,MORTGAGE_INQUIRY,137,Customer asked what our current 30-year rates look like and mentioned they saw 5.53% at a competitor.,True,True,False,0.55,0.06
C0108558,2026-07-19 14:23:56.834249,ESCROW,111,Confirmed next payment due date.,False,False,False,0.0,-0.13
C0108558,2026-08-07 23:18:48.406381,STATEMENT,737,General question about online banking access.,False,False,False,0.36,0.45
C0108563,2026-09-03 04:17:40.842718,MORTGAGE_INQUIRY,169,Customer asked what our current 30-year rates look like and mentioned they saw 5.48% at Rocket.,True,True,False,0.61,-0.56
C0108566,2026-06-30 16:23:40.302292,ESCROW,279,General question about online banking access.,False,False,False,0.49,0.53
C0108566,2026-08-15 17:10:43.474183,GENERAL,283,Requested a copy of the most recent mortgage statement for tax purposes.,False,False,False,0.26,0.11
C0108572,2026-07-06 04:24:16.418173,MORTGAGE_INQUIRY,676,Inquired about payoff amount and where to send funds. Sounded like they may be refinancing elsewhere.,True,True,True,0.54,-0.19
C0108573,2026-06-15 00:49:39.730913,PAYMENT,864,Confirmed next payment due date.,False,False,False,0.11,0.06
C0108573,2026-07-07 18:28:47.934286,MORTGAGE_INQUIRY,257,Called about refinancing options — wanted to know break-even on closing costs against a 5.18% offer.,True,True,False,0.87,-0.15
C0108576,2026-07-04 05:41:58.382694,MORTGAGE_INQUIRY,730,Called about refinancing options — wanted to know break-even on closing costs against a 5.56% offer.,True,True,False,0.63,0.55
C0108581,2026-07-17 21:10:14.116608,STATEMENT,490,Asked how to set up autopay for the mortgage.,False,False,False,0.07,0.31
C0108581,2026-08-15 16:09:15.249484,MORTGAGE_INQUIRY,709,Wants to speak to a mortgage specialist about refinancing. Mentioned rate shopping.,True,True,False,0.67,-0.48
C0108583,2026-08-07 02:09:26.618112,PAYMENT,229,Asked how to set up autopay for the mortgage.,False,False,False,0.26,0.4
C0108587,2026-08-06 16:14:44.150990,GENERAL,694,Asked how to set up autopay for the mortgage.,False,False,False,0.0,0.3
C0108587,2026-09-10 15:31:43.684731,MORTGAGE_INQUIRY,886,Customer asked what our current 30-year rates look like and mentioned they saw 5.11% at Rocket.,True,False,False,0.82,0.24
C0108588,2026-08-21 23:04:34.740887,PAYMENT,101,Confirmed next payment due date.,False,False,False,0.56,0.66
C0108589,2026-07-21 11:57:26.926918,MORTGAGE_INQUIRY,263,Called about refinancing options — wanted to know break-even on closing costs against a 5.31% offer.,True,False,False,0.8,0.3
C0108589,2026-08-11 22:52:22.284901,MORTGAGE_INQUIRY,453,Called about refinancing options — wanted to know break-even on closing costs against a 5.11% offer.,True,False,False,0.84,-0.01
C0108598,2026-07-10 20:07:06.405855,STATEMENT,566,Question about escrow analysis and property tax increase.,False,False,False,0.26,0.12
C0108603,2026-07-03 08:30:28.096685,ESCROW,458,Confirmed next payment due date.,False,False,False,0.28,0.61
C0108603,2026-07-18 17:59:30.626203,STATEMENT,566,Requested a copy of the most recent mortgage statement for tax purposes.,False,False,False,0.09,0.07
C0108606,2026-08-17 12:39:12.681014,STATEMENT,828,Confirmed next payment due date.,False,False,False,0.1,0.19
C0108607,2026-06-26 11:32:46.319728,MORTGAGE_INQUIRY,797,Customer asked what our current 30-year rates look like and mentioned they saw 5.44% at Chase.,True,True,False,0.74,-0.77
C0108611,2026-08-17 08:12:23.421963,MORTGAGE_INQUIRY,493,Asked about the process to pay off the loan early and whether there are any prepayment penalties.,True,True,True,0.79,0.17
C0108629,2026-08-22 10:08:35.451115,MORTGAGE_INQUIRY,565,Asked about the process to pay off the loan early and whether there are any prepayment penalties.,True,False,True,0.54,0.09
C0108629,2026-09-05 17:19:45.768887,STATEMENT,719,General question about online banking access.,False,False,False,0.25,-0.08
C0108631,2026-08-08 13:23:23.389181,MORTGAGE_INQUIRY,422,Inquired about payoff amount and where to send funds. Sounded like they may be refinancing elsewhere.,True,True,True,0.85,0.02
C0108631,2026-08-11 07:46:25.512932,ESCROW,800,Confirmed next payment due date.,False,False,False,0.25,0.55
C0108645,2026-07-09 07:55:14.601506,GENERAL,849,Question about escrow analysis and property tax increase.,False,False,False,0.27,0.38
C0108645,2026-07-21 20:40:29.386311,MORTGAGE_INQUIRY,362,Called about refinancing options — wanted to know break-even on closing costs against a 5.59% offer.,True,True,False,0.99,-0.76
C0108653,2026-06-25 19:43:40.541730,ESCROW,674,Question about escrow analysis and property tax increase.,False,False,False,0.25,-0.21
C0108653,2026-07-21 10:10:47.268241,GENERAL,727,General question about online banking access.,False,False,False,0.07,0.74
C0108654,2026-08-26 22:43:14.534150,STATEMENT,74,Question about escrow analysis and property tax increase.,False,False,False,0.41,0.16
C0108657,2026-07-11 21:24:37.948233,MORTGAGE_INQUIRY,543,Wants to speak to a mortgage specialist about refinancing. Mentioned rate shopping.,True,True,False,0.72,-0.19
C0108662,2026-07-02 17:30:18.310038,MORTGAGE_INQUIRY,798,Customer asked what our current 30-year rates look like and mentioned they saw 5.19% at Chase.,True,True,False,0.85,-0.12
C0108662,2026-07-26 14:17:26.079729,MORTGAGE_INQUIRY,751,Customer asked what our current 30-year rates look like and mentioned they saw 5.55% at an online lender.,True,True,False,1.0,-0.27
C0108663,2026-07-29 06:58:28.698439,STATEMENT,120,Requested a copy of the most recent mortgage statement for tax purposes.,False,False,False,0.12,0.04
C0108670,2026-06-14 01:05:16.615528,PAYMENT,736,Confirmed next payment due date.,False,False,False,0.16,0.22
C0108670,2026-08-03 23:38:21.338191,ESCROW,189,Asked how to set up autopay for the mortgage.,False,False,False,0.25,0.28
C0108671,2026-07-26 22:05:41.314667,PAYMENT,751,General question about online banking access.,False,False,False,0.13,0.23
C0108672,2026-08-20 08:34:46.427770,MORTGAGE_INQUIRY,837,Inquired about payoff amount and where to send funds. Sounded like they may be refinancing elsewhere.,True,False,True,1.0,0.15
C0108673,2026-08-12 14:00:28.746844,GENERAL,829,Asked how to set up autopay for the mortgage.,False,False,False,0.0,0.3
C0108674,2026-08-31 17:17:13.581633,PAYMENT,123,General question about online banking access.,False,False,False,0.19,-0.06
C0108679,2026-07-09 18:49:58.410638,ESCROW,439,General question about online banking access.,False,False,False,0.33,0.59
C0108681,2026-08-09 17:24:26.761005,GENERAL,347,Question about escrow analysis and property tax increase.,False,False,False,0.19,0.78
C0108682,2026-09-01 16:48:48.819594,STATEMENT,546,Confirmed next payment due date.,False,False,False,0.32,-0.2
C0108683,2026-09-01 02:05:06.623717,MORTGAGE_INQUIRY,354,Wants to speak to a mortgage specialist about refinancing. Mentioned rate shopping.,True,False,False,0.68,-0.25
C0108689,2026-07-26 04:04:15.254242,MORTGAGE_INQUIRY,755,Wants to speak to a mortgage specialist about refinancing. Mentioned rate shopping.,True,True,False,0.3,-0.41
C0108689,2026-08-11 22:43:27.099060,MORTGAGE_INQUIRY,822,Asked about the process to pay off the loan early and whether there are any prepayment penalties.,True,True,True,0.94,0.02
C0108693,2026-07-01 13:30:28.696956,PAYMENT,367,Asked how to set up autopay for the mortgage.,False,False,False,0.1,-0.08
C0108693,2026-07-14 22:21:54.102314,PAYMENT,441,Confirmed next payment due date.,False,False,False,0.37,0.56
C0108696,2026-06-20 11:24:21.685820,MORTGAGE_INQUIRY,663,Inquired about payoff amount and where to send funds. Sounded like they may be refinancing elsewhere.,True,True,True,0.81,-0.5
C0108698,2026-08-12 14:35:56.778710,MORTGAGE_INQUIRY,557,Asked about the process to pay off the loan early and whether there are any prepayment penalties.,True,False,True,0.8,0.39
C0108698,2026-08-17 19:11:46.227155,ESCROW,87,Confirmed next payment due date.,False,False,False,0.2,-0.09
C0108699,2026-06-29 02:07:51.241790,PAYMENT,352,Question about escrow analysis and property tax increase.,False,False,False,0.02,0.32
C0108699,2026-08-03 10:19:49.807675,STATEMENT,238,Question about escrow analysis and property tax increase.,False,False,False,0.4,0.09
C0108704,2026-07-12 10:56:39.221399,STATEMENT,116,Question about escrow analysis and property tax increase.,False,False,False,0.53,0.07
C0108708,2026-06-26 06:26:29.484076,PAYMENT,607,Question about escrow analysis and property tax increase.,False,False,False,0.01,-0.26
C0108708,2026-09-01 08:09:48.447737,MORTGAGE_INQUIRY,851,Inquired about payoff amount and where to send funds. Sounded like they may be refinancing elsewhere.,True,True,True,0.67,-0.39
C0108709,2026-07-01 07:57:48.150330,STATEMENT,387,Requested a copy of the most recent mortgage statement for tax purposes.,False,False,False,0.25,0.23
C0108711,2026-06-30 20:41:06.045286,MORTGAGE_INQUIRY,264,Customer asked what our current 30-year rates look like and mentioned they saw 5.55% at Rocket.,True,False,False,0.56,-0.85
C0108711,2026-08-06 12:16:03.369654,MORTGAGE_INQUIRY,436,Customer asked what our current 30-year rates look like and mentioned they saw 5.41% at a competitor.,True,True,False,1.0,-0.02
C0108712,2026-06-28 14:20:00.938500,MORTGAGE_INQUIRY,478,Wants to speak to a mortgage specialist about refinancing. Mentioned rate shopping.,True,True,False,0.57,-0.27
C0108712,2026-06-29 13:24:48.153367,MORTGAGE_INQUIRY,710,Called about refinancing options — wanted to know break-even on closing costs against a 5.37% offer.,True,True,False,0.51,0.12
C0108713,2026-08-21 14:33:49.044431,STATEMENT,181,Question about escrow analysis and property tax increase.,False,False,False,0.19,0.25
C0108716,2026-07-18 07:15:59.343545,MORTGAGE_INQUIRY,339,Inquired about payoff amount and where to send funds. Sounded like they may be refinancing elsewhere.,True,True,True,0.6,-0.42
C0108718,2026-07-15 11:35:17.542166,MORTGAGE_INQUIRY,740,Inquired about payoff amount and where to send funds. Sounded like they may be refinancing elsewhere.,True,False,True,0.53,-0.02
C0108718,2026-08-18 12:06:51.047995,ESCROW,142,Requested a copy of the most recent mortgage statement for tax purposes.,False,False,False,0.14,0.23
C0108721,2026-06-24 10:39:10.277161,MORTGAGE_INQUIRY,253,Wants to speak to a mortgage specialist about refinancing. Mentioned rate shopping.,True,False,False,0.74,-0.2
C0108722,2026-07-13 22:40:07.867064,MORTGAGE_INQUIRY,476,Inquired about payoff amount and where to send funds. Sounded like they may be refinancing elsewhere.,True,False,True,1.0,0.29
C0108727,2026-08-20 05:34:25.809788,MORTGAGE_INQUIRY,500,Inquired about payoff amount and where to send funds. Sounded like they may be refinancing elsewhere.,True,True,True,0.66,0.38
C0108730,2026-08-02 02:55:45.042216,PAYMENT,137,Requested a copy of the most recent mortgage statement for tax purposes.,False,False,False,0.3,-0.18
C0108730,2026-09-08 05:46:38.621857,STATEMENT,92,General question about online banking access.,False,False,False,0.14,-0.23
C0108732,2026-07-12 05:46:45.242936,STATEMENT,460,Confirmed next payment due date.,False,False,False,0.41,0.24
C0108734,2026-06-13 16:31:22.193299,MORTGAGE_INQUIRY,339,Called about refinancing options — wanted to know break-even on closing costs against a 5.16% offer.,True,False,False,0.88,-0.48
C0108734,2026-08-13 13:53:20.821952,MORTGAGE_INQUIRY,82,Inquired about payoff amount and where to send funds. Sounded like they may be refinancing elsewhere.,True,False,True,0.61,-0.33
C0108736,2026-06-17 09:50:53.931922,MORTGAGE_INQUIRY,195,Inquired about payoff amount and where to send funds. Sounded like they may be refinancing elsewhere.,True,True,True,0.65,-0.09
C0108736,2026-07-23 17:57:36.455667,STATEMENT,261,Asked how to set up autopay for the mortgage.,False,False,False,0.0,0.23
C0108739,2026-07-01 22:48:07.189164,MORTGAGE_INQUIRY,334,Customer asked what our current 30-year rates look like and mentioned they saw 5.51% at an online lender.,True,True,False,0.63,0.14
C0108741,2026-06-29 06:50:17.739613,STATEMENT,772,Asked how to set up autopay for the mortgage.,False,False,False,0.34,0.29
C0108741,2026-08-26 23:42:25.079115,MORTGAGE_INQUIRY,461,Wants to speak to a mortgage specialist about refinancing. Mentioned rate shopping.,True,True,False,0.79,-0.62
C0108742,2026-07-03 06:30:34.963394,MORTGAGE_INQUIRY,794,Asked about the process to pay off the loan early and whether there are any prepayment penalties.,True,False,True,0.81,0.07
C0108744,2026-07-10 15:03:44.828715,MORTGAGE_INQUIRY,827,Inquired about payoff amount and where to send funds. Sounded like they may be refinancing elsewhere.,True,True,True,0.95,0.07
C0108744,2026-09-10 06:50:00.251405,MORTGAGE_INQUIRY,412,Inquired about payoff amount and where to send funds. Sounded like they may be refinancing elsewhere.,True,True,True,0.97,0.22
C0108748,2026-08-27 16:59:51.927003,MORTGAGE_INQUIRY,214,Customer asked what our current 30-year rates look like and mentioned they saw 5.48% at a competitor.,True,True,False,0.78,-0.09
C0108749,2026-09-01 22:14:13.899230,MORTGAGE_INQUIRY,177,Called about refinancing options — wanted to know break-even on closing costs against a 5.12% offer.,True,True,False,0.54,0.01
C0108751,2026-07-05 16:58:07.465702,PAYMENT,160,Requested a copy of the most recent mortgage statement for tax purposes.,False,False,False,0.0,0.09
C0108751,2026-08-31 09:09:36.617981,MORTGAGE_INQUIRY,404,Customer asked what our current 30-year rates look like and mentioned they saw 5.26% at Rocket.,True,True,False,0.83,-0.61
C0108753,2026-08-01 20:20:55.906220,MORTGAGE_INQUIRY,414,Asked about the process to pay off the loan early and whether there are any prepayment penalties.,True,True,True,0.76,0.07
C0108753,2026-08-10 10:37:05.579422,STATEMENT,714,Asked how to set up autopay for the mortgage.,False,False,False,0.2,0.16
C0108754,2026-07-07 06:54:01.644744,MORTGAGE_INQUIRY,118,Asked about the process to pay off the loan early and whether there are any prepayment penalties.,True,False,True,0.86,-0.52
C0108755,2026-07-28 06:01:55.199149,GENERAL,596,Question about escrow analysis and property tax increase.,False,False,False,0.0,-0.12
C0108755,2026-08-23 19:41:55.732745,MORTGAGE_INQUIRY,601,Asked about the process to pay off the loan early and whether there are any prepayment penalties.,True,True,True,0.77,-0.55
C0108765,2026-06-19 18:07:25.042597,MORTGAGE_INQUIRY,873,Wants to speak to a mortgage specialist about refinancing. Mentioned rate shopping.,True,False,False,0.78,0.18
C0108769,2026-06-18 08:42:38.201581,STATEMENT,255,Confirmed next payment due date.,False,False,False,0.17,-0.08
C0108771,2026-06-26 15:28:47.803193,GENERAL,827,Confirmed next payment due date.,False,False,False,0.22,0.13
C0108772,2026-09-05 14:03:17.113398,MORTGAGE_INQUIRY,887,Inquired about payoff amount and where to send funds. Sounded like they may be refinancing elsewhere.,True,True,True,0.78,-0.05
C0108776,2026-07-15 03:45:33.341352,PAYMENT,313,General question about online banking access.,False,False,False,0.19,-0.36
C0108776,2026-08-10 01:50:29.322343,GENERAL,869,Asked how to set up autopay for the mortgage.,False,False,False,0.12,0.19
C0108778,2026-08-23 08:51:09.870289,ESCROW,129,Asked how to set up autopay for the mortgage.,False,False,False,0.09,0.26
C0108778,2026-09-09 00:46:51.754027,STATEMENT,844,Question about escrow analysis and property tax increase.,False,False,False,0.22,-0.14
C0108785,2026-07-23 19:15:01.140896,MORTGAGE_INQUIRY,164,Wants to speak to a mortgage specialist about refinancing. Mentioned rate shopping.,True,True,False,0.67,0.21
C0108785,2026-08-10 08:45:50.550140,MORTGAGE_INQUIRY,373,Called about refinancing options — wanted to know break-even on closing costs against a 5.18% offer.,True,True,False,0.87,-0.52
C0108787,2026-07-24 04:45:30.857443,ESCROW,897,Question about escrow analysis and property tax increase.,False,False,False,0.46,0.17
C0108791,2026-06-17 10:32:40.345354,MORTGAGE_INQUIRY,96,Wants to speak to a mortgage specialist about refinancing. Mentioned rate shopping.,True,True,False,0.82,-0.4
C0108791,2026-06-20 03:30:15.777064,PAYMENT,603,Requested a copy of the most recent mortgage statement for tax purposes.,False,False,False,0.24,0.59
C0108794,2026-08-15 08:38:39.727285,MORTGAGE_INQUIRY,775,Called about refinancing options — wanted to know break-even on closing costs against a 5.25% offer.,True,True,False,0.69,0.11
C0108798,2026-06-17 11:18:56.806540,GENERAL,750,Confirmed next payment due date.,False,False,False,0.11,0.3
C0108804,2026-07-30 17:17:15.226906,GENERAL,755,Requested a copy of the most recent mortgage statement for tax purposes.,False,False,False,0.25,0.07
C0108806,2026-06-26 10:21:59.702036,MORTGAGE_INQUIRY,803,Called about refinancing options — wanted to know break-even on closing costs against a 5.2% offer.,True,True,False,0.78,0.49
C0108806,2026-08-11 06:46:07.530864,MORTGAGE_INQUIRY,226,Inquired about payoff amount and where to send funds. Sounded like they may be refinancing elsewhere.,True,False,True,0.72,-0.17
C0108808,2026-07-30 22:34:38.546475,MORTGAGE_INQUIRY,339,Inquired about payoff amount and where to send funds. Sounded like they may be refinancing elsewhere.,True,True,True,0.62,-0.2
C0108808,2026-08-07 23:08:23.980528,MORTGAGE_INQUIRY,285,Inquired about payoff amount and where to send funds. Sounded like they may be refinancing elsewhere.,True,True,True,0.48,-0.64
C0108812,2026-06-14 04:27:44.872829,PAYMENT,634,Requested a copy of the most recent mortgage statement for tax purposes.,False,False,False,0.22,-0.0
C0108819,2026-06-17 16:15:35.200356,GENERAL,657,Asked how to set up autopay for the mortgage.,False,False,False,0.0,-0.22
C0108821,2026-08-24 07:33:02.254354,MORTGAGE_INQUIRY,391,Wants to speak to a mortgage specialist about refinancing. Mentioned rate shopping.,True,True,False,0.54,0.03
C0108826,2026-08-31 03:07:48.802203,MORTGAGE_INQUIRY,175,Inquired about payoff amount and where to send funds. Sounded like they may be refinancing elsewhere.,True,True,True,1.0,0.17
C0108826,2026-09-06 20:11:51.115823,MORTGAGE_INQUIRY,431,Wants to speak to a mortgage specialist about refinancing. Mentioned rate shopping.,True,True,False,0.69,-0.33
C0108830,2026-09-08 04:39:42.286713,GENERAL,596,Asked how to set up autopay for the mortgage.,False,False,False,0.38,0.09
C0108831,2026-07-10 17:38:38.914171,MORTGAGE_INQUIRY,235,Customer asked what our current 30-year rates look like and mentioned they saw 5.38% at an online lender.,True,False,False,0.7,-0.21
C0108831,2026-08-02 08:23:45.988558,MORTGAGE_INQUIRY,594,Wants to speak to a mortgage specialist about refinancing. Mentioned rate shopping.,True,True,False,0.71,-0.21
C0108836,2026-07-13 07:08:49.659708,STATEMENT,256,Confirmed next payment due date.,False,False,False,0.06,0.51
C0108836,2026-08-29 16:05:46.274407,ESCROW,393,Requested a copy of the most recent mortgage statement for tax purposes.,False,False,False,0.0,0.1
C0108838,2026-07-23 17:50:04.073384,MORTGAGE_INQUIRY,173,Wants to speak to a mortgage specialist about refinancing. Mentioned rate shopping.,True,True,False,0.71,-0.18
C0108838,2026-08-19 10:09:27.293830,MORTGAGE_INQUIRY,854,Inquired about payoff amount and where to send funds. Sounded like they may be refinancing elsewhere.,True,True,True,1.0,0.31
C0108841,2026-06-23 15:04:42.225613,GENERAL,131,General question about online banking access.,False,False,False,0.28,0.26
C0108841,2026-07-07 15:48:20.403782,GENERAL,168,Question about escrow analysis and property tax increase.,False,False,False,0.32,0.13
C0108842,2026-07-18 16:19:57.341175,GENERAL,104,Question about escrow analysis and property tax increase.,False,False,False,0.12,0.55
C0108842,2026-07-26 22:52:57.297206,GENERAL,425,Confirmed next payment due date.,False,False,False,0.15,0.88
C0108847,2026-06-23 05:05:29.592009,STATEMENT,899,Requested a copy of the most recent mortgage statement for tax purposes.,False,False,False,0.0,0.32
C0108851,2026-08-20 18:14:16.544371,STATEMENT,71,General question about online banking access.,False,False,False,0.2,0.47
C0108853,2026-07-08 09:36:20.223312,STATEMENT,780,Confirmed next payment due date.,False,False,False,0.36,-0.01
C0108853,2026-07-17 21:32:54.634911,MORTGAGE_INQUIRY,70,Asked about the process to pay off the loan early and whether there are any prepayment penalties.,True,True,True,0.88,-0.19
C0108854,2026-07-16 20:39:45.085555,GENERAL,809,Asked how to set up autopay for the mortgage.,False,False,False,0.0,-0.15
C0108854,2026-08-06 09:17:58.996270,MORTGAGE_INQUIRY,686,Asked about the process to pay off the loan early and whether there are any prepayment penalties.,True,True,True,0.49,-0.22
C0108859,2026-07-28 04:21:01.358176,MORTGAGE_INQUIRY,801,Customer asked what our current 30-year rates look like and mentioned they saw 5.46% at an online lender.,True,False,False,0.74,-0.32
C0108859,2026-09-08 17:31:13.463077,MORTGAGE_INQUIRY,759,Inquired about payoff amount and where to send funds. Sounded like they may be refinancing elsewhere.,True,False,True,0.77,0.76
C0108864,2026-06-15 09:45:44.680596,PAYMENT,241,Question about escrow analysis and property tax increase.,False,False,False,0.39,0.09
C0108869,2026-06-24 16:02:39.328015,STATEMENT,545,Question about escrow analysis and property tax increase.,False,False,False,0.22,0.45
C0108869,2026-08-30 16:48:22.563724,MORTGAGE_INQUIRY,587,Inquired about payoff amount and where to send funds. Sounded like they may be refinancing elsewhere.,True,True,True,0.73,-0.17
C0108874,2026-06-24 10:39:55.046265,GENERAL,755,General question about online banking access.,False,False,False,0.2,-0.02
C0108874,2026-07-14 22:09:16.277908,ESCROW,837,Asked how to set up autopay for the mortgage.,False,False,False,0.47,0.36
C0108877,2026-06-30 18:19:27.501022,STATEMENT,335,Confirmed next payment due date.,False,False,False,0.28,0.02
C0108877,2026-07-20 10:17:27.362659,ESCROW,465,General question about online banking access.,False,False,False,0.32,0.07
C0108884,2026-08-07 02:32:13.011065,PAYMENT,676,Requested a copy of the most recent mortgage statement for tax purposes.,False,False,False,0.13,-0.07
C0108885,2026-07-07 15:43:23.559812,MORTGAGE_INQUIRY,90,Customer asked what our current 30-year rates look like and mentioned they saw 5.11% at Chase.,True,True,False,0.91,0.38
C0108885,2026-07-25 00:32:40.293805,MORTGAGE_INQUIRY,894,Called about refinancing options — wanted to know break-even on closing costs against a 5.43% offer.,True,True,False,0.8,0.16
C0108892,2026-06-18 19:09:26.948170,MORTGAGE_INQUIRY,398,Called about refinancing options — wanted to know break-even on closing costs against a 5.2% offer.,True,True,False,0.65,0.18
C0108892,2026-07-08 09:50:05.183083,ESCROW,363,Question about escrow analysis and property tax increase.,False,False,False,0.42,0.26
C0108893,2026-06-27 15:50:57.963651,MORTGAGE_INQUIRY,721,Wants to speak to a mortgage specialist about refinancing. Mentioned rate shopping.,True,False,False,0.71,-0.04
C0108894,2026-08-27 11:26:21.437460,GENERAL,808,Confirmed next payment due date.,False,False,False,0.0,0.04
C0108903,2026-07-08 08:49:30.629625,MORTGAGE_INQUIRY,353,Called about refinancing options — wanted to know break-even on closing costs against a 5.3% offer.,True,True,False,1.0,0.25
C0108904,2026-07-06 19:14:41.643819,STATEMENT,834,Asked how to set up autopay for the mortgage.,False,False,False,0.06,0.1
C0108904,2026-07-25 22:10:46.411395,GENERAL,658,Confirmed next payment due date.,False,False,False,0.11,0.31
C0108906,2026-06-24 09:30:57.748634,STATEMENT,500,Requested a copy of the most recent mortgage statement for tax purposes.,False,False,False,0.16,0.22
C0108912,2026-08-17 08:05:12.394757,GENERAL,545,Requested a copy of the most recent mortgage statement for tax purposes.,False,False,False,0.05,0.26
C0108917,2026-08-03 15:23:54.330428,ESCROW,621,Asked how to set up autopay for the mortgage.,False,False,False,0.24,0.03
C0108918,2026-08-20 18:36:24.929244,GENERAL,604,Confirmed next payment due date.,False,False,False,0.0,0.17
C0108919,2026-09-04 12:45:03.356969,MORTGAGE_INQUIRY,841,Inquired about payoff amount and where to send funds. Sounded like they may be refinancing elsewhere.,True,True,True,0.61,-0.22
C0108921,2026-09-02 08:55:25.740053,MORTGAGE_INQUIRY,358,Asked about the process to pay off the loan early and whether there are any prepayment penalties.,True,False,True,0.96,-0.16
C0108921,2026-09-09 18:58:03.470415,GENERAL,496,General question about online banking access.,False,False,False,0.0,0.33
C0108924,2026-08-22 18:33:45.612719,GENERAL,448,Asked how to set up autopay for the mortgage.,False,False,False,0.09,0.25
C0108925,2026-06-14 11:03:28.198249,MORTGAGE_INQUIRY,802,Wants to speak to a mortgage specialist about refinancing. Mentioned rate shopping.,True,True,False,1.0,0.14
C0108925,2026-08-29 00:20:53.710173,MORTGAGE_INQUIRY,645,Asked about the process to pay off the loan early and whether there are any prepayment penalties.,True,False,True,0.94,-0.42
C0108929,2026-06-26 11:01:18.100752,PAYMENT,665,General question about online banking access.,False,False,False,0.22,0.2
C0108929,2026-07-26 21:14:33.806334,MORTGAGE_INQUIRY,529,Asked about the process to pay off the loan early and whether there are any prepayment penalties.,True,True,True,0.59,0.25
C0108933,2026-06-29 13:40:16.007197,GENERAL,189,Requested a copy of the most recent mortgage statement for tax purposes.,False,False,False,0.0,-0.3
C0108933,2026-08-01 05:28:35.553234,STATEMENT,455,Asked how to set up autopay for the mortgage.,False,False,False,0.1,-0.09
C0108934,2026-06-27 08:09:19.272655,GENERAL,698,Requested a copy of the most recent mortgage statement for tax purposes.,False,False,False,0.0,0.4
C0108935,2026-07-20 20:04:55.414664,MORTGAGE_INQUIRY,121,Wants to speak to a mortgage specialist about refinancing. Mentioned rate shopping.,True,True,False,0.65,-0.22
C0108935,2026-08-08 15:34:26.615209,MORTGAGE_INQUIRY,584,Called about refinancing options — wanted to know break-even on closing costs against a 5.42% offer.,True,False,False,0.78,-0.06
C0108937,2026-08-23 13:57:00.597923,MORTGAGE_INQUIRY,677,Asked about the process to pay off the loan early and whether there are any prepayment penalties.,True,False,True,0.87,0.36
C0108937,2026-09-01 05:35:50.937541,MORTGAGE_INQUIRY,303,Called about refinancing options — wanted to know break-even on closing costs against a 5.18% offer.,True,True,False,0.58,-0.24
C0108939,2026-08-15 11:43:06.021690,MORTGAGE_INQUIRY,217,Called about refinancing options — wanted to know break-even on closing costs against a 5.33% offer.,True,False,False,0.58,0.03
C0108939,2026-08-25 06:21:15.526234,MORTGAGE_INQUIRY,285,Wants to speak to a mortgage specialist about refinancing. Mentioned rate shopping.,True,False,False,0.46,-0.16
C0108943,2026-08-10 05:08:45.948652,MORTGAGE_INQUIRY,833,Wants to speak to a mortgage specialist about refinancing. Mentioned rate shopping.,True,True,False,0.7,-0.16
C0108943,2026-09-08 08:08:47.490179,MORTGAGE_INQUIRY,847,Customer asked what our current 30-year rates look like and mentioned they saw 5.39% at Rocket.,True,False,False,0.56,-0.07
C0108947,2026-06-19 09:44:55.895722,GENERAL,537,General question about online banking access.,False,False,False,0.16,-0.21
C0108948,2026-08-01 04:37:58.536661,MORTGAGE_INQUIRY,471,Wants to speak to a mortgage specialist about refinancing. Mentioned rate shopping.,True,True,False,0.55,0.21
C0108948,2026-08-23 18:56:42.108254,MORTGAGE_INQUIRY,255,Inquired about payoff amount and where to send funds. Sounded like they may be refinancing elsewhere.,True,True,True,0.73,-0.19
C0108949,2026-07-04 23:01:54.420619,ESCROW,72,Requested a copy of the most recent mortgage statement for tax purposes.,False,False,False,0.23,0.53
C0108954,2026-08-22 01:42:51.748285,MORTGAGE_INQUIRY,288,Inquired about payoff amount and where to send funds. Sounded like they may be refinancing elsewhere.,True,True,True,0.9,-0.34
C0108956,2026-06-30 05:01:02.792382,GENERAL,656,Confirmed next payment due date.,False,False,False,0.14,0.33
C0108958,2026-07-20 02:52:52.168321,GENERAL,494,Question about escrow analysis and property tax increase.,False,False,False,0.14,0.32
C0108958,2026-07-23 15:45:46.135701,MORTGAGE_INQUIRY,314,Called about refinancing options — wanted to know break-even on closing costs against a 5.54% offer.,True,True,False,0.68,-0.33
C0108959,2026-07-29 23:56:37.092464,GENERAL,145,General question about online banking access.,False,False,False,0.0,-0.08
C0108964,2026-07-09 18:42:37.099856,MORTGAGE_INQUIRY,510,Customer asked what our current 30-year rates look like and mentioned they saw 5.37% at an online lender.,True,False,False,0.85,-0.2
C0108964,2026-09-01 16:29:27.440072,STATEMENT,354,Requested a copy of the most recent mortgage statement for tax purposes.,False,False,False,0.06,-0.21
C0108967,2026-06-14 01:53:57.991982,ESCROW,230,Confirmed next payment due date.,False,False,False,0.17,0.31
C0108967,2026-07-29 07:04:00.087770,ESCROW,671,Asked how to set up autopay for the mortgage.,False,False,False,0.26,0.13
C0108973,2026-07-10 03:56:01.372876,ESCROW,342,Asked how to set up autopay for the mortgage.,False,False,False,0.14,-0.14
C0108977,2026-06-21 14:24:09.429494,MORTGAGE_INQUIRY,456,Asked about the process to pay off the loan early and whether there are any prepayment penalties.,True,True,True,1.0,-0.39
C0108977,2026-08-20 04:24:09.243348,PAYMENT,734,Asked how to set up autopay for the mortgage.,False,False,False,0.1,0.3
C0108978,2026-08-08 04:13:25.713567,PAYMENT,61,Question about escrow analysis and property tax increase.,False,False,False,0.14,-0.15
C0108978,2026-08-29 23:49:36.475483,PAYMENT,897,Requested a copy of the most recent mortgage statement for tax purposes.,False,False,False,0.0,0.13
C0108981,2026-08-15 19:04:23.151348,GENERAL,491,Asked how to set up autopay for the mortgage.,False,False,False,0.0,0.54
C0108985,2026-06-14 16:50:08.491194,MORTGAGE_INQUIRY,293,Asked about the process to pay off the loan early and whether there are any prepayment penalties.,True,True,True,0.89,-0.36
C0108985,2026-06-21 15:23:51.050384,MORTGAGE_INQUIRY,806,Wants to speak to a mortgage specialist about refinancing. Mentioned rate shopping.,True,True,False,0.66,0.25
C0108991,2026-08-11 13:22:48.187258,MORTGAGE_INQUIRY,601,Asked about the process to pay off the loan early and whether there are any prepayment penalties.,True,False,True,0.65,0.55
C0108994,2026-08-31 07:27:53.909967,MORTGAGE_INQUIRY,399,Customer asked what our current 30-year rates look like and mentioned they saw 5.24% at an online lender.,True,False,False,0.85,-0.23
C0108995,2026-06-17 22:20:30.228198,MORTGAGE_INQUIRY,362,Customer asked what our current 30-year rates look like and mentioned they saw 5.2% at Chase.,True,True,False,0.73,0.07
C0108995,2026-06-29 14:43:29.299474,STATEMENT,366,Asked how to set up autopay for the mortgage.,False,False,False,0.08,-0.08
C0108997,2026-08-08 08:03:31.577226,PAYMENT,627,Asked how to set up autopay for the mortgage.,False,False,False,0.2,0.4
C0108998,2026-09-02 16:32:11.225762,STATEMENT,281,Question about escrow analysis and property tax increase.,False,False,False,0.27,0.2
C0109002,2026-07-14 17:02:29.706076,STATEMENT,806,General question about online banking access.,False,False,False,0.35,-0.1
C0109002,2026-09-07 17:21:47.819239,MORTGAGE_INQUIRY,734,Called about refinancing options — wanted to know break-even on closing costs against a 5.33% offer.,True,False,False,0.85,-0.46
C0109004,2026-07-05 02:05:54.471900,GENERAL,689,Asked how to set up autopay for the mortgage.,False,False,False,0.05,0.29
C0109004,2026-08-26 11:50:34.095028,MORTGAGE_INQUIRY,791,Customer asked what our current 30-year rates look like and mentioned they saw 5.3% at Chase.,True,False,False,1.0,-0.57
C0109007,2026-06-28 02:42:59.715771,PAYMENT,339,Question about escrow analysis and property tax increase.,False,False,False,0.31,0.2
C0109009,2026-08-31 05:26:37.975996,MORTGAGE_INQUIRY,611,Asked about the process to pay off the loan early and whether there are any prepayment penalties.,True,True,True,0.77,0.45
C0109010,2026-09-06 04:04:53.665323,MORTGAGE_INQUIRY,817,Called about refinancing options — wanted to know break-even on closing costs against a 5.53% offer.,True,True,False,0.78,-0.57
C0109012,2026-08-13 03:05:58.932098,PAYMENT,78,Requested a copy of the most recent mortgage statement for tax purposes.,False,False,False,0.34,0.06
C0109015,2026-07-14 12:47:07.229819,MORTGAGE_INQUIRY,528,Customer asked what our current 30-year rates look like and mentioned they saw 5.59% at Rocket.,True,False,False,0.7,0.18
C0109017,2026-07-09 07:45:15.881279,MORTGAGE_INQUIRY,471,Asked about the process to pay off the loan early and whether there are any prepayment penalties.,True,True,True,0.63,-0.1
C0109020,2026-07-30 00:37:44.551837,GENERAL,242,Asked how to set up autopay for the mortgage.,False,False,False,0.2,0.67
C0109023,2026-07-26 10:33:42.288658,MORTGAGE_INQUIRY,642,Customer asked what our current 30-year rates look like and mentioned they saw 5.48% at an online lender.,True,True,False,0.9,-0.23
C0109023,2026-08-08 20:30:00.371103,PAYMENT,420,Question about escrow analysis and property tax increase.,False,False,False,0.28,0.1
C0109026,2026-06-19 18:04:19.537850,MORTGAGE_INQUIRY,169,Customer asked what our current 30-year rates look like and mentioned they saw 5.17% at an online lender.,True,True,False,0.62,-0.06
C0109026,2026-08-27 17:01:20.573582,MORTGAGE_INQUIRY,197,Called about refinancing options — wanted to know break-even on closing costs against a 5.59% offer.,True,True,False,0.72,-0.44
C0109033,2026-08-08 17:38:08.509069,GENERAL,565,Asked how to set up autopay for the mortgage.,False,False,False,0.19,0.22
C0109033,2026-08-15 13:43:16.596099,STATEMENT,648,Asked how to set up autopay for the mortgage.,False,False,False,0.0,0.26
C0109036,2026-07-24 21:13:10.703628,STATEMENT,94,Asked how to set up autopay for the mortgage.,False,False,False,0.2,-0.29
C0109036,2026-09-02 10:25:47.100896,PAYMENT,770,Asked how to set up autopay for the mortgage.,False,False,False,0.09,0.08
C0109039,2026-08-13 00:01:03.233694,MORTGAGE_INQUIRY,175,Customer asked what our current 30-year rates look like and mentioned they saw 5.41% at Rocket.,True,True,False,0.7,0.05
C0109039,2026-08-30 01:01:49.558309,MORTGAGE_INQUIRY,334,Asked about the process to pay off the loan early and whether there are any prepayment penalties.,True,True,True,0.62,-0.29
C0109042,2026-09-03 12:18:07.388936,MORTGAGE_INQUIRY,647,Asked about the process to pay off the loan early and whether there are any prepayment penalties.,True,True,True,0.7,-0.18
C0109043,2026-07-10 10:12:28.931719,PAYMENT,672,Confirmed next payment due date.,False,False,False,0.21,0.29
C0109043,2026-08-30 11:26:00.723436,MORTGAGE_INQUIRY,316,Customer asked what our current 30-year rates look like and mentioned they saw 5.46% at Rocket.,True,True,False,0.89,-0.41
C0109045,2026-07-28 16:04:39.783927,GENERAL,894,Question about escrow analysis and property tax increase.,False,False,False,0.43,0.4
C0109045,2026-08-11 23:37:37.552445,GENERAL,559,General question about online banking access.,False,False,False,0.32,0.15
C0109046,2026-07-17 22:07:21.940078,MORTGAGE_INQUIRY,861,Wants to speak to a mortgage specialist about refinancing. Mentioned rate shopping.,True,True,False,0.94,-0.45
C0109046,2026-09-06 23:50:51.165546,ESCROW,595,Question about escrow analysis and property tax increase.,False,False,False,0.14,0.67
C0109047,2026-07-17 09:04:53.639302,MORTGAGE_INQUIRY,104,Asked about the process to pay off the loan early and whether there are any prepayment penalties.,True,True,True,0.89,0.07
C0109047,2026-08-12 07:15:31.259892,MORTGAGE_INQUIRY,87,Asked about the process to pay off the loan early and whether there are any prepayment penalties.,True,True,True,1.0,-0.01
C0109048,2026-06-25 07:33:43.685077,MORTGAGE_INQUIRY,196,Wants to speak to a mortgage specialist about refinancing. Mentioned rate shopping.,True,False,False,0.64,-0.33
C0109048,2026-06-27 10:55:29.232199,MORTGAGE_INQUIRY,745,Called about refinancing options — wanted to know break-even on closing costs against a 5.41% offer.,True,True,False,0.85,-0.39
C0109051,2026-07-23 10:17:08.368501,PAYMENT,382,Question about escrow analysis and property tax increase.,False,False,False,0.13,0.46
C0109053,2026-06-13 05:43:52.198723,MORTGAGE_INQUIRY,340,Called about refinancing options — wanted to know break-even on closing costs against a 5.57% offer.,True,True,False,0.43,-0.35
C0109055,2026-07-02 12:11:54.203300,MORTGAGE_INQUIRY,773,Inquired about payoff amount and where to send funds. Sounded like they may be refinancing elsewhere.,True,False,True,0.89,-0.18
C0109055,2026-08-26 18:15:56.994617,PAYMENT,417,Asked how to set up autopay for the mortgage.,False,False,False,0.09,-0.11
C0109059,2026-08-16 13:20:37.749628,MORTGAGE_INQUIRY,438,Asked about the process to pay off the loan early and whether there are any prepayment penalties.,True,True,True,0.77,0.37
C0109061,2026-07-29 22:09:58.606693,MORTGAGE_INQUIRY,722,Wants to speak to a mortgage specialist about refinancing. Mentioned rate shopping.,True,True,False,0.98,-0.25
C0109061,2026-08-28 10:40:34.540536,MORTGAGE_INQUIRY,634,Inquired about payoff amount and where to send funds. Sounded like they may be refinancing elsewhere.,True,True,True,0.51,-0.15
C0109062,2026-08-21 09:04:31.170090,GENERAL,791,Confirmed next payment due date.,False,False,False,0.03,-0.34
C0109066,2026-06-22 11:28:20.756637,MORTGAGE_INQUIRY,332,Asked about the process to pay off the loan early and whether there are any prepayment penalties.,True,True,True,0.88,-0.11
C0109067,2026-06-29 09:39:40.224279,STATEMENT,635,Question about escrow analysis and property tax increase.,False,False,False,0.03,-0.58
C0109069,2026-07-02 16:50:05.685507,STATEMENT,509,General question about online banking access.,False,False,False,0.32,0.22
C0109069,2026-08-08 22:58:09.597343,PAYMENT,715,Asked how to set up autopay for the mortgage.,False,False,False,0.15,0.16
C0109071,2026-07-12 05:45:41.213894,PAYMENT,269,General question about online banking access.,False,False,False,0.19,-0.01
C0109071,2026-07-29 22:46:07.470510,ESCROW,425,Requested a copy of the most recent mortgage statement for tax purposes.,False,False,False,0.05,0.1
C0109072,2026-08-17 11:40:46.209435,STATEMENT,830,Requested a copy of the most recent mortgage statement for tax purposes.,False,False,False,0.27,0.24
C0109072,2026-09-04 16:33:44.191283,GENERAL,642,Confirmed next payment due date.,False,False,False,0.37,0.49
C0109078,2026-06-28 07:25:05.307141,ESCROW,461,Question about escrow analysis and property tax increase.,False,False,False,0.06,0.56
C0109083,2026-06-17 20:23:27.696718,GENERAL,529,Asked how to set up autopay for the mortgage.,False,False,False,0.28,0.24
C0109083,2026-08-02 03:08:38.176402,PAYMENT,190,Confirmed next payment due date.,False,False,False,0.09,-0.02
C0109086,2026-07-16 00:28:58.206515,PAYMENT,317,Requested a copy of the most recent mortgage statement for tax purposes.,False,False,False,0.25,0.34
C0109086,2026-09-02 12:08:25.455882,MORTGAGE_INQUIRY,238,Wants to speak to a mortgage specialist about refinancing. Mentioned rate shopping.,True,True,False,0.7,-0.25
C0109089,2026-08-16 19:54:11.420247,PAYMENT,103,Asked how to set up autopay for the mortgage.,False,False,False,0.18,0.54
C0109091,2026-06-23 19:00:25.531042,MORTGAGE_INQUIRY,303,Called about refinancing options — wanted to know break-even on closing costs against a 5.54% offer.,True,False,False,0.69,0.31
C0109092,2026-06-19 18:03:32.675394,ESCROW,70,General question about online banking access.,False,False,False,0.18,-0.01
C0109092,2026-06-22 05:18:38.912482,STATEMENT,823,Asked how to set up autopay for the mortgage.,False,False,False,0.15,-0.55
C0109093,2026-09-09 20:37:52.909015,MORTGAGE_INQUIRY,525,Inquired about payoff amount and where to send funds. Sounded like they may be refinancing elsewhere.,True,True,True,0.58,-0.05
C0109096,2026-06-21 06:08:13.606135,STATEMENT,153,General question about online banking access.,False,False,False,0.46,0.29
C0109096,2026-07-04 22:39:53.819504,MORTGAGE_INQUIRY,177,Asked about the process to pay off the loan early and whether there are any prepayment penalties.,True,True,True,0.78,-0.01
C0109100,2026-07-05 08:51:21.771313,ESCROW,95,General question about online banking access.,False,False,False,0.31,0.04
C0109100,2026-09-07 10:37:49.602586,STATEMENT,344,Requested a copy of the most recent mortgage statement for tax purposes.,False,False,False,0.17,-0.03
C0109103,2026-09-01 19:10:23.171913,ESCROW,868,Asked how to set up autopay for the mortgage.,False,False,False,0.36,0.18
C0109103,2026-09-04 10:43:52.084671,MORTGAGE_INQUIRY,134,Called about refinancing options — wanted to know break-even on closing costs against a 5.5% offer.,True,True,False,0.57,-0.54
C0109106,2026-08-24 02:00:58.434330,MORTGAGE_INQUIRY,444,Called about refinancing options — wanted to know break-even on closing costs against a 5.59% offer.,True,True,False,0.84,-0.12
C0109107,2026-06-19 20:56:51.992078,MORTGAGE_INQUIRY,679,Inquired about payoff amount and where to send funds. Sounded like they may be refinancing elsewhere.,True,False,True,0.94,-0.42
C0109108,2026-07-06 00:16:54.558045,MORTGAGE_INQUIRY,542,Customer asked what our current 30-year rates look like and mentioned they saw 5.43% at an online lender.,True,True,False,0.62,0.1
C0109111,2026-07-04 00:07:39.488322,MORTGAGE_INQUIRY,126,Asked about the process to pay off the loan early and whether there are any prepayment penalties.,True,False,True,0.75,-0.39
C0109112,2026-06-24 03:32:11.305749,MORTGAGE_INQUIRY,68,Called about refinancing options — wanted to know break-even on closing costs against a 5.34% offer.,True,True,False,0.44,0.18
C0109114,2026-06-29 06:10:29.601850,MORTGAGE_INQUIRY,254,Called about refinancing options — wanted to know break-even on closing costs against a 5.3% offer.,True,False,False,0.8,-0.29
C0109114,2026-07-13 17:55:57.779977,PAYMENT,279,General question about online banking access.,False,False,False,0.0,0.53
C0109115,2026-07-17 12:33:27.780468,PAYMENT,317,Question about escrow analysis and property tax increase.,False,False,False,0.14,0.36
C0109115,2026-07-17 23:33:14.932136,GENERAL,848,Requested a copy of the most recent mortgage statement for tax purposes.,False,False,False,0.21,-0.13
C0109118,2026-08-21 04:00:47.999078,GENERAL,522,Question about escrow analysis and property tax increase.,False,False,False,0.0,0.12
C0109121,2026-09-08 00:21:27.394339,GENERAL,203,Confirmed next payment due date.,False,False,False,0.36,0.19
C0109122,2026-07-12 11:20:24.297880,STATEMENT,429,Question about escrow analysis and property tax increase.,False,False,False,0.17,0.12
C0109122,2026-08-17 14:46:09.677892,ESCROW,383,Asked how to set up autopay for the mortgage.,False,False,False,0.46,0.54
C0109123,2026-07-15 21:24:03.825610,PAYMENT,645,Asked how to set up autopay for the mortgage.,False,False,False,0.17,-0.04
C0109123,2026-08-03 18:16:51.356872,MORTGAGE_INQUIRY,460,Customer asked what our current 30-year rates look like and mentioned they saw 5.45% at Chase.,True,True,False,0.7,-0.14
C0109125,2026-07-20 07:40:36.719716,STATEMENT,160,Asked how to set up autopay for the mortgage.,False,False,False,0.25,0.44
C0109125,2026-08-19 20:12:26.407390,MORTGAGE_INQUIRY,82,Asked about the process to pay off the loan early and whether there are any prepayment penalties.,True,True,True,0.88,-0.16
C0109129,2026-06-24 19:23:06.342400,MORTGAGE_INQUIRY,163,Wants to speak to a mortgage specialist about refinancing. Mentioned rate shopping.,True,True,False,0.68,-0.38
C0109129,2026-06-27 10:32:01.107967,GENERAL,624,Confirmed next payment due date.,False,False,False,0.04,-0.1
C0109130,2026-06-27 00:06:25.872425,MORTGAGE_INQUIRY,169,Customer asked what our current 30-year rates look like and mentioned they saw 5.36% at an online lender.,True,False,False,0.76,-0.17
C0109133,2026-06-23 21:37:24.157690,PAYMENT,872,Requested a copy of the most recent mortgage statement for tax purposes.,False,False,False,0.0,0.52
C0109138,2026-07-25 20:01:55.985748,GENERAL,454,Question about escrow analysis and property tax increase.,False,False,False,0.0,0.53
C0109138,2026-07-29 19:06:25.341581,MORTGAGE_INQUIRY,438,Wants to speak to a mortgage specialist about refinancing. Mentioned rate shopping.,True,True,False,0.63,0.22
C0109139,2026-07-15 03:10:21.907786,PAYMENT,462,Confirmed next payment due date.,False,False,False,0.22,0.48
C0109141,2026-08-13 17:12:09.848842,MORTGAGE_INQUIRY,768,Wants to speak to a mortgage specialist about refinancing. Mentioned rate shopping.,True,True,False,0.72,-0.01
C0109142,2026-06-16 08:25:37.735170,MORTGAGE_INQUIRY,547,Customer asked what our current 30-year rates look like and mentioned they saw 5.37% at Rocket.,True,False,False,0.89,-0.12
C0109142,2026-07-30 02:08:54.792735,PAYMENT,741,Confirmed next payment due date.,False,False,False,0.23,-0.01
C0109146,2026-08-05 16:54:54.860505,PAYMENT,220,Asked how to set up autopay for the mortgage.,False,False,False,0.0,0.49
C0109146,2026-08-14 23:02:14.686471,PAYMENT,505,Requested a copy of the most recent mortgage statement for tax purposes.,False,False,False,0.01,0.04
C0109151,2026-07-18 22:29:43.709442,MORTGAGE_INQUIRY,693,Called about refinancing options — wanted to know break-even on closing costs against a 5.34% offer.,True,True,False,0.63,-0.31
C0109151,2026-08-07 15:08:39.805509,MORTGAGE_INQUIRY,576,Customer asked what our current 30-year rates look like and mentioned they saw 5.37% at a competitor.,True,True,False,0.77,0.23
C0109155,2026-07-19 23:10:55.464705,MORTGAGE_INQUIRY,867,Customer asked what our current 30-year rates look like and mentioned they saw 5.14% at an online lender.,True,True,False,0.47,-0.02
C0109156,2026-07-04 00:11:37.646096,STATEMENT,175,Asked how to set up autopay for the mortgage.,False,False,False,0.03,0.46
C0109156,2026-07-23 18:08:11.014314,ESCROW,320,Confirmed next payment due date.,False,False,False,0.15,0.23
C0109159,2026-08-06 00:52:36.384251,MORTGAGE_INQUIRY,135,Inquired about payoff amount and where to send funds. Sounded like they may be refinancing elsewhere.,True,True,True,0.76,-0.0
C0109159,2026-08-13 05:13:53.702691,MORTGAGE_INQUIRY,172,Asked about the process to pay off the loan early and whether there are any prepayment penalties.,True,True,True,0.89,0.24
C0109161,2026-07-17 21:22:45.589724,STATEMENT,672,General question about online banking access.,False,False,False,0.13,0.01
C0109161,2026-07-27 00:38:05.983491,STATEMENT,125,Requested a copy of the most recent mortgage statement for tax purposes.,False,False,False,0.0,0.47
C0109165,2026-07-01 06:00:01.107974,MORTGAGE_INQUIRY,76,Called about refinancing options — wanted to know break-even on closing costs against a 5.59% offer.,True,True,False,0.94,-0.55
C0109166,2026-08-04 19:04:34.671885,STATEMENT,583,Question about escrow analysis and property tax increase.,False,False,False,0.05,0.17
C0109166,2026-08-21 04:54:48.177659,MORTGAGE_INQUIRY,883,Customer asked what our current 30-year rates look like and mentioned they saw 5.18% at a competitor.,True,True,False,0.6,-0.31
C0109167,2026-06-28 18:15:58.036706,PAYMENT,676,Requested a copy of the most recent mortgage statement for tax purposes.,False,False,False,0.0,0.55
C0109167,2026-07-04 10:39:12.088964,MORTGAGE_INQUIRY,489,Called about refinancing options — wanted to know break-even on closing costs against a 5.55% offer.,True,True,False,0.91,-0.35
C0109170,2026-07-03 01:24:50.055015,ESCROW,879,General question about online banking access.,False,False,False,0.25,-0.0
C0109170,2026-07-03 07:10:58.034355,GENERAL,217,Requested a copy of the most recent mortgage statement for tax purposes.,False,False,False,0.34,-0.61
C0109171,2026-09-08 21:18:32.272959,STATEMENT,511,General question about online banking access.,False,False,False,0.25,0.33
C0109177,2026-06-17 09:43:36.442980,MORTGAGE_INQUIRY,546,Wants to speak to a mortgage specialist about refinancing. Mentioned rate shopping.,True,True,False,0.96,-0.23
C0109177,2026-08-28 00:22:08.414510,MORTGAGE_INQUIRY,752,Inquired about payoff amount and where to send funds. Sounded like they may be refinancing elsewhere.,True,False,True,0.72,-0.34
C0109178,2026-07-02 05:39:03.389109,GENERAL,637,Question about escrow analysis and property tax increase.,False,False,False,0.13,0.35
C0109178,2026-09-05 06:30:39.858655,GENERAL,808,Requested a copy of the most recent mortgage statement for tax purposes.,False,False,False,0.21,0.68
C0109182,2026-07-19 22:45:35.130016,MORTGAGE_INQUIRY,851,Wants to speak to a mortgage specialist about refinancing. Mentioned rate shopping.,True,False,False,0.98,-0.68
C0109182,2026-08-02 08:07:20.108103,STATEMENT,854,Confirmed next payment due date.,False,False,False,0.15,-0.07
C0109183,2026-09-01 23:52:57.073181,MORTGAGE_INQUIRY,273,Called about refinancing options — wanted to know break-even on closing costs against a 5.27% offer.,True,True,False,0.66,-0.08
C0109183,2026-09-05 01:58:36.671054,ESCROW,555,General question about online banking access.,False,False,False,0.23,0.59
C0109185,2026-08-06 02:25:36.305358,MORTGAGE_INQUIRY,744,Inquired about payoff amount and where to send funds. Sounded like they may be refinancing elsewhere.,True,True,True,0.74,-0.34
C0109187,2026-06-20 14:14:16.007985,MORTGAGE_INQUIRY,261,Asked about the process to pay off the loan early and whether there are any prepayment penalties.,True,True,True,0.83,-0.05
C0109187,2026-09-09 22:23:35.179052,ESCROW,276,Confirmed next payment due date.,False,False,False,0.17,0.14
C0109189,2026-07-16 18:23:10.322555,STATEMENT,856,Asked how to set up autopay for the mortgage.,False,False,False,0.01,-0.03
C0109190,2026-06-16 02:37:57.816974,ESCROW,655,Asked how to set up autopay for the mortgage.,False,False,False,0.0,0.17
C0109190,2026-08-01 13:43:05.092914,MORTGAGE_INQUIRY,881,Inquired about payoff amount and where to send funds. Sounded like they may be refinancing elsewhere.,True,True,True,0.59,-0.18
C0109191,2026-06-17 22:49:25.802421,MORTGAGE_INQUIRY,547,Asked about the process to pay off the loan early and whether there are any prepayment penalties.,True,True,True,0.97,-0.99
C0109191,2026-07-02 10:22:00.678715,MORTGAGE_INQUIRY,128,Wants to speak to a mortgage specialist about refinancing. Mentioned rate shopping.,True,False,False,0.94,0.04
C0109193,2026-07-02 05:40:59.251671,MORTGAGE_INQUIRY,541,Customer asked what our current 30-year rates look like and mentioned they saw 5.37% at an online lender.,True,True,False,0.64,-0.22
C0109193,2026-08-14 21:55:34.388633,STATEMENT,144,Confirmed next payment due date.,False,False,False,0.0,0.41
C0109198,2026-08-18 14:27:33.673477,MORTGAGE_INQUIRY,390,Wants to speak to a mortgage specialist about refinancing. Mentioned rate shopping.,True,True,False,0.75,-0.42
C0109198,2026-09-02 21:18:09.539774,MORTGAGE_INQUIRY,517,Asked about the process to pay off the loan early and whether there are any prepayment penalties.,True,True,True,0.48,-0.32
C0109204,2026-09-01 14:01:53.065403,MORTGAGE_INQUIRY,61,Asked about the process to pay off the loan early and whether there are any prepayment penalties.,True,False,True,0.72,0.03
C0109205,2026-06-21 03:53:37.159117,STATEMENT,634,Asked how to set up autopay for the mortgage.,False,False,False,0.07,0.15
C0109205,2026-07-25 02:49:39.078208,ESCROW,320,Requested a copy of the most recent mortgage statement for tax purposes.,False,False,False,0.1,0.14
C0109206,2026-07-02 20:38:23.425242,ESCROW,646,Asked how to set up autopay for the mortgage.,False,False,False,0.3,0.07
C0109206,2026-09-09 23:28:51.440551,MORTGAGE_INQUIRY,387,Inquired about payoff amount and where to send funds. Sounded like they may be refinancing elsewhere.,True,True,True,0.82,0.07
C0109212,2026-06-19 16:41:19.151521,GENERAL,682,Confirmed next payment due date.,False,False,False,0.0,-0.49
C0109212,2026-08-13 16:46:52.865475,STATEMENT,76,Asked how to set up autopay for the mortgage.,False,False,False,0.12,-0.31
C0109215,2026-06-24 20:33:15.363669,MORTGAGE_INQUIRY,326,Asked about the process to pay off the loan early and whether there are any prepayment penalties.,True,False,True,0.62,-0.39
C0109215,2026-08-27 22:56:26.248060,MORTGAGE_INQUIRY,837,Asked about the process to pay off the loan early and whether there are any prepayment penalties.,True,False,True,0.5,-0.19
C0109218,2026-08-24 12:20:47.620047,GENERAL,601,Question about escrow analysis and property tax increase.,False,False,False,0.24,0.58
C0109218,2026-08-27 07:11:00.541124,STATEMENT,555,Confirmed next payment due date.,False,False,False,0.23,-0.09
C0109222,2026-07-11 10:12:04.657255,ESCROW,598,Question about escrow analysis and property tax increase.,False,False,False,0.07,1.0
C0109226,2026-06-27 03:29:32.629415,PAYMENT,568,Confirmed next payment due date.,False,False,False,0.0,0.15
C0109230,2026-07-03 17:21:25.092541,PAYMENT,418,Confirmed next payment due date.,False,False,False,0.48,0.48
C0109230,2026-08-03 13:48:41.905784,MORTGAGE_INQUIRY,595,Customer asked what our current 30-year rates look like and mentioned they saw 5.56% at Rocket.,True,False,False,0.7,-0.12
C0109244,2026-07-26 02:40:21.787904,ESCROW,318,Requested a copy of the most recent mortgage statement for tax purposes.,False,False,False,0.06,-0.04
C0109251,2026-06-21 22:40:35.437274,STATEMENT,367,General question about online banking access.,False,False,False,0.13,0.31
C0109251,2026-07-13 19:32:04.433883,MORTGAGE_INQUIRY,104,Called about refinancing options — wanted to know break-even on closing costs against a 5.4% offer.,True,True,False,1.0,-0.27
C0109253,2026-06-22 18:19:54.605990,GENERAL,852,Requested a copy of the most recent mortgage statement for tax purposes.,False,False,False,0.21,-0.44
C0109255,2026-07-17 14:06:09.348675,MORTGAGE_INQUIRY,67,Asked about the process to pay off the loan early and whether there are any prepayment penalties.,True,False,True,0.8,0.07
C0109255,2026-07-20 21:37:02.934313,GENERAL,883,Confirmed next payment due date.,False,False,False,0.24,0.28
C0109256,2026-07-17 21:36:41.563922,GENERAL,507,Confirmed next payment due date.,False,False,False,0.23,0.14
C0109258,2026-07-24 05:26:39.670282,MORTGAGE_INQUIRY,597,Called about refinancing options — wanted to know break-even on closing costs against a 5.48% offer.,True,True,False,0.91,0.19
C0109259,2026-06-13 21:28:18.034566,MORTGAGE_INQUIRY,176,Asked about the process to pay off the loan early and whether there are any prepayment penalties.,True,True,True,0.68,-0.31
C0109259,2026-06-26 18:06:06.901247,MORTGAGE_INQUIRY,895,Called about refinancing options — wanted to know break-even on closing costs against a 5.59% offer.,True,True,False,0.82,-0.22
C0109261,2026-08-12 09:21:10.932644,MORTGAGE_INQUIRY,697,Inquired about payoff amount and where to send funds. Sounded like they may be refinancing elsewhere.,True,True,True,0.84,-0.67
C0109261,2026-09-08 08:40:22.712658,STATEMENT,274,General question about online banking access.,False,False,False,0.07,0.87
C0109269,2026-06-27 03:36:21.138648,MORTGAGE_INQUIRY,78,Asked about the process to pay off the loan early and whether there are any prepayment penalties.,True,False,True,0.57,-0.19
C0109274,2026-08-11 16:43:05.392158,MORTGAGE_INQUIRY,545,Called about refinancing options — wanted to know break-even on closing costs against a 5.34% offer.,True,True,False,0.69,-0.7
C0109275,2026-07-05 10:27:47.008208,ESCROW,170,Question about escrow analysis and property tax increase.,False,False,False,0.13,0.13
C0109275,2026-07-11 22:22:12.203129,GENERAL,833,Confirmed next payment due date.,False,False,False,0.31,0.5
C0109276,2026-06-20 03:42:08.413016,PAYMENT,110,General question about online banking access.,False,False,False,0.35,-0.02
C0109276,2026-07-22 13:48:16.134023,PAYMENT,463,Question about escrow analysis and property tax increase.,False,False,False,0.27,0.27
C0109278,2026-07-09 10:07:36.754888,PAYMENT,564,General question about online banking access.,False,False,False,0.2,0.36
C0109278,2026-08-12 22:23:00.546985,MORTGAGE_INQUIRY,586,Asked about the process to pay off the loan early and whether there are any prepayment penalties.,True,True,True,1.0,-0.07
C0109279,2026-08-30 18:31:41.088338,MORTGAGE_INQUIRY,760,Inquired about payoff amount and where to send funds. Sounded like they may be refinancing elsewhere.,True,True,True,0.72,0.63
C0109281,2026-07-07 17:33:36.390397,ESCROW,75,Confirmed next payment due date.,False,False,False,0.32,0.07
C0109281,2026-07-25 01:12:07.870208,ESCROW,207,Asked how to set up autopay for the mortgage.,False,False,False,0.34,0.47
C0109286,2026-06-30 16:25:43.441006,STATEMENT,749,Asked how to set up autopay for the mortgage.,False,False,False,0.19,0.14
C0109287,2026-06-20 23:40:27.176104,STATEMENT,382,Asked how to set up autopay for the mortgage.,False,False,False,0.19,-0.14
C0109287,2026-08-05 23:40:44.409147,MORTGAGE_INQUIRY,660,Called about refinancing options — wanted to know break-even on closing costs against a 5.23% offer.,True,True,False,0.74,-0.55
C0109295,2026-08-03 15:57:14.983668,STATEMENT,845,Confirmed next payment due date.,False,False,False,0.32,0.26
C0109295,2026-08-14 15:58:21.224654,ESCROW,425,Requested a copy of the most recent mortgage statement for tax purposes.,False,False,False,0.01,0.58
C0109298,2026-08-12 11:11:09.034839,MORTGAGE_INQUIRY,569,Inquired about payoff amount and where to send funds. Sounded like they may be refinancing elsewhere.,True,True,True,0.65,0.36
C0109305,2026-08-14 17:28:31.354203,PAYMENT,591,Asked how to set up autopay for the mortgage.,False,False,False,0.35,0.83
C0109309,2026-07-28 21:18:48.050569,PAYMENT,803,Asked how to set up autopay for the mortgage.,False,False,False,0.04,0.54
C0109309,2026-08-06 22:36:26.277658,MORTGAGE_INQUIRY,892,Called about refinancing options — wanted to know break-even on closing costs against a 5.29% offer.,True,False,False,0.72,0.39
C0109310,2026-06-14 07:21:54.882938,STATEMENT,607,Asked how to set up autopay for the mortgage.,False,False,False,0.18,0.37
C0109314,2026-08-12 14:26:35.488267,MORTGAGE_INQUIRY,90,Inquired about payoff amount and where to send funds. Sounded like they may be refinancing elsewhere.,True,False,True,0.8,0.1
C0109315,2026-07-09 19:05:20.871970,GENERAL,346,Requested a copy of the most recent mortgage statement for tax purposes.,False,False,False,0.05,0.47
C0109315,2026-07-20 21:27:36.602074,MORTGAGE_INQUIRY,588,Wants to speak to a mortgage specialist about refinancing. Mentioned rate shopping.,True,True,False,0.94,-0.27
C0109316,2026-08-05 15:13:54.447636,ESCROW,687,Requested a copy of the most recent mortgage statement for tax purposes.,False,False,False,0.1,0.64
C0109318,2026-07-17 16:42:15.463662,GENERAL,783,Asked how to set up autopay for the mortgage.,False,False,False,0.47,0.47
C0109318,2026-09-10 21:14:30.109115,MORTGAGE_INQUIRY,426,Wants to speak to a mortgage specialist about refinancing. Mentioned rate shopping.,True,True,False,0.66,-0.04
C0109322,2026-07-12 04:42:22.615762,PAYMENT,134,Asked how to set up autopay for the mortgage.,False,False,False,0.24,0.2
C0109322,2026-09-01 22:36:07.708100,PAYMENT,722,Confirmed next payment due date.,False,False,False,0.17,0.38
C0109324,2026-06-25 18:10:15.283693,STATEMENT,211,Asked how to set up autopay for the mortgage.,False,False,False,0.14,0.36
C0109327,2026-07-29 05:10:16.782163,MORTGAGE_INQUIRY,815,Inquired about payoff amount and where to send funds. Sounded like they may be refinancing elsewhere.,True,True,True,0.77,-0.18
C0109330,2026-07-10 03:45:43.120388,MORTGAGE_INQUIRY,508,Wants to speak to a mortgage specialist about refinancing. Mentioned rate shopping.,True,False,False,0.85,-0.28
C0109330,2026-08-23 14:13:49.048155,STATEMENT,706,Question about escrow analysis and property tax increase.,False,False,False,0.0,0.3
C0109336,2026-07-15 02:14:55.859871,GENERAL,517,General question about online banking access.,False,False,False,0.2,-0.58
C0109336,2026-08-09 13:13:22.238362,MORTGAGE_INQUIRY,353,Called about refinancing options — wanted to know break-even on closing costs against a 5.32% offer.,True,False,False,0.66,0.15
C0109337,2026-07-30 18:27:23.168576,PAYMENT,793,Question about escrow analysis and property tax increase.,False,False,False,0.0,0.24
C0109337,2026-08-31 22:06:03.921907,GENERAL,815,Question about escrow analysis and property tax increase.,False,False,False,0.09,0.45
C0109340,2026-07-02 14:15:53.275621,STATEMENT,99,Asked how to set up autopay for the mortgage.,False,False,False,0.23,0.14
C0109340,2026-07-08 20:18:49.365304,STATEMENT,380,Question about escrow analysis and property tax increase.,False,False,False,0.0,0.78
C0109341,2026-06-27 14:06:18.649302,PAYMENT,397,Confirmed next payment due date.,False,False,False,0.25,-0.06
C0109341,2026-09-08 14:17:40.097895,MORTGAGE_INQUIRY,479,Customer asked what our current 30-year rates look like and mentioned they saw 5.27% at an online lender.,True,False,False,0.78,-0.09
C0109342,2026-07-20 16:50:42.030016,STATEMENT,367,Requested a copy of the most recent mortgage statement for tax purposes.,False,False,False,0.25,0.18
C0109342,2026-08-05 11:21:54.702320,STATEMENT,642,Asked how to set up autopay for the mortgage.,False,False,False,0.0,0.36
C0109344,2026-09-02 15:22:35.585614,PAYMENT,549,General question about online banking access.,False,False,False,0.0,0.01
C0109348,2026-06-15 11:53:28.735293,MORTGAGE_INQUIRY,552,Asked about the process to pay off the loan early and whether there are any prepayment penalties.,True,True,True,0.7,-0.26
C0109348,2026-08-05 08:46:09.118974,PAYMENT,75,Asked how to set up autopay for the mortgage.,False,False,False,0.17,0.47
C0109351,2026-06-25 23:07:50.896071,GENERAL,873,Requested a copy of the most recent mortgage statement for tax purposes.,False,False,False,0.06,-0.37
C0109351,2026-08-05 11:37:06.538818,PAYMENT,107,General question about online banking access.,False,False,False,0.22,-0.12
C0109353,2026-07-06 13:50:41.874541,PAYMENT,811,Question about escrow analysis and property tax increase.,False,False,False,0.0,0.48
C0109356,2026-08-30 09:11:39.428165,GENERAL,103,Confirmed next payment due date.,False,False,False,0.38,0.02
C0109357,2026-08-11 23:25:01.967294,MORTGAGE_INQUIRY,646,Called about refinancing options — wanted to know break-even on closing costs against a 5.26% offer.,True,True,False,0.47,0.29
C0109357,2026-08-17 17:53:04.872782,PAYMENT,110,Asked how to set up autopay for the mortgage.,False,False,False,0.28,-0.05
C0109363,2026-06-29 10:47:13.347062,PAYMENT,442,Requested a copy of the most recent mortgage statement for tax purposes.,False,False,False,0.21,0.01
C0109363,2026-09-01 02:59:41.638282,GENERAL,614,General question about online banking access.,False,False,False,0.24,0.24
C0109364,2026-07-04 12:28:02.209134,MORTGAGE_INQUIRY,479,Wants to speak to a mortgage specialist about refinancing. Mentioned rate shopping.,True,True,False,0.54,-0.13
C0109364,2026-08-30 20:43:40.001859,MORTGAGE_INQUIRY,659,Wants to speak to a mortgage specialist about refinancing. Mentioned rate shopping.,True,True,False,0.69,-0.08
C0109370,2026-07-01 13:16:09.048386,GENERAL,107,Question about escrow analysis and property tax increase.,False,False,False,0.32,0.05
C0109371,2026-08-06 00:40:00.913258,ESCROW,842,Question about escrow analysis and property tax increase.,False,False,False,0.39,0.37
C0109375,2026-09-08 15:37:40.415464,STATEMENT,353,Question about escrow analysis and property tax increase.,False,False,False,0.06,0.68
C0109376,2026-08-05 14:51:12.214699,GENERAL,729,Confirmed next payment due date.,False,False,False,0.25,0.45
C0109376,2026-08-06 10:16:44.211968,MORTGAGE_INQUIRY,173,Wants to speak to a mortgage specialist about refinancing. Mentioned rate shopping.,True,True,False,0.84,-0.41
C0109378,2026-07-24 05:17:06.050775,ESCROW,349,General question about online banking access.,False,False,False,0.1,0.36
C0109381,2026-09-09 17:43:52.343659,MORTGAGE_INQUIRY,879,Asked about the process to pay off the loan early and whether there are any prepayment penalties.,True,False,True,0.41,0.1
C0109382,2026-07-01 15:00:07.257615,MORTGAGE_INQUIRY,114,Called about refinancing options — wanted to know break-even on closing costs against a 5.29% offer.,True,False,False,0.66,0.07
C0109382,2026-08-03 22:40:23.869231,STATEMENT,328,Confirmed next payment due date.,False,False,False,0.0,-0.1
C0109387,2026-07-01 12:10:04.124134,PAYMENT,649,General question about online banking access.,False,False,False,0.0,-0.28
C0109387,2026-09-04 09:52:00.375311,MORTGAGE_INQUIRY,249,Customer asked what our current 30-year rates look like and mentioned they saw 5.2% at a competitor.,True,True,False,0.54,0.22
C0109388,2026-06-13 23:59:25.792337,PAYMENT,520,Question about escrow analysis and property tax increase.,False,False,False,0.3,0.24
C0109389,2026-07-22 12:41:10.581824,MORTGAGE_INQUIRY,471,Customer asked what our current 30-year rates look like and mentioned they saw 5.53% at a competitor.,True,True,False,0.84,-0.19
C0109389,2026-07-30 15:26:11.856019,MORTGAGE_INQUIRY,747,Called about refinancing options — wanted to know break-even on closing costs against a 5.51% offer.,True,False,False,0.59,-0.36
C0109392,2026-07-22 03:48:39.789944,MORTGAGE_INQUIRY,161,Inquired about payoff amount and where to send funds. Sounded like they may be refinancing elsewhere.,True,True,True,0.7,0.2
C0109392,2026-08-03 20:23:20.550102,GENERAL,480,Requested a copy of the most recent mortgage statement for tax purposes.,False,False,False,0.45,-0.1
C0109395,2026-08-03 10:40:55.972672,STATEMENT,247,Question about escrow analysis and property tax increase.,False,False,False,0.36,0.16
C0109395,2026-08-09 07:34:22.607866,ESCROW,502,Asked how to set up autopay for the mortgage.,False,False,False,0.26,0.16
C0109398,2026-07-16 20:17:58.550049,MORTGAGE_INQUIRY,574,Customer asked what our current 30-year rates look like and mentioned they saw 5.37% at Chase.,True,True,False,0.77,0.43
C0109398,2026-08-10 18:25:01.915693,GENERAL,232,Question about escrow analysis and property tax increase.,False,False,False,0.0,0.42
C0109401,2026-07-28 05:41:25.947213,MORTGAGE_INQUIRY,271,Customer asked what our current 30-year rates look like and mentioned they saw 5.57% at a competitor.,True,True,False,0.86,0.08
C0109403,2026-07-26 21:12:07.495560,PAYMENT,600,Asked how to set up autopay for the mortgage.,False,False,False,0.04,-0.12
C0109403,2026-09-05 23:56:40.081214,MORTGAGE_INQUIRY,491,Asked about the process to pay off the loan early and whether there are any prepayment penalties.,True,True,True,0.63,-0.01
C0109412,2026-07-09 18:04:32.606896,MORTGAGE_INQUIRY,828,Customer asked what our current 30-year rates look like and mentioned they saw 5.2% at Rocket.,True,True,False,0.65,0.03
C0109412,2026-09-03 22:29:04.152653,GENERAL,745,Asked how to set up autopay for the mortgage.,False,False,False,0.17,0.36
C0109419,2026-08-04 16:04:25.282554,STATEMENT,569,General question about online banking access.,False,False,False,0.27,0.33
C0109420,2026-07-18 08:09:20.219739,STATEMENT,702,Confirmed next payment due date.,False,False,False,0.22,-0.1
C0109420,2026-08-01 14:54:52.004213,ESCROW,795,General question about online banking access.,False,False,False,0.13,0.15
C0109422,2026-07-13 06:59:38.682899,MORTGAGE_INQUIRY,379,Wants to speak to a mortgage specialist about refinancing. Mentioned rate shopping.,True,True,False,0.85,-0.53
C0109422,2026-07-30 03:04:18.012774,MORTGAGE_INQUIRY,302,Wants to speak to a mortgage specialist about refinancing. Mentioned rate shopping.,True,True,False,0.58,-0.64
C0109430,2026-07-18 17:30:01.749707,PAYMENT,834,General question about online banking access.,False,False,False,0.01,-0.04
C0109430,2026-08-29 16:32:31.538273,MORTGAGE_INQUIRY,486,Customer asked what our current 30-year rates look like and mentioned they saw 5.41% at Chase.,True,True,False,0.65,0.18
C0109431,2026-07-30 17:25:24.305551,PAYMENT,539,Question about escrow analysis and property tax increase.,False,False,False,0.03,-0.09
C0109433,2026-07-19 11:44:47.833332,MORTGAGE_INQUIRY,135,Inquired about payoff amount and where to send funds. Sounded like they may be refinancing elsewhere.,True,False,True,0.66,-0.41
C0109434,2026-06-26 07:34:41.084038,ESCROW,256,Confirmed next payment due date.,False,False,False,0.07,0.2
C0109438,2026-06-24 07:22:25.758235,ESCROW,743,General question about online banking access.,False,False,False,0.11,0.11
C0109438,2026-07-01 22:20:33.482717,MORTGAGE_INQUIRY,659,Called about refinancing options — wanted to know break-even on closing costs against a 5.36% offer.,True,True,False,0.67,0.03
C0109439,2026-07-04 22:12:40.274367,MORTGAGE_INQUIRY,514,Wants to speak to a mortgage specialist about refinancing. Mentioned rate shopping.,True,False,False,0.77,0.57
C0109439,2026-08-13 14:02:37.014641,STATEMENT,778,Confirmed next payment due date.,False,False,False,0.31,0.28
C0109441,2026-07-09 15:05:43.250913,MORTGAGE_INQUIRY,202,Customer asked what our current 30-year rates look like and mentioned they saw 5.23% at Chase.,True,True,False,0.5,0.09
C0109442,2026-06-14 21:29:14.527681,MORTGAGE_INQUIRY,688,Asked about the process to pay off the loan early and whether there are any prepayment penalties.,True,False,True,0.74,0.31
C0109442,2026-07-30 20:27:36.290926,GENERAL,479,Confirmed next payment due date.,False,False,False,0.0,0.89
C0109445,2026-07-07 04:15:32.127408,ESCROW,279,General question about online banking access.,False,False,False,0.0,0.14
C0109446,2026-09-07 19:21:24.832343,GENERAL,558,General question about online banking access.,False,False,False,0.18,0.15
C0109447,2026-08-23 02:41:11.516015,ESCROW,744,Asked how to set up autopay for the mortgage.,False,False,False,0.0,-0.01
C0109448,2026-07-22 04:15:12.343223,PAYMENT,349,Question about escrow analysis and property tax increase.,False,False,False,0.23,0.42
C0109452,2026-06-21 06:53:12.169949,ESCROW,729,Asked how to set up autopay for the mortgage.,False,False,False,0.02,0.2
C0109452,2026-08-05 01:23:53.168047,GENERAL,791,Question about escrow analysis and property tax increase.,False,False,False,0.26,0.59
C0109453,2026-08-04 03:50:58.394917,STATEMENT,408,Requested a copy of the most recent mortgage statement for tax purposes.,False,False,False,0.25,0.53
C0109455,2026-08-20 06:37:06.960399,STATEMENT,366,Requested a copy of the most recent mortgage statement for tax purposes.,False,False,False,0.3,0.39
C0109456,2026-06-25 01:53:21.706800,MORTGAGE_INQUIRY,734,Inquired about payoff amount and where to send funds. Sounded like they may be refinancing elsewhere.,True,False,True,0.71,0.17
C0109458,2026-07-28 16:16:41.207798,STATEMENT,810,General question about online banking access.,False,False,False,0.09,0.23
C0109458,2026-08-24 12:21:01.928606,MORTGAGE_INQUIRY,634,Inquired about payoff amount and where to send funds. Sounded like they may be refinancing elsewhere.,True,False,True,0.77,-0.02
C0109460,2026-07-20 17:24:24.199693,MORTGAGE_INQUIRY,457,Called about refinancing options — wanted to know break-even on closing costs against a 5.2% offer.,True,True,False,1.0,-0.3
C0109464,2026-08-27 08:51:45.379451,GENERAL,394,Question about escrow analysis and property tax increase.,False,False,False,0.07,0.17
C0109465,2026-07-03 13:00:39.157572,STATEMENT,759,Requested a copy of the most recent mortgage statement for tax purposes.,False,False,False,0.13,-0.1
C0109478,2026-08-30 20:52:03.486675,GENERAL,854,Confirmed next payment due date.,False,False,False,0.13,-0.11
C0109482,2026-06-14 09:01:54.424429,MORTGAGE_INQUIRY,355,Customer asked what our current 30-year rates look like and mentioned they saw 5.17% at an online lender.,True,True,False,0.65,0.38
C0109484,2026-08-29 06:47:39.883919,STATEMENT,305,Question about escrow analysis and property tax increase.,False,False,False,0.0,0.3
C0109484,2026-09-08 01:49:30.379669,MORTGAGE_INQUIRY,247,Inquired about payoff amount and where to send funds. Sounded like they may be refinancing elsewhere.,True,False,True,0.74,0.0
C0109488,2026-07-25 08:46:21.707630,MORTGAGE_INQUIRY,742,Called about refinancing options — wanted to know break-even on closing costs against a 5.41% offer.,True,True,False,0.82,-0.07
C0109488,2026-07-27 03:05:33.302890,PAYMENT,295,Question about escrow analysis and property tax increase.,False,False,False,0.0,0.22
C0109489,2026-07-21 10:30:30.036525,MORTGAGE_INQUIRY,145,Customer asked what our current 30-year rates look like and mentioned they saw 5.39% at a competitor.,True,False,False,1.0,-0.17
C0109490,2026-07-11 10:54:24.895176,ESCROW,654,Asked how to set up autopay for the mortgage.,False,False,False,0.31,0.19
C0109490,2026-07-30 06:18:49.430693,GENERAL,289,Confirmed next payment due date.,False,False,False,0.0,0.24
C0109499,2026-08-13 12:38:21.453323,MORTGAGE_INQUIRY,472,Inquired about payoff amount and where to send funds. Sounded like they may be refinancing elsewhere.,True,True,True,0.53,-0.33
C0109499,2026-09-06 03:53:40.065563,MORTGAGE_INQUIRY,126,Asked about the process to pay off the loan early and whether there are any prepayment penalties.,True,True,True,0.62,-0.3
C0109503,2026-08-13 17:31:38.684092,PAYMENT,473,Confirmed next payment due date.,False,False,False,0.03,-0.45
C0109505,2026-07-09 13:44:42.080621,STATEMENT,530,Confirmed next payment due date.,False,False,False,0.25,0.22
C0109505,2026-09-06 19:01:22.351422,MORTGAGE_INQUIRY,301,Inquired about payoff amount and where to send funds. Sounded like they may be refinancing elsewhere.,True,True,True,0.61,-0.03
C0109510,2026-08-15 23:54:41.721933,PAYMENT,797,Asked how to set up autopay for the mortgage.,False,False,False,0.21,0.39
C0109513,2026-06-27 02:38:53.567706,GENERAL,898,General question about online banking access.,False,False,False,0.0,0.1
C0109513,2026-08-12 08:48:24.041118,MORTGAGE_INQUIRY,480,Wants to speak to a mortgage specialist about refinancing. Mentioned rate shopping.,True,True,False,0.85,-0.16
C0109515,2026-07-10 15:49:08.016583,GENERAL,131,General question about online banking access.,False,False,False,0.37,0.32
C0109517,2026-06-15 03:06:28.842447,MORTGAGE_INQUIRY,355,Customer asked what our current 30-year rates look like and mentioned they saw 5.56% at Rocket.,True,True,False,0.87,0.2
C0109517,2026-07-04 06:50:14.168876,MORTGAGE_INQUIRY,570,Inquired about payoff amount and where to send funds. Sounded like they may be refinancing elsewhere.,True,True,True,1.0,-0.17
C0109521,2026-07-08 02:32:43.842226,MORTGAGE_INQUIRY,736,Wants to speak to a mortgage specialist about refinancing. Mentioned rate shopping.,True,True,False,0.85,0.22
C0109521,2026-08-16 14:43:10.599888,MORTGAGE_INQUIRY,560,Called about refinancing options — wanted to know break-even on closing costs against a 5.49% offer.,True,True,False,0.66,-0.29
C0109523,2026-07-20 19:28:41.860374,STATEMENT,807,General question about online banking access.,False,False,False,0.02,0.23
C0109525,2026-07-27 11:55:34.451392,STATEMENT,509,Confirmed next payment due date.,False,False,False,0.14,0.12
C0109533,2026-07-30 13:09:51.950475,MORTGAGE_INQUIRY,726,Wants to speak to a mortgage specialist about refinancing. Mentioned rate shopping.,True,False,False,0.99,-0.1
C0109534,2026-06-21 10:54:26.844358,MORTGAGE_INQUIRY,332,Customer asked what our current 30-year rates look like and mentioned they saw 5.47% at Chase.,True,False,False,0.96,-0.43
C0109534,2026-09-01 13:49:23.518834,MORTGAGE_INQUIRY,604,Inquired about payoff amount and where to send funds. Sounded like they may be refinancing elsewhere.,True,False,True,0.65,-0.47
C0109536,2026-07-11 14:46:08.667707,MORTGAGE_INQUIRY,718,Customer asked what our current 30-year rates look like and mentioned they saw 5.3% at a competitor.,True,True,False,1.0,-0.12
C0109536,2026-09-07 20:00:28.756374,ESCROW,562,Confirmed next payment due date.,False,False,False,0.13,-0.14
C0109540,2026-09-03 03:25:50.662963,MORTGAGE_INQUIRY,561,Customer asked what our current 30-year rates look like and mentioned they saw 5.17% at a competitor.,True,False,False,1.0,-0.41
C0109540,2026-09-07 03:59:16.422772,STATEMENT,467,Asked how to set up autopay for the mortgage.,False,False,False,0.0,-0.09
C0109544,2026-06-21 18:07:39.040265,PAYMENT,785,Confirmed next payment due date.,False,False,False,0.0,0.54
C0109544,2026-08-09 02:12:42.117057,PAYMENT,217,Question about escrow analysis and property tax increase.,False,False,False,0.16,0.47
C0109545,2026-06-29 05:11:00.985877,ESCROW,378,Confirmed next payment due date.,False,False,False,0.16,0.02
C0109558,2026-06-15 07:29:27.448403,MORTGAGE_INQUIRY,596,Inquired about payoff amount and where to send funds. Sounded like they may be refinancing elsewhere.,True,True,True,0.55,-0.53
C0109558,2026-07-15 07:47:21.445409,STATEMENT,319,Confirmed next payment due date.,False,False,False,0.05,0.92
C0109563,2026-07-25 08:11:31.859147,GENERAL,797,Requested a copy of the most recent mortgage statement for tax purposes.,False,False,False,0.0,0.1
C0109563,2026-09-06 13:20:27.422229,ESCROW,176,Confirmed next payment due date.,False,False,False,0.08,0.05
C0109566,2026-07-06 06:33:23.675217,MORTGAGE_INQUIRY,217,Customer asked what our current 30-year rates look like and mentioned they saw 5.6% at Chase.,True,True,False,0.84,-0.64
C0109566,2026-07-24 17:38:37.581058,ESCROW,89,Question about escrow analysis and property tax increase.,False,False,False,0.31,-0.07
C0109568,2026-06-25 14:29:33.441490,MORTGAGE_INQUIRY,328,Wants to speak to a mortgage specialist about refinancing. Mentioned rate shopping.,True,True,False,0.77,-0.1
C0109568,2026-09-10 17:25:32.326675,STATEMENT,762,Question about escrow analysis and property tax increase.,False,False,False,0.23,0.65
C0109569,2026-07-05 02:57:14.216151,MORTGAGE_INQUIRY,417,Inquired about payoff amount and where to send funds. Sounded like they may be refinancing elsewhere.,True,True,True,0.98,-0.07
C0109569,2026-08-17 18:21:55.148914,MORTGAGE_INQUIRY,395,Called about refinancing options — wanted to know break-even on closing costs against a 5.54% offer.,True,False,False,0.83,-0.1
C0109574,2026-07-12 13:52:11.921086,MORTGAGE_INQUIRY,601,Customer asked what our current 30-year rates look like and mentioned they saw 5.18% at an online lender.,True,True,False,0.86,-0.26
C0109576,2026-09-04 00:35:11.151172,ESCROW,121,Question about escrow analysis and property tax increase.,False,False,False,0.03,-0.27
C0109577,2026-08-09 22:46:24.101983,MORTGAGE_INQUIRY,231,Customer asked what our current 30-year rates look like and mentioned they saw 5.18% at a competitor.,True,True,False,0.9,-0.05
C0109577,2026-08-19 15:48:40.440693,MORTGAGE_INQUIRY,155,Inquired about payoff amount and where to send funds. Sounded like they may be refinancing elsewhere.,True,False,True,0.85,0.05
C0109578,2026-07-15 03:37:24.203871,ESCROW,898,Confirmed next payment due date.,False,False,False,0.08,-0.05
C0109583,2026-08-10 11:18:38.539562,STATEMENT,404,Confirmed next payment due date.,False,False,False,0.15,0.49
C0109584,2026-08-07 06:43:44.573478,ESCROW,97,Asked how to set up autopay for the mortgage.,False,False,False,0.2,-0.22
C0109586,2026-09-05 02:11:02.554768,GENERAL,159,Confirmed next payment due date.,False,False,False,0.32,0.4
C0109588,2026-07-03 19:25:25.925350,STATEMENT,214,General question about online banking access.,False,False,False,0.25,0.41
C0109588,2026-08-30 09:06:00.200865,STATEMENT,132,Question about escrow analysis and property tax increase.,False,False,False,0.15,0.51
C0109592,2026-06-25 14:10:19.681357,ESCROW,857,Confirmed next payment due date.,False,False,False,0.17,-0.11
C0109599,2026-06-15 17:43:24.650675,STATEMENT,860,General question about online banking access.,False,False,False,0.15,0.19
C0109599,2026-08-25 09:07:42.165586,STATEMENT,447,Asked how to set up autopay for the mortgage.,False,False,False,0.12,-0.15
C0109601,2026-06-29 02:32:46.120880,GENERAL,413,Requested a copy of the most recent mortgage statement for tax purposes.,False,False,False,0.32,-0.16
C0109601,2026-07-21 20:15:00.075663,MORTGAGE_INQUIRY,95,Wants to speak to a mortgage specialist about refinancing. Mentioned rate shopping.,True,False,False,0.83,-0.14
C0109604,2026-08-01 22:28:43.694983,MORTGAGE_INQUIRY,491,Asked about the process to pay off the loan early and whether there are any prepayment penalties.,True,True,True,0.68,-0.06
C0109612,2026-09-09 09:35:55.989706,MORTGAGE_INQUIRY,680,Inquired about payoff amount and where to send funds. Sounded like they may be refinancing elsewhere.,True,True,True,0.68,0.36
C0109615,2026-06-27 00:21:14.472939,MORTGAGE_INQUIRY,539,Wants to speak to a mortgage specialist about refinancing. Mentioned rate shopping.,True,False,False,0.53,-0.01
C0109616,2026-08-17 14:33:54.448785,GENERAL,237,Requested a copy of the most recent mortgage statement for tax purposes.,False,False,False,0.0,0.08
C0109616,2026-09-10 14:12:55.925903,STATEMENT,659,General question about online banking access.,False,False,False,0.42,0.27
C0109618,2026-06-26 02:53:53.711054,MORTGAGE_INQUIRY,872,Customer asked what our current 30-year rates look like and mentioned they saw 5.52% at Rocket.,True,True,False,0.69,-0.04
C0109618,2026-09-01 04:14:35.957215,MORTGAGE_INQUIRY,338,Called about refinancing options — wanted to know break-even on closing costs against a 5.3% offer.,True,True,False,0.66,-0.44
C0109620,2026-06-14 20:38:35.531727,MORTGAGE_INQUIRY,824,Inquired about payoff amount and where to send funds. Sounded like they may be refinancing elsewhere.,True,True,True,0.73,-0.31
C0109620,2026-09-04 09:14:22.355765,MORTGAGE_INQUIRY,161,Customer asked what our current 30-year rates look like and mentioned they saw 5.54% at Chase.,True,True,False,0.49,-0.03
C0109622,2026-09-06 17:24:20.617653,MORTGAGE_INQUIRY,650,Customer asked what our current 30-year rates look like and mentioned they saw 5.36% at Rocket.,True,False,False,0.68,0.04
C0109625,2026-06-18 18:45:43.854720,MORTGAGE_INQUIRY,270,Wants to speak to a mortgage specialist about refinancing. Mentioned rate shopping.,True,True,False,0.86,-0.08
C0109627,2026-06-26 15:49:52.603507,GENERAL,220,Confirmed next payment due date.,False,False,False,0.08,-0.49
C0109627,2026-07-04 09:25:03.656595,ESCROW,831,General question about online banking access.,False,False,False,0.33,0.23
C0109633,2026-06-19 00:43:17.023331,ESCROW,826,General question about online banking access.,False,False,False,0.0,0.19
C0109639,2026-09-02 11:21:48.253725,GENERAL,356,Asked how to set up autopay for the mortgage.,False,False,False,0.02,0.07
C0109640,2026-06-21 09:09:51.985625,MORTGAGE_INQUIRY,896,Asked about the process to pay off the loan early and whether there are any prepayment penalties.,True,True,True,0.88,0.13
C0109640,2026-07-27 15:14:20.777765,MORTGAGE_INQUIRY,521,Asked about the process to pay off the loan early and whether there are any prepayment penalties.,True,True,True,0.55,-0.56
C0109644,2026-07-04 04:02:00.810453,ESCROW,484,Asked how to set up autopay for the mortgage.,False,False,False,0.28,0.03
C0109644,2026-07-06 13:46:19.637656,STATEMENT,758,Confirmed next payment due date.,False,False,False,0.17,0.6
C0109648,2026-07-31 01:05:32.118280,MORTGAGE_INQUIRY,166,Inquired about payoff amount and where to send funds. Sounded like they may be refinancing elsewhere.,True,True,True,0.66,0.18
C0109649,2026-07-25 22:08:39.140989,PAYMENT,522,Confirmed next payment due date.,False,False,False,0.14,-0.08
C0109649,2026-09-01 00:40:12.687787,ESCROW,347,General question about online banking access.,False,False,False,0.25,0.39
C0109653,2026-08-16 00:25:53.924693,MORTGAGE_INQUIRY,519,Customer asked what our current 30-year rates look like and mentioned they saw 5.29% at an online lender.,True,False,False,0.86,-0.47
C0109654,2026-06-23 21:30:22.361767,PAYMENT,61,Confirmed next payment due date.,False,False,False,0.3,-0.01
C0109654,2026-08-10 01:32:50.238337,GENERAL,565,Requested a copy of the most recent mortgage statement for tax purposes.,False,False,False,0.0,-0.07
C0109663,2026-09-08 17:47:18.913205,GENERAL,443,General question about online banking access.,False,False,False,0.07,0.13
C0109664,2026-08-10 08:27:52.513787,STATEMENT,563,Question about escrow analysis and property tax increase.,False,False,False,0.0,0.6
C0109666,2026-06-23 22:19:05.524270,STATEMENT,418,Asked how to set up autopay for the mortgage.,False,False,False,0.17,0.05
C0109667,2026-08-13 12:24:36.988685,ESCROW,798,General question about online banking access.,False,False,False,0.45,0.26
C0109674,2026-08-02 10:27:48.264136,MORTGAGE_INQUIRY,365,Asked about the process to pay off the loan early and whether there are any prepayment penalties.,True,True,True,0.82,-0.7
C0109676,2026-08-05 22:29:14.094732,STATEMENT,121,Asked how to set up autopay for the mortgage.,False,False,False,0.4,-0.01
C0109676,2026-08-20 06:09:14.943964,ESCROW,560,General question about online banking access.,False,False,False,0.0,0.48
C0109680,2026-06-17 14:22:21.276649,PAYMENT,88,Question about escrow analysis and property tax increase.,False,False,False,0.3,0.13
C0109680,2026-08-18 16:42:50.849087,GENERAL,499,Question about escrow analysis and property tax increase.,False,False,False,0.0,0.59
C0109681,2026-06-19 18:01:18.410891,PAYMENT,165,Asked how to set up autopay for the mortgage.,False,False,False,0.05,-0.45
C0109682,2026-08-03 21:42:43.239290,MORTGAGE_INQUIRY,287,Wants to speak to a mortgage specialist about refinancing. Mentioned rate shopping.,True,True,False,0.65,-0.08
C0109684,2026-08-18 05:24:29.311173,GENERAL,532,Confirmed next payment due date.,False,False,False,0.22,0.24
C0109688,2026-07-20 04:51:57.923360,MORTGAGE_INQUIRY,323,Customer asked what our current 30-year rates look like and mentioned they saw 5.32% at Chase.,True,False,False,0.81,-0.11
C0109693,2026-06-20 14:00:54.640652,MORTGAGE_INQUIRY,738,Wants to speak to a mortgage specialist about refinancing. Mentioned rate shopping.,True,True,False,0.92,0.3
C0109693,2026-08-13 20:13:11.130311,MORTGAGE_INQUIRY,325,Inquired about payoff amount and where to send funds. Sounded like they may be refinancing elsewhere.,True,False,True,0.51,-0.49
C0109696,2026-09-05 19:20:18.053758,STATEMENT,67,Requested a copy of the most recent mortgage statement for tax purposes.,False,False,False,0.33,-0.02
C0109698,2026-08-05 23:15:11.943281,ESCROW,484,Asked how to set up autopay for the mortgage.,False,False,False,0.32,0.02
C0109699,2026-08-26 16:17:04.289244,MORTGAGE_INQUIRY,554,Called about refinancing options — wanted to know break-even on closing costs against a 5.45% offer.,True,True,False,0.7,-0.2
C0109700,2026-08-23 12:55:30.430681,PAYMENT,672,Confirmed next payment due date.,False,False,False,0.17,0.27
C0109701,2026-06-16 12:24:40.863693,GENERAL,460,Confirmed next payment due date.,False,False,False,0.23,0.34
C0109701,2026-06-30 04:03:48.699507,MORTGAGE_INQUIRY,200,Inquired about payoff amount and where to send funds. Sounded like they may be refinancing elsewhere.,True,True,True,0.71,-0.16
C0109705,2026-07-19 10:18:01.142454,STATEMENT,834,Confirmed next payment due date.,False,False,False,0.0,0.54
C0109706,2026-08-05 21:12:06.908164,MORTGAGE_INQUIRY,794,Asked about the process to pay off the loan early and whether there are any prepayment penalties.,True,True,True,0.94,-0.58
C0109711,2026-07-13 21:07:49.631979,MORTGAGE_INQUIRY,275,Customer asked what our current 30-year rates look like and mentioned they saw 5.3% at Chase.,True,True,False,0.84,0.05
C0109723,2026-07-25 01:05:45.479411,ESCROW,698,Asked how to set up autopay for the mortgage.,False,False,False,0.37,0.72
C0109728,2026-08-16 19:29:19.873401,PAYMENT,145,Requested a copy of the most recent mortgage statement for tax purposes.,False,False,False,0.11,0.76
C0109730,2026-06-21 17:55:03.601025,MORTGAGE_INQUIRY,101,Customer asked what our current 30-year rates look like and mentioned they saw 5.25% at an online lender.,True,True,False,0.48,0.04
C0109730,2026-09-02 12:17:47.605288,MORTGAGE_INQUIRY,899,Customer asked what our current 30-year rates look like and mentioned they saw 5.44% at Chase.,True,False,False,0.58,0.29
C0109731,2026-07-29 12:27:54.187699,MORTGAGE_INQUIRY,521,Customer asked what our current 30-year rates look like and mentioned they saw 5.33% at Rocket.,True,True,False,0.71,-0.12
C0109731,2026-08-08 09:10:36.064904,STATEMENT,757,Confirmed next payment due date.,False,False,False,0.06,0.37
C0109736,2026-08-11 18:49:05.964821,PAYMENT,502,Requested a copy of the most recent mortgage statement for tax purposes.,False,False,False,0.15,0.49
C0109740,2026-07-10 15:01:55.098647,MORTGAGE_INQUIRY,396,Asked about the process to pay off the loan early and whether there are any prepayment penalties.,True,True,True,0.75,-0.32
C0109740,2026-08-31 16:38:13.355030,GENERAL,740,Asked how to set up autopay for the mortgage.,False,False,False,0.29,0.06
C0109746,2026-08-01 03:16:56.686339,PAYMENT,232,Asked how to set up autopay for the mortgage.,False,False,False,0.15,0.11
C0109746,2026-08-23 20:54:35.035175,ESCROW,63,Asked how to set up autopay for the mortgage.,False,False,False,0.0,0.1
C0109749,2026-06-29 02:23:54.580506,ESCROW,359,Confirmed next payment due date.,False,False,False,0.02,0.28
C0109749,2026-08-14 15:52:30.258125,PAYMENT,413,Question about escrow analysis and property tax increase.,False,False,False,0.16,0.16
C0109750,2026-08-21 19:45:54.692378,MORTGAGE_INQUIRY,328,Wants to speak to a mortgage specialist about refinancing. Mentioned rate shopping.,True,False,False,0.66,-0.16
C0109750,2026-08-25 12:39:50.494191,STATEMENT,254,General question about online banking access.,False,False,False,0.0,1.0
C0109751,2026-08-16 23:40:07.721039,PAYMENT,469,General question about online banking access.,False,False,False,0.28,0.51
C0109753,2026-08-17 00:59:03.335298,ESCROW,342,Requested a copy of the most recent mortgage statement for tax purposes.,False,False,False,0.01,-0.09
C0109758,2026-06-21 17:52:53.370728,MORTGAGE_INQUIRY,259,Wants to speak to a mortgage specialist about refinancing. Mentioned rate shopping.,True,True,False,0.63,-0.03
C0109764,2026-08-12 22:41:22.392983,MORTGAGE_INQUIRY,662,Customer asked what our current 30-year rates look like and mentioned they saw 5.36% at Rocket.,True,False,False,0.58,-0.08
C0109764,2026-08-27 10:24:54.319425,GENERAL,244,Question about escrow analysis and property tax increase.,False,False,False,0.07,0.49
C0109767,2026-07-19 14:52:29.201218,PAYMENT,803,Asked how to set up autopay for the mortgage.,False,False,False,0.0,-0.12
C0109768,2026-08-03 22:35:13.800428,STATEMENT,533,Question about escrow analysis and property tax increase.,False,False,False,0.21,0.29
C0109768,2026-09-06 21:59:06.050598,MORTGAGE_INQUIRY,853,Called about refinancing options — wanted to know break-even on closing costs against a 5.37% offer.,True,False,False,1.0,-0.49
C0109770,2026-07-28 03:19:56.228401,PAYMENT,136,Confirmed next payment due date.,False,False,False,0.09,-0.36
C0109776,2026-06-21 22:43:18.109160,STATEMENT,689,General question about online banking access.,False,False,False,0.17,0.06
C0109776,2026-07-08 15:03:27.550229,GENERAL,488,Question about escrow analysis and property tax increase.,False,False,False,0.19,-0.47
C0109779,2026-08-04 21:50:57.658113,ESCROW,103,Asked how to set up autopay for the mortgage.,False,False,False,0.16,-0.13
C0109780,2026-07-21 15:49:18.572170,MORTGAGE_INQUIRY,367,Customer asked what our current 30-year rates look like and mentioned they saw 5.24% at a competitor.,True,True,False,0.73,-0.59
C0109787,2026-07-28 16:17:21.464692,ESCROW,828,Confirmed next payment due date.,False,False,False,0.2,0.48
C0109787,2026-08-04 16:02:58.581691,PAYMENT,645,Question about escrow analysis and property tax increase.,False,False,False,0.34,0.65
C0109795,2026-06-14 16:00:41.044193,MORTGAGE_INQUIRY,767,Wants to speak to a mortgage specialist about refinancing. Mentioned rate shopping.,True,True,False,0.64,-0.46
C0109795,2026-08-23 12:41:58.788146,MORTGAGE_INQUIRY,246,Customer asked what our current 30-year rates look like and mentioned they saw 5.49% at an online lender.,True,True,False,0.94,-0.23
C0109796,2026-06-23 06:59:38.310222,ESCROW,846,General question about online banking access.,False,False,False,0.14,-0.05
C0109796,2026-07-04 06:12:44.157295,STATEMENT,201,Confirmed next payment due date.,False,False,False,0.07,0.06
C0109797,2026-06-29 16:50:12.527636,STATEMENT,326,Confirmed next payment due date.,False,False,False,0.16,0.18
C0109798,2026-07-06 15:59:44.099978,MORTGAGE_INQUIRY,151,Customer asked what our current 30-year rates look like and mentioned they saw 5.19% at a competitor.,True,True,False,0.78,-0.26
C0109798,2026-08-24 03:18:57.403571,STATEMENT,381,Confirmed next payment due date.,False,False,False,0.13,0.32
C0109799,2026-07-22 14:51:16.453355,MORTGAGE_INQUIRY,799,Customer asked what our current 30-year rates look like and mentioned they saw 5.41% at an online lender.,True,False,False,0.76,-0.14
C0109803,2026-08-26 15:23:32.025379,ESCROW,887,General question about online banking access.,False,False,False,0.23,0.34
C0109809,2026-07-05 19:31:43.099167,STATEMENT,96,General question about online banking access.,False,False,False,0.0,-0.25
C0109809,2026-07-30 12:40:40.610991,MORTGAGE_INQUIRY,885,Asked about the process to pay off the loan early and whether there are any prepayment penalties.,True,True,True,0.59,-0.08
C0109810,2026-08-11 01:00:38.299773,PAYMENT,183,General question about online banking access.,False,False,False,0.17,0.1
C0109810,2026-09-06 17:12:34.800183,ESCROW,743,Confirmed next payment due date.,False,False,False,0.0,0.49
C0109811,2026-08-10 14:10:51.939808,GENERAL,399,Asked how to set up autopay for the mortgage.,False,False,False,0.02,0.63
C0109812,2026-07-25 08:45:03.600951,STATEMENT,240,Requested a copy of the most recent mortgage statement for tax purposes.,False,False,False,0.16,0.01
C0109813,2026-07-08 15:19:29.986537,ESCROW,568,Question about escrow analysis and property tax increase.,False,False,False,0.0,0.47
C0109813,2026-07-31 01:19:34.706272,STATEMENT,115,Confirmed next payment due date.,False,False,False,0.2,0.21
C0109819,2026-07-01 17:51:23.120057,GENERAL,299,Question about escrow analysis and property tax increase.,False,False,False,0.04,0.59
C0109819,2026-08-25 13:49:53.082420,MORTGAGE_INQUIRY,599,Called about refinancing options — wanted to know break-even on closing costs against a 5.58% offer.,True,False,False,0.9,0.03
C0109820,2026-07-03 00:33:51.992522,MORTGAGE_INQUIRY,807,Asked about the process to pay off the loan early and whether there are any prepayment penalties.,True,False,True,0.64,-0.35
C0109820,2026-08-19 06:58:15.824002,GENERAL,520,Requested a copy of the most recent mortgage statement for tax purposes.,False,False,False,0.11,0.73
C0109822,2026-08-23 22:21:37.334034,ESCROW,381,Confirmed next payment due date.,False,False,False,0.26,-0.29
C0109822,2026-09-02 17:15:00.627918,MORTGAGE_INQUIRY,390,Customer asked what our current 30-year rates look like and mentioned they saw 5.28% at a competitor.,True,False,False,0.67,-0.05
C0109829,2026-07-07 21:39:53.993313,MORTGAGE_INQUIRY,464,Called about refinancing options — wanted to know break-even on closing costs against a 5.28% offer.,True,False,False,0.82,-0.3
C0109830,2026-06-14 16:43:10.476813,STATEMENT,494,Requested a copy of the most recent mortgage statement for tax purposes.,False,False,False,0.17,0.36
C0109834,2026-06-13 16:39:36.336943,GENERAL,846,General question about online banking access.,False,False,False,0.15,-0.27
C0109834,2026-07-02 04:09:29.081975,STATEMENT,887,Asked how to set up autopay for the mortgage.,False,False,False,0.21,0.04
C0109835,2026-07-29 03:45:35.651374,MORTGAGE_INQUIRY,358,Wants to speak to a mortgage specialist about refinancing. Mentioned rate shopping.,True,True,False,0.71,0.27
C0109835,2026-08-30 08:43:40.377751,MORTGAGE_INQUIRY,230,Called about refinancing options — wanted to know break-even on closing costs against a 5.32% offer.,True,False,False,0.65,-0.14
C0109838,2026-09-08 11:06:45.076065,MORTGAGE_INQUIRY,599,Wants to speak to a mortgage specialist about refinancing. Mentioned rate shopping.,True,True,False,0.73,0.41
C0109840,2026-07-14 23:02:59.367995,STATEMENT,220,Asked how to set up autopay for the mortgage.,False,False,False,0.19,0.21
C0109842,2026-08-31 10:27:48.873200,ESCROW,252,Requested a copy of the most recent mortgage statement for tax purposes.,False,False,False,0.31,0.15
C0109843,2026-08-16 14:58:29.239390,STATEMENT,512,Question about escrow analysis and property tax increase.,False,False,False,0.17,0.26
C0109844,2026-08-17 16:31:47.051700,PAYMENT,495,Asked how to set up autopay for the mortgage.,False,False,False,0.09,0.22
C0109844,2026-08-27 00:44:23.993133,GENERAL,69,General question about online banking access.,False,False,False,0.14,0.01
C0109846,2026-08-08 05:27:05.805128,MORTGAGE_INQUIRY,191,Customer asked what our current 30-year rates look like and mentioned they saw 5.17% at an online lender.,True,True,False,0.83,-0.17
C0109846,2026-08-25 21:58:58.843383,PAYMENT,742,Asked how to set up autopay for the mortgage.,False,False,False,0.02,0.06
C0109848,2026-07-06 21:50:37.211456,MORTGAGE_INQUIRY,488,Customer asked what our current 30-year rates look like and mentioned they saw 5.38% at Chase.,True,True,False,0.88,-0.22
C0109854,2026-08-09 18:34:15.928856,MORTGAGE_INQUIRY,221,Asked about the process to pay off the loan early and whether there are any prepayment penalties.,True,False,True,0.9,0.58
C0109854,2026-08-20 14:01:26.600056,MORTGAGE_INQUIRY,546,Wants to speak to a mortgage specialist about refinancing. Mentioned rate shopping.,True,True,False,0.63,-0.09
C0109861,2026-09-09 11:24:59.103606,ESCROW,818,Confirmed next payment due date.,False,False,False,0.0,0.53
C0109864,2026-06-27 03:46:13.596903,STATEMENT,464,Requested a copy of the most recent mortgage statement for tax purposes.,False,False,False,0.1,0.01
C0109864,2026-08-25 02:53:36.563478,MORTGAGE_INQUIRY,230,Called about refinancing options — wanted to know break-even on closing costs against a 5.45% offer.,True,True,False,0.71,0.54
C0109869,2026-08-14 16:56:05.353237,MORTGAGE_INQUIRY,473,Asked about the process to pay off the loan early and whether there are any prepayment penalties.,True,True,True,0.93,-0.53
C0109874,2026-09-08 13:20:21.729318,GENERAL,201,Question about escrow analysis and property tax increase.,False,False,False,0.28,0.09
C0109875,2026-06-15 14:58:29.035147,MORTGAGE_INQUIRY,382,Inquired about payoff amount and where to send funds. Sounded like they may be refinancing elsewhere.,True,True,True,0.56,-0.27
C0109875,2026-08-14 03:17:35.382109,MORTGAGE_INQUIRY,401,Asked about the process to pay off the loan early and whether there are any prepayment penalties.,True,False,True,0.73,-0.3
C0109878,2026-08-26 00:34:28.636324,MORTGAGE_INQUIRY,503,Customer asked what our current 30-year rates look like and mentioned they saw 5.19% at Chase.,True,False,False,0.84,-0.22
C0109878,2026-08-26 06:19:12.959759,PAYMENT,862,Confirmed next payment due date.,False,False,False,0.32,0.07
C0109879,2026-06-20 18:41:35.492521,STATEMENT,459,General question about online banking access.,False,False,False,0.29,0.65
C0109879,2026-08-03 15:00:42.116708,STATEMENT,541,Asked how to set up autopay for the mortgage.,False,False,False,0.25,0.58
C0109883,2026-07-13 19:33:51.743823,STATEMENT,514,Question about escrow analysis and property tax increase.,False,False,False,0.19,0.12
C0109884,2026-06-20 07:13:12.907647,MORTGAGE_INQUIRY,319,Inquired about payoff amount and where to send funds. Sounded like they may be refinancing elsewhere.,True,False,True,0.91,0.19
C0109884,2026-07-09 22:35:49.732147,PAYMENT,72,Confirmed next payment due date.,False,False,False,0.06,0.33
C0109889,2026-07-12 22:04:25.021388,PAYMENT,740,Requested a copy of the most recent mortgage statement for tax purposes.,False,False,False,0.04,0.84
C0109889,2026-07-17 11:05:48.982813,ESCROW,758,Question about escrow analysis and property tax increase.,False,False,False,0.13,-0.11
C0109895,2026-07-08 11:15:01.231634,MORTGAGE_INQUIRY,242,Wants to speak to a mortgage specialist about refinancing. Mentioned rate shopping.,True,False,False,0.49,-0.25
C0109899,2026-07-05 21:32:48.556468,MORTGAGE_INQUIRY,720,Inquired about payoff amount and where to send funds. Sounded like they may be refinancing elsewhere.,True,True,True,0.78,-0.04
C0109899,2026-08-07 02:20:21.294866,ESCROW,211,Requested a copy of the most recent mortgage statement for tax purposes.,False,False,False,0.36,0.51
C0109901,2026-07-08 18:26:01.922981,STATEMENT,328,General question about online banking access.,False,False,False,0.2,-0.26
C0109901,2026-07-23 00:17:24.491542,MORTGAGE_INQUIRY,256,Called about refinancing options — wanted to know break-even on closing costs against a 5.31% offer.,True,True,False,0.93,0.01
C0109904,2026-08-24 14:01:48.842543,MORTGAGE_INQUIRY,88,Customer asked what our current 30-year rates look like and mentioned they saw 5.46% at an online lender.,True,True,False,0.7,-0.16
C0109905,2026-06-30 05:42:21.310249,PAYMENT,745,Question about escrow analysis and property tax increase.,False,False,False,0.23,-0.27
C0109910,2026-09-05 10:41:05.742880,MORTGAGE_INQUIRY,290,Asked about the process to pay off the loan early and whether there are any prepayment penalties.,True,True,True,0.59,-0.26
C0109916,2026-08-07 09:31:16.508570,MORTGAGE_INQUIRY,797,Inquired about payoff amount and where to send funds. Sounded like they may be refinancing elsewhere.,True,False,True,0.56,0.18
C0109919,2026-06-28 22:46:23.094332,STATEMENT,639,Confirmed next payment due date.,False,False,False,0.12,-0.08
C0109919,2026-07-08 11:01:38.304053,ESCROW,558,Confirmed next payment due date.,False,False,False,0.26,0.16
C0109923,2026-08-19 22:46:36.425434,MORTGAGE_INQUIRY,233,Asked about the process to pay off the loan early and whether there are any prepayment penalties.,True,False,True,0.9,0.01
C0109927,2026-08-16 21:12:26.078167,PAYMENT,294,General question about online banking access.,False,False,False,0.05,0.75
C0109927,2026-09-01 07:24:58.787004,PAYMENT,842,Confirmed next payment due date.,False,False,False,0.27,0.5
C0109928,2026-06-20 04:38:37.339940,GENERAL,101,Question about escrow analysis and property tax increase.,False,False,False,0.0,-0.21
C0109932,2026-07-21 12:45:30.082605,PAYMENT,588,Question about escrow analysis and property tax increase.,False,False,False,0.11,0.46
C0109932,2026-08-31 01:18:50.749179,PAYMENT,385,Question about escrow analysis and property tax increase.,False,False,False,0.14,0.1
C0109934,2026-08-17 23:35:18.435561,MORTGAGE_INQUIRY,268,Asked about the process to pay off the loan early and whether there are any prepayment penalties.,True,True,True,0.62,-0.46
C0109935,2026-06-23 04:23:42.485716,MORTGAGE_INQUIRY,378,Inquired about payoff amount and where to send funds. Sounded like they may be refinancing elsewhere.,True,False,True,0.72,-0.14
C0109935,2026-06-25 16:07:08.580743,PAYMENT,493,Question about escrow analysis and property tax increase.,False,False,False,0.04,0.71
C0109941,2026-06-23 15:32:47.993337,MORTGAGE_INQUIRY,62,Wants to speak to a mortgage specialist about refinancing. Mentioned rate shopping.,True,True,False,0.64,0.17
C0109941,2026-08-01 15:51:46.481910,GENERAL,264,Confirmed next payment due date.,False,False,False,0.24,0.65
C0109942,2026-07-21 01:10:16.084212,MORTGAGE_INQUIRY,543,Wants to speak to a mortgage specialist about refinancing. Mentioned rate shopping.,True,True,False,0.57,-0.05
C0109942,2026-07-22 04:02:06.077014,MORTGAGE_INQUIRY,603,Wants to speak to a mortgage specialist about refinancing. Mentioned rate shopping.,True,True,False,0.78,0.02
C0109945,2026-09-05 23:13:20.125163,ESCROW,807,Question about escrow analysis and property tax increase.,False,False,False,0.0,-0.31
C0109946,2026-08-23 12:05:54.491023,ESCROW,326,Asked how to set up autopay for the mortgage.,False,False,False,0.37,0.28
C0109952,2026-07-04 10:20:38.420150,PAYMENT,263,General question about online banking access.,False,False,False,0.19,-0.24
C0109952,2026-08-29 23:47:52.032431,GENERAL,829,Asked how to set up autopay for the mortgage.,False,False,False,0.52,-0.12
C0109954,2026-07-01 05:21:28.767458,MORTGAGE_INQUIRY,548,Wants to speak to a mortgage specialist about refinancing. Mentioned rate shopping.,True,True,False,0.8,-0.27
C0109954,2026-08-27 15:35:45.741262,STATEMENT,775,Asked how to set up autopay for the mortgage.,False,False,False,0.36,0.66
C0109956,2026-07-20 20:35:44.262177,MORTGAGE_INQUIRY,764,Customer asked what our current 30-year rates look like and mentioned they saw 5.49% at Chase.,True,True,False,0.61,-0.48
C0109960,2026-08-27 03:32:39.228784,PAYMENT,358,Question about escrow analysis and property tax increase.,False,False,False,0.09,0.29
C0109964,2026-07-02 01:26:42.489081,GENERAL,136,Asked how to set up autopay for the mortgage.,False,False,False,0.03,0.48
C0109965,2026-07-17 17:22:40.170543,MORTGAGE_INQUIRY,423,Inquired about payoff amount and where to send funds. Sounded like they may be refinancing elsewhere.,True,False,True,0.72,-0.32
C0109968,2026-06-23 19:30:29.965377,ESCROW,388,Requested a copy of the most recent mortgage statement for tax purposes.,False,False,False,0.28,0.37
C0109969,2026-09-06 18:36:13.632971,MORTGAGE_INQUIRY,402,Asked about the process to pay off the loan early and whether there are any prepayment penalties.,True,False,True,0.48,0.01
C0109970,2026-06-29 09:47:09.076334,GENERAL,269,Asked how to set up autopay for the mortgage.,False,False,False,0.02,0.35
C0109970,2026-08-05 14:47:26.283067,MORTGAGE_INQUIRY,278,Customer asked what our current 30-year rates look like and mentioned they saw 5.51% at a competitor.,True,True,False,1.0,0.0
C0109971,2026-07-20 20:20:52.641120,STATEMENT,215,Confirmed next payment due date.,False,False,False,0.21,0.15
C0109973,2026-06-17 12:18:03.641655,MORTGAGE_INQUIRY,868,Called about refinancing options — wanted to know break-even on closing costs against a 5.45% offer.,True,True,False,0.81,-0.2
C0109973,2026-07-06 11:34:05.800191,STATEMENT,742,General question about online banking access.,False,False,False,0.25,0.13
C0109978,2026-08-20 11:14:59.649938,ESCROW,584,Confirmed next payment due date.,False,False,False,0.04,0.78
C0109980,2026-08-08 04:43:16.604375,GENERAL,774,Asked how to set up autopay for the mortgage.,False,False,False,0.32,0.28
C0109980,2026-08-19 11:03:18.034987,PAYMENT,763,Question about escrow analysis and property tax increase.,False,False,False,0.0,0.35
C0109984,2026-06-19 11:56:33.118926,ESCROW,112,General question about online banking access.,False,False,False,0.17,0.67
C0109984,2026-07-09 18:48:00.233938,MORTGAGE_INQUIRY,866,Inquired about payoff amount and where to send funds. Sounded like they may be refinancing elsewhere.,True,True,True,0.91,-0.15
C0109987,2026-07-31 20:21:32.141262,MORTGAGE_INQUIRY,113,Called about refinancing options — wanted to know break-even on closing costs against a 5.49% offer.,True,True,False,0.7,-0.15
C0109990,2026-06-19 13:07:53.592200,STATEMENT,848,Question about escrow analysis and property tax increase.,False,False,False,0.41,0.79
C0109992,2026-07-05 16:25:17.223173,PAYMENT,228,Question about escrow analysis and property tax increase.,False,False,False,0.23,0.6
C0109995,2026-07-26 21:18:46.063567,GENERAL,80,General question about online banking access.,False,False,False,0.0,0.3
C0109996,2026-08-21 13:47:25.340352,GENERAL,487,Question about escrow analysis and property tax increase.,False,False,False,0.23,0.38
C0109997,2026-08-05 16:00:22.514732,ESCROW,738,Requested a copy of the most recent mortgage statement for tax purposes.,False,False,False,0.14,-0.15
C0109997,2026-08-27 00:03:27.991170,MORTGAGE_INQUIRY,438,Customer asked what our current 30-year rates look like and mentioned they saw 5.38% at Chase.,True,True,False,0.94,0.03
C0109999,2026-06-13 11:52:02.711799,STATEMENT,848,General question about online banking access.,False,False,False,0.17,0.06
