customer_id,name,age_band,tenure_years,state,credit_score,num_products,checking_flag,savings_flag,deposit_balance,relationship_value_estimate
C0100000,Allison Hill,55-64,1,NY,637,3,1,1,31798.0,83195.0
C0100001,Noah Rhodes,35-44,15,IL,702,3,1,1,17512.0,49861.0
C0100002,Angie Henderson,55-64,5,WA,641,1,0,0,6557.0,64501.0
C0100003,Daniel Wagner,45-54,15,TX,811,4,1,1,7177.0,184589.0
C0100004,Cristian Santos,25-34,12,TX,729,3,1,1,375.0,112804.0
C0100005,Connie Lawrence,65+,5,PA,725,3,1,1,3022.0,123606.0
C0100006,Abigail Shaffer,55-64,10,MI,730,2,1,0,9903.0,118915.0
C0100007,Gina Moore,55-64,1,WA,747,1,0,0,3239.0,92226.0
C0100008,Gabrielle Davis,25-34,15,NC,764,3,1,1,1650.0,128313.0
C0100009,Ryan Munoz,45-54,7,GA,649,2,1,0,14417.0,56216.0
C0100010,Monica Herrera,35-44,8,AZ,778,4,1,1,38860.0,99278.0
C0100011,Jamie Arnold,65+,4,FL,776,1,0,0,3410.0,64907.0
C0100012,Lisa Hensley,45-54,8,AZ,717,2,1,0,23156.0,34659.0
C0100013,Michele Williams,55-64,8,PA,714,3,1,1,19337.0,18354.0
C0100014,Dylan Miller,35-44,5,PA,580,2,1,0,2509.0,92695.0
C0100015,Brian Ramirez,35-44,20,MA,664,2,1,0,3384.0,167069.0
C0100016,Holly Wood,45-54,6,MI,743,3,1,1,70525.0,126937.0
C0100017,Derek Zuniga,25-34,4,OH,774,3,1,1,2121.0,230317.0
C0100018,Lisa Jackson,55-64,11,PA,752,2,1,0,3902.0,70200.0
C0100019,Carla Gray,45-54,7,OH,716,1,0,0,85725.0,83471.0
C0100020,Margaret Hawkins DDS,55-64,10,VA,806,2,1,0,4094.0,169454.0
C0100021,Patty Perez,35-44,15,FL,765,2,1,0,41093.0,36532.0
C0100022,Ethan Adams,65+,2,FL,702,3,1,1,2377.0,154865.0
C0100023,Tommy Walter,55-64,11,PA,818,2,1,0,9566.0,315739.0
C0100024,Matthew Foster,55-64,1,GA,670,2,1,0,29825.0,103800.0
C0100025,Judy Baker,35-44,1,WA,653,1,0,0,4624.0,96872.0
C0100026,Justin Baker,45-54,2,NY,701,1,0,0,9133.0,23883.0
C0100027,Stephanie Ross,25-34,4,VA,685,1,0,0,19798.0,96102.0
C0100028,Zachary Hicks,35-44,7,AZ,703,2,1,0,2745.0,177035.0
C0100029,Anthony Rodriguez,45-54,19,OH,755,3,1,1,119184.0,61821.0
C0100030,Rebecca Henderson,55-64,19,MA,718,4,1,1,28149.0,234731.0
C0100031,James Ferrell,65+,3,AZ,719,2,1,0,5278.0,155336.0
C0100032,Tricia Valencia,35-44,20,VA,722,3,1,1,6113.0,14112.0
C0100033,Nathan Maldonado,35-44,13,IL,615,2,1,0,80343.0,171086.0
C0100034,Debra Davidson,45-54,12,PA,651,2,1,0,5293.0,46676.0
C0100035,Jeffrey Chavez,35-44,16,WA,702,2,1,0,4598.0,125615.0
C0100036,Sherri Baker,25-34,10,OH,682,2,1,0,32061.0,111994.0
C0100037,Cassandra Gaines,45-54,6,CA,709,2,1,0,1509.0,111438.0
C0100038,Elizabeth Fowler,35-44,11,NJ,783,4,1,1,7376.0,171330.0
C0100039,Brittany Farmer,45-54,15,IL,716,2,1,0,8964.0,33993.0
C0100040,Paula Moreno,35-44,14,MA,660,1,0,0,3483.0,63944.0
C0100041,Fred Smith,55-64,4,WA,684,2,1,0,1238.0,93202.0
C0100042,Sherry Decker,55-64,19,TX,796,4,1,1,8804.0,104148.0
C0100043,Anthony Humphrey,35-44,6,AZ,788,1,0,0,18505.0,155587.0
C0100044,Angelica Tucker,55-64,17,MA,746,4,1,1,3587.0,68027.0
C0100045,Philip Cannon,55-64,7,VA,649,4,1,1,1967.0,283069.0
C0100046,John Pierce,35-44,2,PA,733,2,1,0,36581.0,83728.0
C0100047,Shane Henderson,35-44,20,NJ,737,1,0,0,15272.0,129738.0
C0100048,Joshua Blair,45-54,12,AZ,721,1,0,0,5249.0,115873.0
C0100049,Eric Carney,25-34,5,WA,694,1,0,0,24466.0,133851.0
C0100050,Jessica Holmes,35-44,1,OH,703,2,1,0,10830.0,152512.0
C0100051,Danny Morgan,25-34,3,NJ,691,3,1,1,69359.0,376060.0
C0100052,Crystal Robinson,55-64,4,IL,668,4,1,1,17980.0,86391.0
C0100053,Mark Perez,45-54,19,NY,781,1,0,0,1529.0,63459.0
C0100054,Shannon Jones,55-64,4,NJ,759,2,1,0,3676.0,108420.0
C0100055,Michael Lewis,55-64,4,OH,707,2,1,0,3893.0,175468.0
C0100056,Timothy Duncan,45-54,17,NY,735,2,1,0,11748.0,164696.0
C0100057,Richard Aguirre,45-54,18,MI,737,2,1,0,5630.0,137824.0
C0100058,Brent Jordan,25-34,5,PA,820,4,1,1,2095.0,26467.0
C0100059,John Daniel,25-34,14,NC,759,2,1,0,16432.0,102408.0
C0100060,Victoria Garcia,45-54,11,IL,757,1,0,0,26907.0,77495.0
C0100061,Gerald Hensley,45-54,12,AZ,721,2,1,0,7163.0,106158.0
C0100062,Connor West,45-54,7,WA,700,1,0,0,10419.0,84405.0
C0100063,Donald Wright,55-64,16,GA,782,4,1,1,2537.0,99130.0
C0100064,Jessica Callahan,45-54,18,NJ,749,4,1,1,4328.0,90271.0
C0100065,Amber Kidd,45-54,15,FL,682,1,0,0,4546.0,107345.0
C0100066,Tracy House,45-54,19,MA,740,2,1,0,15840.0,118877.0
C0100067,Carol Tucker,35-44,3,NY,757,3,1,1,11017.0,68305.0
C0100068,James Brown,25-34,14,AZ,625,2,1,0,5455.0,109706.0
C0100069,William Baker,35-44,20,WA,678,2,1,0,5202.0,68880.0
C0100070,Jordan Henderson,35-44,11,FL,736,4,1,1,764.0,99245.0
C0100071,Whitney Peters,35-44,19,CA,633,1,0,0,55662.0,122528.0
C0100072,Brittney Phillips,55-64,7,VA,640,2,1,0,663.0,15541.0
C0100073,Lauren Daniels,35-44,18,AZ,707,1,0,0,13444.0,455839.0
C0100074,Amy Silva,25-34,19,NJ,742,1,0,0,8478.0,139394.0
C0100075,Sarah Moore,35-44,13,CA,744,3,1,1,5891.0,159766.0
C0100076,Angela Lopez,35-44,15,MI,791,3,1,1,8024.0,90754.0
C0100077,Megan Young,45-54,11,IL,723,2,1,0,3657.0,119921.0
C0100078,Steve Sanchez,45-54,7,AZ,703,1,0,0,17736.0,75715.0
C0100079,Lisa Barnes,55-64,11,WA,661,3,1,1,1675.0,46991.0
C0100080,Kelly Donovan,45-54,20,VA,702,1,0,0,12009.0,56879.0
C0100081,Mike Allen,35-44,1,OH,751,2,1,0,3593.0,66598.0
C0100082,Michael Evans,55-64,5,PA,753,1,0,0,4855.0,84872.0
C0100083,Paul Jones,35-44,10,WA,731,2,1,0,5015.0,230955.0
C0100084,Zachary Ferrell,25-34,7,TX,744,2,1,0,6645.0,60261.0
C0100085,Daniel Baker,25-34,13,TX,777,1,0,0,14803.0,155600.0
C0100086,Shirley Suarez,55-64,8,CA,723,2,1,0,7762.0,18781.0
C0100087,Christopher Bass,45-54,14,GA,781,2,1,0,24824.0,119762.0
C0100088,Lisa Archer,35-44,3,TX,687,2,1,0,28392.0,298322.0
C0100089,Aimee Montoya,45-54,7,NC,716,2,1,0,11737.0,177526.0
C0100090,Matthew Mcmillan,35-44,14,FL,698,3,1,1,18382.0,39457.0
C0100091,Brian Rodriguez,45-54,10,AZ,755,1,0,0,92034.0,122614.0
C0100092,Denise Jacobs,35-44,15,OH,674,1,0,0,1486.0,108059.0
C0100093,Christina Walters,35-44,13,TX,705,1,0,0,29477.0,216325.0
C0100094,John Whitehead,35-44,7,NJ,636,1,0,0,51731.0,102337.0
C0100095,Anna Henderson,45-54,9,IL,746,2,1,0,13635.0,57030.0
C0100096,Aaron Wise,35-44,20,NY,776,1,0,0,79607.0,114769.0
C0100097,Deborah Figueroa,25-34,20,MI,760,1,0,0,68085.0,78976.0
C0100098,Jessica Smith,25-34,1,MA,756,1,0,0,5408.0,44426.0
C0100099,Stephen Mckee,65+,15,MA,757,2,1,0,5928.0,126124.0
C0100100,Sandra Aguilar,65+,10,OH,751,3,1,1,15317.0,122492.0
C0100101,Cameron Parker,45-54,1,WA,747,2,1,0,3832.0,157858.0
C0100102,Rebecca Valencia,35-44,13,NY,750,4,1,1,209707.0,82713.0
C0100103,Christine Wright,65+,1,WA,690,1,0,0,20881.0,100207.0
C0100104,Richard Henson,55-64,7,MA,710,2,1,0,8568.0,51857.0
C0100105,Marc Moore,55-64,14,GA,723,1,0,0,1492.0,78415.0
C0100106,Sharon Cherry,35-44,17,GA,704,3,1,1,10963.0,117066.0
C0100107,Sierra Johnson,35-44,9,NC,649,1,0,0,1953.0,194254.0
C0100108,Evelyn Galvan,25-34,17,TX,664,4,1,1,20169.0,35962.0
C0100109,Sharon Cochran,65+,17,WA,730,3,1,1,402.0,104756.0
C0100110,Richard Rodriguez,45-54,9,VA,760,2,1,0,42637.0,95244.0
C0100111,Shannon Walker,35-44,4,AZ,720,2,1,0,4871.0,122466.0
C0100112,Julia Torres,35-44,14,TX,820,2,1,0,1064.0,104668.0
C0100113,Crystal Johnson,45-54,1,WA,678,1,0,0,7945.0,46003.0
C0100114,Garrett Lin,35-44,18,IL,740,4,1,1,8268.0,102997.0
C0100115,Diana May,55-64,8,WA,778,3,1,1,7501.0,118534.0
C0100116,William Herrera,55-64,16,MA,767,1,0,0,42433.0,98697.0
C0100117,Ashley Waller,55-64,15,AZ,749,1,0,0,12798.0,30686.0
C0100118,Victor Baker,35-44,10,AZ,768,1,0,0,21064.0,44142.0
C0100119,Jeffrey Chandler,45-54,20,TX,722,3,1,1,6012.0,88562.0
C0100120,Larry Dixon,45-54,16,PA,794,2,1,0,13526.0,251446.0
C0100121,Kenneth Scott,45-54,18,PA,777,2,1,0,1685.0,244378.0
C0100122,April Frost,25-34,2,GA,681,1,0,0,11045.0,80035.0
C0100123,Michelle Harmon,35-44,10,MA,734,4,1,1,3262.0,121649.0
C0100124,Helen Jones,25-34,20,NJ,650,1,0,0,39481.0,121439.0
C0100125,Erin Edwards,45-54,17,NC,788,1,0,0,8872.0,76603.0
C0100126,Michelle Evans,35-44,10,WA,730,4,1,1,17952.0,125291.0
C0100127,Jason Powell,25-34,2,FL,780,3,1,1,11101.0,176152.0
C0100128,Cameron Fisher,25-34,6,MI,715,2,1,0,70796.0,139354.0
C0100129,Megan Orr,45-54,12,GA,636,3,1,1,1246.0,38790.0
C0100130,Elizabeth Kelley,35-44,13,NY,820,1,0,0,7069.0,49185.0
C0100131,Dustin Jordan,65+,19,MI,725,1,0,0,2560.0,213043.0
C0100132,Mary Marshall,45-54,2,WA,674,1,0,0,693.0,152585.0
C0100133,Daniel Kennedy,35-44,8,WA,771,1,0,0,2368.0,136411.0
C0100134,Rebecca Jackson,45-54,6,WA,811,3,1,1,33072.0,78610.0
C0100135,Jose Schultz,25-34,20,WA,710,2,1,0,7815.0,81601.0
C0100136,Robert Potter,65+,4,GA,715,2,1,0,6225.0,138107.0
C0100137,Courtney Gonzalez,45-54,5,CA,730,3,1,1,20500.0,106605.0
C0100138,David Alvarez,55-64,6,MA,670,1,0,0,9307.0,325774.0
C0100139,Angel Perry,25-34,3,OH,688,1,0,0,16916.0,90509.0
C0100140,Cheyenne Horton,45-54,13,MI,800,2,1,0,11937.0,32024.0
C0100141,David Douglas Jr.,45-54,11,CA,714,3,1,1,15541.0,40261.0
C0100142,Patricia Rodriguez,65+,12,AZ,682,2,1,0,4724.0,14691.0
C0100143,Christopher Rubio,45-54,19,AZ,699,4,1,1,28467.0,168462.0
C0100144,Amber Wright,45-54,9,AZ,768,3,1,1,1892.0,87261.0
C0100145,Joyce Solis,35-44,7,FL,631,3,1,1,7309.0,47107.0
C0100146,Victoria Larson,35-44,8,WA,731,3,1,1,30221.0,59210.0
C0100147,Stephanie Salazar,45-54,17,MI,820,2,1,0,6735.0,126112.0
C0100148,Kathy Rivas,35-44,11,FL,811,4,1,1,4832.0,127303.0
C0100149,Stephanie Manning,25-34,4,NC,745,2,1,0,126264.0,50913.0
C0100150,David Wright,55-64,14,GA,779,2,1,0,44458.0,220409.0
C0100151,Pamela Boyd,55-64,15,MI,778,1,0,0,9604.0,96778.0
C0100152,Denise Jones,25-34,5,TX,714,3,1,1,2529.0,136175.0
C0100153,Devon Flores,45-54,12,NC,761,2,1,0,705.0,116203.0
C0100154,Brenda Hall,25-34,12,NJ,800,3,1,1,18966.0,124455.0
C0100155,Michelle Brown,45-54,4,NJ,663,4,1,1,37014.0,69550.0
C0100156,Joshua Perry,35-44,1,VA,745,2,1,0,13029.0,117454.0
C0100157,Jason Stein,45-54,15,MI,736,1,0,0,1040.0,122753.0
C0100158,Melissa Gates,55-64,13,NJ,724,1,0,0,9822.0,124058.0
C0100159,Jamie Smith,55-64,15,TX,720,2,1,0,4518.0,121104.0
C0100160,Paul Castaneda,25-34,8,VA,730,2,1,0,9838.0,222365.0
C0100161,Jennifer Adkins,65+,11,IL,734,1,0,0,83459.0,50792.0
C0100162,Lindsey Walker,35-44,20,NC,770,2,1,0,20895.0,179483.0
C0100163,Jeffrey Johnson,25-34,5,NC,741,2,1,0,16176.0,101117.0
C0100164,Michael Powell,45-54,14,MA,711,1,0,0,7674.0,273040.0
C0100165,John Anderson,35-44,3,PA,682,1,0,0,13325.0,57593.0
C0100166,Alyssa Long,55-64,2,IL,698,1,0,0,3403.0,114929.0
C0100167,Alyssa Day,55-64,20,VA,731,3,1,1,15771.0,94832.0
C0100168,Joel Williams,35-44,3,MI,688,1,0,0,6425.0,389135.0
C0100169,Daniel Murphy,65+,14,PA,762,1,0,0,3021.0,140024.0
C0100170,Jamie Walton,35-44,11,IL,739,2,1,0,21547.0,166281.0
C0100171,Darlene Miller,45-54,17,WA,771,2,1,0,557.0,111572.0
C0100172,Joshua Cooke,35-44,11,WA,691,3,1,1,4215.0,177208.0
C0100173,Matthew Harrington,65+,14,FL,682,2,1,0,16915.0,149666.0
C0100174,Nicole Herring,35-44,18,IL,771,2,1,0,35225.0,98420.0
C0100175,Alex Hernandez,25-34,17,VA,725,3,1,1,14272.0,155632.0
C0100176,Michael Elliott,35-44,15,TX,710,3,1,1,3617.0,27382.0
C0100177,Michael Wang,65+,4,FL,751,2,1,0,7623.0,95880.0
C0100178,Lawrence Adkins,55-64,4,FL,749,2,1,0,11493.0,136087.0
C0100179,Robert Oconnell,55-64,10,GA,663,1,0,0,52714.0,159794.0
C0100180,Alexander Collins,55-64,14,OH,782,2,1,0,24458.0,194859.0
C0100181,Tina Sanders,55-64,14,PA,701,3,1,1,24674.0,52794.0
C0100182,Angela Vaughn,45-54,16,FL,796,1,0,0,8765.0,111558.0
C0100183,Ashley Barton,35-44,3,MI,659,1,0,0,2241.0,198661.0
C0100184,Lindsay Martinez,55-64,4,WA,734,2,1,0,1499.0,96707.0
C0100185,Dr. Hannah Patterson,45-54,3,NY,711,4,1,1,5645.0,191326.0
C0100186,Jonathan Peterson,35-44,11,MI,631,1,0,0,18757.0,114619.0
C0100187,Samantha Garcia,25-34,13,VA,749,3,1,1,4437.0,435249.0
C0100188,Madison Poole,55-64,3,NC,633,1,0,0,16101.0,143245.0
C0100189,Jessica Gross,35-44,18,NC,706,3,1,1,3122.0,157041.0
C0100190,Debra Morton,65+,7,FL,769,3,1,1,3757.0,316165.0
C0100191,Karen Graham,35-44,14,MA,696,3,1,1,43897.0,239893.0
C0100192,Debra Christian,25-34,16,MA,679,4,1,1,20338.0,157728.0
C0100193,Angelica Keith,55-64,1,NJ,756,4,1,1,5609.0,85946.0
C0100194,John Bishop,35-44,18,AZ,708,4,1,1,2991.0,112406.0
C0100195,Allen Rosales,35-44,20,MI,701,2,1,0,25303.0,169486.0
C0100196,Daniel Salinas,45-54,20,MI,777,2,1,0,23196.0,285821.0
C0100197,Spencer Haynes,55-64,3,WA,667,1,0,0,17449.0,587195.0
C0100198,Adam Vaughan,35-44,8,CA,699,1,0,0,6546.0,28888.0
C0100199,Nathan Freeman,35-44,5,NY,758,2,1,0,2179.0,195419.0
C0100200,Melissa Brewer,55-64,10,NY,664,1,0,0,7960.0,74476.0
C0100201,Ricky Davis II,65+,20,MI,799,4,1,1,43876.0,129999.0
C0100202,Elizabeth Perkins,45-54,16,NY,710,1,0,0,2722.0,77139.0
C0100203,Joseph Coleman,25-34,16,IL,759,1,0,0,8578.0,251501.0
C0100204,Erin Warner,25-34,9,GA,759,1,0,0,57696.0,153089.0
C0100205,David Martinez,35-44,19,VA,713,1,0,0,5625.0,145555.0
C0100206,Bryan Herrera,25-34,19,GA,698,1,0,0,6954.0,110419.0
C0100207,Cathy Robinson,45-54,17,CA,718,2,1,0,1603.0,42843.0
C0100208,Dr. William Warren,25-34,17,NJ,752,1,0,0,17117.0,60715.0
C0100209,Brian Lee,45-54,14,OH,675,3,1,1,3332.0,99194.0
C0100210,Christopher Smith,45-54,2,TX,665,2,1,0,1254.0,45665.0
C0100211,Denise Mccann,45-54,6,MI,786,3,1,1,2580.0,69305.0
C0100212,Melissa Martinez,35-44,16,PA,686,3,1,1,10406.0,55846.0
C0100213,Katherine Salas,55-64,7,OH,735,1,0,0,1217.0,120962.0
C0100214,Julie Alexander,55-64,4,MA,710,1,0,0,1536.0,91221.0
C0100215,Anthony Everett,55-64,19,NY,712,3,1,1,15853.0,201238.0
C0100216,Rodney Morales,25-34,10,AZ,784,3,1,1,7429.0,133015.0
C0100217,Mark Brown,25-34,18,OH,716,1,0,0,2706.0,55475.0
C0100218,Justin Torres,65+,6,AZ,703,2,1,0,5511.0,100099.0
C0100219,Bailey Duran DDS,35-44,8,WA,707,1,0,0,65238.0,47999.0
C0100220,Courtney Mills,35-44,7,WA,697,1,0,0,37725.0,65760.0
C0100221,Jeremy Dalton,45-54,8,NY,689,1,0,0,7123.0,28354.0
C0100222,Elizabeth Oliver DDS,45-54,9,VA,697,3,1,1,21578.0,83126.0
C0100223,Theresa Clark,65+,6,IL,794,2,1,0,9369.0,336619.0
C0100224,Matthew Moore,35-44,17,AZ,752,2,1,0,964.0,197893.0
C0100225,Benjamin Smith,65+,7,MA,704,1,0,0,778.0,106468.0
C0100226,Kirk Carter,25-34,9,MI,764,1,0,0,2721.0,287540.0
C0100227,Michael Warner,45-54,18,AZ,648,1,0,0,1223.0,66032.0
C0100228,Michael Bradshaw,45-54,9,GA,781,2,1,0,11225.0,116730.0
C0100229,Lori Guerrero,25-34,1,CA,778,3,1,1,4188.0,177383.0
C0100230,Jessica Stephens,25-34,1,AZ,820,3,1,1,13499.0,73964.0
C0100231,Susan Serrano,35-44,9,GA,765,1,0,0,13751.0,158248.0
C0100232,Christopher Parker,65+,13,CA,739,1,0,0,18546.0,160893.0
C0100233,Laura Roberts,45-54,19,CA,778,1,0,0,2652.0,165380.0
C0100234,Michael Lyons,65+,3,NJ,691,3,1,1,15045.0,337755.0
C0100235,Kathryn Snyder,55-64,11,AZ,702,2,1,0,2575.0,144646.0
C0100236,Andrew Reynolds,45-54,6,NJ,717,3,1,1,19027.0,142413.0
C0100237,David Davis,55-64,10,OH,781,2,1,0,35143.0,56298.0
C0100238,Sara Johnston,25-34,9,PA,681,2,1,0,19299.0,139202.0
C0100239,Yvonne Chambers,25-34,7,OH,676,2,1,0,6552.0,47983.0
C0100240,Andrew Avila,55-64,1,PA,730,2,1,0,15996.0,56801.0
C0100241,Matthew Moon,55-64,2,PA,752,2,1,0,1287.0,94405.0
C0100242,Kevin Walters,35-44,11,TX,688,1,0,0,982.0,75928.0
C0100243,Brandon Bailey MD,45-54,5,NC,750,2,1,0,14188.0,65241.0
C0100244,Shannon Rivera,45-54,7,NY,781,4,1,1,38921.0,125028.0
C0100245,Donna Landry,55-64,2,FL,774,1,0,0,1849.0,76144.0
C0100246,Krista Gibson,45-54,1,PA,735,3,1,1,8252.0,51217.0
C0100247,Frank Cordova,35-44,3,VA,715,4,1,1,13720.0,102926.0
C0100248,Jose Travis,35-44,8,NC,798,2,1,0,3876.0,140052.0
C0100249,Kimberly Gutierrez,35-44,4,GA,720,2,1,0,5392.0,84945.0
C0100250,Isaiah Avila,45-54,5,NC,762,1,0,0,16914.0,134413.0
C0100251,Olivia Harris,55-64,7,NC,808,3,1,1,9226.0,96072.0
C0100252,Tanya Kim,45-54,6,GA,757,4,1,1,9275.0,77981.0
C0100253,Barbara Dudley,35-44,1,WA,675,4,1,1,2493.0,154914.0
C0100254,Cynthia Moore,35-44,3,NJ,664,1,0,0,7806.0,91501.0
C0100255,Kristen Davis,55-64,20,FL,706,4,1,1,5027.0,147983.0
C0100256,Susan Murray MD,55-64,14,WA,751,2,1,0,5360.0,54216.0
C0100257,Kathleen Moran,25-34,3,FL,740,2,1,0,4232.0,149221.0
C0100258,Denise Davenport,25-34,6,TX,819,1,0,0,7842.0,159321.0
C0100259,Mrs. Kristen Reyes,45-54,8,OH,739,1,0,0,2859.0,155869.0
C0100260,Katie Suarez,25-34,19,IL,705,2,1,0,8221.0,220126.0
C0100261,Desiree Tyler,55-64,18,VA,668,2,1,0,5229.0,178495.0
C0100262,Timothy Romero,35-44,16,NJ,773,4,1,1,2648.0,129945.0
C0100263,Diane Evans,25-34,3,CA,719,1,0,0,782.0,173532.0
C0100264,Yvonne Burns,65+,10,GA,652,3,1,1,25260.0,48051.0
C0100265,Joshua Reed,35-44,10,VA,721,2,1,0,19842.0,163240.0
C0100266,Kimberly Gibson,35-44,13,NJ,675,1,0,0,3085.0,109759.0
C0100267,Colin Terry,35-44,17,GA,700,1,0,0,18361.0,319030.0
C0100268,Cynthia Rowe,25-34,7,MI,720,3,1,1,2369.0,150567.0
C0100269,Patrick Thornton,25-34,12,NC,679,3,1,1,5605.0,65186.0
C0100270,Jasmin Alvarado,25-34,6,NY,698,1,0,0,4288.0,45229.0
C0100271,Veronica Simpson,35-44,5,NC,686,2,1,0,5807.0,77280.0
C0100272,Jonathan Lawrence,25-34,7,NJ,687,2,1,0,17596.0,174973.0
C0100273,Shelly Alexander,45-54,15,CA,674,2,1,0,5003.0,165959.0
C0100274,Joyce Bowen,45-54,9,NJ,698,2,1,0,5391.0,80730.0
C0100275,Matthew Moore,35-44,14,NY,679,3,1,1,19769.0,69040.0
C0100276,Wayne Morgan,35-44,14,CA,746,1,0,0,8726.0,133997.0
C0100277,Marie Christian,45-54,8,VA,729,1,0,0,3983.0,71670.0
C0100278,Shannon James,55-64,20,IL,773,1,0,0,10816.0,73752.0
C0100279,Nathan Malone,55-64,1,OH,804,4,1,1,26667.0,46446.0
C0100280,Amanda Jones,25-34,18,MI,750,2,1,0,28770.0,156880.0
C0100281,Tammie Bright,35-44,1,NC,740,1,0,0,1653.0,53841.0
C0100282,Jessica Garcia,35-44,8,MI,753,3,1,1,1756.0,89111.0
C0100283,Shelia Wallace,35-44,17,MA,740,2,1,0,26874.0,430059.0
C0100284,Stephanie Williams,45-54,14,MI,722,2,1,0,5739.0,115361.0
C0100285,Elaine Brooks,35-44,7,CA,718,1,0,0,578.0,258697.0
C0100286,Joseph Knight,25-34,18,NY,674,3,1,1,3375.0,132847.0
C0100287,Carolyn Miller,35-44,3,OH,757,3,1,1,4785.0,65046.0
C0100288,Lisa Allen,45-54,14,GA,718,1,0,0,5569.0,101921.0
C0100289,Briana Murray,25-34,11,IL,785,1,0,0,20291.0,36581.0
C0100290,David Smith,55-64,5,FL,761,1,0,0,2657.0,102129.0
C0100291,Stephanie Byrd,25-34,19,TX,691,2,1,0,24900.0,108317.0
C0100292,Jeremy Reed,65+,16,FL,776,1,0,0,11409.0,122473.0
C0100293,Margaret Coleman,25-34,1,MA,604,1,0,0,1730.0,177761.0
C0100294,Ryan Gonzalez,55-64,2,IL,806,2,1,0,5523.0,256894.0
C0100295,John Young,65+,2,MA,659,4,1,1,14671.0,120123.0
C0100296,Laura Haney,65+,9,IL,742,2,1,0,8497.0,73727.0
C0100297,William Barrett,55-64,9,PA,739,2,1,0,12769.0,120683.0
C0100298,Keith Jennings,55-64,15,GA,770,2,1,0,4004.0,184677.0
C0100299,Amber Obrien,45-54,14,MA,705,3,1,1,15768.0,104794.0
C0100300,Tanner Mitchell DDS,55-64,1,NC,623,3,1,1,5023.0,78670.0
C0100301,Heather Fields,25-34,10,CA,705,4,1,1,172026.0,165882.0
C0100302,Megan Le,45-54,16,PA,710,2,1,0,1663.0,74928.0
C0100303,Sara Fuller,45-54,18,MA,627,2,1,0,206394.0,35693.0
C0100304,Maria Parker,55-64,6,FL,722,1,0,0,2588.0,159826.0
C0100305,Kevin Oconnor,45-54,1,WA,671,3,1,1,37252.0,32825.0
C0100306,Edward Burgess,35-44,4,AZ,749,2,1,0,21871.0,110181.0
C0100307,Carlos Ryan,45-54,7,NY,708,2,1,0,2720.0,112810.0
C0100308,Kiara Mcintyre,35-44,9,NC,808,2,1,0,16637.0,135913.0
C0100309,Dawn Summers,25-34,8,NC,708,1,0,0,4469.0,70784.0
C0100310,Dr. Paul Morgan,45-54,2,VA,739,2,1,0,11269.0,165758.0
C0100311,Victor Taylor,35-44,7,VA,710,1,0,0,9676.0,84354.0
C0100312,Shannon Ramsey,35-44,6,CA,646,1,0,0,5329.0,79801.0
C0100313,Tracy Ballard,35-44,10,PA,710,1,0,0,4823.0,33212.0
C0100314,Richard Smith,35-44,2,MA,753,1,0,0,12198.0,45717.0
C0100315,Jordan Chambers,35-44,16,IL,747,1,0,0,2739.0,175895.0
C0100316,Lauren Carson,35-44,9,NY,706,3,1,1,2866.0,52078.0
C0100317,Ashley Hall,45-54,7,MI,654,2,1,0,25488.0,64453.0
C0100318,Stephen Hoffman,35-44,19,FL,749,2,1,0,13549.0,58595.0
C0100319,Connie Brown,65+,15,FL,738,2,1,0,1689.0,59482.0
C0100320,Susan Turner,65+,3,VA,757,3,1,1,2431.0,59704.0
C0100321,Charles Shah,45-54,3,TX,707,3,1,1,624.0,176301.0
C0100322,Johnathan Davis,35-44,1,AZ,644,2,1,0,24140.0,100788.0
C0100323,Brandy Chavez,45-54,12,NY,744,2,1,0,18514.0,79050.0
C0100324,Natalie Bautista,55-64,8,TX,719,3,1,1,2194.0,48499.0
C0100325,Patrick Moore,45-54,8,VA,782,3,1,1,17669.0,93888.0
C0100326,Brett Burns,55-64,11,FL,721,1,0,0,87781.0,326336.0
C0100327,Trevor Johnson,45-54,11,IL,717,2,1,0,1278.0,69168.0
C0100328,Jeremy Sampson,45-54,1,IL,738,1,0,0,3873.0,85845.0
C0100329,Ariana Jennings,35-44,3,GA,693,3,1,1,1245.0,102745.0
C0100330,Vanessa Howard,55-64,16,GA,690,2,1,0,25292.0,188621.0
C0100331,Colton Martinez,35-44,20,FL,715,4,1,1,7221.0,82334.0
C0100332,Jordan Bates,45-54,17,NY,678,1,0,0,5025.0,104320.0
C0100333,Linda Smith,55-64,19,FL,709,2,1,0,10646.0,120604.0
C0100334,Dana Martinez,25-34,10,CA,807,3,1,1,4153.0,87725.0
C0100335,Andrea Hubbard,45-54,17,MI,766,3,1,1,5004.0,113448.0
C0100336,Daniel Kane,25-34,18,GA,733,3,1,1,11268.0,74136.0
C0100337,Charles Lester,55-64,18,TX,789,1,0,0,3897.0,130348.0
C0100338,Scott Thomas,25-34,3,PA,682,4,1,1,4616.0,144084.0
C0100339,David Thompson,65+,3,NJ,820,4,1,1,6716.0,270367.0
C0100340,Allison Smith,25-34,9,PA,699,4,1,1,9042.0,113249.0
C0100341,Cynthia Morris,65+,11,OH,810,2,1,0,16680.0,333793.0
C0100342,Anthony Harmon,55-64,20,VA,809,3,1,1,16316.0,114603.0
C0100343,Nichole Alvarez,45-54,7,NJ,641,1,0,0,1340.0,55851.0
C0100344,Kayla Rodriguez,55-64,17,NJ,786,1,0,0,43894.0,224337.0
C0100345,Theresa Williams,55-64,18,IL,707,1,0,0,8699.0,352604.0
C0100346,Sharon Boyd,65+,20,GA,694,2,1,0,5443.0,117261.0
C0100347,Victor Brown,35-44,4,WA,743,4,1,1,2740.0,205180.0
C0100348,James Parks,45-54,5,AZ,674,2,1,0,88168.0,181481.0
C0100349,Theodore Jones Jr.,25-34,5,CA,742,2,1,0,137563.0,40555.0
C0100350,Ana Hill,45-54,15,WA,677,3,1,1,76071.0,135727.0
C0100351,Kimberly Nguyen,35-44,14,AZ,727,2,1,0,9374.0,108032.0
C0100352,Kerry Chavez DDS,45-54,9,MA,780,2,1,0,12246.0,68334.0
C0100353,Michael Farrell,45-54,2,PA,737,2,1,0,48496.0,149294.0
C0100354,Patricia Le,45-54,11,GA,703,2,1,0,6070.0,48972.0
C0100355,Jesse Perez,45-54,15,CA,744,2,1,0,15515.0,132151.0
C0100356,Jesse Perry,55-64,10,TX,656,3,1,1,10643.0,135323.0
C0100357,Jeffery Ortega,55-64,6,NC,682,2,1,0,81026.0,81562.0
C0100358,Christian Leblanc,45-54,12,NY,700,2,1,0,45415.0,429830.0
C0100359,Ronald Davis,45-54,14,NY,755,2,1,0,6867.0,150846.0
C0100360,Parker Cain,65+,12,PA,738,4,1,1,50517.0,249381.0
C0100361,Laurie Hoffman,25-34,18,OH,744,2,1,0,8066.0,68236.0
C0100362,Bryan Gomez,25-34,7,FL,718,3,1,1,4209.0,296703.0
C0100363,Nicole Parrish,25-34,13,WA,684,2,1,0,5754.0,86949.0
C0100364,Tracy Burke,45-54,18,NJ,786,1,0,0,9671.0,100459.0
C0100365,Kenneth Lewis,35-44,5,VA,688,2,1,0,3159.0,108486.0
C0100366,Courtney Rodriguez,55-64,6,AZ,738,1,0,0,4354.0,105714.0
C0100367,Holly Farmer,45-54,1,MI,714,1,0,0,1434.0,144854.0
C0100368,Renee Bruce,35-44,8,IL,745,1,0,0,3020.0,93122.0
C0100369,Sabrina Austin,55-64,1,MA,692,3,1,1,10737.0,56646.0
C0100370,Allison Hickman,55-64,15,NC,767,2,1,0,28299.0,104967.0
C0100371,Debra White,35-44,2,OH,782,2,1,0,24266.0,93659.0
C0100372,Ellen Morgan,35-44,14,OH,764,2,1,0,13573.0,218832.0
C0100373,Sergio Knight,35-44,12,CA,727,2,1,0,1293.0,64715.0
C0100374,Charles Schultz,35-44,20,MA,700,3,1,1,2884.0,84966.0
C0100375,Paul Lewis,25-34,7,WA,820,4,1,1,6394.0,78347.0
C0100376,Glen Wood,65+,7,NJ,675,3,1,1,25730.0,73289.0
C0100377,Paula Bradley,35-44,5,NY,759,1,0,0,4154.0,43777.0
C0100378,Anthony Moore,35-44,11,AZ,734,4,1,1,1875.0,99374.0
C0100379,Megan Nelson,55-64,5,FL,717,3,1,1,46071.0,135936.0
C0100380,Karla Ramos,45-54,3,NY,728,1,0,0,3355.0,138232.0
C0100381,Paul Wilson,65+,19,TX,697,1,0,0,2093.0,104823.0
C0100382,Douglas Gregory,55-64,14,PA,739,1,0,0,10645.0,60921.0
C0100383,Mr. Andrew Foster,45-54,3,PA,734,3,1,1,7631.0,113415.0
C0100384,Aimee Turner,35-44,13,VA,820,2,1,0,4446.0,132665.0
C0100385,Chad Scott,65+,7,PA,768,1,0,0,8107.0,154419.0
C0100386,Adam Burgess,55-64,4,MA,743,1,0,0,2667.0,63372.0
C0100387,James Padilla,65+,10,PA,745,2,1,0,4386.0,90526.0
C0100388,Sandra Drake,25-34,16,GA,802,2,1,0,7759.0,144436.0
C0100389,Scott Williams,55-64,1,NC,676,2,1,0,704.0,57738.0
C0100390,Thomas Atkins,45-54,8,WA,711,1,0,0,25491.0,104965.0
C0100391,Laura Mckinney,25-34,19,VA,634,2,1,0,1560.0,26088.0
C0100392,Brian Smith,45-54,8,AZ,745,4,1,1,2626.0,177878.0
C0100393,Robert Montgomery,45-54,2,MA,758,1,0,0,26908.0,157235.0
C0100394,Tamara Davis,25-34,9,TX,675,2,1,0,16045.0,31806.0
C0100395,Dana Chapman,45-54,14,TX,784,2,1,0,8998.0,50598.0
C0100396,Jennifer Collins,55-64,20,OH,687,1,0,0,1043.0,99632.0
C0100397,Gary Jackson,35-44,13,FL,704,3,1,1,3917.0,229665.0
C0100398,Ashley Hicks,45-54,2,GA,725,4,1,1,6252.0,86113.0
C0100399,Hannah Luna,35-44,17,NC,791,2,1,0,6821.0,109766.0
C0100400,Robin Young,35-44,16,PA,681,1,0,0,31879.0,111026.0
C0100401,Craig Morrison,65+,14,TX,733,1,0,0,88712.0,159507.0
C0100402,Mary Thompson,55-64,18,MA,754,2,1,0,16947.0,62809.0
C0100403,Kathleen Webster,25-34,16,IL,745,1,0,0,4267.0,119169.0
C0100404,Joann Glass,65+,5,WA,747,2,1,0,34797.0,207200.0
C0100405,Madison Weber,55-64,9,MI,754,1,0,0,3994.0,40057.0
C0100406,Lori Hernandez,35-44,11,MI,695,2,1,0,348.0,93061.0
C0100407,Jeremy Turner,55-64,10,VA,795,4,1,1,1809.0,88616.0
C0100408,Anthony Romero,25-34,13,NY,714,1,0,0,470.0,196886.0
C0100409,Jesse Brown,65+,15,NY,709,3,1,1,5112.0,167010.0
C0100410,Angela Lin,45-54,3,MA,780,3,1,1,6542.0,141107.0
C0100411,Lisa Hunter,45-54,12,NJ,691,1,0,0,1198.0,136440.0
C0100412,Julian Conner,25-34,1,PA,734,4,1,1,2908.0,121913.0
C0100413,Joanna Pacheco,55-64,11,MI,687,2,1,0,1463.0,195513.0
C0100414,Erica Alvarez,25-34,9,IL,820,2,1,0,6958.0,83963.0
C0100415,Antonio Garcia,35-44,5,WA,820,2,1,0,2910.0,79136.0
C0100416,Gwendolyn Klein,25-34,20,GA,715,1,0,0,27226.0,22684.0
C0100417,Carrie Wright,55-64,6,PA,743,1,0,0,9933.0,81864.0
C0100418,Jeffrey Mills,35-44,2,NJ,720,2,1,0,55589.0,77386.0
C0100419,Jake Campbell,65+,8,VA,704,3,1,1,4695.0,94791.0
C0100420,George Harper,45-54,16,IL,725,4,1,1,106217.0,60419.0
C0100421,Maria Jones,25-34,1,VA,718,2,1,0,8128.0,168259.0
C0100422,Michael Mitchell,25-34,10,NY,651,1,0,0,4298.0,74941.0
C0100423,Mary Escobar,25-34,9,NY,731,1,0,0,145872.0,177638.0
C0100424,Felicia Aguilar,45-54,18,WA,718,4,1,1,903.0,195927.0
C0100425,Gregory Ponce,55-64,1,MI,734,1,0,0,4175.0,476648.0
C0100426,Jenna Larson,35-44,1,CA,716,4,1,1,1099.0,107421.0
C0100427,Emily Bennett,55-64,12,NJ,703,1,0,0,893.0,128514.0
C0100428,Robin Santiago,25-34,4,PA,759,1,0,0,678.0,89518.0
C0100429,Nancy Jennings,55-64,15,PA,743,1,0,0,16985.0,75906.0
C0100430,Maria Henderson,65+,6,OH,782,2,1,0,1644.0,102723.0
C0100431,Jack White,55-64,12,OH,742,1,0,0,5969.0,87893.0
C0100432,Travis Tucker,45-54,1,AZ,711,4,1,1,23631.0,66912.0
C0100433,Chad Jones,55-64,14,OH,747,2,1,0,14129.0,123080.0
C0100434,Ashley Wise,25-34,11,PA,630,1,0,0,13316.0,36367.0
C0100435,Sophia Johnson,35-44,1,VA,814,2,1,0,34773.0,145005.0
C0100436,Ralph Anderson,25-34,6,NC,732,2,1,0,55900.0,185337.0
C0100437,Christopher Guerra,45-54,2,CA,818,2,1,0,1804.0,67869.0
C0100438,Rhonda Martin,55-64,1,MI,680,3,1,1,14470.0,252836.0
C0100439,Jason Rhodes,45-54,14,GA,669,4,1,1,5845.0,77694.0
C0100440,Jeremy Mitchell,55-64,9,NC,736,2,1,0,6795.0,128219.0
C0100441,Joann Ferguson,35-44,17,FL,736,2,1,0,1321.0,57858.0
C0100442,Robert Harrison,55-64,6,GA,735,2,1,0,4280.0,46126.0
C0100443,Holly Valentine,35-44,15,MI,728,2,1,0,4879.0,103370.0
C0100444,Mrs. Diane Reyes,35-44,13,NJ,691,2,1,0,45085.0,209565.0
C0100445,Tracy Montoya,55-64,14,NJ,653,1,0,0,2026.0,101567.0
C0100446,Brenda Wright,65+,17,MA,732,1,0,0,463.0,269058.0
C0100447,Shelly Spencer,45-54,15,GA,662,4,1,1,8044.0,263126.0
C0100448,Ryan Rosales,25-34,15,OH,658,4,1,1,1793.0,144629.0
C0100449,Phillip Nelson,45-54,15,NC,702,1,0,0,6853.0,147332.0
C0100450,Brittany Kim,25-34,9,PA,739,4,1,1,17906.0,78427.0
C0100451,Courtney Hayes,55-64,15,PA,809,3,1,1,7188.0,119014.0
C0100452,Alexander Brown,55-64,17,NJ,764,1,0,0,4830.0,157116.0
C0100453,Cynthia Vang,35-44,15,PA,784,4,1,1,6715.0,81032.0
C0100454,Alfred Galvan,25-34,13,VA,749,4,1,1,22401.0,108795.0
C0100455,Marie Moody,35-44,2,VA,736,2,1,0,2027.0,38504.0
C0100456,Dustin Gallegos,65+,9,MA,820,3,1,1,19422.0,27045.0
C0100457,Brenda Thornton,45-54,2,TX,660,1,0,0,2428.0,80505.0
C0100458,Aaron Miller,55-64,3,IL,701,2,1,0,16689.0,94803.0
C0100459,Ruben Dunn,45-54,8,VA,704,3,1,1,1272.0,171133.0
C0100460,Kelsey Rodriguez,45-54,10,OH,760,2,1,0,15538.0,62447.0
C0100461,Eric Williams,25-34,11,MI,675,1,0,0,7171.0,263457.0
C0100462,Riley Bryant,65+,19,VA,754,2,1,0,9099.0,77438.0
C0100463,Taylor Carlson,35-44,16,AZ,746,3,1,1,25610.0,248676.0
C0100464,Jose Allen,45-54,9,NY,756,3,1,1,3025.0,54882.0
C0100465,Jeffrey Mendez,45-54,7,NY,755,1,0,0,7863.0,186951.0
C0100466,Jason Beck,45-54,15,GA,789,2,1,0,11660.0,86126.0
C0100467,William Jones,65+,6,GA,717,1,0,0,5660.0,121301.0
C0100468,Katie Mcneil,25-34,18,AZ,743,2,1,0,19152.0,217388.0
C0100469,Jeanette Harrison,45-54,16,CA,686,1,0,0,12038.0,210864.0
C0100470,Veronica King,35-44,14,NY,676,4,1,1,4040.0,26093.0
C0100471,Richard Cooper,45-54,5,AZ,799,2,1,0,36786.0,91896.0
C0100472,Lori Ingram,25-34,13,MI,683,2,1,0,15903.0,54141.0
C0100473,Evelyn Williams,25-34,17,NJ,748,3,1,1,2948.0,47098.0
C0100474,Robin Thompson,35-44,2,NY,743,1,0,0,2913.0,75116.0
C0100475,Julie Dominguez,35-44,4,MI,772,1,0,0,6227.0,36081.0
C0100476,Robin Brown,35-44,11,IL,645,1,0,0,13863.0,65958.0
C0100477,Judith Carter,45-54,8,NJ,760,2,1,0,569.0,108889.0
C0100478,Curtis Williams,45-54,15,TX,717,3,1,1,3101.0,129510.0
C0100479,Kaylee Hays,35-44,9,PA,693,1,0,0,4052.0,104633.0
C0100480,Dawn Mullins,35-44,20,MI,708,3,1,1,1443.0,72423.0
C0100481,Howard Norman,35-44,6,MI,766,1,0,0,2378.0,81157.0
C0100482,Evelyn Martinez,45-54,8,WA,752,2,1,0,9554.0,95284.0
C0100483,Steve Paul,35-44,1,WA,714,2,1,0,4507.0,156860.0
C0100484,Jasmine Beltran,25-34,5,CA,668,3,1,1,4952.0,75610.0
C0100485,Jonathan Glass MD,35-44,5,TX,671,4,1,1,1549.0,26328.0
C0100486,Monica Miller,45-54,16,IL,753,2,1,0,6272.0,100333.0
C0100487,Samantha Gardner,35-44,7,MA,662,2,1,0,1333.0,98598.0
C0100488,Bobby Guerrero,45-54,5,GA,714,1,0,0,46669.0,62373.0
C0100489,Lance Simmons,45-54,7,AZ,820,1,0,0,65643.0,91381.0
C0100490,Heather Williams,55-64,12,CA,740,4,1,1,4593.0,40863.0
C0100491,Heather Bolton,45-54,16,MA,753,2,1,0,2107.0,102582.0
C0100492,William Gould,45-54,20,CA,672,1,0,0,22596.0,141595.0
C0100493,Mark Cox,35-44,1,WA,664,1,0,0,16495.0,100988.0
C0100494,Meghan Cisneros,55-64,17,AZ,755,1,0,0,76856.0,180506.0
C0100495,Lawrence Harrington,45-54,8,PA,707,3,1,1,105799.0,89544.0
C0100496,Austin Osborne,35-44,17,PA,772,2,1,0,712.0,96789.0
C0100497,James Bradley,45-54,1,NC,726,4,1,1,32545.0,44076.0
C0100498,Meghan Rush,35-44,13,NJ,820,2,1,0,6204.0,100771.0
C0100499,Phillip Berry,45-54,19,TX,698,3,1,1,15661.0,56434.0
C0100500,Jennifer Banks,55-64,1,NY,737,1,0,0,20608.0,47316.0
C0100501,Brian Fitzgerald,55-64,16,VA,684,1,0,0,19596.0,212297.0
C0100502,Mr. Justin Green III,65+,3,WA,770,1,0,0,26915.0,154873.0
C0100503,Zachary Mitchell,45-54,20,FL,744,1,0,0,4137.0,98926.0
C0100504,Katherine Martinez,45-54,15,AZ,681,4,1,1,2583.0,219648.0
C0100505,Jodi Roach,55-64,19,AZ,710,3,1,1,33668.0,574226.0
C0100506,Brandon Fleming,35-44,18,AZ,786,1,0,0,2847.0,54208.0
C0100507,Emma Reed,55-64,7,NY,780,2,1,0,75635.0,132424.0
C0100508,Joshua Vance,45-54,9,NJ,660,2,1,0,3238.0,183156.0
C0100509,Michelle Ho,25-34,14,FL,703,2,1,0,5131.0,19530.0
C0100510,Rebecca Hicks,25-34,4,FL,806,1,0,0,6448.0,56770.0
C0100511,Curtis Taylor,55-64,7,TX,716,1,0,0,1275.0,193514.0
C0100512,Allison Spencer,25-34,2,GA,732,1,0,0,1279.0,106193.0
C0100513,Robert Arnold,35-44,18,NJ,770,4,1,1,24208.0,36525.0
C0100514,Angelica Parker,35-44,5,FL,664,2,1,0,1029.0,51682.0
C0100515,Dr. Kelly Hammond DVM,35-44,9,FL,682,3,1,1,166641.0,138577.0
C0100516,William Day,35-44,10,PA,709,4,1,1,7238.0,68014.0
C0100517,Michael Cooper,55-64,8,FL,778,1,0,0,2356.0,73325.0
C0100518,Penny Bowman,25-34,16,WA,770,1,0,0,13417.0,74573.0
C0100519,Vincent Reynolds,55-64,19,FL,756,1,0,0,422.0,114498.0
C0100520,Amy Martinez,55-64,12,PA,718,2,1,0,5430.0,78405.0
C0100521,Christopher Morris,35-44,17,PA,775,2,1,0,6333.0,81688.0
C0100522,Hannah Everett,35-44,3,NY,717,1,0,0,1773.0,200344.0
C0100523,Sarah King,45-54,20,MA,750,1,0,0,3797.0,135129.0
C0100524,Krista Martinez,25-34,3,NY,765,2,1,0,50576.0,133316.0
C0100525,Joseph Shaw,35-44,2,GA,800,3,1,1,10096.0,156820.0
C0100526,Todd Moore,65+,1,NC,721,1,0,0,13087.0,76696.0
C0100527,Michelle Jacobs,65+,5,NY,708,3,1,1,3152.0,129226.0
C0100528,Kristy Bryan,55-64,17,GA,782,1,0,0,1656.0,144107.0
C0100529,Angel May,35-44,7,FL,786,1,0,0,6068.0,63588.0
C0100530,Marilyn Wang,45-54,16,GA,700,1,0,0,424.0,157418.0
C0100531,Mark Jimenez,55-64,9,CA,674,3,1,1,2173.0,136017.0
C0100532,Donna Frye,35-44,3,OH,779,2,1,0,1803.0,139680.0
C0100533,Dr. Michael Evans,45-54,10,IL,650,2,1,0,702.0,300625.0
C0100534,Anthony Gonzales,25-34,5,IL,648,1,0,0,17660.0,142835.0
C0100535,Mr. Lawrence Edwards,35-44,6,TX,712,2,1,0,6928.0,70218.0
C0100536,Morgan Valencia,45-54,11,MA,724,2,1,0,3852.0,134408.0
C0100537,Bianca Wood,35-44,16,CA,672,2,1,0,18128.0,134874.0
C0100538,Emma Owens,35-44,12,FL,729,2,1,0,1127.0,71777.0
C0100539,David Davis,55-64,5,TX,731,2,1,0,1616.0,44606.0
C0100540,James Gilbert,65+,15,MA,698,1,0,0,30971.0,111812.0
C0100541,Sean Moore,45-54,14,PA,811,1,0,0,125203.0,53600.0
C0100542,Kenneth Edwards,55-64,5,OH,739,1,0,0,18418.0,168922.0
C0100543,Kathleen Robertson,65+,18,VA,770,2,1,0,14270.0,42694.0
C0100544,Mr. Alexander Landry MD,25-34,17,CA,654,2,1,0,4031.0,241684.0
C0100545,Cindy Gomez,35-44,13,TX,654,2,1,0,4144.0,116686.0
C0100546,Johnny Khan,35-44,6,FL,740,1,0,0,10644.0,103600.0
C0100547,Julie Herrera,25-34,8,NJ,803,1,0,0,42086.0,151829.0
C0100548,Jessica Khan,55-64,9,MA,674,1,0,0,13519.0,91466.0
C0100549,Pamela Diaz,35-44,4,MI,726,1,0,0,25580.0,65414.0
C0100550,Kelly Lee,45-54,7,AZ,664,3,1,1,2699.0,24365.0
C0100551,Angel Gordon,35-44,3,AZ,687,1,0,0,16989.0,88300.0
C0100552,Diana Hays,35-44,4,PA,728,1,0,0,3621.0,166732.0
C0100553,Barbara Hester,65+,15,FL,697,2,1,0,9587.0,65313.0
C0100554,Robert Morgan,25-34,3,FL,661,1,0,0,16966.0,72709.0
C0100555,Nicole Gonzalez,35-44,10,VA,660,4,1,1,4283.0,167751.0
C0100556,Kathryn Williams,35-44,9,NJ,635,4,1,1,2391.0,105205.0
C0100557,Gary Wells,45-54,1,WA,741,2,1,0,12520.0,115855.0
C0100558,Larry Robertson,45-54,17,GA,746,1,0,0,6893.0,96334.0
C0100559,Louis Martin,45-54,20,MA,746,2,1,0,9541.0,284307.0
C0100560,Nancy Evans MD,25-34,13,AZ,679,2,1,0,17829.0,163961.0
C0100561,Kim Erickson,35-44,14,WA,765,2,1,0,38900.0,141985.0
C0100562,Robert Richardson,55-64,5,WA,751,1,0,0,17960.0,152671.0
C0100563,Veronica Silva,45-54,17,TX,720,1,0,0,15342.0,71567.0
C0100564,Molly Watts,45-54,16,VA,712,1,0,0,4445.0,348154.0
C0100565,John Coffey,45-54,9,MA,690,2,1,0,5344.0,29752.0
C0100566,Paula Lane,55-64,15,PA,728,2,1,0,13980.0,119548.0
C0100567,Lauren Jackson,25-34,20,WA,792,3,1,1,5240.0,116212.0
C0100568,Lisa Randall,35-44,13,IL,771,1,0,0,13911.0,93358.0
C0100569,Michael Johnson,45-54,4,NY,708,3,1,1,3045.0,289412.0
C0100570,Ashley Smith,35-44,7,NJ,744,1,0,0,82061.0,104999.0
C0100571,Christian Vaughn,55-64,4,FL,670,1,0,0,10223.0,132197.0
C0100572,Reginald Knapp,45-54,7,GA,752,2,1,0,9448.0,71588.0
C0100573,Nancy Brown,55-64,18,MA,682,1,0,0,4541.0,58722.0
C0100574,Daniel Nguyen,55-64,4,FL,751,4,1,1,80469.0,198525.0
C0100575,Kelly Edwards,45-54,18,FL,820,4,1,1,1801.0,259339.0
C0100576,Thomas Peterson,65+,6,MA,694,1,0,0,3486.0,207951.0
C0100577,Raymond Le,45-54,10,VA,820,1,0,0,22568.0,92908.0
C0100578,Melissa Bishop,55-64,11,OH,742,1,0,0,10803.0,55654.0
C0100579,David Grant,35-44,3,OH,686,4,1,1,4056.0,52523.0
C0100580,William Evans,45-54,4,MA,684,1,0,0,4198.0,30808.0
C0100581,Daniel Bush,45-54,7,NJ,820,3,1,1,5715.0,72686.0
C0100582,Gregory Peck,25-34,2,AZ,742,1,0,0,9160.0,123330.0
C0100583,Denise Martinez,35-44,16,TX,694,2,1,0,52279.0,170345.0
C0100584,Jamie Baird,65+,11,GA,710,1,0,0,16751.0,105769.0
C0100585,Tina Ballard,45-54,17,NJ,739,3,1,1,27667.0,95947.0
C0100586,Dwayne Klein,35-44,18,CA,719,2,1,0,4812.0,98691.0
C0100587,Jeremy Scott,35-44,7,GA,735,1,0,0,15046.0,82691.0
C0100588,Dale Ryan,35-44,17,CA,799,1,0,0,1254.0,115146.0
C0100589,Melissa Taylor,25-34,2,AZ,669,2,1,0,10083.0,49660.0
C0100590,Laurie Sanchez,65+,9,NJ,749,2,1,0,9335.0,197799.0
C0100591,Kiara Little,35-44,14,FL,716,3,1,1,72092.0,156894.0
C0100592,Jason Love,35-44,10,GA,697,2,1,0,52528.0,115445.0
C0100593,Randy Smith,45-54,15,TX,768,4,1,1,5942.0,118092.0
C0100594,Tanya Russell,25-34,18,WA,654,1,0,0,3039.0,105839.0
C0100595,Sherry Woods,35-44,9,FL,613,3,1,1,3141.0,58293.0
C0100596,Victor Morris,55-64,6,MI,730,4,1,1,5690.0,425760.0
C0100597,Susan Davis,45-54,12,TX,713,2,1,0,38642.0,72327.0
C0100598,Kimberly Sharp,65+,18,FL,659,4,1,1,13332.0,101859.0
C0100599,Susan Thompson,45-54,20,MA,643,2,1,0,15087.0,134493.0
C0100600,Casey Gillespie,45-54,17,IL,806,2,1,0,21449.0,253787.0
C0100601,Jennifer Simpson DVM,55-64,5,TX,740,1,0,0,2458.0,132569.0
C0100602,Tammy Mcdowell,65+,5,NJ,720,1,0,0,3460.0,63277.0
C0100603,Keith Rodriguez,55-64,12,NY,818,2,1,0,15128.0,99072.0
C0100604,Mrs. Virginia Daniels,65+,9,NC,765,3,1,1,3182.0,117526.0
C0100605,Todd Rosales MD,55-64,13,WA,799,4,1,1,1298.0,164828.0
C0100606,Brian Martin,55-64,19,NJ,666,2,1,0,2210.0,348454.0
C0100607,David Lopez,25-34,11,NY,665,3,1,1,28717.0,105915.0
C0100608,Rachel Bradley,55-64,8,NY,747,3,1,1,5172.0,168904.0
C0100609,Casey Chase,35-44,18,NY,738,3,1,1,10626.0,23736.0
C0100610,Samantha Robertson,45-54,9,MI,776,1,0,0,2347.0,118540.0
C0100611,Michael Lopez,45-54,13,NJ,646,2,1,0,12775.0,142906.0
C0100612,Franklin Wright,65+,3,GA,751,2,1,0,5863.0,71412.0
C0100613,David Molina,65+,11,IL,764,3,1,1,13842.0,86218.0
C0100614,Elizabeth Sharp,35-44,9,CA,762,2,1,0,4567.0,165393.0
C0100615,Matthew Schwartz,55-64,3,WA,701,3,1,1,14841.0,132813.0
C0100616,Bryan Parker,55-64,5,MI,743,4,1,1,4305.0,305009.0
C0100617,Jonathan Jacobson,35-44,15,MI,685,2,1,0,7359.0,38415.0
C0100618,Emily Wilson,25-34,4,TX,706,3,1,1,5849.0,130819.0
C0100619,Elizabeth Mendez,25-34,3,PA,673,2,1,0,8362.0,126842.0
C0100620,Casey Hernandez,55-64,2,PA,685,2,1,0,11326.0,76104.0
C0100621,Lisa Perry,45-54,1,NC,709,2,1,0,4474.0,57448.0
C0100622,Kaitlin Medina,65+,9,VA,697,4,1,1,7020.0,67014.0
C0100623,Colleen Wright,45-54,10,WA,685,3,1,1,10135.0,27864.0
C0100624,Shelley Miller,65+,13,GA,661,3,1,1,14902.0,105515.0
C0100625,Michael Miller,35-44,12,IL,808,1,0,0,7396.0,67867.0
C0100626,Amy Kelley,55-64,11,OH,697,2,1,0,2795.0,100243.0
C0100627,Laura Hernandez,25-34,20,VA,734,3,1,1,8989.0,177048.0
C0100628,Joseph Wilson,45-54,5,PA,640,4,1,1,18113.0,73135.0
C0100629,Kevin Davis,55-64,15,OH,781,4,1,1,1636.0,154266.0
C0100630,Rhonda Chavez,65+,2,VA,727,3,1,1,1659.0,47953.0
C0100631,Joyce Brown,55-64,17,NC,700,3,1,1,3660.0,75257.0
C0100632,Robert Cummings,25-34,8,GA,700,1,0,0,6433.0,264275.0
C0100633,Robert Reese,35-44,7,VA,759,3,1,1,580.0,95001.0
C0100634,Amber Cooper,25-34,3,PA,587,1,0,0,16138.0,201282.0
C0100635,Zachary Michael,25-34,11,CA,682,3,1,1,6509.0,179451.0
C0100636,Timothy Johnson,45-54,8,VA,714,1,0,0,482.0,97722.0
C0100637,Randy Cannon,55-64,20,OH,714,4,1,1,2131.0,36554.0
C0100638,Maria Fisher,55-64,4,PA,820,2,1,0,5649.0,18551.0
C0100639,Janet Kane DVM,55-64,9,TX,704,1,0,0,966.0,148689.0
C0100640,Michael Stanley,55-64,19,AZ,764,2,1,0,25966.0,126997.0
C0100641,Martha Bailey,55-64,17,NJ,801,2,1,0,10140.0,187764.0
C0100642,Joshua Rice,25-34,16,PA,750,3,1,1,18285.0,274542.0
C0100643,Courtney Smith,35-44,11,MI,689,3,1,1,2357.0,74735.0
C0100644,Edwin Nunez,45-54,18,OH,662,2,1,0,13275.0,323234.0
C0100645,Kim Morrow,55-64,5,PA,753,1,0,0,3667.0,92386.0
C0100646,Gregory Hill,25-34,17,PA,794,3,1,1,6432.0,47753.0
C0100647,Molly Rodriguez,45-54,12,TX,744,4,1,1,12375.0,118182.0
C0100648,Jennifer Miranda,45-54,7,MA,775,3,1,1,7450.0,74794.0
C0100649,Alexis Harris,25-34,5,AZ,820,1,0,0,21378.0,69027.0
C0100650,Andrew Harper,35-44,11,AZ,757,3,1,1,9575.0,146929.0
C0100651,Amber Yang,55-64,1,PA,670,1,0,0,4648.0,72351.0
C0100652,David Robinson,45-54,15,MA,722,4,1,1,22280.0,105685.0
C0100653,Amy Gordon,35-44,5,PA,781,1,0,0,28692.0,106247.0
C0100654,Robert Dennis,55-64,8,WA,708,1,0,0,9001.0,112158.0
C0100655,Kyle Chambers,35-44,4,TX,787,1,0,0,40269.0,57066.0
C0100656,Eric Thomas,55-64,10,PA,716,3,1,1,6109.0,30908.0
C0100657,Connie Turner,35-44,8,NC,735,2,1,0,6950.0,173174.0
C0100658,Travis Hobbs,45-54,4,MA,704,3,1,1,8146.0,194986.0
C0100659,Lori Simmons,35-44,18,NY,727,2,1,0,6934.0,35764.0
C0100660,William David DDS,35-44,16,OH,729,3,1,1,5582.0,143362.0
C0100661,Emma Butler,55-64,8,WA,647,2,1,0,3436.0,146888.0
C0100662,James Webster,35-44,2,GA,700,1,0,0,2458.0,69099.0
C0100663,Samuel Turner,25-34,17,NJ,664,3,1,1,9255.0,189119.0
C0100664,Renee Melendez,35-44,14,OH,701,2,1,0,34133.0,228268.0
C0100665,Tracy Grant,55-64,12,CA,684,2,1,0,21527.0,229203.0
C0100666,David Harris,55-64,13,PA,765,2,1,0,12909.0,315303.0
C0100667,Tammy Boone,65+,1,NC,766,3,1,1,36279.0,215156.0
C0100668,Nathaniel Lee,35-44,10,CA,745,1,0,0,8292.0,85184.0
C0100669,Michael Morrison,35-44,4,NY,662,2,1,0,2474.0,122855.0
C0100670,Chelsea Gill,25-34,14,MA,715,2,1,0,5328.0,44928.0
C0100671,Kristin Mendoza,45-54,19,CA,659,3,1,1,7534.0,223805.0
C0100672,Felicia Krueger,65+,11,NY,713,1,0,0,4381.0,105156.0
C0100673,Timothy Hayden,55-64,13,MI,749,1,0,0,16850.0,96024.0
C0100674,Zachary Mendoza,45-54,14,NC,764,1,0,0,24901.0,58256.0
C0100675,Larry Harris,35-44,19,NY,741,2,1,0,1014.0,190971.0
C0100676,Kristen Rowe,65+,1,CA,776,1,0,0,6805.0,48164.0
C0100677,Joseph Howard,45-54,7,AZ,731,2,1,0,249.0,78917.0
C0100678,Jose Crawford,25-34,6,NC,709,1,0,0,7260.0,200025.0
C0100679,William Harrison,35-44,15,NC,759,2,1,0,7163.0,96168.0
C0100680,Suzanne Wood,25-34,9,CA,760,2,1,0,68285.0,66559.0
C0100681,Justin Walker,35-44,16,NY,696,2,1,0,47644.0,236067.0
C0100682,Dean Donovan,25-34,10,TX,737,3,1,1,24805.0,39153.0
C0100683,Jennifer Hernandez,45-54,20,MA,706,2,1,0,2561.0,122105.0
C0100684,James Whitaker,45-54,16,VA,629,3,1,1,2390.0,114686.0
C0100685,Mr. Michael Scott PhD,35-44,1,NC,739,2,1,0,2175.0,47909.0
C0100686,Maria Henry,35-44,20,NJ,661,2,1,0,50612.0,157081.0
C0100687,Robert Jackson,65+,20,FL,734,1,0,0,2718.0,92255.0
C0100688,Katherine Stark,55-64,1,MA,650,2,1,0,5102.0,303513.0
C0100689,Maria Brown,45-54,8,GA,687,3,1,1,2753.0,62781.0
C0100690,Ryan Landry,35-44,20,GA,700,1,0,0,1790.0,122404.0
C0100691,Pamela Gutierrez,55-64,17,MA,774,1,0,0,12078.0,37562.0
C0100692,Crystal Mann,35-44,10,TX,695,2,1,0,9740.0,101357.0
C0100693,Jonathan Brooks,35-44,11,OH,671,2,1,0,561.0,28326.0
C0100694,Mary Jensen,65+,1,TX,736,4,1,1,1699.0,226733.0
C0100695,Mr. Aaron Arnold,45-54,12,OH,710,1,0,0,11006.0,128040.0
C0100696,Joseph Hill,55-64,14,PA,755,3,1,1,7430.0,156160.0
C0100697,Alicia Li,45-54,8,OH,674,3,1,1,5008.0,199055.0
C0100698,Renee Browning,45-54,7,NJ,729,3,1,1,16761.0,260537.0
C0100699,Brent Hernandez,35-44,17,PA,820,2,1,0,1434.0,255940.0
C0100700,Joseph Ochoa,35-44,9,CA,709,1,0,0,3968.0,145370.0
C0100701,James Watson,35-44,6,FL,728,1,0,0,15088.0,105090.0
C0100702,Karl Branch,35-44,8,NJ,645,3,1,1,3718.0,149970.0
C0100703,Michael Abbott,55-64,10,NC,681,1,0,0,11791.0,129919.0
C0100704,Shannon Malone,35-44,6,MA,740,1,0,0,2048.0,171754.0
C0100705,James Tran,45-54,12,AZ,705,1,0,0,3015.0,92341.0
C0100706,Adam Jackson,55-64,18,FL,747,3,1,1,955.0,183467.0
C0100707,Mr. Richard Knight PhD,55-64,15,VA,739,1,0,0,686.0,120858.0
C0100708,Joseph Williams,35-44,5,TX,660,2,1,0,4577.0,65329.0
C0100709,Sean Clay,45-54,10,TX,765,3,1,1,13905.0,69444.0
C0100710,Anthony Jones,65+,11,VA,664,3,1,1,7060.0,48742.0
C0100711,Stephanie Elliott,45-54,14,OH,685,3,1,1,32609.0,158158.0
C0100712,Timothy Edwards,55-64,16,MA,730,2,1,0,5058.0,34705.0
C0100713,Laurie Goodwin,65+,10,CA,790,1,0,0,636.0,39286.0
C0100714,Jennifer Jones,55-64,7,GA,674,1,0,0,12247.0,34024.0
C0100715,David Davenport,35-44,14,PA,726,1,0,0,2221.0,131229.0
C0100716,Steven Rivera,45-54,3,MA,727,2,1,0,9424.0,281404.0
C0100717,Brenda Hinton,25-34,14,NJ,749,2,1,0,522.0,112752.0
C0100718,Kathryn Mccann,45-54,18,VA,773,2,1,0,5825.0,104387.0
C0100719,Jeffrey Roberson,65+,15,PA,701,2,1,0,18830.0,201890.0
C0100720,Randy Friedman,45-54,9,AZ,765,3,1,1,16262.0,131633.0
C0100721,Raymond Johnson,35-44,17,WA,779,1,0,0,5998.0,49388.0
C0100722,Willie Henry,25-34,11,VA,800,4,1,1,7619.0,107738.0
C0100723,Todd Reynolds,65+,11,GA,742,3,1,1,4462.0,114189.0
C0100724,Mary Miller,25-34,18,AZ,727,1,0,0,5665.0,181163.0
C0100725,Rebecca Marquez,25-34,4,NJ,698,2,1,0,17191.0,186098.0
C0100726,Christian Dawson,35-44,16,CA,654,4,1,1,3295.0,108615.0
C0100727,Nancy Stewart,25-34,14,AZ,707,4,1,1,3706.0,60990.0
C0100728,Aaron Parker,45-54,11,CA,725,2,1,0,1217.0,26327.0
C0100729,Derrick Anderson,45-54,2,NJ,715,1,0,0,17607.0,53124.0
C0100730,Jerry Peters,35-44,16,NY,746,4,1,1,5520.0,84105.0
C0100731,Alexander Gomez,25-34,5,AZ,654,2,1,0,1780.0,148065.0
C0100732,Kyle Nguyen,25-34,18,NJ,711,2,1,0,21738.0,54330.0
C0100733,Edgar Hughes,35-44,16,WA,809,1,0,0,7178.0,61574.0
C0100734,Steven Stein,25-34,8,NJ,764,3,1,1,3115.0,148371.0
C0100735,Laura Jackson,45-54,9,NC,747,2,1,0,22153.0,266804.0
C0100736,Charles Turner,35-44,1,WA,737,2,1,0,5039.0,203979.0
C0100737,Arthur Hamilton MD,35-44,10,PA,703,3,1,1,1154.0,44532.0
C0100738,Mr. David Wright,35-44,2,GA,641,2,1,0,23976.0,129768.0
C0100739,Linda Gonzalez,35-44,20,PA,740,2,1,0,2770.0,201538.0
C0100740,Eric Rush,25-34,13,TX,609,2,1,0,284600.0,85000.0
C0100741,Manuel Brock,25-34,5,AZ,705,2,1,0,4446.0,33759.0
C0100742,George Ochoa,55-64,17,GA,719,4,1,1,676.0,65884.0
C0100743,Valerie Taylor,25-34,1,CA,699,2,1,0,62311.0,166175.0
C0100744,Travis Harris,45-54,11,WA,817,1,0,0,7095.0,146102.0
C0100745,Vincent Novak,45-54,3,MA,802,1,0,0,10319.0,71009.0
C0100746,Michael Henry,35-44,2,MI,766,2,1,0,12002.0,141302.0
C0100747,Dana Bennett,35-44,5,PA,678,1,0,0,1483.0,100893.0
C0100748,Jenna Wilson,55-64,6,WA,806,2,1,0,564.0,88756.0
C0100749,Leslie Gardner,55-64,15,VA,747,2,1,0,79162.0,82185.0
C0100750,Krista Benton,35-44,18,PA,677,2,1,0,1163.0,106682.0
C0100751,Michael Gonzales,35-44,16,PA,721,1,0,0,54198.0,144685.0
C0100752,Michael Fuentes,35-44,15,MA,763,2,1,0,14279.0,72644.0
C0100753,Jennifer Porter,45-54,12,MA,693,1,0,0,9368.0,231549.0
C0100754,Dana Hopkins,45-54,8,NJ,726,2,1,0,4329.0,73871.0
C0100755,Rachel Jones,35-44,6,CA,734,1,0,0,121241.0,131011.0
C0100756,Karen Morales DDS,35-44,19,NY,670,4,1,1,3306.0,200867.0
C0100757,Melissa Stephens,65+,11,IL,707,2,1,0,3419.0,161377.0
C0100758,Heather Woodard,25-34,12,NC,673,3,1,1,17028.0,50190.0
C0100759,Margaret Miller,45-54,1,AZ,759,3,1,1,3387.0,136071.0
C0100760,Mary Kelly,55-64,10,WA,679,3,1,1,2256.0,80255.0
C0100761,Amanda Terrell,35-44,14,PA,733,3,1,1,7090.0,72659.0
C0100762,Jennifer Goodwin,25-34,10,TX,657,1,0,0,17351.0,130272.0
C0100763,Jessica Smith,25-34,13,PA,668,1,0,0,72532.0,64858.0
C0100764,Jorge Stone,65+,17,NY,666,3,1,1,92645.0,127340.0
C0100765,Laura Griffin,25-34,1,AZ,706,2,1,0,887.0,216842.0
C0100766,Raymond Chapman,35-44,19,CA,728,2,1,0,26575.0,144684.0
C0100767,Haley Johnson,25-34,17,WA,736,2,1,0,2335.0,120840.0
C0100768,Jason Nixon,25-34,9,MI,640,1,0,0,2479.0,114521.0
C0100769,Todd Thomas,45-54,16,TX,712,1,0,0,3982.0,92918.0
C0100770,Jesse Clark,35-44,2,NJ,686,2,1,0,3689.0,104527.0
C0100771,Mr. Jeffrey Horton,45-54,7,NC,744,2,1,0,2108.0,104999.0
C0100772,Eric Patrick,45-54,3,CA,707,3,1,1,467.0,88306.0
C0100773,Samuel Wong,55-64,13,NY,716,2,1,0,43207.0,76701.0
C0100774,Carly Riggs,25-34,18,IL,686,1,0,0,22387.0,201139.0
C0100775,Christopher Moore,55-64,13,NY,797,1,0,0,7470.0,105121.0
C0100776,Tina Hall,45-54,15,NC,662,2,1,0,2386.0,186185.0
C0100777,Cody Davidson,35-44,3,MI,702,2,1,0,33549.0,145317.0
C0100778,Allen Mendez,55-64,19,FL,724,3,1,1,7061.0,68054.0
C0100779,Kevin Price,55-64,4,TX,708,2,1,0,3822.0,28475.0
C0100780,Christine Goodwin,35-44,11,MI,685,3,1,1,1060.0,169455.0
C0100781,Amy Garcia,65+,14,GA,638,2,1,0,14540.0,126569.0
C0100782,Chelsea Nguyen,45-54,18,NY,688,1,0,0,5103.0,43885.0
C0100783,Dennis Huffman,45-54,19,NY,676,2,1,0,10428.0,84651.0
C0100784,Margaret Harper,65+,12,CA,795,1,0,0,9332.0,177955.0
C0100785,Laurie Bailey,35-44,12,WA,820,1,0,0,16346.0,49308.0
C0100786,Lisa Cervantes,55-64,9,WA,717,2,1,0,9897.0,92945.0
C0100787,Elizabeth Mendez,35-44,12,NC,656,2,1,0,5289.0,117461.0
C0100788,Cesar Wilson,55-64,14,IL,753,1,0,0,14838.0,76507.0
C0100789,Clayton Steele,45-54,13,NY,675,3,1,1,23873.0,130698.0
C0100790,Jennifer Taylor,35-44,12,PA,695,2,1,0,48785.0,109516.0
C0100791,Cody Reid,35-44,9,AZ,691,1,0,0,1988.0,75229.0
C0100792,Maria Cooke,35-44,4,TX,697,3,1,1,28976.0,97530.0
C0100793,Katherine Taylor,25-34,2,WA,704,1,0,0,1135.0,36595.0
C0100794,Jerry Brown,25-34,9,PA,660,2,1,0,25776.0,194669.0
C0100795,Adam Taylor,35-44,8,NY,688,2,1,0,3756.0,22830.0
C0100796,Tracey Wagner,25-34,13,WA,765,2,1,0,20948.0,72361.0
C0100797,Michael Perry PhD,35-44,19,MA,718,3,1,1,45760.0,105547.0
C0100798,Bradley Johnson DDS,55-64,15,MA,725,2,1,0,10048.0,185563.0
C0100799,Donald Medina,55-64,17,PA,619,1,0,0,7656.0,55333.0
C0100800,Jim Newton,55-64,12,NC,762,2,1,0,7201.0,55949.0
C0100801,Krista Wilson,35-44,19,PA,689,1,0,0,4607.0,187697.0
C0100802,Reginald Morrow,55-64,19,FL,770,1,0,0,31235.0,186345.0
C0100803,Rodney Williams,45-54,4,IL,726,2,1,0,7120.0,129759.0
C0100804,Kimberly Fritz,25-34,13,CA,694,1,0,0,596.0,89346.0
C0100805,Ronald Potter,25-34,11,FL,644,2,1,0,23412.0,43447.0
C0100806,Zachary Cole,45-54,20,NC,817,2,1,0,21982.0,57006.0
C0100807,Robert Gonzales,35-44,12,NJ,756,3,1,1,8533.0,151385.0
C0100808,Patricia Young PhD,45-54,1,PA,758,3,1,1,3147.0,90080.0
C0100809,Heather Page,65+,5,NC,801,2,1,0,2014.0,144929.0
C0100810,Carol Taylor,25-34,3,VA,730,3,1,1,3158.0,54950.0
C0100811,Daniel Brown,25-34,5,AZ,780,2,1,0,10286.0,103046.0
C0100812,Douglas Ryan,65+,2,NC,698,3,1,1,887.0,153002.0
C0100813,Michael Roberts,45-54,16,NY,753,3,1,1,13485.0,125277.0
C0100814,Scott Duke,25-34,10,NJ,691,3,1,1,8840.0,87980.0
C0100815,Anna Estes,55-64,14,FL,697,3,1,1,37977.0,70501.0
C0100816,Tamara Riddle,55-64,20,FL,724,4,1,1,18798.0,152655.0
C0100817,Beth Cline,45-54,13,IL,662,2,1,0,3403.0,36329.0
C0100818,Michael Poole,45-54,10,PA,734,4,1,1,1065.0,308802.0
C0100819,Megan Burns,35-44,6,FL,705,2,1,0,3025.0,233936.0
C0100820,Debra Perry,25-34,16,CA,630,1,0,0,42509.0,47345.0
C0100821,Mark Beard,45-54,11,MA,699,1,0,0,11536.0,173363.0
C0100822,Jose Ramirez,35-44,16,NJ,704,2,1,0,16594.0,214923.0
C0100823,Jackie Clements,45-54,1,NJ,758,1,0,0,3808.0,104843.0
C0100824,Aaron Schroeder,55-64,4,CA,732,1,0,0,14497.0,160469.0
C0100825,Monica Ellis,25-34,3,VA,785,2,1,0,1307.0,110583.0
C0100826,Heather Brown,45-54,14,IL,743,2,1,0,24891.0,70232.0
C0100827,Claudia Jordan,35-44,11,VA,695,1,0,0,2025.0,103102.0
C0100828,Derrick Clayton,55-64,7,GA,717,2,1,0,758.0,209202.0
C0100829,Kenneth Knight,35-44,7,NY,704,2,1,0,122369.0,111148.0
C0100830,Mr. Michael Williams,45-54,13,NY,741,3,1,1,9527.0,106549.0
C0100831,Richard Stevens,45-54,20,FL,722,2,1,0,9216.0,149643.0
C0100832,Scott Alexander,35-44,20,WA,691,1,0,0,859.0,208127.0
C0100833,Tyler Harris,45-54,10,OH,720,4,1,1,17104.0,33997.0
C0100834,Bonnie Santos,55-64,14,VA,740,3,1,1,23464.0,26132.0
C0100835,Timothy Hill,45-54,2,WA,674,2,1,0,6380.0,58258.0
C0100836,Danielle Watson,55-64,19,FL,734,1,0,0,23574.0,96227.0
C0100837,Carol Sanders,65+,1,PA,648,2,1,0,33011.0,63460.0
C0100838,Michael Young,35-44,7,TX,769,3,1,1,15228.0,89175.0
C0100839,Michele Smith,45-54,15,CA,743,3,1,1,602.0,517701.0
C0100840,Casey Perez,25-34,20,MA,793,3,1,1,2035.0,23067.0
C0100841,Alexandra Dominguez,55-64,4,MI,669,4,1,1,61345.0,196123.0
C0100842,Virginia Henderson,45-54,14,OH,771,3,1,1,8945.0,81373.0
C0100843,Benjamin Reyes,35-44,4,NY,762,1,0,0,8993.0,27397.0
C0100844,Ashley Edwards,25-34,2,NC,711,1,0,0,2987.0,96531.0
C0100845,Breanna Ayala,55-64,9,NC,703,1,0,0,3771.0,66144.0
C0100846,Brandi Haney,35-44,12,NY,671,1,0,0,33900.0,52590.0
C0100847,Joseph Smith,45-54,6,CA,659,1,0,0,48931.0,74739.0
C0100848,Jessica Bowen,25-34,20,GA,686,2,1,0,21092.0,73928.0
C0100849,Brittany Jenkins,65+,13,GA,663,3,1,1,15707.0,129031.0
C0100850,Shannon Miller,35-44,9,VA,791,1,0,0,17188.0,137234.0
C0100851,Paul Lawrence,35-44,10,IL,652,3,1,1,7447.0,86280.0
C0100852,Victor Edwards,55-64,10,TX,726,4,1,1,1911.0,161124.0
C0100853,Donald Miller,65+,3,AZ,739,1,0,0,1475.0,96890.0
C0100854,Lindsay Lawson,35-44,13,OH,736,1,0,0,39251.0,103739.0
C0100855,Melissa Abbott,45-54,16,NJ,740,2,1,0,7789.0,46886.0
C0100856,Elizabeth Holmes,55-64,9,CA,762,3,1,1,14364.0,55547.0
C0100857,Nicole Phillips,55-64,9,CA,699,3,1,1,10435.0,187806.0
C0100858,Steven Blevins,35-44,19,CA,723,1,0,0,11090.0,161970.0
C0100859,Brian Porter MD,45-54,13,VA,706,2,1,0,12258.0,113785.0
C0100860,Vanessa Hatfield,55-64,6,NY,778,3,1,1,18711.0,20122.0
C0100861,Bonnie Valencia,55-64,1,VA,814,1,0,0,3226.0,270661.0
C0100862,Holly Vega,55-64,17,MA,666,2,1,0,33486.0,103702.0
C0100863,Tiffany Townsend,45-54,13,MI,628,2,1,0,3343.0,77042.0
C0100864,Austin Baker,25-34,13,MA,745,1,0,0,10801.0,79858.0
C0100865,Antonio Mccormick,65+,6,AZ,768,4,1,1,1959.0,324793.0
C0100866,Lori Mason,55-64,4,NJ,808,1,0,0,6635.0,104773.0
C0100867,Michael Miller,55-64,10,WA,753,3,1,1,3671.0,139324.0
C0100868,Lisa Ramirez,25-34,16,MI,782,3,1,1,8342.0,104642.0
C0100869,Jorge Harris,35-44,6,NY,794,1,0,0,19584.0,116300.0
C0100870,Kimberly Myers,55-64,11,TX,785,3,1,1,8877.0,98298.0
C0100871,Sandra Becker,25-34,20,IL,759,1,0,0,85223.0,271545.0
C0100872,Michael Blair,65+,5,GA,662,1,0,0,21059.0,122075.0
C0100873,Amy Miller,35-44,5,IL,719,1,0,0,6160.0,53825.0
C0100874,Jesse Lynch,55-64,5,TX,733,3,1,1,7308.0,133111.0
C0100875,Patrick Yang,55-64,19,GA,715,4,1,1,12750.0,47093.0
C0100876,Michael Miles,35-44,11,GA,718,1,0,0,18867.0,148795.0
C0100877,Troy Mills,35-44,19,MA,790,2,1,0,1843.0,95229.0
C0100878,Michelle Jackson,45-54,19,MA,685,4,1,1,17396.0,79960.0
C0100879,Richard Adams,45-54,9,MI,755,2,1,0,1901.0,220549.0
C0100880,Patricia Johnson,35-44,2,WA,734,1,0,0,15488.0,290581.0
C0100881,Denise Brown,45-54,7,PA,681,2,1,0,30337.0,48646.0
C0100882,Laura Jones,65+,11,MA,671,2,1,0,11611.0,137803.0
C0100883,Ian Porter,45-54,8,MA,643,1,0,0,497.0,97606.0
C0100884,Holly Scott,35-44,1,TX,741,2,1,0,954.0,66136.0
C0100885,Kenneth Sharp,35-44,20,NJ,717,3,1,1,15919.0,43768.0
C0100886,Jordan Williams,35-44,7,OH,682,2,1,0,426.0,146251.0
C0100887,Dana Ruiz,25-34,13,NY,635,2,1,0,16846.0,34084.0
C0100888,Chris Velazquez,35-44,19,OH,739,3,1,1,26418.0,99878.0
C0100889,Kristen Sloan,45-54,11,AZ,712,2,1,0,31641.0,201280.0
C0100890,Jennifer Morris,35-44,14,AZ,687,3,1,1,6065.0,111058.0
C0100891,Nathan Nelson,65+,1,IL,676,1,0,0,13714.0,85470.0
C0100892,Jake Shaw,35-44,14,OH,709,2,1,0,10412.0,21851.0
C0100893,Cassie Brock,25-34,17,GA,741,2,1,0,1384.0,70570.0
C0100894,Dr. Andrea Marshall,55-64,19,VA,705,2,1,0,19812.0,286465.0
C0100895,Ryan Murphy,55-64,2,GA,666,2,1,0,42984.0,52886.0
C0100896,Aimee Gonzalez,35-44,5,IL,717,2,1,0,18532.0,247677.0
C0100897,Elizabeth Dean,35-44,1,AZ,767,2,1,0,4432.0,72009.0
C0100898,Kevin Snyder,35-44,19,IL,721,2,1,0,19691.0,153061.0
C0100899,Christie Mccullough,45-54,6,NY,723,3,1,1,38452.0,194427.0
C0100900,Danielle Smith,45-54,11,PA,705,2,1,0,32843.0,139258.0
C0100901,David Reed,35-44,10,PA,679,3,1,1,27785.0,248118.0
C0100902,Sherry Tapia,25-34,14,NC,678,3,1,1,1200.0,168930.0
C0100903,Matthew Sweeney,45-54,18,MI,645,3,1,1,13067.0,132394.0
C0100904,Ashley Moreno,65+,7,FL,773,1,0,0,17585.0,19314.0
C0100905,Johnathan Brown,45-54,16,AZ,740,3,1,1,28181.0,130256.0
C0100906,Michelle Davis DVM,45-54,6,NY,723,1,0,0,15044.0,173499.0
C0100907,Kelly Haynes,25-34,4,TX,733,2,1,0,52174.0,216554.0
C0100908,William Miller,35-44,3,NJ,735,4,1,1,904.0,80206.0
C0100909,Casey Wilkins,35-44,8,NY,686,1,0,0,15836.0,128732.0
C0100910,Keith Graham,55-64,12,VA,705,1,0,0,14397.0,57184.0
C0100911,Cynthia Green,55-64,16,MA,698,1,0,0,23939.0,55348.0
C0100912,Robert Haynes,65+,17,NJ,820,4,1,1,51562.0,181844.0
C0100913,Emily Nelson,65+,11,VA,765,2,1,0,2791.0,207363.0
C0100914,Dale Chan,65+,9,GA,727,3,1,1,49526.0,205628.0
C0100915,Brittney Martin,65+,4,IL,781,1,0,0,21544.0,143189.0
C0100916,Jason Herrera,25-34,19,MI,775,1,0,0,6473.0,346335.0
C0100917,Christine Parker,25-34,8,IL,657,1,0,0,2723.0,111123.0
C0100918,Bryan Moore,35-44,16,AZ,709,3,1,1,10256.0,86658.0
C0100919,Samantha Terry,45-54,13,GA,719,1,0,0,11416.0,64612.0
C0100920,Russell Murphy,25-34,19,GA,747,4,1,1,12203.0,32589.0
C0100921,David Kelly,55-64,20,NJ,709,2,1,0,3819.0,88575.0
C0100922,Megan Green,45-54,15,FL,715,4,1,1,16835.0,116954.0
C0100923,Amanda Sullivan MD,45-54,14,NC,699,2,1,0,4981.0,129701.0
C0100924,Danielle Murray,35-44,3,VA,767,2,1,0,34888.0,110864.0
C0100925,Brenda Smith,35-44,1,VA,655,1,0,0,63086.0,160507.0
C0100926,Vickie Anderson,35-44,11,NY,700,2,1,0,3056.0,105536.0
C0100927,Jacqueline Mccoy,55-64,15,CA,637,2,1,0,8707.0,163742.0
C0100928,Lauren Green,45-54,15,FL,673,1,0,0,26019.0,35415.0
C0100929,Alison Brown,55-64,6,WA,734,4,1,1,11283.0,33023.0
C0100930,Jill Anderson,35-44,11,NY,735,1,0,0,1599.0,61163.0
C0100931,Sandra Rivera,35-44,18,CA,705,1,0,0,22874.0,257812.0
C0100932,Joel Jackson,35-44,2,NC,770,2,1,0,3917.0,84083.0
C0100933,Samantha Foster,55-64,8,AZ,780,2,1,0,10307.0,78313.0
C0100934,Michael Thompson,55-64,19,NY,716,1,0,0,2458.0,90342.0
C0100935,Cody Ramirez,35-44,4,CA,731,4,1,1,21026.0,50585.0
C0100936,Amanda Harvey,65+,7,FL,699,1,0,0,4889.0,105860.0
C0100937,Edward Jenkins,25-34,10,TX,748,2,1,0,23873.0,82923.0
C0100938,Amy Ramirez,55-64,14,NY,666,1,0,0,6261.0,391231.0
C0100939,Curtis Wilkerson,25-34,6,FL,800,1,0,0,4548.0,65459.0
C0100940,Lydia Pham,35-44,16,MI,771,2,1,0,13289.0,183507.0
C0100941,Virginia Casey,55-64,5,NY,666,3,1,1,2232.0,158241.0
C0100942,Joshua Washington,35-44,8,NC,684,2,1,0,70114.0,163910.0
C0100943,Kathryn Price,35-44,12,OH,738,1,0,0,10125.0,108782.0
C0100944,Francis Robinson,35-44,1,MI,704,1,0,0,4107.0,57358.0
C0100945,Paula Brown,35-44,16,MI,744,4,1,1,5018.0,70988.0
C0100946,Kendra Wang DVM,55-64,14,NC,703,1,0,0,8276.0,82043.0
C0100947,Ariel Sandoval,55-64,17,AZ,788,2,1,0,26769.0,166894.0
C0100948,Robert Stark,55-64,6,FL,720,1,0,0,2770.0,210631.0
C0100949,Zachary Robinson,35-44,8,GA,820,1,0,0,5205.0,138858.0
C0100950,Rebecca Kelly,45-54,18,IL,747,1,0,0,7636.0,142320.0
C0100951,Sarah Thompson,35-44,2,GA,659,1,0,0,51584.0,206951.0
C0100952,Renee Wolfe,35-44,10,FL,813,2,1,0,26876.0,37551.0
C0100953,Alyssa Haynes,35-44,10,PA,769,2,1,0,54623.0,38734.0
C0100954,Kristy Hart,65+,9,MA,737,3,1,1,8411.0,63472.0
C0100955,William Keith,55-64,9,WA,749,1,0,0,45220.0,167490.0
C0100956,Eric Henry Jr.,55-64,15,OH,666,2,1,0,37076.0,39757.0
C0100957,Daniel Fox,45-54,4,TX,638,2,1,0,18697.0,133995.0
C0100958,Thomas Harris,45-54,18,MI,718,1,0,0,20587.0,69280.0
C0100959,Mitchell Sellers,45-54,18,PA,782,1,0,0,3970.0,137260.0
C0100960,Erica Johnson,45-54,4,PA,737,1,0,0,72690.0,118480.0
C0100961,Sylvia Schroeder,35-44,20,TX,796,1,0,0,6038.0,135092.0
C0100962,Shannon Yu,25-34,6,PA,779,2,1,0,15861.0,87762.0
C0100963,Tom Foster,25-34,2,NY,720,1,0,0,18252.0,181724.0
C0100964,Eric Taylor,65+,8,CA,773,2,1,0,1563.0,247906.0
C0100965,Travis Conner,45-54,16,NC,788,2,1,0,7621.0,252855.0
C0100966,Marie Thompson,65+,17,MA,716,2,1,0,10343.0,114591.0
C0100967,Melissa Mcfarland,35-44,13,TX,710,1,0,0,7072.0,77027.0
C0100968,Courtney Chapman,45-54,17,CA,726,2,1,0,7730.0,145680.0
C0100969,Eric Barker,35-44,6,TX,611,2,1,0,48592.0,375075.0
C0100970,Nicholas Rush,35-44,18,NC,732,4,1,1,3003.0,137031.0
C0100971,Jenna Gamble,25-34,13,WA,752,1,0,0,1768.0,192604.0
C0100972,Amanda Guzman,25-34,3,PA,726,1,0,0,4009.0,194884.0
C0100973,Tracy Walker,65+,3,TX,735,3,1,1,19793.0,154885.0
C0100974,Taylor Taylor,35-44,6,TX,718,1,0,0,22248.0,232012.0
C0100975,Cynthia Haas,45-54,2,MI,630,1,0,0,16768.0,63619.0
C0100976,Stephen Davis,45-54,6,IL,794,3,1,1,24202.0,83035.0
C0100977,Margaret Tanner,35-44,20,IL,703,2,1,0,11018.0,140685.0
C0100978,Derek Wright,45-54,5,NY,692,2,1,0,4352.0,239536.0
C0100979,David Rodriguez,35-44,13,AZ,781,1,0,0,2607.0,203045.0
C0100980,James Oconnor,65+,20,IL,764,1,0,0,1782.0,114764.0
C0100981,Stacey Snyder,55-64,6,NJ,732,1,0,0,6170.0,221352.0
C0100982,Joshua Garcia,55-64,14,VA,754,3,1,1,20869.0,53369.0
C0100983,Sean Curtis,45-54,10,CA,668,2,1,0,10768.0,87059.0
C0100984,Carla Jones,35-44,6,NY,716,2,1,0,8329.0,67462.0
C0100985,Elizabeth Flores,65+,20,AZ,778,4,1,1,2284.0,98352.0
C0100986,Angela Jackson,35-44,14,AZ,689,4,1,1,178997.0,113338.0
C0100987,Nicholas Payne,25-34,9,OH,675,1,0,0,3009.0,184962.0
C0100988,Anna Wheeler,35-44,17,FL,723,2,1,0,9365.0,167340.0
C0100989,Karen Johnson,55-64,19,PA,724,2,1,0,27001.0,132085.0
C0100990,Carmen Preston,45-54,16,MA,749,3,1,1,8525.0,136547.0
C0100991,Brian Harris,55-64,18,NJ,657,4,1,1,3077.0,94759.0
C0100992,Michael Bowen,55-64,7,TX,605,3,1,1,21384.0,47509.0
C0100993,Deborah Campbell,35-44,7,NJ,761,2,1,0,1624.0,67689.0
C0100994,Anthony Armstrong,65+,5,FL,671,1,0,0,65543.0,156931.0
C0100995,Brittany Ward,35-44,14,PA,692,2,1,0,11369.0,100488.0
C0100996,Edward Stanley,45-54,17,GA,621,2,1,0,5978.0,58047.0
C0100997,Christina Johnson,25-34,14,IL,766,2,1,0,1481.0,237163.0
C0100998,Edgar Miller,65+,12,NJ,735,2,1,0,2034.0,113319.0
C0100999,Elizabeth Sanders,35-44,16,FL,733,2,1,0,7612.0,212220.0
C0101000,Matthew Davis MD,25-34,4,AZ,733,2,1,0,78535.0,147517.0
C0101001,Stephen Wood,45-54,8,NC,627,4,1,1,10717.0,156346.0
C0101002,Dennis Marshall,25-34,15,PA,675,1,0,0,12289.0,114781.0
C0101003,Derrick Brown,35-44,2,MA,699,3,1,1,12879.0,143183.0
C0101004,Mary Miller,45-54,19,GA,686,2,1,0,138254.0,155520.0
C0101005,Joshua Arellano,35-44,4,OH,707,2,1,0,4771.0,199968.0
C0101006,Kristen Randall,65+,16,CA,731,2,1,0,53027.0,174762.0
C0101007,Jennifer Nichols,35-44,13,MA,765,2,1,0,5023.0,29080.0
C0101008,Karen Keith,55-64,17,WA,653,3,1,1,3483.0,198567.0
C0101009,Blake Orr,45-54,16,FL,719,1,0,0,7365.0,132455.0
C0101010,Kathryn Lester,45-54,11,MA,752,4,1,1,7321.0,30825.0
C0101011,Megan Oliver,45-54,16,VA,678,3,1,1,15905.0,142657.0
C0101012,Peter Thompson,45-54,7,OH,711,1,0,0,498.0,59596.0
C0101013,Dr. Rhonda Martinez,65+,12,AZ,740,1,0,0,9676.0,26809.0
C0101014,William Graham,35-44,19,NC,720,1,0,0,3950.0,76384.0
C0101015,Lori Flowers MD,35-44,2,NJ,750,1,0,0,3399.0,71502.0
C0101016,Suzanne Jones,45-54,8,FL,724,1,0,0,1711.0,66033.0
C0101017,James Nguyen,55-64,1,TX,705,1,0,0,5230.0,182445.0
C0101018,Jimmy Marks,25-34,11,GA,667,4,1,1,4359.0,90177.0
C0101019,Lisa Mills,35-44,16,PA,731,2,1,0,4856.0,114451.0
C0101020,Jason Hernandez,55-64,1,MA,724,3,1,1,1134.0,188192.0
C0101021,Olivia Ayers,55-64,11,TX,675,2,1,0,9116.0,88886.0
C0101022,Kristine Garcia,65+,9,VA,746,2,1,0,3134.0,166116.0
C0101023,Joseph Cooper,45-54,16,MI,777,3,1,1,1139.0,233710.0
C0101024,James Washington,45-54,5,AZ,690,1,0,0,4197.0,100040.0
C0101025,Amanda Hill,35-44,4,MA,687,2,1,0,3201.0,48886.0
C0101026,Lee Steele,65+,2,AZ,685,3,1,1,8513.0,188025.0
C0101027,Steve Rivera,35-44,9,IL,644,4,1,1,4131.0,143268.0
C0101028,Patrick Mccall,55-64,10,NJ,810,2,1,0,1423.0,176039.0
C0101029,Alicia Roth,35-44,19,FL,699,3,1,1,2790.0,68083.0
C0101030,Douglas Vasquez,45-54,10,GA,681,2,1,0,1020.0,59270.0
C0101031,Annette Melton,55-64,4,PA,669,1,0,0,31715.0,144176.0
C0101032,William Ramos,45-54,14,NY,702,1,0,0,38462.0,114071.0
C0101033,Debra Butler,65+,2,NC,688,2,1,0,44476.0,223851.0
C0101034,Chelsea Lewis,35-44,7,TX,784,1,0,0,3993.0,121083.0
C0101035,Natalie Malone,45-54,14,NC,663,1,0,0,38428.0,54189.0
C0101036,Samantha Robertson,35-44,6,OH,650,1,0,0,13206.0,130839.0
C0101037,Eric Hunter,35-44,12,NY,744,3,1,1,3021.0,181341.0
C0101038,Samuel Suarez,35-44,10,NC,715,3,1,1,3811.0,76008.0
C0101039,Corey Whitaker,25-34,20,VA,709,3,1,1,6592.0,134313.0
C0101040,Danielle Bryant,25-34,6,MI,745,2,1,0,9163.0,105132.0
C0101041,Michele Hill,45-54,19,TX,726,4,1,1,12525.0,107325.0
C0101042,Kathy Reid,45-54,13,NC,717,2,1,0,8086.0,47401.0
C0101043,Andre Watson,45-54,15,MI,656,2,1,0,5334.0,232691.0
C0101044,Cassandra Harrell,25-34,4,NJ,644,2,1,0,41048.0,112537.0
C0101045,Hannah Martin,35-44,1,OH,688,1,0,0,7069.0,81899.0
C0101046,Nicole Barker,35-44,15,TX,671,2,1,0,6600.0,64998.0
C0101047,James Martin,55-64,10,TX,732,2,1,0,6243.0,98530.0
C0101048,Traci Vincent,55-64,7,PA,639,4,1,1,7074.0,210534.0
C0101049,Megan Adams,35-44,18,MI,699,1,0,0,1580.0,53972.0
C0101050,Alejandro Deleon,45-54,7,VA,712,1,0,0,2432.0,127509.0
C0101051,Alexa Buck,25-34,9,NJ,718,2,1,0,152540.0,37300.0
C0101052,Lindsay Smith,35-44,15,PA,737,1,0,0,1118.0,262702.0
C0101053,Robert Torres,25-34,20,OH,705,4,1,1,11228.0,105997.0
C0101054,Maria Coleman,35-44,18,CA,689,2,1,0,12222.0,127547.0
C0101055,Gregory King,45-54,14,VA,776,2,1,0,27317.0,92125.0
C0101056,Michael Holloway,65+,3,IL,705,2,1,0,12583.0,81330.0
C0101057,Brian Hunt,35-44,3,GA,783,2,1,0,78358.0,133738.0
C0101058,Sarah Brooks,45-54,14,OH,705,1,0,0,10803.0,125508.0
C0101059,Lisa Evans,55-64,11,PA,719,2,1,0,40840.0,216089.0
C0101060,Arthur Mcneil,65+,3,FL,713,1,0,0,28225.0,54626.0
C0101061,Shannon Green,45-54,14,MA,730,2,1,0,51554.0,75763.0
C0101062,Stephanie Evans,35-44,19,TX,701,3,1,1,8348.0,87152.0
C0101063,Ralph Yoder,45-54,2,MA,724,1,0,0,13062.0,117071.0
C0101064,Rebekah Greene,35-44,17,TX,788,2,1,0,5203.0,67110.0
C0101065,Melanie Griffith,65+,7,TX,767,3,1,1,9815.0,105507.0
C0101066,Yolanda Green,35-44,8,AZ,767,2,1,0,10488.0,35931.0
C0101067,James Johnson,45-54,15,MA,659,2,1,0,670.0,119108.0
C0101068,Laura Lee,25-34,5,AZ,666,2,1,0,6824.0,87895.0
C0101069,Courtney Nichols,35-44,4,VA,729,2,1,0,23573.0,69565.0
C0101070,Susan Powers,55-64,20,GA,754,2,1,0,1603.0,123026.0
C0101071,Sarah Pittman,45-54,7,TX,696,1,0,0,2481.0,182132.0
C0101072,Catherine Davis,35-44,4,NC,688,2,1,0,32428.0,198435.0
C0101073,David Stokes,65+,14,GA,782,3,1,1,40609.0,217911.0
C0101074,Catherine Frazier,55-64,5,VA,750,2,1,0,3847.0,217748.0
C0101075,Brandon Kelly,35-44,16,CA,767,4,1,1,9984.0,98716.0
C0101076,Elizabeth French,45-54,2,TX,700,1,0,0,7379.0,328867.0
C0101077,David Carter,45-54,11,NC,696,2,1,0,33269.0,162857.0
C0101078,Julie Delacruz,45-54,9,WA,762,2,1,0,4273.0,23634.0
C0101079,Terry Jones,35-44,20,AZ,708,2,1,0,5144.0,96190.0
C0101080,Kathryn Dillon,35-44,11,NC,692,4,1,1,40494.0,139038.0
C0101081,Edwin Brown,65+,19,IL,678,1,0,0,2431.0,192979.0
C0101082,Brenda Gonzalez,65+,5,GA,696,2,1,0,4458.0,97230.0
C0101083,Keith Knox,55-64,10,GA,759,2,1,0,9504.0,65584.0
C0101084,Eugene Baldwin,65+,17,MI,652,2,1,0,50439.0,200616.0
C0101085,Katherine Welch,55-64,4,NY,748,3,1,1,1935.0,34909.0
C0101086,Mark Smith,55-64,19,IL,688,3,1,1,3454.0,62223.0
C0101087,Philip Jackson,55-64,16,NC,710,1,0,0,16499.0,141933.0
C0101088,Katherine Gallagher,45-54,14,WA,713,3,1,1,19858.0,62240.0
C0101089,Lucas Schultz,45-54,5,WA,710,3,1,1,10445.0,139522.0
C0101090,Vincent Reyes,35-44,17,VA,707,2,1,0,7044.0,127612.0
C0101091,Curtis Watson,45-54,17,NY,700,1,0,0,9467.0,77884.0
C0101092,Frank Whitaker,35-44,6,OH,694,4,1,1,1328.0,135708.0
C0101093,Michael Sims,35-44,12,NC,779,3,1,1,9152.0,57225.0
C0101094,Michael Cooper,45-54,2,MA,721,1,0,0,47980.0,158626.0
C0101095,James Chapman,35-44,8,IL,714,1,0,0,1662.0,191996.0
C0101096,Rodney Evans,35-44,4,AZ,690,3,1,1,3163.0,510041.0
C0101097,Nicholas Carlson,55-64,12,VA,701,4,1,1,5033.0,118345.0
C0101098,Stephen Cowan,55-64,11,MI,691,2,1,0,5428.0,89281.0
C0101099,Steven Howard,35-44,11,NJ,754,3,1,1,73839.0,65938.0
C0101100,Travis Hull,25-34,14,VA,686,2,1,0,2648.0,241685.0
C0101101,Darryl Acosta,35-44,19,NJ,618,2,1,0,2084.0,140275.0
C0101102,Nicholas Lawrence,55-64,4,NJ,722,2,1,0,20441.0,75020.0
C0101103,Jacob Santos,55-64,5,IL,707,1,0,0,3729.0,48750.0
C0101104,Shawn Scott,25-34,5,OH,693,1,0,0,20852.0,164368.0
C0101105,Amber Vang,55-64,19,NC,761,3,1,1,6397.0,61438.0
C0101106,Martha Smith,25-34,2,WA,596,1,0,0,14056.0,60051.0
C0101107,Jennifer James,35-44,1,MI,790,1,0,0,1235.0,47439.0
C0101108,Kara Hernandez,65+,4,MA,767,1,0,0,14000.0,62769.0
C0101109,Lorraine Turner,35-44,16,NJ,691,1,0,0,10523.0,27167.0
C0101110,Mary Nelson,35-44,12,OH,699,1,0,0,5964.0,322012.0
C0101111,Breanna Rivas,35-44,19,NC,742,1,0,0,1846.0,97184.0
C0101112,Nathan Wilson,45-54,5,MI,743,4,1,1,10511.0,113266.0
C0101113,Brian Gonzalez,65+,8,AZ,691,2,1,0,19319.0,121094.0
C0101114,Dennis Mills,65+,12,NY,647,2,1,0,4284.0,125069.0
C0101115,Michael Phillips,25-34,2,NY,815,1,0,0,4386.0,125979.0
C0101116,Jon Clark,25-34,19,NY,763,1,0,0,21008.0,22757.0
C0101117,Erin Smith,55-64,17,CA,727,3,1,1,63087.0,47939.0
C0101118,Susan Conley,35-44,3,NJ,727,2,1,0,25023.0,94823.0
C0101119,Brittany Davis,55-64,17,MA,747,3,1,1,10672.0,95928.0
C0101120,Misty Garcia,45-54,9,MI,753,2,1,0,6052.0,108687.0
C0101121,David Hinton,25-34,7,CA,626,2,1,0,7840.0,178843.0
C0101122,John Garcia,55-64,19,IL,704,2,1,0,1651.0,101483.0
C0101123,Andrew Roberts,35-44,11,AZ,699,1,0,0,6733.0,116013.0
C0101124,Emily Rodgers,35-44,5,CA,712,3,1,1,31066.0,144556.0
C0101125,Peter Williams,45-54,17,MI,754,1,0,0,8498.0,119209.0
C0101126,Mary Jackson,45-54,15,OH,639,2,1,0,3825.0,144328.0
C0101127,Jeffrey Howell,45-54,4,AZ,659,1,0,0,3423.0,53069.0
C0101128,Anna Briggs,45-54,14,GA,689,2,1,0,7800.0,134836.0
C0101129,James Rivers,65+,13,NC,726,3,1,1,1842.0,86532.0
C0101130,James Jefferson,65+,6,NJ,757,2,1,0,2724.0,15800.0
C0101131,Mariah Robles,45-54,9,WA,793,4,1,1,50990.0,109862.0
C0101132,Michael Brown,25-34,17,GA,707,1,0,0,2337.0,87991.0
C0101133,Caitlin Perry,55-64,4,NJ,757,3,1,1,3097.0,585759.0
C0101134,Rebekah Gregory,65+,15,WA,751,3,1,1,11494.0,70823.0
C0101135,James Howard,35-44,17,GA,744,4,1,1,4769.0,192710.0
C0101136,Michael Roberson,45-54,19,NJ,718,3,1,1,9012.0,112351.0
C0101137,Bianca Knapp,35-44,7,IL,702,2,1,0,22821.0,99073.0
C0101138,Jason Williams,25-34,6,IL,672,2,1,0,1266.0,461489.0
C0101139,Ernest Bush,45-54,19,CA,669,3,1,1,20032.0,32218.0
C0101140,Patricia Ray,35-44,10,NJ,735,3,1,1,4028.0,158736.0
C0101141,Vanessa Santiago,55-64,12,NY,717,2,1,0,5749.0,266610.0
C0101142,Joseph Haynes,55-64,11,WA,701,3,1,1,81350.0,81863.0
C0101143,Matthew Wright,55-64,11,MA,749,2,1,0,1505.0,134756.0
C0101144,Michael Cruz,35-44,13,AZ,710,1,0,0,16463.0,35913.0
C0101145,Kristin Huerta,35-44,9,PA,678,1,0,0,31371.0,80610.0
C0101146,Mason Moore,55-64,8,MI,708,2,1,0,3568.0,189320.0
C0101147,Sarah Booth,55-64,9,VA,756,2,1,0,3636.0,74627.0
C0101148,John Allen,45-54,14,GA,673,2,1,0,5206.0,171773.0
C0101149,Amber Walker,55-64,17,GA,729,2,1,0,3543.0,154148.0
C0101150,Jennifer Young,25-34,12,OH,717,1,0,0,8776.0,187513.0
C0101151,Robert West,55-64,14,PA,685,1,0,0,23650.0,101152.0
C0101152,Jillian Wilson,25-34,9,NC,706,1,0,0,5240.0,141104.0
C0101153,Matthew Garcia MD,35-44,16,MA,649,1,0,0,24693.0,70997.0
C0101154,April Davis,45-54,8,NY,724,2,1,0,43530.0,58418.0
C0101155,Lisa Torres,25-34,9,CA,658,3,1,1,13592.0,60982.0
C0101156,Christine Powers,25-34,2,CA,768,4,1,1,15223.0,152614.0
C0101157,Heidi Brown,25-34,6,NC,715,1,0,0,3973.0,58050.0
C0101158,Jesse Castro,35-44,15,PA,694,3,1,1,348.0,47971.0
C0101159,Kara Sandoval,55-64,2,OH,772,2,1,0,16364.0,223188.0
C0101160,Ashley Malone,25-34,5,MA,673,1,0,0,21073.0,89187.0
C0101161,Glenn Gallegos,45-54,16,TX,686,3,1,1,10839.0,248685.0
C0101162,Dorothy Boyd,55-64,18,FL,637,4,1,1,24142.0,40560.0
C0101163,Amber Martin,35-44,9,NY,778,2,1,0,4197.0,78645.0
C0101164,Mitchell Griffith,25-34,9,OH,804,2,1,0,15097.0,236691.0
C0101165,Levi Lopez,55-64,11,NJ,644,1,0,0,47409.0,187720.0
C0101166,Jenna Bryant,55-64,16,FL,683,1,0,0,18012.0,99181.0
C0101167,Michelle Rodriguez,45-54,10,TX,723,1,0,0,40591.0,110156.0
C0101168,Timothy Monroe,55-64,4,TX,696,1,0,0,40904.0,177994.0
C0101169,Patricia Hayes,25-34,9,WA,718,3,1,1,1871.0,84284.0
C0101170,Tina Taylor,35-44,6,CA,714,1,0,0,19207.0,42140.0
C0101171,Mr. Anthony Mcconnell PhD,55-64,14,MI,738,2,1,0,3796.0,97655.0
C0101172,Mr. Thomas Thompson,35-44,3,NC,676,3,1,1,2145.0,152602.0
C0101173,Monica Anderson,55-64,13,TX,728,3,1,1,5751.0,39833.0
C0101174,Kyle Andrade,45-54,3,NC,669,1,0,0,66502.0,73633.0
C0101175,Janice Petty,55-64,20,PA,701,1,0,0,4219.0,146301.0
C0101176,Pamela Hill,45-54,13,GA,641,2,1,0,983.0,228319.0
C0101177,Tracy Chavez,35-44,3,FL,701,1,0,0,1431.0,109840.0
C0101178,Jason Graves,35-44,20,NJ,694,2,1,0,14387.0,201289.0
C0101179,Elizabeth Miles,35-44,12,VA,762,2,1,0,3260.0,64649.0
C0101180,Michelle Walls,55-64,13,CA,717,2,1,0,698.0,109548.0
C0101181,Christina Weber,25-34,2,GA,725,1,0,0,1501.0,156367.0
C0101182,Gregory Chambers,25-34,4,MI,718,1,0,0,9900.0,136610.0
C0101183,Miss Tina Gordon,35-44,17,CA,624,3,1,1,20648.0,188135.0
C0101184,Erica Wilson,35-44,10,NJ,630,4,1,1,4746.0,97494.0
C0101185,John Duncan,55-64,13,NC,705,2,1,0,17655.0,115245.0
C0101186,Jennifer Adkins,35-44,20,PA,732,2,1,0,24292.0,182512.0
C0101187,Donna Boone,65+,9,GA,709,2,1,0,3164.0,80279.0
C0101188,Kelly Johnson,25-34,8,NJ,681,1,0,0,7006.0,78122.0
C0101189,Michael Gonzalez,45-54,17,MI,709,3,1,1,3942.0,176978.0
C0101190,Candace Mitchell,35-44,2,VA,705,1,0,0,15470.0,73088.0
C0101191,Ryan Vaughn,35-44,10,CA,755,2,1,0,3887.0,244504.0
C0101192,Paul Johnson,55-64,18,VA,752,1,0,0,1890.0,49691.0
C0101193,Ashley Parrish,65+,5,CA,695,3,1,1,8631.0,94010.0
C0101194,Sharon Newton,55-64,7,MI,717,3,1,1,30712.0,259818.0
C0101195,Cynthia Mueller,35-44,10,IL,732,3,1,1,14953.0,376525.0
C0101196,Donna Beck,35-44,2,CA,739,2,1,0,27125.0,121207.0
C0101197,Jasmine Frye,45-54,2,NJ,794,2,1,0,24412.0,208624.0
C0101198,Emily Arnold,35-44,6,NC,718,2,1,0,8523.0,171211.0
C0101199,David Oliver,55-64,18,MI,772,3,1,1,3956.0,98715.0
C0101200,Sheila Greer,45-54,5,IL,667,2,1,0,2854.0,64909.0
C0101201,Michele Holland,45-54,15,PA,691,2,1,0,1207.0,86166.0
C0101202,Kimberly Morrison,55-64,9,MI,623,2,1,0,33774.0,54205.0
C0101203,Tracey Phillips,55-64,16,NY,726,1,0,0,5449.0,170161.0
C0101204,Michael Lopez,25-34,7,WA,749,2,1,0,1048.0,161980.0
C0101205,Jose Bennett,25-34,18,NJ,605,1,0,0,35639.0,61334.0
C0101206,Justin Anderson,45-54,8,MA,728,3,1,1,9074.0,99776.0
C0101207,Dawn Rivera,45-54,16,CA,747,2,1,0,25883.0,68171.0
C0101208,Brittney Hernandez,35-44,17,NC,744,3,1,1,5920.0,105639.0
C0101209,Anthony Randolph,35-44,9,NC,666,1,0,0,3128.0,111700.0
C0101210,Mary Henry,55-64,14,WA,754,2,1,0,13834.0,158788.0
C0101211,Heather Bowers,55-64,3,OH,720,1,0,0,15281.0,97724.0
C0101212,Daniel White,45-54,10,MA,746,3,1,1,5791.0,71199.0
C0101213,Jonathan Perry,35-44,8,NY,714,1,0,0,39192.0,261078.0
C0101214,Anna Walker,35-44,20,WA,737,2,1,0,25199.0,64035.0
C0101215,Gary Ward,45-54,19,GA,769,1,0,0,15958.0,180179.0
C0101216,Paul Moreno,35-44,16,MA,710,3,1,1,2139.0,187914.0
C0101217,Samantha Zavala MD,45-54,19,NY,732,1,0,0,1806.0,169404.0
C0101218,Jill Conway,45-54,20,NY,776,2,1,0,34160.0,160623.0
C0101219,Lisa Haley,25-34,16,NC,714,1,0,0,586.0,141740.0
C0101220,Erica Moon,25-34,12,NC,669,2,1,0,7265.0,138172.0
C0101221,Janice Fernandez,35-44,5,FL,750,1,0,0,9662.0,107959.0
C0101222,Thomas Short,55-64,17,MI,784,2,1,0,4502.0,195397.0
C0101223,Robert Griffin,45-54,4,OH,777,1,0,0,7767.0,121276.0
C0101224,Steven Lee,35-44,4,FL,752,4,1,1,13418.0,129507.0
C0101225,Tiffany Jackson,55-64,18,GA,614,2,1,0,4005.0,148452.0
C0101226,Kimberly Smith,45-54,3,NJ,691,2,1,0,23335.0,80935.0
C0101227,Michael Ayala,45-54,3,CA,693,1,0,0,16301.0,74924.0
C0101228,Jessica Garcia,65+,11,AZ,722,1,0,0,6529.0,132068.0
C0101229,Michele Cherry,25-34,12,MI,795,3,1,1,3006.0,72235.0
C0101230,Maria Case,35-44,1,NY,671,3,1,1,7268.0,150935.0
C0101231,Brittany Stevens,45-54,8,VA,820,2,1,0,102008.0,171204.0
C0101232,Brandon Brown,35-44,5,WA,702,3,1,1,3265.0,316069.0
C0101233,Kristin Andrews,45-54,7,MA,685,1,0,0,50865.0,175414.0
C0101234,David Hughes,35-44,4,VA,758,4,1,1,986.0,168256.0
C0101235,Jessica Smith,25-34,14,NY,761,2,1,0,2884.0,60600.0
C0101236,Kimberly May,35-44,10,FL,749,3,1,1,4225.0,178933.0
C0101237,Nicole Richards,35-44,20,NY,685,3,1,1,25309.0,70084.0
C0101238,Angel Reilly,35-44,1,AZ,742,1,0,0,8660.0,238542.0
C0101239,Richard Turner,25-34,16,PA,673,2,1,0,39030.0,24648.0
C0101240,Preston Kim,55-64,19,PA,684,4,1,1,5436.0,72448.0
C0101241,Matthew Wells,35-44,10,AZ,715,1,0,0,7596.0,183041.0
C0101242,Brandy Myers,35-44,14,NY,683,2,1,0,5462.0,262192.0
C0101243,Kimberly Choi,25-34,9,OH,767,2,1,0,92197.0,195656.0
C0101244,Michael Sloan,35-44,12,PA,693,1,0,0,2113.0,89539.0
C0101245,Monica Brooks,35-44,19,PA,710,1,0,0,4404.0,63949.0
C0101246,Kristen Peters,45-54,11,NC,680,3,1,1,2506.0,101288.0
C0101247,Aaron Carlson,35-44,12,VA,766,4,1,1,16123.0,143678.0
C0101248,Theresa Torres,55-64,20,NY,690,2,1,0,2061.0,102582.0
C0101249,Stephanie Cooper,65+,10,CA,771,4,1,1,72155.0,74639.0
C0101250,Matthew Hunt,25-34,4,MI,768,1,0,0,8927.0,205574.0
C0101251,Daniel Davenport,25-34,14,NC,699,1,0,0,13291.0,81742.0
C0101252,Christopher Marsh,25-34,14,MI,721,1,0,0,14125.0,311028.0
C0101253,Sarah Randolph,45-54,5,OH,698,2,1,0,7910.0,47730.0
C0101254,Julia Dunn MD,25-34,15,VA,744,2,1,0,9377.0,75356.0
C0101255,Brett Swanson,55-64,2,MI,711,1,0,0,8970.0,132959.0
C0101256,Mr. Carl Rios,55-64,7,VA,701,2,1,0,15110.0,121709.0
C0101257,Manuel Mccullough,55-64,18,NJ,722,2,1,0,3020.0,105831.0
C0101258,Jerry Jensen,45-54,13,GA,648,2,1,0,2464.0,86585.0
C0101259,Kevin Cunningham,65+,13,PA,716,2,1,0,21702.0,71013.0
C0101260,Eugene Patterson,25-34,13,NC,749,2,1,0,8084.0,146832.0
C0101261,David Walker,35-44,4,MI,726,4,1,1,729.0,57761.0
C0101262,Jessica Larsen,35-44,20,NC,762,3,1,1,4581.0,52355.0
C0101263,Nicholas Humphrey,65+,6,GA,703,4,1,1,50816.0,76864.0
C0101264,Ian Torres,45-54,16,IL,699,4,1,1,6685.0,151776.0
C0101265,Casey Obrien,55-64,20,FL,669,3,1,1,4285.0,103327.0
C0101266,Shannon Taylor,35-44,5,OH,701,1,0,0,1348.0,128925.0
C0101267,Deborah Mercado,65+,13,AZ,808,2,1,0,4099.0,84871.0
C0101268,Bernard Smith,45-54,1,NJ,732,2,1,0,2005.0,121129.0
C0101269,Amanda Perkins,45-54,13,VA,693,1,0,0,13562.0,135737.0
C0101270,Kevin Escobar,65+,9,VA,674,2,1,0,8597.0,291808.0
C0101271,Kimberly Lutz,35-44,2,AZ,648,1,0,0,5239.0,320667.0
C0101272,Reginald Diaz,35-44,14,NY,682,2,1,0,3247.0,98356.0
C0101273,Raymond Quinn,45-54,20,NJ,754,3,1,1,50601.0,172239.0
C0101274,John Dixon,25-34,2,TX,700,2,1,0,3476.0,138089.0
C0101275,Jonathan Bates,35-44,18,NY,676,4,1,1,3491.0,203827.0
C0101276,Renee Mendez,35-44,17,CA,681,3,1,1,6054.0,132391.0
C0101277,Jose Griffin,25-34,11,OH,749,3,1,1,7160.0,188204.0
C0101278,Travis Hopkins,55-64,19,FL,716,1,0,0,14450.0,201939.0
C0101279,Nancy Webb,45-54,7,IL,691,4,1,1,24749.0,141599.0
C0101280,Daniel Freeman,35-44,15,FL,706,1,0,0,22622.0,67445.0
C0101281,Jacob Williams,35-44,14,CA,819,3,1,1,149623.0,223825.0
C0101282,Terry Ward,35-44,12,GA,774,1,0,0,1063.0,114247.0
C0101283,Jesse Williams,45-54,17,OH,786,1,0,0,10690.0,102446.0
C0101284,Mrs. Michele Boyd,65+,18,OH,641,1,0,0,4339.0,49534.0
C0101285,Sandy Baker,65+,16,IL,713,3,1,1,90374.0,129451.0
C0101286,Carrie Valdez,35-44,12,OH,690,3,1,1,10004.0,155719.0
C0101287,Matthew Houston,35-44,20,CA,744,2,1,0,709.0,50436.0
C0101288,Jamie Solomon,45-54,12,GA,767,3,1,1,13644.0,35019.0
C0101289,Heather Parrish,45-54,13,WA,734,1,0,0,11161.0,190020.0
C0101290,Mr. Larry Shaw,45-54,4,FL,680,4,1,1,20116.0,57710.0
C0101291,Christopher Jones,45-54,7,FL,690,2,1,0,3401.0,138598.0
C0101292,Christine Lopez,45-54,19,VA,747,4,1,1,12009.0,213809.0
C0101293,Mitchell Wilson,35-44,10,GA,752,3,1,1,5857.0,133122.0
C0101294,Robert Cortez,35-44,11,NY,726,2,1,0,3620.0,137182.0
C0101295,Mr. Daniel Martin,35-44,17,VA,725,1,0,0,12225.0,66031.0
C0101296,Alison Williams,25-34,7,PA,722,2,1,0,9734.0,135809.0
C0101297,Candace Soto,35-44,6,MI,732,4,1,1,28569.0,27942.0
C0101298,Kenneth Brown,55-64,1,NC,752,2,1,0,8370.0,71627.0
C0101299,Christopher Mullen,35-44,5,FL,748,3,1,1,16725.0,104302.0
C0101300,Kristy Smith,35-44,11,VA,721,4,1,1,1903.0,145366.0
C0101301,Mary Campbell,45-54,15,MI,717,1,0,0,43192.0,110491.0
C0101302,Jerry Haney,55-64,7,NY,716,2,1,0,3189.0,93746.0
C0101303,Carolyn Greer,35-44,9,VA,684,2,1,0,23945.0,177730.0
C0101304,Rebecca Hoover,55-64,5,MI,684,1,0,0,11112.0,126047.0
C0101305,Matthew Baker,65+,17,WA,744,3,1,1,9543.0,65607.0
C0101306,Grace Chavez,45-54,11,WA,687,1,0,0,20179.0,84445.0
C0101307,Crystal Cruz,45-54,3,PA,756,3,1,1,621.0,237791.0
C0101308,Dale Heath,25-34,13,MA,717,2,1,0,4072.0,243971.0
C0101309,Jennifer Hernandez,65+,7,CA,756,3,1,1,19838.0,169132.0
C0101310,John Mendez,35-44,18,IL,748,2,1,0,81350.0,147538.0
C0101311,Richard Gordon,65+,6,MI,757,2,1,0,7870.0,70216.0
C0101312,John Anderson,45-54,18,NC,698,1,0,0,435.0,136501.0
C0101313,Samantha Prince,25-34,14,NY,738,3,1,1,5538.0,67832.0
C0101314,Marie Boyd,25-34,3,FL,753,2,1,0,7539.0,102188.0
C0101315,Andrew Moreno,45-54,16,VA,650,2,1,0,30680.0,133606.0
C0101316,Robert Clarke,45-54,15,AZ,796,3,1,1,8587.0,71860.0
C0101317,Kevin Figueroa,25-34,10,NJ,820,2,1,0,1751.0,286751.0
C0101318,Melissa Davis,55-64,4,GA,762,1,0,0,25750.0,174636.0
C0101319,John Hall,55-64,10,VA,756,1,0,0,16026.0,266225.0
C0101320,Diane Mcdowell,45-54,13,NY,746,2,1,0,3502.0,186223.0
C0101321,Colin Fletcher,45-54,3,MA,705,1,0,0,19223.0,58558.0
C0101322,Laura Wilson,25-34,7,TX,715,1,0,0,4205.0,238947.0
C0101323,Matthew Watts,55-64,15,NC,763,1,0,0,5665.0,111274.0
C0101324,Jack Moore,35-44,12,IL,676,2,1,0,4291.0,91201.0
C0101325,Dawn Wyatt,55-64,20,AZ,672,2,1,0,5586.0,291566.0
C0101326,Jacob Hill,35-44,5,NY,702,2,1,0,24055.0,85248.0
C0101327,Nicole Gutierrez,45-54,16,MI,749,2,1,0,951.0,196309.0
C0101328,Karen Wood,35-44,9,FL,681,2,1,0,30484.0,141878.0
C0101329,Dawn Parker,35-44,5,FL,709,2,1,0,10013.0,125611.0
C0101330,Michael Fitzgerald,55-64,20,OH,715,4,1,1,5074.0,128148.0
C0101331,Mary Adkins,45-54,13,VA,674,2,1,0,8308.0,128570.0
C0101332,Michael Martin,45-54,11,PA,610,3,1,1,2722.0,102634.0
C0101333,James Morgan,65+,6,NJ,673,2,1,0,1144.0,132424.0
C0101334,Melissa Mann,65+,18,NC,731,2,1,0,2816.0,207253.0
C0101335,Vincent Smith,55-64,1,MA,741,3,1,1,833.0,196247.0
C0101336,Charles Frost,35-44,3,PA,742,1,0,0,1599.0,25413.0
C0101337,Austin Walker,45-54,4,NY,747,4,1,1,1156.0,229896.0
C0101338,Andrew Cruz,55-64,14,AZ,691,2,1,0,35192.0,174502.0
C0101339,Miss Kelly Dawson,35-44,3,PA,682,1,0,0,1735.0,98153.0
C0101340,Theresa Wilkins,25-34,16,NY,736,2,1,0,7712.0,80487.0
C0101341,Jessica Harris,55-64,4,WA,710,3,1,1,30949.0,242567.0
C0101342,Regina Mitchell,45-54,14,WA,760,1,0,0,22474.0,230336.0
C0101343,Kyle Black,45-54,16,CA,737,1,0,0,5686.0,240131.0
C0101344,Christopher Johnson,65+,18,WA,777,4,1,1,5718.0,68693.0
C0101345,Aaron Moore,45-54,6,MI,699,2,1,0,10059.0,119843.0
C0101346,Penny Gomez MD,35-44,2,PA,768,1,0,0,102199.0,139629.0
C0101347,Kelly Mclaughlin,35-44,16,NC,811,1,0,0,13302.0,242082.0
C0101348,Brandon Mitchell,35-44,9,NY,722,2,1,0,18067.0,183141.0
C0101349,Suzanne Bailey,25-34,19,FL,742,2,1,0,122968.0,105852.0
C0101350,Destiny Obrien,55-64,4,TX,678,2,1,0,11309.0,117640.0
C0101351,Timothy Andrews,55-64,12,FL,760,4,1,1,32126.0,175512.0
C0101352,Jason Rodriguez,35-44,3,NC,770,1,0,0,14375.0,170088.0
C0101353,Edward Arroyo,35-44,10,WA,697,1,0,0,14126.0,301378.0
C0101354,Tina Walter,55-64,1,GA,746,1,0,0,2550.0,228315.0
C0101355,Laura Benson,25-34,16,CA,732,2,1,0,2090.0,261555.0
C0101356,Kristine Carrillo,45-54,13,OH,737,1,0,0,4382.0,81364.0
C0101357,Tonya Ellis,45-54,2,VA,756,2,1,0,23349.0,78253.0
C0101358,Kevin Johnson,45-54,10,WA,743,3,1,1,22056.0,69839.0
C0101359,Austin Schultz,35-44,9,NJ,713,1,0,0,40128.0,169302.0
C0101360,Megan Hall MD,45-54,14,IL,757,4,1,1,7996.0,86475.0
C0101361,Kelli Smith,35-44,10,MI,770,4,1,1,15449.0,170161.0
C0101362,Danielle Davis,45-54,10,TX,695,2,1,0,15528.0,175746.0
C0101363,Samantha Jones,25-34,17,OH,719,3,1,1,7122.0,56040.0
C0101364,Karen Gomez,45-54,11,NC,640,3,1,1,5509.0,201701.0
C0101365,Debra Valentine,45-54,17,CA,746,2,1,0,1364.0,94659.0
C0101366,Susan Porter,35-44,18,CA,775,2,1,0,6748.0,52015.0
C0101367,Nicolas Salas,25-34,17,WA,708,1,0,0,7152.0,82789.0
C0101368,Dale Wright,35-44,20,NY,726,2,1,0,31611.0,161069.0
C0101369,Brittney Rodriguez,35-44,14,TX,710,3,1,1,35582.0,327509.0
C0101370,Megan Alvarado,25-34,12,NC,702,2,1,0,9651.0,275926.0
C0101371,Pamela Weaver,65+,11,PA,730,2,1,0,96381.0,44733.0
C0101372,John Oliver,35-44,5,MA,684,2,1,0,10178.0,194458.0
C0101373,William Prince PhD,55-64,17,MA,709,4,1,1,27987.0,70166.0
C0101374,William Moon IV,65+,14,WA,679,1,0,0,7186.0,280557.0
C0101375,Kenneth Brown,25-34,18,PA,746,1,0,0,2063.0,164844.0
C0101376,Karen Fernandez,45-54,15,AZ,730,1,0,0,4865.0,97007.0
C0101377,Jennifer Parks,55-64,10,NY,700,4,1,1,47518.0,46913.0
C0101378,William Wolfe,45-54,6,NY,721,2,1,0,5901.0,175962.0
C0101379,Michael Smith,35-44,20,MA,710,1,0,0,4629.0,280193.0
C0101380,Kevin Nguyen,35-44,15,NJ,771,2,1,0,8064.0,143854.0
C0101381,Debbie Dunn,25-34,18,TX,700,2,1,0,5078.0,131079.0
C0101382,John Austin,45-54,12,AZ,748,1,0,0,33945.0,43789.0
C0101383,Jonathan Clark,65+,11,FL,688,3,1,1,77851.0,91686.0
C0101384,Jacqueline Dickerson,65+,1,NJ,756,3,1,1,8161.0,133156.0
C0101385,Christopher Anderson,25-34,2,OH,766,1,0,0,15499.0,73456.0
C0101386,Crystal Garcia,55-64,15,CA,768,4,1,1,26010.0,66637.0
C0101387,David Reynolds,35-44,5,VA,786,1,0,0,9230.0,241688.0
C0101388,Charles Haley,65+,2,NJ,733,1,0,0,2826.0,107426.0
C0101389,Robert Thompson,25-34,16,AZ,775,2,1,0,4958.0,156899.0
C0101390,Dr. Samuel Holmes DDS,65+,13,MI,793,1,0,0,13285.0,110622.0
C0101391,Elizabeth Hart,55-64,3,VA,669,2,1,0,12998.0,133743.0
C0101392,Jennifer Vaughn,25-34,10,AZ,692,1,0,0,943.0,60024.0
C0101393,Robert Woods,25-34,10,MA,652,1,0,0,4798.0,159802.0
C0101394,Joanna Cook,55-64,1,NC,767,4,1,1,3346.0,200452.0
C0101395,Justin Frederick,35-44,13,CA,652,1,0,0,23359.0,174005.0
C0101396,Alejandro Martinez,45-54,8,IL,639,2,1,0,3506.0,191887.0
C0101397,Tracey Gonzalez,65+,18,MI,670,1,0,0,4659.0,127059.0
C0101398,Mariah Thompson,45-54,3,TX,641,3,1,1,4468.0,159716.0
C0101399,Heather Nunez,35-44,17,TX,732,1,0,0,20944.0,165619.0
C0101400,Dr. Steve James,35-44,1,IL,671,1,0,0,25916.0,129577.0
C0101401,Mark Thomas,25-34,16,AZ,643,3,1,1,14651.0,69077.0
C0101402,Robert Rogers,65+,16,PA,718,1,0,0,30567.0,79755.0
C0101403,Laura Sweeney,35-44,9,MA,720,3,1,1,35685.0,46903.0
C0101404,Christopher Perez,35-44,6,WA,635,2,1,0,923.0,117722.0
C0101405,Eddie Adams,35-44,3,PA,687,3,1,1,16486.0,80328.0
C0101406,Denise Wallace,65+,7,NY,716,1,0,0,5199.0,317973.0
C0101407,Heidi Matthews,25-34,14,WA,703,4,1,1,1793.0,74982.0
C0101408,Jennifer White,55-64,15,VA,705,1,0,0,5521.0,176711.0
C0101409,Nicholas Stanley,55-64,4,MI,773,1,0,0,19478.0,98076.0
C0101410,Mercedes Miller,55-64,1,MA,816,3,1,1,46458.0,140680.0
C0101411,Brian Brown,65+,12,TX,705,1,0,0,1613.0,70916.0
C0101412,Kimberly Johnson,55-64,12,IL,660,2,1,0,17019.0,78769.0
C0101413,Phillip Miller,65+,20,MI,709,2,1,0,85713.0,50321.0
C0101414,Christopher Pena,25-34,16,TX,728,1,0,0,72904.0,94272.0
C0101415,Ellen Wright,55-64,12,MA,717,1,0,0,129.0,154428.0
C0101416,Mark Anderson,45-54,12,NC,747,2,1,0,110709.0,267845.0
C0101417,Alyssa Alvarado,45-54,13,PA,819,2,1,0,25674.0,54570.0
C0101418,Erika Alvarez,55-64,10,NY,642,2,1,0,508.0,183354.0
C0101419,Kimberly Nelson,65+,14,CA,697,3,1,1,3233.0,38321.0
C0101420,Wayne Wolfe,55-64,4,NC,789,2,1,0,36655.0,94932.0
C0101421,Kyle Welch,45-54,17,MA,696,2,1,0,12486.0,52337.0
C0101422,Kristy Mills,45-54,18,CA,755,1,0,0,4069.0,69668.0
C0101423,Emily Reed,35-44,9,OH,748,1,0,0,8776.0,47023.0
C0101424,Regina Ramos,35-44,10,MI,775,1,0,0,15601.0,113221.0
C0101425,David Torres,35-44,10,OH,806,2,1,0,4044.0,51047.0
C0101426,Robert Charles,25-34,17,MI,734,1,0,0,6957.0,90778.0
C0101427,John Smith,25-34,4,NJ,641,3,1,1,23773.0,53673.0
C0101428,Theresa Woods,55-64,7,MA,688,1,0,0,3495.0,41838.0
C0101429,Jeffrey Carter,35-44,13,MI,818,1,0,0,1590.0,39053.0
C0101430,Adam Brooks,65+,14,NJ,656,1,0,0,3771.0,208808.0
C0101431,Justin Foster,45-54,6,PA,742,2,1,0,2789.0,136793.0
C0101432,Omar Price,25-34,3,FL,606,2,1,0,3921.0,334133.0
C0101433,Dennis Henderson,35-44,11,TX,659,2,1,0,1019.0,102862.0
C0101434,Phillip Kent,35-44,13,TX,759,4,1,1,10751.0,134494.0
C0101435,Melinda Mitchell,65+,16,WA,721,2,1,0,22951.0,119781.0
C0101436,Rhonda Gutierrez,35-44,1,CA,703,1,0,0,3059.0,78904.0
C0101437,Catherine Roberts,45-54,1,GA,683,3,1,1,3706.0,123907.0
C0101438,Lisa Nelson,65+,8,MI,630,3,1,1,6471.0,74428.0
C0101439,Chelsea Smith,65+,12,NJ,751,1,0,0,2715.0,173974.0
C0101440,Joseph Lopez,35-44,1,CA,707,1,0,0,26385.0,127205.0
C0101441,Derrick Espinoza,25-34,4,WA,651,2,1,0,2789.0,136478.0
C0101442,Crystal Hernandez,35-44,9,OH,721,1,0,0,4311.0,134787.0
C0101443,Glenn Collins DDS,25-34,6,CA,746,2,1,0,3242.0,153346.0
C0101444,Mrs. Raven Rivera DVM,35-44,15,TX,710,1,0,0,27146.0,230642.0
C0101445,Amy Rowe,45-54,1,WA,725,4,1,1,6141.0,74126.0
C0101446,John Lee,65+,18,MA,721,2,1,0,88586.0,227157.0
C0101447,Ruth Clayton,45-54,4,VA,688,3,1,1,12388.0,64312.0
C0101448,Randy Wright,45-54,9,IL,722,1,0,0,32536.0,105511.0
C0101449,Jessica Rojas,35-44,20,MA,753,2,1,0,5491.0,44693.0
C0101450,Joel Wise,55-64,14,PA,766,3,1,1,2615.0,121695.0
C0101451,Vickie Kennedy,45-54,20,NY,755,1,0,0,7787.0,258448.0
C0101452,Emily Morris,55-64,1,VA,689,2,1,0,3587.0,71287.0
C0101453,Amanda Pineda,65+,15,PA,748,1,0,0,736.0,98458.0
C0101454,Dawn Little,35-44,2,GA,740,2,1,0,27343.0,109213.0
C0101455,Stephen Boyer,25-34,13,MI,688,3,1,1,8428.0,106352.0
C0101456,Brian Chen,35-44,7,FL,699,2,1,0,3497.0,68861.0
C0101457,Christopher Hill,35-44,16,AZ,750,3,1,1,12728.0,51875.0
C0101458,Richard Smith,65+,3,FL,781,1,0,0,8573.0,260500.0
C0101459,Richard Alvarez,35-44,18,MA,638,3,1,1,43991.0,96468.0
C0101460,Jacqueline Davis,55-64,10,PA,793,2,1,0,13621.0,138627.0
C0101461,Brandon Montgomery,45-54,11,OH,772,1,0,0,6712.0,138263.0
C0101462,Yolanda Garrett,35-44,12,NY,728,3,1,1,18622.0,41381.0
C0101463,Matthew Miles,35-44,1,NC,709,1,0,0,7761.0,147891.0
C0101464,Beth Hall,45-54,7,CA,737,1,0,0,10103.0,113403.0
C0101465,Dr. Nicole Trujillo,45-54,15,FL,691,3,1,1,35292.0,148871.0
C0101466,Corey Norris,35-44,20,GA,712,1,0,0,1994.0,120446.0
C0101467,Chad Roach,35-44,20,NJ,653,1,0,0,2876.0,69206.0
C0101468,Mr. Edward Terry,55-64,11,MA,641,1,0,0,4899.0,49222.0
C0101469,Cody Bailey,35-44,6,WA,820,3,1,1,5839.0,37680.0
C0101470,Denise Guerra,65+,10,AZ,722,1,0,0,32463.0,106902.0
C0101471,Kristen Jones,35-44,10,VA,729,2,1,0,1484.0,163303.0
C0101472,Edward Baker,25-34,8,VA,718,1,0,0,7821.0,84103.0
C0101473,Aaron Little,45-54,8,IL,682,1,0,0,4184.0,111608.0
C0101474,Cody Smith,45-54,18,AZ,706,1,0,0,62354.0,78417.0
C0101475,Patty Allen,45-54,8,MA,724,3,1,1,23403.0,22797.0
C0101476,Mary Ryan,35-44,1,GA,711,3,1,1,10791.0,321149.0
C0101477,Joseph Jimenez,65+,15,TX,686,3,1,1,25916.0,27031.0
C0101478,Lisa Morris,45-54,14,CA,741,3,1,1,1663.0,59846.0
C0101479,Ashley Mills,45-54,8,GA,728,1,0,0,92319.0,70385.0
C0101480,Russell Anderson,35-44,13,MI,737,1,0,0,2951.0,113371.0
C0101481,Christina Washington,25-34,19,NC,751,2,1,0,36620.0,81013.0
C0101482,Kenneth Huff,45-54,19,AZ,712,2,1,0,15709.0,127191.0
C0101483,Kelly Miles,35-44,16,NC,712,2,1,0,11128.0,38002.0
C0101484,Jacob Obrien,45-54,12,MI,786,1,0,0,34831.0,78538.0
C0101485,Timothy Clark,25-34,1,VA,677,3,1,1,26793.0,77629.0
C0101486,Steve Miller PhD,65+,11,AZ,635,1,0,0,9217.0,103693.0
C0101487,Justin Hurley,45-54,17,MI,744,2,1,0,4886.0,193515.0
C0101488,Jacob Erickson,55-64,17,NC,691,4,1,1,9392.0,212299.0
C0101489,Deborah Williams,45-54,16,TX,671,1,0,0,7163.0,211642.0
C0101490,Eric Blackburn,25-34,20,MI,759,1,0,0,12392.0,61205.0
C0101491,Anne Hardy,55-64,11,FL,713,1,0,0,27576.0,70818.0
C0101492,Chelsey Fox,45-54,3,IL,663,2,1,0,14218.0,72293.0
C0101493,Mario White,55-64,10,GA,807,2,1,0,10116.0,114761.0
C0101494,Jennifer Garcia,35-44,7,TX,647,4,1,1,3697.0,81317.0
C0101495,Heather Ellis,45-54,17,NJ,716,3,1,1,11963.0,91304.0
C0101496,Sonya Jackson,55-64,16,PA,634,3,1,1,1059.0,169727.0
C0101497,James Morgan,45-54,9,GA,732,3,1,1,3112.0,238746.0
C0101498,Zachary Ramos,35-44,8,IL,691,1,0,0,16772.0,152865.0
C0101499,Ethan Frey,45-54,4,IL,756,4,1,1,23441.0,158437.0
C0101500,Jacob Duran,45-54,1,IL,719,2,1,0,7905.0,89453.0
C0101501,Nicholas Franklin,65+,7,CA,780,1,0,0,10313.0,136911.0
C0101502,Cindy Cannon,35-44,5,FL,700,4,1,1,12636.0,245555.0
C0101503,Dawn Nixon,35-44,6,VA,647,2,1,0,18356.0,173198.0
C0101504,James Barber,55-64,20,TX,730,1,0,0,6363.0,174348.0
C0101505,Ms. Kelly Holder,45-54,14,GA,708,3,1,1,2491.0,208467.0
C0101506,Eric Walker,55-64,12,FL,638,1,0,0,12895.0,105096.0
C0101507,Alison Short,45-54,4,NC,672,1,0,0,84963.0,145939.0
C0101508,Desiree Spencer,35-44,17,MI,686,1,0,0,2679.0,44380.0
C0101509,Tammy Moore,55-64,13,GA,789,2,1,0,6958.0,147614.0
C0101510,Henry Taylor,25-34,11,VA,751,1,0,0,5097.0,192525.0
C0101511,Kevin Hall,35-44,10,NY,704,1,0,0,146655.0,263018.0
C0101512,Anna Ross,45-54,12,NC,741,2,1,0,2558.0,158986.0
C0101513,Morgan Cummings,55-64,17,PA,628,1,0,0,6684.0,133110.0
C0101514,Carrie Petersen,55-64,15,GA,694,2,1,0,5231.0,231385.0
C0101515,Laura Velez,35-44,10,CA,738,2,1,0,1799.0,30086.0
C0101516,Elizabeth Cross,25-34,14,PA,727,1,0,0,1685.0,222660.0
C0101517,Angela Brown,65+,19,NJ,695,1,0,0,16027.0,37900.0
C0101518,Hannah Montoya,35-44,7,VA,718,1,0,0,18966.0,138604.0
C0101519,Sean Kane,35-44,19,PA,735,2,1,0,4141.0,90352.0
C0101520,Matthew Guzman,35-44,13,NY,719,3,1,1,43949.0,73100.0
C0101521,Richard Reyes,45-54,4,PA,758,1,0,0,544.0,237171.0
C0101522,Andrew Fernandez,55-64,20,PA,734,1,0,0,1790.0,168439.0
C0101523,Jonathan Walker,55-64,14,MA,743,1,0,0,3012.0,108987.0
C0101524,Nicholas Long,55-64,8,MI,797,2,1,0,8016.0,132876.0
C0101525,Kurt Wagner,35-44,5,IL,757,1,0,0,4717.0,93857.0
C0101526,Dylan Foster,35-44,19,OH,798,2,1,0,6366.0,52775.0
C0101527,Bradley Duncan,45-54,17,GA,689,2,1,0,14502.0,102579.0
C0101528,James Miller,25-34,1,NC,648,1,0,0,46559.0,60931.0
C0101529,Patricia Anderson,35-44,13,IL,713,2,1,0,21225.0,155679.0
C0101530,Justin Freeman,35-44,3,MA,709,4,1,1,8668.0,244342.0
C0101531,Christina Gilbert,25-34,6,PA,785,1,0,0,7360.0,47370.0
C0101532,Danielle Jones,45-54,12,OH,669,2,1,0,30385.0,165203.0
C0101533,Erica Glass,55-64,5,CA,716,2,1,0,77737.0,78887.0
C0101534,Michael Henderson,25-34,11,GA,738,1,0,0,17430.0,139235.0
C0101535,Frank Wheeler,45-54,9,WA,724,3,1,1,4500.0,67424.0
C0101536,Eric Huerta,55-64,12,MA,712,1,0,0,11060.0,160382.0
C0101537,Wanda Ramos,55-64,17,GA,736,1,0,0,16259.0,89720.0
C0101538,Andrew Meyers,55-64,4,FL,768,2,1,0,4162.0,141790.0
C0101539,James Todd,35-44,16,NJ,789,4,1,1,22900.0,79606.0
C0101540,Ashley Brown,55-64,5,MI,721,1,0,0,11124.0,183065.0
C0101541,Tammy Melton,35-44,1,MA,683,2,1,0,32781.0,110173.0
C0101542,Alexis Benson,35-44,9,GA,789,1,0,0,2510.0,76445.0
C0101543,Jerry Johnson,35-44,7,CA,671,2,1,0,1002.0,51355.0
C0101544,Joshua Harris,45-54,4,AZ,800,2,1,0,5058.0,60185.0
C0101545,Deanna Webb,35-44,9,NJ,780,2,1,0,8337.0,24269.0
C0101546,Brenda Hale,35-44,18,WA,787,4,1,1,933.0,169201.0
C0101547,Kevin Alvarado,55-64,12,TX,750,2,1,0,3904.0,112964.0
C0101548,Christopher Campbell,35-44,15,OH,624,1,0,0,37808.0,109538.0
C0101549,Lisa Brown,35-44,3,OH,673,4,1,1,15366.0,48811.0
C0101550,Alejandra Price,25-34,2,PA,733,1,0,0,9565.0,147019.0
C0101551,Samuel Keller,35-44,7,WA,689,2,1,0,2283.0,206750.0
C0101552,Alicia Dillon,35-44,16,FL,705,2,1,0,36328.0,137368.0
C0101553,Crystal James,35-44,18,TX,747,3,1,1,4911.0,26265.0
C0101554,Ariana Stewart,35-44,3,NY,712,2,1,0,9081.0,185748.0
C0101555,Kim Lopez,55-64,10,MA,665,2,1,0,13212.0,118533.0
C0101556,Judith House,65+,8,TX,759,2,1,0,9952.0,70325.0
C0101557,David Moreno,45-54,15,NC,743,2,1,0,48540.0,66510.0
C0101558,James Moore,45-54,5,FL,708,4,1,1,16157.0,291782.0
C0101559,Harold Garrett,55-64,10,IL,752,1,0,0,12161.0,92568.0
C0101560,William Mason,65+,17,NC,724,1,0,0,7305.0,113117.0
C0101561,Lori Johns,45-54,10,CA,779,2,1,0,13606.0,28403.0
C0101562,Robin Johnson,55-64,16,NY,726,1,0,0,6298.0,108038.0
C0101563,Diana Hernandez,65+,13,NC,779,3,1,1,10171.0,47513.0
C0101564,Mary Miller,55-64,12,CA,635,1,0,0,5377.0,368943.0
C0101565,Tyler Salazar,45-54,6,GA,740,2,1,0,4450.0,39163.0
C0101566,Crystal Allen,25-34,20,MI,702,2,1,0,2699.0,204005.0
C0101567,Wesley Browning,25-34,5,NY,681,3,1,1,5852.0,135085.0
C0101568,Joshua Clark,45-54,19,FL,772,2,1,0,5409.0,121531.0
C0101569,Joshua Mcbride,45-54,20,GA,760,1,0,0,72784.0,135236.0
C0101570,Ellen Thornton,35-44,11,NJ,629,1,0,0,26650.0,108087.0
C0101571,Brandy Forbes,45-54,18,CA,752,3,1,1,6899.0,191414.0
C0101572,Brianna Fitzpatrick,45-54,15,IL,746,4,1,1,4876.0,151862.0
C0101573,Emily Grant,55-64,15,MA,687,2,1,0,16951.0,92284.0
C0101574,Bailey Stewart,25-34,2,IL,682,2,1,0,83344.0,154564.0
C0101575,Monica Cannon,35-44,3,PA,648,2,1,0,21076.0,51517.0
C0101576,Jennifer Jenkins,55-64,2,VA,704,2,1,0,1029.0,73817.0
C0101577,Timothy Shannon,55-64,1,GA,712,2,1,0,22829.0,146689.0
C0101578,Denise Maxwell,65+,17,IL,755,1,0,0,28237.0,85376.0
C0101579,Cody Farmer,55-64,4,VA,732,1,0,0,113447.0,140566.0
C0101580,Debra Bradley,55-64,1,CA,672,2,1,0,6015.0,47597.0
C0101581,David Mcdaniel,35-44,19,NJ,730,2,1,0,9569.0,58842.0
C0101582,Michael Woods,35-44,6,IL,708,1,0,0,13909.0,163697.0
C0101583,Lisa Joseph,35-44,17,AZ,677,3,1,1,3240.0,205919.0
C0101584,Samuel Henry,45-54,20,NJ,648,1,0,0,2906.0,191253.0
C0101585,Corey Johnson,65+,11,MA,748,3,1,1,13085.0,33801.0
C0101586,Alexis Nelson,35-44,19,TX,740,3,1,1,1272.0,59836.0
C0101587,Patrick Mcneil,45-54,20,FL,745,3,1,1,1668.0,175073.0
C0101588,Andrea Ho,35-44,3,AZ,687,3,1,1,21565.0,54333.0
C0101589,Dr. Katherine Nguyen,35-44,3,IL,727,3,1,1,14727.0,66442.0
C0101590,David Sullivan,35-44,8,WA,658,2,1,0,36304.0,253350.0
C0101591,Nicolas James,25-34,12,NJ,675,2,1,0,14128.0,63103.0
C0101592,Logan Newton,65+,16,GA,721,3,1,1,8205.0,283693.0
C0101593,Kelly Liu,35-44,4,CA,731,2,1,0,38059.0,80446.0
C0101594,Kelly Hayes,55-64,4,TX,646,2,1,0,4878.0,64716.0
C0101595,Amanda Forbes,45-54,7,NJ,672,1,0,0,5432.0,118203.0
C0101596,Jennifer Moss,35-44,6,TX,703,2,1,0,7499.0,101927.0
C0101597,Kelli Mccoy,35-44,19,CA,763,1,0,0,13913.0,63215.0
C0101598,Eddie Sanders,55-64,8,NY,683,2,1,0,7480.0,96481.0
C0101599,Ronald Murray,35-44,18,AZ,726,2,1,0,1364.0,172045.0
C0101600,Louis Brown,65+,2,MI,731,1,0,0,5885.0,126813.0
C0101601,Brenda Gallegos,25-34,3,NJ,708,2,1,0,7802.0,203851.0
C0101602,Nathan Wilson,45-54,17,MI,732,3,1,1,9300.0,24150.0
C0101603,Teresa Horton,55-64,5,NC,659,4,1,1,4725.0,171009.0
C0101604,Jason Hayes,35-44,2,NY,690,1,0,0,14865.0,42067.0
C0101605,Kevin Marquez,35-44,12,OH,784,1,0,0,1173.0,145771.0
C0101606,Jesse Wright,65+,3,NC,787,3,1,1,13345.0,157587.0
C0101607,Susan Hogan,35-44,2,MA,757,2,1,0,69664.0,110108.0
C0101608,Becky Wilson,35-44,9,AZ,769,1,0,0,3912.0,125000.0
C0101609,Jack Mills,35-44,12,VA,637,2,1,0,8683.0,160710.0
C0101610,Richard Hunt,35-44,11,WA,677,3,1,1,6024.0,200106.0
C0101611,Jamie James,55-64,12,WA,706,1,0,0,6147.0,278450.0
C0101612,Susan Cunningham,55-64,1,NJ,820,2,1,0,2359.0,76180.0
C0101613,Brittany Melton,35-44,6,WA,705,1,0,0,88421.0,29157.0
C0101614,Michael Barnes,55-64,7,TX,753,4,1,1,12874.0,227206.0
C0101615,Randy Griffin,35-44,6,CA,737,3,1,1,3623.0,58407.0
C0101616,Autumn Anderson,25-34,12,OH,736,2,1,0,3160.0,199940.0
C0101617,Marcus King,45-54,5,CA,718,4,1,1,8724.0,85531.0
C0101618,Scott Stephens,65+,13,IL,665,1,0,0,601.0,100464.0
C0101619,Stephen Young,25-34,19,FL,598,3,1,1,28664.0,102271.0
C0101620,Karen Ortiz,35-44,14,MA,777,3,1,1,4374.0,64721.0
C0101621,Kyle Sanchez,45-54,8,MI,692,3,1,1,12920.0,35651.0
C0101622,Lisa Grant,55-64,9,CA,635,2,1,0,13667.0,60577.0
C0101623,Amber Hernandez,25-34,12,MI,739,1,0,0,25806.0,157709.0
C0101624,Amanda Nash,35-44,15,NJ,738,1,0,0,14635.0,121319.0
C0101625,Sara Evans,55-64,7,PA,754,1,0,0,19768.0,117831.0
C0101626,Amber Butler,35-44,1,AZ,770,3,1,1,27526.0,129868.0
C0101627,Michael Carr,35-44,15,MA,678,2,1,0,5452.0,119362.0
C0101628,Linda Cobb,35-44,14,MA,680,2,1,0,107116.0,94845.0
C0101629,Jesse Riley,35-44,3,TX,705,1,0,0,12375.0,61315.0
C0101630,Anna Evans,45-54,13,OH,756,2,1,0,7836.0,47536.0
C0101631,James Jones,55-64,2,VA,625,2,1,0,2953.0,57193.0
C0101632,Joshua Carter,45-54,13,OH,725,2,1,0,6320.0,228013.0
C0101633,Michael Hill,45-54,15,GA,761,2,1,0,13124.0,127776.0
C0101634,Kelly Dominguez,65+,1,PA,760,1,0,0,9085.0,48303.0
C0101635,Ashley Blair,35-44,15,OH,751,1,0,0,72616.0,139758.0
C0101636,Victoria Webb,35-44,3,NJ,767,4,1,1,5075.0,48131.0
C0101637,Taylor Andersen,65+,6,CA,596,2,1,0,18309.0,218703.0
C0101638,Lee Stewart,35-44,15,VA,792,2,1,0,2099.0,173884.0
C0101639,Whitney Gomez,55-64,8,NJ,734,4,1,1,111285.0,397404.0
C0101640,Justin Stone,55-64,20,FL,780,2,1,0,1935.0,94324.0
C0101641,Katherine White,25-34,20,VA,667,2,1,0,97650.0,24290.0
C0101642,Michelle Krause,45-54,20,GA,641,2,1,0,6884.0,102189.0
C0101643,Alexander Garrett,35-44,3,PA,800,1,0,0,555.0,83364.0
C0101644,Ryan Marsh,35-44,4,OH,678,1,0,0,41046.0,131182.0
C0101645,Mrs. Felicia Castro DDS,45-54,4,GA,706,3,1,1,8944.0,46828.0
C0101646,Curtis Campbell,35-44,12,NY,743,2,1,0,4703.0,34041.0
C0101647,Elizabeth Hunter,55-64,9,MI,754,1,0,0,17501.0,66373.0
C0101648,Aaron Jennings,65+,15,MI,768,3,1,1,17985.0,97026.0
C0101649,Nathaniel Gilbert,55-64,6,IL,730,1,0,0,13326.0,208123.0
C0101650,Christopher Rivera,35-44,4,OH,672,2,1,0,31636.0,202986.0
C0101651,Michael Hendricks,35-44,13,MI,751,3,1,1,10972.0,194218.0
C0101652,Maria Olson,35-44,13,GA,752,1,0,0,17671.0,187885.0
C0101653,Stephanie Herrera,25-34,14,OH,638,1,0,0,4332.0,100921.0
C0101654,Richard Gutierrez,65+,7,MA,783,2,1,0,20306.0,132283.0
C0101655,Sandy Evans,35-44,11,AZ,608,3,1,1,4355.0,48999.0
C0101656,Emily Herrera,35-44,19,IL,766,3,1,1,2102.0,57462.0
C0101657,Michael Marsh,55-64,13,NJ,691,3,1,1,6326.0,148793.0
C0101658,Heather Montes,35-44,19,WA,751,1,0,0,5820.0,76872.0
C0101659,Andre Terrell,25-34,9,TX,742,1,0,0,24669.0,189889.0
C0101660,Sarah Duncan,35-44,1,NC,718,2,1,0,1417.0,111753.0
C0101661,Kurt Hancock,45-54,16,VA,740,3,1,1,30102.0,113428.0
C0101662,Michele Edwards,55-64,10,CA,716,1,0,0,3837.0,85508.0
C0101663,Jason Crawford,35-44,1,IL,752,1,0,0,421.0,46070.0
C0101664,Jesse Sampson,65+,3,VA,818,1,0,0,1903.0,162920.0
C0101665,Eric Rodriguez,55-64,7,MA,659,1,0,0,5602.0,67426.0
C0101666,Paula Gentry,55-64,4,MA,580,2,1,0,13809.0,94228.0
C0101667,Alexander Webb,35-44,14,MI,701,4,1,1,6905.0,97295.0
C0101668,Cheryl Mclean,25-34,13,CA,698,1,0,0,1898.0,131854.0
C0101669,Kelly Rowe,55-64,7,CA,703,2,1,0,3184.0,58296.0
C0101670,Shane Short,35-44,2,WA,678,2,1,0,1936.0,123414.0
C0101671,Megan Anderson,45-54,2,VA,759,2,1,0,11054.0,61822.0
C0101672,Julia Reeves,55-64,19,FL,657,1,0,0,7268.0,104762.0
C0101673,April Randolph,25-34,7,TX,740,1,0,0,16925.0,68234.0
C0101674,Linda Miller,55-64,3,FL,748,1,0,0,969.0,251837.0
C0101675,Angel Meyer,65+,15,AZ,734,3,1,1,4269.0,170979.0
C0101676,Emily Lane,55-64,18,VA,741,2,1,0,92462.0,68832.0
C0101677,Steven Flores,35-44,3,MA,762,2,1,0,17487.0,115947.0
C0101678,Donald Flores,55-64,19,TX,722,2,1,0,5680.0,260618.0
C0101679,Bruce Hernandez,45-54,15,NJ,704,1,0,0,2478.0,101750.0
C0101680,Adrian Dean,55-64,6,AZ,741,1,0,0,30617.0,189956.0
C0101681,Christine Bell,55-64,16,GA,747,1,0,0,50981.0,236279.0
C0101682,Charles Bush,55-64,9,VA,760,1,0,0,2042.0,151479.0
C0101683,David Jones,35-44,13,MI,642,1,0,0,2287.0,308705.0
C0101684,Gina Wallace,25-34,3,CA,711,4,1,1,11323.0,79365.0
C0101685,John Lowe,35-44,5,OH,672,4,1,1,12667.0,113270.0
C0101686,Anthony Simmons,45-54,16,NY,745,3,1,1,14463.0,107594.0
C0101687,Kyle Watkins,45-54,17,TX,752,2,1,0,74017.0,32643.0
C0101688,Melissa Jensen,45-54,1,NC,707,2,1,0,2526.0,92930.0
C0101689,Robert Marquez,35-44,5,AZ,687,2,1,0,8500.0,69827.0
C0101690,Kim Beltran,55-64,13,CA,746,2,1,0,19253.0,87932.0
C0101691,Julie Anderson,65+,19,PA,714,1,0,0,19006.0,50624.0
C0101692,Tamara Mcdonald,35-44,14,NJ,784,4,1,1,3724.0,68992.0
C0101693,Michael Mckinney,55-64,15,PA,799,3,1,1,3905.0,148872.0
C0101694,David Walker,45-54,8,TX,765,1,0,0,4670.0,146589.0
C0101695,Lisa Durham,45-54,2,FL,730,2,1,0,62577.0,142768.0
C0101696,Michael Ortega,35-44,16,CA,802,3,1,1,2504.0,242908.0
C0101697,Sonya Chavez,55-64,16,MA,730,4,1,1,5491.0,67931.0
C0101698,John Bell,65+,9,GA,698,2,1,0,20548.0,180764.0
C0101699,Christopher Tate,55-64,11,MA,689,2,1,0,2194.0,75008.0
C0101700,Bethany Garcia,65+,5,NJ,688,1,0,0,11044.0,160972.0
C0101701,Rebecca Nguyen,65+,10,IL,719,2,1,0,829.0,58892.0
C0101702,Rebecca Patel,35-44,5,MA,740,1,0,0,10210.0,85235.0
C0101703,Jason Oliver,45-54,9,NY,656,1,0,0,8629.0,146470.0
C0101704,Valerie Reyes,45-54,3,FL,699,2,1,0,9861.0,94806.0
C0101705,Robert Garza,65+,13,WA,729,2,1,0,2856.0,76087.0
C0101706,Jessica Cobb,25-34,5,NC,748,3,1,1,10650.0,47199.0
C0101707,Cynthia Bates,35-44,15,OH,718,2,1,0,7732.0,30145.0
C0101708,Timothy Andrews,55-64,11,NC,731,1,0,0,38520.0,159977.0
C0101709,Mr. Joel Peters,35-44,18,MA,664,2,1,0,17421.0,203007.0
C0101710,Casey Blanchard,55-64,5,PA,678,3,1,1,1424.0,105703.0
C0101711,Brian Cervantes,35-44,6,AZ,717,2,1,0,2984.0,202933.0
C0101712,Jamie Snyder,65+,5,AZ,742,2,1,0,3868.0,84820.0
C0101713,Ann Montoya,55-64,13,VA,730,1,0,0,10061.0,115479.0
C0101714,Stephanie Fields,35-44,3,FL,681,1,0,0,6615.0,284648.0
C0101715,Charles Hernandez,55-64,14,TX,709,4,1,1,6582.0,102563.0
C0101716,Jean Lane,35-44,17,TX,788,1,0,0,238299.0,236718.0
C0101717,Michael Stewart,45-54,14,NJ,744,1,0,0,4379.0,94369.0
C0101718,Susan Torres,45-54,3,IL,712,1,0,0,43004.0,121369.0
C0101719,Jessica Haas,55-64,10,MA,673,2,1,0,6790.0,74264.0
C0101720,Brandon Smith,25-34,11,CA,687,3,1,1,593.0,129189.0
C0101721,Mrs. Bethany Phillips,35-44,8,IL,720,2,1,0,10194.0,120649.0
C0101722,Joshua Brown,55-64,10,NY,732,3,1,1,31041.0,49185.0
C0101723,Samantha Howard,45-54,16,AZ,745,1,0,0,17329.0,102335.0
C0101724,Sharon Young,45-54,17,TX,737,1,0,0,11019.0,106877.0
C0101725,Jennifer Flores,25-34,7,OH,703,4,1,1,8337.0,251567.0
C0101726,James Gardner,35-44,7,AZ,697,2,1,0,4476.0,60964.0
C0101727,Karen Lopez,55-64,5,MA,812,3,1,1,23753.0,39805.0
C0101728,Tim Larsen,25-34,9,AZ,694,2,1,0,4812.0,98900.0
C0101729,Zachary Santiago,35-44,11,MI,661,1,0,0,3758.0,154298.0
C0101730,Benjamin Smith,65+,15,FL,646,4,1,1,13263.0,131627.0
C0101731,Katelyn Kim,25-34,6,TX,704,1,0,0,5653.0,78011.0
C0101732,Angela May MD,55-64,5,OH,762,2,1,0,37686.0,129660.0
C0101733,Richard Munoz,35-44,1,GA,694,1,0,0,14196.0,42047.0
C0101734,Christopher Hicks,55-64,2,GA,786,2,1,0,3186.0,52881.0
C0101735,Joanna Kelly,55-64,2,CA,719,2,1,0,2052.0,95834.0
C0101736,Larry Lane,55-64,5,NJ,769,1,0,0,4071.0,153658.0
C0101737,Cynthia Shaw,35-44,14,IL,685,4,1,1,133994.0,42515.0
C0101738,Joshua Richardson,45-54,16,TX,686,1,0,0,6093.0,51492.0
C0101739,Laura Bush,55-64,20,AZ,724,2,1,0,20129.0,280259.0
C0101740,John Vaughn,35-44,11,IL,741,1,0,0,1691.0,84283.0
C0101741,Nicholas Terrell,35-44,10,NY,711,2,1,0,2209.0,131666.0
C0101742,Dr. Julie Miller,25-34,18,GA,733,2,1,0,6463.0,189024.0
C0101743,Ann Kennedy,65+,3,MA,746,2,1,0,62400.0,152990.0
C0101744,Toni Miller,55-64,13,WA,656,2,1,0,1722.0,97563.0
C0101745,Rebecca Edwards,45-54,17,TX,704,3,1,1,3806.0,43623.0
C0101746,Greg Osborne,55-64,11,NJ,696,4,1,1,23910.0,59824.0
C0101747,Jose Harrison,45-54,6,MI,698,3,1,1,54781.0,27128.0
C0101748,Jennifer Yu,45-54,13,AZ,738,1,0,0,13696.0,202115.0
C0101749,Donna Johnson,35-44,20,MA,697,3,1,1,18234.0,219236.0
C0101750,Nicole Acosta,45-54,5,VA,629,1,0,0,2762.0,29706.0
C0101751,Amy Kennedy,35-44,12,MI,709,1,0,0,1657.0,70953.0
C0101752,Anthony Mooney,55-64,2,IL,672,2,1,0,2049.0,105954.0
C0101753,Lori Mitchell,55-64,5,AZ,742,2,1,0,2841.0,179826.0
C0101754,Jonathan York,35-44,16,MA,756,2,1,0,10622.0,41732.0
C0101755,Casey Campbell,45-54,10,MA,622,2,1,0,1875.0,123124.0
C0101756,Alexis Rodriguez,25-34,4,MA,685,2,1,0,10943.0,45322.0
C0101757,Kevin Hernandez,65+,7,MI,735,4,1,1,5551.0,163861.0
C0101758,Robert Green,65+,3,MA,656,1,0,0,4126.0,91036.0
C0101759,Kari Lloyd,65+,16,VA,755,2,1,0,23436.0,84249.0
C0101760,Grace Miller,35-44,19,NY,767,1,0,0,2564.0,62780.0
C0101761,Timothy Moore,35-44,3,CA,712,1,0,0,45381.0,64083.0
C0101762,Wyatt Townsend II,35-44,5,MA,685,4,1,1,21961.0,219013.0
C0101763,Mark Clark,25-34,18,OH,616,1,0,0,2470.0,108655.0
C0101764,Haley May,25-34,18,AZ,756,1,0,0,34293.0,75001.0
C0101765,Audrey Jackson,25-34,16,PA,810,2,1,0,2143.0,49214.0
C0101766,Eric Reese,65+,15,IL,800,1,0,0,38242.0,91798.0
C0101767,Kim James,25-34,18,WA,711,2,1,0,12083.0,83624.0
C0101768,Karen Thomas,25-34,8,GA,670,4,1,1,1218.0,72147.0
C0101769,Alexandra Ho,55-64,18,NJ,757,3,1,1,1712.0,42803.0
C0101770,Michael Nixon,45-54,18,PA,714,2,1,0,4984.0,120630.0
C0101771,Amanda Hardin,55-64,5,MI,741,2,1,0,22956.0,26858.0
C0101772,Tina Reynolds,45-54,2,GA,733,3,1,1,6602.0,37986.0
C0101773,Shannon Rogers,55-64,11,AZ,724,1,0,0,6408.0,205853.0
C0101774,Brett Pena,45-54,16,GA,766,3,1,1,8503.0,95020.0
C0101775,Raymond Curry,45-54,17,TX,767,2,1,0,739.0,81701.0
C0101776,Leah Lee,55-64,3,VA,696,3,1,1,21787.0,216454.0
C0101777,Michael White,35-44,8,MA,678,1,0,0,40441.0,121636.0
C0101778,Megan Decker,35-44,16,AZ,607,3,1,1,20894.0,113407.0
C0101779,Brent Garcia,45-54,2,TX,704,3,1,1,4875.0,135882.0
C0101780,Daniel Campbell,35-44,15,MA,670,2,1,0,2802.0,112866.0
C0101781,Alexander Davis,55-64,6,IL,738,1,0,0,2212.0,111474.0
C0101782,Mary Houston,35-44,1,WA,704,1,0,0,2080.0,60542.0
C0101783,Margaret Erickson,35-44,5,MI,709,3,1,1,122697.0,22418.0
C0101784,Scott Anderson,35-44,15,MA,756,2,1,0,7372.0,300058.0
C0101785,Stephanie Knight,55-64,18,IL,737,4,1,1,23996.0,83088.0
C0101786,Stephanie Dominguez,35-44,2,MI,714,2,1,0,22462.0,38470.0
C0101787,John Mayer,45-54,10,NJ,795,1,0,0,9616.0,323654.0
C0101788,Tammy Hill,55-64,5,FL,753,3,1,1,2649.0,156782.0
C0101789,Steven Carrillo,25-34,14,VA,701,3,1,1,15100.0,152750.0
C0101790,Christopher Jones,55-64,16,FL,703,2,1,0,2210.0,77629.0
C0101791,Janet Cook,35-44,20,WA,755,3,1,1,16693.0,83283.0
C0101792,Tyler Baker,35-44,8,TX,729,1,0,0,2335.0,116880.0
C0101793,John Mcfarland,45-54,6,FL,669,1,0,0,4801.0,124067.0
C0101794,Cassandra Vasquez,65+,7,GA,760,1,0,0,4792.0,204141.0
C0101795,Randy Robinson,35-44,16,FL,776,1,0,0,43423.0,133269.0
C0101796,Susan Baldwin,45-54,9,TX,773,2,1,0,437.0,98887.0
C0101797,Benjamin Duncan,35-44,1,CA,789,1,0,0,132846.0,113856.0
C0101798,Jeremy Mosley,45-54,19,PA,813,3,1,1,3081.0,144911.0
C0101799,Martin Fitzpatrick,45-54,3,GA,797,1,0,0,6988.0,162891.0
C0101800,Deborah Graves,45-54,19,CA,735,2,1,0,13306.0,119594.0
C0101801,Laura Robertson,45-54,4,FL,710,2,1,0,12006.0,25547.0
C0101802,Katherine Graham,25-34,11,MI,637,1,0,0,22300.0,97355.0
C0101803,Priscilla Floyd,45-54,7,PA,720,2,1,0,16856.0,31884.0
C0101804,April Finley,45-54,14,VA,743,4,1,1,93376.0,136974.0
C0101805,Karen Bradley,45-54,9,WA,721,4,1,1,19495.0,82814.0
C0101806,Heather Maldonado,25-34,8,CA,635,1,0,0,7039.0,90050.0
C0101807,Mark Benjamin,35-44,10,MA,707,2,1,0,4173.0,149498.0
C0101808,Joseph Woodward,35-44,20,NJ,749,1,0,0,4046.0,69721.0
C0101809,Joe Miranda,25-34,5,WA,673,2,1,0,38250.0,68545.0
C0101810,Cassandra Williams,35-44,5,GA,727,1,0,0,66586.0,298553.0
C0101811,Connor Dominguez,35-44,2,CA,739,4,1,1,27036.0,187284.0
C0101812,Lydia Howard,55-64,15,AZ,770,2,1,0,182.0,138443.0
C0101813,Mark Moss,35-44,14,NC,797,1,0,0,546.0,74464.0
C0101814,Corey Cortez,55-64,13,CA,702,4,1,1,8030.0,154816.0
C0101815,Katherine Brown,45-54,1,FL,728,2,1,0,6634.0,106588.0
C0101816,Elizabeth Ferguson,55-64,16,NY,729,1,0,0,8299.0,104567.0
C0101817,Joann Forbes,45-54,17,IL,749,3,1,1,36392.0,111435.0
C0101818,Anthony French,45-54,19,OH,744,2,1,0,34278.0,55756.0
C0101819,Bruce Roman,45-54,19,OH,784,2,1,0,9996.0,45800.0
C0101820,Judy Gregory,65+,6,AZ,615,1,0,0,1302.0,150423.0
C0101821,Brittany Riley,45-54,15,MA,738,1,0,0,1854.0,52567.0
C0101822,Amanda Thomas,45-54,9,NJ,741,1,0,0,8786.0,140193.0
C0101823,Kaitlin Hardin,45-54,12,MI,709,3,1,1,13362.0,200627.0
C0101824,Michael Anderson,55-64,7,WA,618,1,0,0,1880.0,83134.0
C0101825,Anthony Parker,25-34,14,PA,717,2,1,0,17901.0,292855.0
C0101826,Joy Jackson,45-54,20,NC,688,4,1,1,989.0,232684.0
C0101827,Sabrina Rodriguez,45-54,14,MI,795,4,1,1,332.0,139838.0
C0101828,Robert Walker PhD,65+,19,PA,736,3,1,1,2835.0,44038.0
C0101829,Robert Hendrix,45-54,19,MA,684,3,1,1,42095.0,121634.0
C0101830,Erika Daugherty,45-54,3,NY,627,4,1,1,50349.0,51753.0
C0101831,Brenda Copeland,65+,20,CA,746,3,1,1,1195.0,207902.0
C0101832,Pamela Watkins,45-54,17,PA,751,2,1,0,1310.0,171723.0
C0101833,Bryan Thomas,35-44,9,WA,710,1,0,0,20194.0,46075.0
C0101834,Michael Tran,35-44,13,IL,747,1,0,0,4775.0,294940.0
C0101835,Timothy Williams,25-34,13,NY,704,2,1,0,41758.0,103764.0
C0101836,Ryan Salazar,25-34,16,AZ,768,1,0,0,19803.0,116933.0
C0101837,Alexis Tucker,35-44,17,FL,764,1,0,0,24335.0,116882.0
C0101838,Christopher Davis,55-64,3,FL,646,1,0,0,3022.0,97654.0
C0101839,Stacie Butler,55-64,1,AZ,657,2,1,0,13802.0,128728.0
C0101840,Patricia Schwartz,25-34,5,PA,811,2,1,0,91095.0,92270.0
C0101841,Mark Mills,45-54,11,CA,761,1,0,0,9611.0,112484.0
C0101842,Todd Bishop,35-44,17,OH,663,2,1,0,7677.0,65615.0
C0101843,Christopher Porter,65+,14,VA,649,1,0,0,4804.0,70052.0
C0101844,Lori Patton,35-44,3,VA,729,2,1,0,1185.0,157214.0
C0101845,Aaron Young,45-54,15,TX,668,1,0,0,2167.0,77136.0
C0101846,Joseph Davis,35-44,10,PA,705,2,1,0,2779.0,138456.0
C0101847,Philip Fernandez,45-54,8,MI,717,3,1,1,1126.0,82562.0
C0101848,Randy Hopkins,35-44,16,MI,715,1,0,0,1271.0,33638.0
C0101849,Cory Hogan,55-64,6,MI,770,3,1,1,429.0,63701.0
C0101850,Tracy Wells,35-44,13,IL,802,3,1,1,3168.0,26118.0
C0101851,Michael Williams,65+,4,WA,698,4,1,1,18220.0,53336.0
C0101852,Dominique Hamilton,45-54,8,TX,669,3,1,1,5542.0,38786.0
C0101853,Robert Chang,55-64,12,WA,737,2,1,0,5573.0,112476.0
C0101854,Patrick Buckley,55-64,13,MA,793,1,0,0,20336.0,55121.0
C0101855,Richard Washington,65+,19,NJ,701,1,0,0,61498.0,86443.0
C0101856,Steven Griffith,35-44,6,OH,758,1,0,0,123995.0,89747.0
C0101857,Erika Gonzalez,35-44,18,IL,682,2,1,0,9637.0,78863.0
C0101858,Erika Maxwell,35-44,17,OH,720,4,1,1,5778.0,56669.0
C0101859,Brent Rojas,35-44,8,FL,667,1,0,0,4936.0,24726.0
C0101860,Jaime Walker,45-54,3,NY,720,2,1,0,16472.0,93783.0
C0101861,John Zamora,65+,6,MI,714,4,1,1,6717.0,202423.0
C0101862,Timothy Gibson,65+,14,NC,747,1,0,0,6746.0,151420.0
C0101863,Chad Cortez,45-54,16,GA,800,1,0,0,7304.0,164632.0
C0101864,Vanessa Harris,45-54,13,GA,702,1,0,0,2616.0,84466.0
C0101865,Michael Brown,55-64,15,TX,630,1,0,0,493.0,167875.0
C0101866,Samuel Ellis,65+,3,AZ,710,2,1,0,3630.0,29407.0
C0101867,Greg Tanner,35-44,11,MA,733,2,1,0,46582.0,222693.0
C0101868,Rachel Little,45-54,18,NY,729,2,1,0,44028.0,216538.0
C0101869,Carolyn Cordova,55-64,8,PA,712,1,0,0,25028.0,52870.0
C0101870,Angelica Vincent,35-44,18,MI,786,2,1,0,4481.0,146166.0
C0101871,Zachary Vargas PhD,35-44,3,CA,726,1,0,0,3138.0,65644.0
C0101872,Nicholas Fitzgerald,65+,20,TX,715,2,1,0,56926.0,190514.0
C0101873,Garrett Riley,65+,16,AZ,685,1,0,0,2209.0,63297.0
C0101874,Leslie Hernandez,65+,13,FL,641,3,1,1,8495.0,130603.0
C0101875,Abigail Baird,55-64,13,NC,734,2,1,0,61537.0,176968.0
C0101876,John Mack,35-44,19,AZ,731,1,0,0,9403.0,130826.0
C0101877,Joseph Mendoza,35-44,8,NJ,672,2,1,0,5698.0,177169.0
C0101878,Samantha Chavez,45-54,4,PA,718,2,1,0,32591.0,154123.0
C0101879,Justin Smith,45-54,19,FL,713,3,1,1,8834.0,284558.0
C0101880,Tiffany Anderson,45-54,3,NJ,691,4,1,1,10254.0,80233.0
C0101881,Matthew Davis,45-54,14,OH,684,1,0,0,49894.0,100009.0
C0101882,Eric Warner,35-44,6,MA,738,2,1,0,382.0,44923.0
C0101883,Nicole Johnson,55-64,19,MI,709,1,0,0,12464.0,109165.0
C0101884,Raymond Sawyer,35-44,20,CA,693,3,1,1,3231.0,62325.0
C0101885,Richard Wood,35-44,10,NY,681,1,0,0,6319.0,62420.0
C0101886,Mark Dalton,25-34,11,VA,714,2,1,0,9279.0,61207.0
C0101887,Steven Cook,35-44,10,NJ,761,3,1,1,3603.0,53137.0
C0101888,Jeffery Nelson,55-64,9,VA,729,2,1,0,10660.0,124149.0
C0101889,Kimberly Norton,35-44,19,NY,709,3,1,1,12867.0,140676.0
C0101890,Angela Gilmore,35-44,6,NY,733,1,0,0,10344.0,204631.0
C0101891,Amy Dougherty,55-64,20,NY,781,4,1,1,9262.0,212722.0
C0101892,Stacy Rodriguez,45-54,14,NJ,742,3,1,1,7037.0,67334.0
C0101893,Manuel Diaz,25-34,20,CA,731,2,1,0,7205.0,34519.0
C0101894,Justin Jones,35-44,13,WA,748,1,0,0,8913.0,140523.0
C0101895,Christine Zavala,35-44,17,PA,712,2,1,0,2615.0,129059.0
C0101896,Brian Mendoza,45-54,10,GA,728,2,1,0,37203.0,263599.0
C0101897,Lauren Haley,35-44,10,NY,697,1,0,0,7264.0,121115.0
C0101898,Patrick Perez,25-34,6,OH,650,4,1,1,4994.0,197997.0
C0101899,Derek Frazier,25-34,5,VA,735,3,1,1,13030.0,119096.0
C0101900,Arthur Reed,45-54,1,FL,735,4,1,1,7061.0,45930.0
C0101901,Mr. Bryan Mckinney,25-34,8,NC,707,1,0,0,35995.0,70197.0
C0101902,Kim Carter,55-64,20,CA,766,2,1,0,23709.0,33831.0
C0101903,Rebecca Dougherty,35-44,19,FL,687,1,0,0,9059.0,83497.0
C0101904,Teresa Jones,45-54,14,NJ,640,1,0,0,25002.0,119506.0
C0101905,Judith Miller,35-44,8,NC,688,1,0,0,10746.0,152634.0
C0101906,Donna Frye,35-44,11,MI,650,1,0,0,2029.0,146204.0
C0101907,Donald Terry,25-34,16,NY,735,2,1,0,23573.0,30272.0
C0101908,Shaun Meyer DDS,55-64,1,NY,686,1,0,0,828.0,105752.0
C0101909,Wayne Weaver,55-64,19,OH,764,1,0,0,119.0,173800.0
C0101910,Gregory Wallace,25-34,18,TX,763,2,1,0,18725.0,64325.0
C0101911,Dorothy Brown,35-44,20,AZ,678,3,1,1,13798.0,231819.0
C0101912,Crystal Meza,65+,2,PA,683,3,1,1,12735.0,88763.0
C0101913,Jennifer Cooper,45-54,19,NJ,744,2,1,0,42936.0,103826.0
C0101914,Erin Watkins,35-44,13,FL,764,1,0,0,7866.0,130784.0
C0101915,Sarah Wallace,35-44,12,MI,629,2,1,0,5147.0,36143.0
C0101916,Carlos Clarke,45-54,4,NY,732,2,1,0,21078.0,192928.0
C0101917,David Washington,55-64,10,PA,621,1,0,0,3441.0,255952.0
C0101918,Patricia Williams,45-54,8,OH,695,1,0,0,6089.0,78637.0
C0101919,Jesus Jackson,65+,20,TX,769,4,1,1,10972.0,44234.0
C0101920,Michelle Mitchell,45-54,7,TX,820,1,0,0,12077.0,293064.0
C0101921,Sara Schwartz,35-44,5,VA,709,1,0,0,5434.0,199593.0
C0101922,Brittany Young,45-54,19,IL,663,1,0,0,4498.0,47259.0
C0101923,Eugene Martinez,35-44,4,NC,696,3,1,1,2113.0,248544.0
C0101924,Cody Hart,35-44,19,MI,722,2,1,0,3151.0,30518.0
C0101925,Evan Cooper,25-34,20,MI,689,4,1,1,71891.0,188914.0
C0101926,Joshua Martin,35-44,7,MI,678,3,1,1,5892.0,35404.0
C0101927,Thomas Sullivan,55-64,14,MA,700,3,1,1,10169.0,142358.0
C0101928,Mr. Jimmy Flores Jr.,25-34,16,MI,737,1,0,0,1354.0,134260.0
C0101929,Vanessa Rivera,35-44,11,IL,712,1,0,0,175581.0,142719.0
C0101930,Kara Roberts,45-54,14,PA,680,3,1,1,2882.0,185766.0
C0101931,Veronica Berry,45-54,3,WA,689,4,1,1,1978.0,105316.0
C0101932,Keith Meadows,55-64,11,OH,701,3,1,1,7529.0,92633.0
C0101933,Michael Dennis,55-64,11,NC,675,4,1,1,2777.0,167754.0
C0101934,Brenda Pierce,55-64,12,WA,688,2,1,0,12556.0,53050.0
C0101935,James Randall,25-34,19,NY,748,2,1,0,1321.0,101223.0
C0101936,Brandon Brown,45-54,17,NY,709,2,1,0,31712.0,119737.0
C0101937,Lauren Walker,45-54,13,CA,641,2,1,0,25030.0,100963.0
C0101938,Diana Johnson,35-44,9,TX,766,1,0,0,7027.0,109818.0
C0101939,Jill Powers,25-34,9,MI,738,1,0,0,1111.0,138115.0
C0101940,Jorge Lee,35-44,1,GA,657,1,0,0,3057.0,42751.0
C0101941,Larry Harding,45-54,12,PA,703,1,0,0,8734.0,275049.0
C0101942,Heather Hernandez,35-44,6,NY,684,1,0,0,1896.0,146854.0
C0101943,Jaclyn Watson,35-44,18,NJ,750,2,1,0,2304.0,49223.0
C0101944,Gregory Madden,55-64,16,TX,703,2,1,0,28543.0,144457.0
C0101945,Anita Luna,65+,19,NJ,716,2,1,0,9759.0,75725.0
C0101946,Willie Lara,35-44,20,AZ,711,3,1,1,9396.0,54575.0
C0101947,Robert Waller,65+,9,OH,653,2,1,0,15259.0,123611.0
C0101948,Steven Taylor,25-34,9,GA,783,2,1,0,6657.0,163848.0
C0101949,Angelica Clark,65+,13,NC,749,2,1,0,7545.0,180683.0
C0101950,Sean Hatfield,65+,9,TX,686,1,0,0,14005.0,120797.0
C0101951,Tyler Avila,25-34,6,MI,728,2,1,0,21392.0,273812.0
C0101952,Jason Rocha,55-64,15,IL,763,3,1,1,14731.0,92159.0
C0101953,Justin Page,65+,10,GA,722,1,0,0,46745.0,258770.0
C0101954,Breanna Lopez,65+,19,CA,790,3,1,1,8346.0,212117.0
C0101955,Julian Williams,65+,5,AZ,820,1,0,0,1609.0,130866.0
C0101956,Sandra Torres,45-54,9,IL,714,2,1,0,29909.0,155690.0
C0101957,Julie Johnson,25-34,11,TX,693,3,1,1,6038.0,194150.0
C0101958,Dennis Blanchard,55-64,19,VA,675,3,1,1,3221.0,112546.0
C0101959,Kaitlyn Valdez,45-54,12,MA,620,2,1,0,19050.0,90638.0
C0101960,Jennifer Vasquez,45-54,2,GA,776,2,1,0,12644.0,84677.0
C0101961,Danielle Wilson,35-44,7,CA,704,1,0,0,1747.0,142993.0
C0101962,Zachary Jones,45-54,18,MA,759,2,1,0,18120.0,98306.0
C0101963,Lauren Cunningham,35-44,6,NY,768,2,1,0,76817.0,82774.0
C0101964,Lori Alvarez,55-64,7,NY,671,1,0,0,11948.0,65771.0
C0101965,Barbara Hunt,25-34,4,NJ,678,1,0,0,5959.0,29262.0
C0101966,Sarah Martin,55-64,15,PA,798,4,1,1,1093.0,90347.0
C0101967,Francisco Johns,55-64,3,TX,716,1,0,0,94984.0,90465.0
C0101968,Christopher Nelson,45-54,8,NJ,690,3,1,1,4357.0,148779.0
C0101969,Thomas Kelly,45-54,15,NY,672,1,0,0,1496.0,75299.0
C0101970,Joseph Mayer,35-44,18,WA,713,2,1,0,9256.0,163134.0
C0101971,Pamela White,65+,5,FL,787,2,1,0,27171.0,289686.0
C0101972,Paul Stephens,55-64,7,AZ,750,2,1,0,35707.0,237144.0
C0101973,Samantha Cohen,35-44,3,NJ,728,2,1,0,3617.0,77145.0
C0101974,Michael Barker,35-44,9,NY,791,1,0,0,7200.0,92996.0
C0101975,Kevin Morrow,35-44,20,NC,782,2,1,0,8107.0,72054.0
C0101976,Joseph Watson,45-54,7,MA,735,3,1,1,26157.0,44264.0
C0101977,Mr. Thomas Garcia,65+,6,CA,820,2,1,0,16505.0,44171.0
C0101978,Daniel Lopez,55-64,8,WA,708,2,1,0,11212.0,144877.0
C0101979,Lisa Guerra,35-44,18,OH,769,2,1,0,24289.0,78720.0
C0101980,Kim Arnold,55-64,11,MA,702,1,0,0,1581.0,93034.0
C0101981,Ashley Stevens,35-44,13,NY,760,1,0,0,13427.0,175559.0
C0101982,Robert Mclean,55-64,16,NJ,708,1,0,0,10571.0,156351.0
C0101983,Eric Cox,35-44,15,MA,740,3,1,1,7631.0,88675.0
C0101984,Stacy Harper,45-54,12,IL,820,4,1,1,6005.0,65806.0
C0101985,Gloria Mckinney,65+,12,TX,762,1,0,0,9518.0,132544.0
C0101986,Robert Walker,35-44,11,IL,741,1,0,0,4088.0,113546.0
C0101987,Brenda Perez,45-54,4,NC,685,4,1,1,213790.0,70778.0
C0101988,Carlos Miller,65+,9,MI,728,1,0,0,41389.0,111603.0
C0101989,Rachel Jones,35-44,17,GA,674,2,1,0,30076.0,52770.0
C0101990,Nicole Williams,25-34,1,AZ,759,2,1,0,4291.0,104542.0
C0101991,Ricky Palmer,45-54,17,NC,758,2,1,0,2569.0,91455.0
C0101992,Bryan King,35-44,12,MI,711,2,1,0,6283.0,122330.0
C0101993,Michael Webster,25-34,7,MA,794,4,1,1,9293.0,55319.0
C0101994,Tamara Harris,45-54,3,MA,788,2,1,0,1425.0,262855.0
C0101995,Cathy Bell,55-64,16,IL,726,2,1,0,14414.0,117346.0
C0101996,Ryan Mcmahon,35-44,1,PA,745,1,0,0,29690.0,78421.0
C0101997,Hannah Martin,35-44,11,VA,693,1,0,0,554.0,65609.0
C0101998,Monica Allen,55-64,4,GA,707,3,1,1,2751.0,120043.0
C0101999,Annette Lane,45-54,19,OH,671,4,1,1,35362.0,35323.0
C0102000,Daniel Lee,55-64,4,NJ,698,3,1,1,12692.0,162644.0
C0102001,Steven Medina,35-44,17,MI,715,1,0,0,2865.0,130818.0
C0102002,Annette Lewis,65+,12,AZ,645,3,1,1,19583.0,308435.0
C0102003,Michelle Richardson,45-54,1,IL,745,1,0,0,3972.0,80852.0
C0102004,Jessica Rosario,25-34,15,VA,765,2,1,0,6104.0,30462.0
C0102005,Henry Gray,55-64,18,NY,719,2,1,0,2066.0,127804.0
C0102006,Darren Rodriguez,45-54,5,MA,598,2,1,0,8269.0,41990.0
C0102007,Mrs. Ashley Taylor,25-34,20,TX,708,2,1,0,27497.0,78455.0
C0102008,Michele Hawkins,35-44,16,VA,657,3,1,1,4569.0,129939.0
C0102009,Garrett Wilson,45-54,15,TX,692,3,1,1,17581.0,93894.0
C0102010,Kyle Collins,25-34,7,AZ,785,1,0,0,7632.0,170363.0
C0102011,Jill Spencer,35-44,3,MA,610,1,0,0,29579.0,53659.0
C0102012,Scott Lopez,25-34,9,WA,683,2,1,0,4649.0,94689.0
C0102013,Ryan Alvarez,35-44,17,VA,757,1,0,0,52367.0,134433.0
C0102014,Cassie Lutz,35-44,12,GA,688,1,0,0,18360.0,51798.0
C0102015,Brian Kim DDS,45-54,13,NY,684,1,0,0,10860.0,197534.0
C0102016,Charles Morales,35-44,16,MA,811,1,0,0,11346.0,38894.0
C0102017,Ashley Schaefer,25-34,7,GA,737,2,1,0,4638.0,161379.0
C0102018,Amy Hester,45-54,1,WA,762,4,1,1,4293.0,132961.0
C0102019,Kurt Ewing,35-44,18,NJ,742,3,1,1,11099.0,152622.0
C0102020,Ryan Hardy,45-54,13,NJ,727,2,1,0,1923.0,58221.0
C0102021,Micheal Perkins,25-34,12,IL,776,1,0,0,3936.0,29992.0
C0102022,Richard Schneider,25-34,12,OH,805,2,1,0,2631.0,214565.0
C0102023,John Morrison,35-44,18,OH,644,2,1,0,16094.0,81613.0
C0102024,John Ramirez,45-54,16,MI,718,3,1,1,16390.0,53130.0
C0102025,Ashley King,35-44,14,NJ,718,2,1,0,37101.0,105138.0
C0102026,Mark Taylor Jr.,55-64,16,FL,700,2,1,0,5423.0,27028.0
C0102027,Barry Gregory,35-44,6,NY,764,1,0,0,3074.0,140059.0
C0102028,Janet Shelton,45-54,15,CA,731,3,1,1,1390.0,148622.0
C0102029,Marco Davis,45-54,20,GA,806,3,1,1,11216.0,87352.0
C0102030,Paul Saunders,25-34,5,NJ,769,2,1,0,43311.0,203173.0
C0102031,Christina Bates,45-54,12,NY,781,4,1,1,7409.0,65890.0
C0102032,Dennis Cooper PhD,35-44,14,NJ,666,1,0,0,8366.0,35167.0
C0102033,Tiffany Johnson,35-44,11,CA,683,1,0,0,8043.0,115339.0
C0102034,Thomas Reyes,25-34,20,WA,687,3,1,1,10991.0,97871.0
C0102035,James Stevens,55-64,9,NJ,779,2,1,0,26808.0,20382.0
C0102036,Justin Dalton,65+,5,NJ,676,1,0,0,81067.0,151272.0
C0102037,Michael Henry,25-34,3,NJ,677,1,0,0,14735.0,50902.0
C0102038,Mike Freeman,45-54,17,IL,669,1,0,0,15949.0,117347.0
C0102039,Michael Keller,55-64,14,MA,820,1,0,0,6081.0,181137.0
C0102040,Laura Alvarez,35-44,12,VA,713,2,1,0,7120.0,128272.0
C0102041,Katie Myers,55-64,9,FL,743,1,0,0,7005.0,154863.0
C0102042,Wesley Jensen MD,45-54,9,AZ,668,2,1,0,5222.0,83660.0
C0102043,Erica Johnson,65+,19,VA,763,2,1,0,9443.0,145309.0
C0102044,Russell Bailey,65+,14,PA,640,3,1,1,17152.0,55369.0
C0102045,Alyssa Vance,25-34,20,MA,675,4,1,1,8745.0,25645.0
C0102046,Brent Reed,35-44,17,NY,687,1,0,0,5787.0,33892.0
C0102047,Gregory Stanley,45-54,16,MI,729,1,0,0,9426.0,175969.0
C0102048,Matthew Watkins,25-34,12,NJ,684,1,0,0,2561.0,304580.0
C0102049,Ana Torres,35-44,5,MA,788,1,0,0,21248.0,138436.0
C0102050,Alejandro Nguyen,65+,14,NC,742,2,1,0,4935.0,31342.0
C0102051,Scott Bradley,25-34,15,MA,688,1,0,0,2026.0,196699.0
C0102052,Deborah Dominguez,45-54,11,PA,764,2,1,0,14102.0,78483.0
C0102053,Victoria Gray,55-64,1,WA,702,4,1,1,14968.0,262290.0
C0102054,Kenneth Stokes,35-44,20,NY,693,1,0,0,2887.0,72778.0
C0102055,Michael Rogers,45-54,17,MA,760,1,0,0,17125.0,65003.0
C0102056,Pamela Morgan,65+,8,VA,609,3,1,1,17338.0,57037.0
C0102057,Heidi Graham,45-54,10,MI,753,3,1,1,86669.0,106773.0
C0102058,Ryan Cobb PhD,25-34,3,CA,687,1,0,0,6112.0,89547.0
C0102059,Donna Williams,25-34,19,GA,687,2,1,0,7591.0,207660.0
C0102060,Jennifer Perez PhD,65+,5,FL,808,1,0,0,3912.0,211620.0
C0102061,Ryan Davis,35-44,8,AZ,696,2,1,0,14653.0,67597.0
C0102062,Austin Solis,45-54,9,IL,763,3,1,1,8058.0,266277.0
C0102063,Daniel Flynn,25-34,6,WA,732,1,0,0,26516.0,35108.0
C0102064,Elizabeth Brock,35-44,13,AZ,737,1,0,0,4814.0,78060.0
C0102065,Joshua Gonzalez,65+,20,TX,708,2,1,0,14274.0,467566.0
C0102066,Mario Chavez,45-54,18,VA,706,2,1,0,6091.0,125355.0
C0102067,Catherine Smith,65+,11,PA,788,3,1,1,888.0,97311.0
C0102068,Shari Ray,35-44,3,TX,761,2,1,0,17217.0,146239.0
C0102069,Victor Harmon,45-54,18,NY,697,3,1,1,995.0,162238.0
C0102070,Timothy Patel,55-64,6,NC,672,3,1,1,6692.0,164751.0
C0102071,Patricia Hamilton,35-44,19,WA,693,2,1,0,6818.0,239961.0
C0102072,Lori Boyd,35-44,8,NJ,764,1,0,0,8022.0,23546.0
C0102073,Charles Hernandez,55-64,11,NY,773,1,0,0,8576.0,77135.0
C0102074,Elizabeth Graham,35-44,9,PA,744,2,1,0,8476.0,77517.0
C0102075,Ronald Brown,45-54,10,PA,647,1,0,0,12528.0,73139.0
C0102076,Jason Colon,65+,4,VA,753,1,0,0,7112.0,113504.0
C0102077,Dawn Burke,35-44,12,GA,778,1,0,0,186995.0,61881.0
C0102078,Brian Lee,35-44,9,CA,727,4,1,1,5373.0,143849.0
C0102079,Ronald Marshall,25-34,17,TX,809,2,1,0,1868.0,177810.0
C0102080,Jessica Lucas,35-44,10,TX,660,3,1,1,1492.0,58784.0
C0102081,Christopher Taylor,35-44,20,MA,750,4,1,1,17853.0,89526.0
C0102082,Robert Hopkins,45-54,6,GA,674,3,1,1,1200.0,91502.0
C0102083,Samuel Stuart,35-44,7,GA,767,2,1,0,1898.0,104225.0
C0102084,Mr. Scott Miller,45-54,1,VA,747,2,1,0,1596.0,36217.0
C0102085,Sharon Lester,35-44,15,FL,801,3,1,1,14025.0,164743.0
C0102086,Jack Sandoval,35-44,2,CA,742,3,1,1,40009.0,207368.0
C0102087,Tony Ramsey,35-44,6,PA,701,3,1,1,2610.0,36545.0
C0102088,Brian Navarro,55-64,19,NY,697,2,1,0,13446.0,152858.0
C0102089,Kelly Calderon,45-54,13,VA,708,3,1,1,342.0,255938.0
C0102090,Tara King,35-44,12,WA,697,2,1,0,3315.0,213672.0
C0102091,Cynthia Martinez,55-64,17,MI,780,2,1,0,16697.0,129945.0
C0102092,Erin Silva,45-54,16,AZ,777,1,0,0,5570.0,50016.0
C0102093,Paul Young,35-44,18,OH,652,1,0,0,26711.0,57620.0
C0102094,Charles Thompson,65+,14,NY,721,1,0,0,556.0,92814.0
C0102095,Jessica King,35-44,9,PA,722,3,1,1,3354.0,63238.0
C0102096,Katherine Brooks,25-34,3,FL,684,1,0,0,13951.0,237040.0
C0102097,Emily Coleman,45-54,8,AZ,739,4,1,1,13742.0,108652.0
C0102098,Tracey Suarez,25-34,15,MI,785,1,0,0,15068.0,104426.0
C0102099,Heidi Baldwin,35-44,6,VA,760,1,0,0,10394.0,93111.0
C0102100,Alisha Rasmussen,55-64,14,PA,780,2,1,0,2053.0,61035.0
C0102101,Sarah Bates,25-34,3,NJ,687,1,0,0,3181.0,178484.0
C0102102,Melissa Mccormick,55-64,2,PA,721,1,0,0,130570.0,143706.0
C0102103,Juan Parker,65+,8,OH,685,1,0,0,1788.0,216324.0
C0102104,Heidi Burnett,45-54,5,MI,730,2,1,0,1482.0,49184.0
C0102105,Sean Mathews,55-64,18,MA,734,1,0,0,18322.0,225782.0
C0102106,Theodore Long,55-64,8,NC,763,2,1,0,2273.0,125255.0
C0102107,Dawn Davis,65+,9,NJ,779,1,0,0,69609.0,197370.0
C0102108,Cynthia Clark,35-44,9,NC,751,1,0,0,215634.0,31349.0
C0102109,Sydney Welch,35-44,7,OH,681,1,0,0,6069.0,172211.0
C0102110,Pamela Sullivan,45-54,19,AZ,659,1,0,0,11747.0,128228.0
C0102111,Sean Morrow,45-54,15,MA,743,3,1,1,907.0,109552.0
C0102112,Kaitlin Gutierrez,35-44,4,PA,787,2,1,0,27943.0,134036.0
C0102113,Michelle Mcdowell,45-54,5,AZ,718,2,1,0,552.0,103801.0
C0102114,Samantha Hale,25-34,2,OH,651,3,1,1,1624.0,22143.0
C0102115,Heather Guzman,65+,6,VA,813,1,0,0,9342.0,23311.0
C0102116,Nancy Chavez,35-44,14,GA,742,3,1,1,15634.0,107131.0
C0102117,Anthony May,25-34,19,VA,727,3,1,1,1366.0,228355.0
C0102118,Rachel Taylor,25-34,10,AZ,667,3,1,1,4226.0,237583.0
C0102119,Mark Edwards,35-44,2,OH,720,3,1,1,1103.0,134367.0
C0102120,Christopher Black,35-44,1,NJ,750,1,0,0,5539.0,110184.0
C0102121,Sandra Hines,25-34,9,GA,742,2,1,0,3100.0,385611.0
C0102122,Melissa Sparks,35-44,6,VA,689,2,1,0,3779.0,186904.0
C0102123,John Moss,35-44,12,FL,717,2,1,0,17702.0,183635.0
C0102124,Michael Serrano,35-44,3,NJ,692,1,0,0,11360.0,53885.0
C0102125,Christina Perry,35-44,5,NC,794,1,0,0,15890.0,131719.0
C0102126,Shawn Duffy,35-44,12,OH,760,4,1,1,6939.0,64274.0
C0102127,Courtney Vaughan,35-44,6,IL,696,2,1,0,19155.0,395776.0
C0102128,Maria Sims,25-34,8,NJ,667,1,0,0,7769.0,88741.0
C0102129,Valerie Gonzalez,25-34,5,IL,732,1,0,0,4493.0,100734.0
C0102130,Caroline Morales,35-44,2,CA,697,2,1,0,16070.0,85152.0
C0102131,David Davis,55-64,7,MA,701,1,0,0,4875.0,93355.0
C0102132,Travis Wilson,65+,7,OH,668,1,0,0,5457.0,165092.0
C0102133,Jessica Mora,65+,18,FL,674,4,1,1,29200.0,134858.0
C0102134,Michael Wilson,45-54,18,NY,727,1,0,0,26080.0,134115.0
C0102135,Cheryl Atkins,45-54,9,WA,707,1,0,0,5673.0,175291.0
C0102136,Donna Snyder,35-44,6,PA,820,2,1,0,23096.0,57899.0
C0102137,Scott Greene,55-64,9,PA,746,1,0,0,1748.0,92176.0
C0102138,Diane Byrd MD,55-64,13,GA,668,1,0,0,5712.0,55556.0
C0102139,Charles Roberts,55-64,8,CA,650,2,1,0,3287.0,93382.0
C0102140,Luke Solomon,55-64,16,NC,737,2,1,0,8086.0,142384.0
C0102141,Michael Ellis,35-44,20,CA,702,2,1,0,19565.0,114752.0
C0102142,Casey Morris,55-64,9,WA,779,3,1,1,15785.0,36582.0
C0102143,Melissa Reeves,55-64,3,OH,732,3,1,1,13407.0,224202.0
C0102144,Nancy Scott,35-44,3,NY,630,2,1,0,9557.0,254888.0
C0102145,Anthony Cook,65+,18,OH,674,2,1,0,6693.0,69945.0
C0102146,Terry Barajas,25-34,9,FL,689,3,1,1,34249.0,74168.0
C0102147,Tracy George,65+,7,PA,739,1,0,0,1267.0,261408.0
C0102148,Amber King,55-64,13,TX,672,2,1,0,3640.0,193507.0
C0102149,Elizabeth Foster,25-34,20,NJ,726,1,0,0,13274.0,149177.0
C0102150,Walter Hansen,45-54,9,MA,659,1,0,0,50689.0,163946.0
C0102151,Debbie Gordon,25-34,7,GA,720,4,1,1,5351.0,141284.0
C0102152,Sherry Anderson,55-64,18,TX,736,1,0,0,5925.0,70309.0
C0102153,Joseph Thomas,55-64,2,TX,785,1,0,0,1723.0,89801.0
C0102154,Andrew Anderson,45-54,17,WA,731,1,0,0,4231.0,108738.0
C0102155,Sandy Adkins,55-64,11,IL,683,2,1,0,18956.0,180848.0
C0102156,Diane Mcdowell,25-34,1,PA,787,3,1,1,53914.0,161430.0
C0102157,Pam Baker,35-44,5,TX,711,2,1,0,5699.0,25011.0
C0102158,Steven Stewart,35-44,14,MI,754,3,1,1,3106.0,225299.0
C0102159,Pamela Hernandez DVM,25-34,16,CA,692,2,1,0,8811.0,67698.0
C0102160,Rebecca Brown,35-44,4,AZ,724,4,1,1,1167.0,227730.0
C0102161,David Johnson,35-44,14,NY,683,3,1,1,35693.0,30876.0
C0102162,Michael Graham,35-44,20,TX,734,1,0,0,1850.0,71779.0
C0102163,Tammy Williams MD,35-44,14,NJ,756,3,1,1,11808.0,36460.0
C0102164,Karina Vasquez,55-64,15,IL,697,1,0,0,11600.0,40453.0
C0102165,Sharon Martinez,35-44,4,NJ,695,2,1,0,17211.0,136148.0
C0102166,Sean White,55-64,13,CA,736,1,0,0,11012.0,20786.0
C0102167,Jordan Nelson,35-44,15,WA,682,2,1,0,8130.0,160246.0
C0102168,Laurie Silva,35-44,3,PA,651,4,1,1,13552.0,222072.0
C0102169,Kelly Duncan,45-54,7,VA,735,3,1,1,22062.0,124332.0
C0102170,Billy Tate,35-44,18,MA,715,2,1,0,69965.0,48964.0
C0102171,Stacy Johnson,35-44,20,NC,714,4,1,1,2158.0,121324.0
C0102172,Melanie Long,45-54,4,IL,743,2,1,0,892.0,67542.0
C0102173,Tiffany Hood,35-44,15,PA,749,1,0,0,1266.0,51548.0
C0102174,Brad Rivas,35-44,11,NJ,712,3,1,1,920.0,93714.0
C0102175,Jordan Moses,45-54,12,CA,669,1,0,0,1921.0,241261.0
C0102176,Abigail Booker,35-44,11,FL,691,3,1,1,1649.0,101153.0
C0102177,Tiffany Nguyen,55-64,18,MI,746,1,0,0,4917.0,32779.0
C0102178,Morgan Bernard,35-44,9,CA,726,1,0,0,22610.0,156285.0
C0102179,Christine Williams,65+,12,PA,695,2,1,0,17185.0,163418.0
C0102180,Erica Brown,55-64,14,MI,684,1,0,0,3840.0,67045.0
C0102181,Trevor James,65+,12,NY,747,1,0,0,4260.0,295741.0
C0102182,Christopher Hanna,55-64,18,AZ,710,1,0,0,90484.0,136851.0
C0102183,Ann Phelps,25-34,5,MA,753,1,0,0,16543.0,207322.0
C0102184,Richard Mitchell,45-54,19,CA,759,3,1,1,9969.0,31437.0
C0102185,Martha Martinez,35-44,14,FL,705,2,1,0,9375.0,52502.0
C0102186,Jeffrey Drake MD,55-64,20,AZ,762,1,0,0,5727.0,127606.0
C0102187,Bonnie Wade,45-54,8,CA,726,1,0,0,89659.0,71901.0
C0102188,Kayla Burns,35-44,10,GA,732,1,0,0,6452.0,240794.0
C0102189,Karen Hart,65+,1,MA,621,2,1,0,9693.0,57019.0
C0102190,Peter Shepherd,25-34,19,NC,676,2,1,0,1120.0,112765.0
C0102191,Jessica Simmons,45-54,17,PA,678,1,0,0,3776.0,156008.0
C0102192,Glenn Ford,55-64,6,CA,705,4,1,1,4184.0,168237.0
C0102193,Michael Moore,25-34,2,IL,725,1,0,0,14524.0,91910.0
C0102194,Mark Warren IV,45-54,14,NC,726,2,1,0,3196.0,43913.0
C0102195,Terry Woods,55-64,14,TX,732,3,1,1,8587.0,50072.0
C0102196,Carl Leach,25-34,11,GA,689,1,0,0,3914.0,92262.0
C0102197,Kelly Phillips,45-54,4,OH,751,1,0,0,2163.0,29266.0
C0102198,Billy Williams,35-44,19,PA,801,2,1,0,2060.0,129364.0
C0102199,Jeffery Davis,45-54,9,MA,704,2,1,0,6581.0,39576.0
C0102200,Laura King,25-34,15,AZ,690,3,1,1,9170.0,56265.0
C0102201,Brad Gordon,65+,18,NJ,689,2,1,0,6422.0,67755.0
C0102202,Matthew White,55-64,11,NC,723,3,1,1,2983.0,53906.0
C0102203,James Miller,35-44,2,GA,696,2,1,0,6868.0,103281.0
C0102204,Elizabeth Matthews,35-44,18,TX,642,3,1,1,5501.0,76235.0
C0102205,Michael Hanson,45-54,14,PA,654,1,0,0,2321.0,125615.0
C0102206,Vincent Savage,55-64,18,CA,765,3,1,1,8953.0,116268.0
C0102207,Cody Burgess,35-44,13,IL,777,1,0,0,71139.0,47742.0
C0102208,Shelby Rodriguez,35-44,19,GA,791,1,0,0,6772.0,160672.0
C0102209,Abigail Wilson,25-34,18,MI,730,2,1,0,1403.0,50043.0
C0102210,John Holt,65+,5,IL,675,4,1,1,47205.0,165107.0
C0102211,Tracy Guzman,45-54,4,NY,700,1,0,0,36627.0,151918.0
C0102212,Mr. William Ward,55-64,4,NJ,652,1,0,0,45208.0,97715.0
C0102213,Melissa Foster,45-54,16,FL,651,4,1,1,7703.0,85470.0
C0102214,Calvin Smith,65+,5,TX,731,3,1,1,3164.0,141476.0
C0102215,Alan Waller,25-34,10,NJ,744,2,1,0,2775.0,166089.0
C0102216,Christine Wong,25-34,16,NC,808,2,1,0,31872.0,58006.0
C0102217,Jessica Garrett,65+,9,AZ,716,2,1,0,55662.0,168914.0
C0102218,Cheryl Turner,65+,2,VA,658,4,1,1,2685.0,86585.0
C0102219,John Johnson,35-44,8,AZ,714,1,0,0,394.0,111378.0
C0102220,Christian Park,35-44,2,MI,707,3,1,1,7932.0,228731.0
C0102221,Kaitlyn Heath,45-54,8,WA,697,2,1,0,2738.0,136199.0
C0102222,Christina Hudson,35-44,15,FL,735,4,1,1,3468.0,129069.0
C0102223,Amber Smith,35-44,11,GA,665,2,1,0,6088.0,94231.0
C0102224,Michelle Petty,55-64,14,MA,725,1,0,0,13251.0,96504.0
C0102225,Nancy Larson,35-44,3,VA,749,3,1,1,3174.0,26335.0
C0102226,Donna Freeman,55-64,16,OH,783,4,1,1,9540.0,170024.0
C0102227,Mr. Logan Gregory,25-34,9,AZ,733,4,1,1,6965.0,97019.0
C0102228,Katherine Klein,25-34,6,PA,766,1,0,0,510.0,148170.0
C0102229,Jennifer Stewart,45-54,14,CA,700,1,0,0,15584.0,138256.0
C0102230,Steven Butler,35-44,3,VA,706,3,1,1,4716.0,128001.0
C0102231,Johnny Mcmillan,45-54,10,OH,780,2,1,0,1778.0,67244.0
C0102232,Michael Smith,25-34,9,CA,658,1,0,0,3391.0,146831.0
C0102233,Corey Cooper,65+,4,NY,701,1,0,0,10338.0,59366.0
C0102234,Daniel Stout,55-64,20,TX,770,1,0,0,8565.0,86437.0
C0102235,Lance Kirby,55-64,8,MA,710,1,0,0,17559.0,90835.0
C0102236,Bonnie Carter,25-34,1,WA,707,1,0,0,13683.0,62692.0
C0102237,Toni Whitaker,35-44,9,AZ,708,4,1,1,1986.0,108279.0
C0102238,Morgan Flynn,35-44,20,FL,725,2,1,0,234.0,109369.0
C0102239,Sarah Howell,45-54,14,WA,768,1,0,0,9368.0,68494.0
C0102240,Paul Estrada,35-44,13,NC,761,2,1,0,17277.0,44785.0
C0102241,Curtis Obrien,25-34,19,PA,720,2,1,0,6355.0,164663.0
C0102242,Jason Chaney,35-44,2,NJ,769,3,1,1,17903.0,59706.0
C0102243,Daniel Williams,35-44,12,MA,735,3,1,1,2436.0,127265.0
C0102244,Stanley Kelly,35-44,7,OH,758,1,0,0,5350.0,248831.0
C0102245,Ronald Kline,35-44,14,CA,673,4,1,1,2685.0,70895.0
C0102246,Arthur Jordan,35-44,18,WA,798,1,0,0,18709.0,157327.0
C0102247,Barbara Walker,45-54,2,FL,729,3,1,1,2718.0,151373.0
C0102248,Gerald Kelly,35-44,4,FL,596,4,1,1,95973.0,70223.0
C0102249,Shawn Adams,35-44,20,MI,794,3,1,1,4436.0,264259.0
C0102250,Michael Robertson,45-54,10,VA,720,1,0,0,21117.0,18636.0
C0102251,Michelle House,55-64,7,VA,702,1,0,0,4505.0,151344.0
C0102252,Jim Skinner,35-44,4,AZ,692,1,0,0,40342.0,87913.0
C0102253,Brian Bishop,45-54,8,AZ,739,1,0,0,38538.0,121342.0
C0102254,Theresa Colon,65+,1,TX,680,1,0,0,5494.0,141911.0
C0102255,Brian Soto,45-54,5,PA,694,1,0,0,11267.0,43238.0
C0102256,Susan Moore,65+,4,NJ,695,2,1,0,37375.0,80485.0
C0102257,Jeremy Hunter,55-64,2,IL,706,1,0,0,11675.0,34711.0
C0102258,Annette Holland,25-34,20,NJ,696,2,1,0,2684.0,119174.0
C0102259,Chad Allison,35-44,16,OH,758,3,1,1,8814.0,61053.0
C0102260,Jason Mack,45-54,19,OH,732,1,0,0,3302.0,229435.0
C0102261,Robert Peterson,65+,5,CA,737,2,1,0,9713.0,75924.0
C0102262,Angela Watson,45-54,6,MI,747,3,1,1,3150.0,113650.0
C0102263,Heather Ortega,25-34,6,WA,715,2,1,0,12675.0,352540.0
C0102264,Paul Fisher,45-54,12,WA,674,2,1,0,947.0,52017.0
C0102265,Robert Gutierrez,25-34,4,IL,801,3,1,1,2108.0,61989.0
C0102266,Jimmy Phelps,55-64,5,NJ,761,2,1,0,3128.0,106406.0
C0102267,Heidi Johnson,45-54,20,FL,792,2,1,0,6686.0,115911.0
C0102268,Adam Drake,55-64,8,MI,766,3,1,1,1320.0,187889.0
C0102269,Angela Edwards,55-64,16,OH,699,3,1,1,2807.0,126399.0
C0102270,Mrs. Amy Malone,45-54,5,AZ,614,2,1,0,20614.0,108364.0
C0102271,Margaret Orr,45-54,19,NJ,664,2,1,0,23780.0,296718.0
C0102272,Mark Reeves,55-64,14,TX,748,3,1,1,387.0,246853.0
C0102273,Kelly Phillips,55-64,18,AZ,715,2,1,0,4007.0,154988.0
C0102274,Michael Spencer,55-64,11,NJ,701,2,1,0,37414.0,79797.0
C0102275,Patrick Blankenship,25-34,19,NY,607,1,0,0,12878.0,30981.0
C0102276,Douglas Rose,45-54,8,PA,719,1,0,0,13211.0,68906.0
C0102277,Melody Griffin,35-44,10,FL,671,2,1,0,15946.0,54193.0
C0102278,Joshua Kramer,55-64,2,PA,687,3,1,1,2564.0,114005.0
C0102279,Melissa Barron,45-54,4,MA,758,1,0,0,10476.0,212308.0
C0102280,Jennifer Gonzalez,35-44,16,AZ,673,4,1,1,14272.0,293127.0
C0102281,Andrew Cook,35-44,7,NC,677,3,1,1,9214.0,213893.0
C0102282,Natalie Martinez,35-44,3,IL,728,3,1,1,5053.0,87185.0
C0102283,Diane Davis DDS,55-64,6,IL,759,3,1,1,7649.0,74923.0
C0102284,Nicole Moore,35-44,8,MA,701,1,0,0,2063.0,139594.0
C0102285,Robert Vargas,25-34,15,FL,786,1,0,0,16932.0,60806.0
C0102286,Raymond Barber,55-64,2,VA,662,1,0,0,1448.0,26597.0
C0102287,Mrs. Amy Watson,55-64,1,MA,654,2,1,0,3043.0,100890.0
C0102288,Heather Williams,35-44,15,WA,650,1,0,0,18364.0,331192.0
C0102289,Belinda Evans,35-44,3,NJ,645,3,1,1,11479.0,131479.0
C0102290,Jody Bird,65+,9,AZ,735,3,1,1,4532.0,71402.0
C0102291,Virginia Cunningham,55-64,14,NY,675,1,0,0,1038.0,113211.0
C0102292,Lori Ferguson,45-54,11,MA,656,2,1,0,7667.0,144765.0
C0102293,Hayley Mitchell,35-44,3,TX,737,2,1,0,3804.0,109769.0
C0102294,Michelle Chambers,35-44,15,CA,757,3,1,1,14422.0,95761.0
C0102295,Kelly Wright,25-34,1,FL,767,4,1,1,4359.0,90809.0
C0102296,Kevin Carson,55-64,5,MI,759,1,0,0,991.0,218792.0
C0102297,Brent Dawson,25-34,3,NY,678,1,0,0,1540.0,242778.0
C0102298,Angela Brown,25-34,11,MI,732,3,1,1,4854.0,116965.0
C0102299,Karen Griffin,55-64,14,TX,742,1,0,0,9233.0,115656.0
C0102300,Joseph Chapman,65+,13,NJ,698,3,1,1,2005.0,94979.0
C0102301,Jennifer Baker,55-64,3,NY,727,1,0,0,3261.0,232739.0
C0102302,Mr. Jeremiah Galvan MD,45-54,7,GA,663,2,1,0,20973.0,100593.0
C0102303,Samantha Thomas,45-54,3,TX,691,2,1,0,30686.0,41966.0
C0102304,Michael Anderson,35-44,7,MA,736,3,1,1,11297.0,154356.0
C0102305,Sharon Wilson,35-44,5,IL,787,1,0,0,5756.0,180087.0
C0102306,John Francis,45-54,15,MI,771,3,1,1,3844.0,48903.0
C0102307,Jaclyn Crane,35-44,16,GA,749,3,1,1,15476.0,299911.0
C0102308,Jennifer Martinez,45-54,17,NC,723,3,1,1,5543.0,89101.0
C0102309,Amanda Hernandez,55-64,5,OH,716,4,1,1,24444.0,124668.0
C0102310,William Turner,65+,1,TX,654,3,1,1,26036.0,64452.0
C0102311,Dr. Charles Lawrence,25-34,1,WA,682,3,1,1,13255.0,157313.0
C0102312,Steven Small,35-44,17,MI,683,2,1,0,4460.0,79829.0
C0102313,Robert Burns,35-44,19,NY,745,3,1,1,4893.0,118922.0
C0102314,Gregory Harrell,35-44,5,TX,762,4,1,1,1127.0,170067.0
C0102315,Kenneth Knight,35-44,18,AZ,753,2,1,0,7607.0,96405.0
C0102316,Rachael Alvarez,35-44,11,PA,773,1,0,0,7329.0,73685.0
C0102317,Lisa Gill,55-64,4,AZ,723,1,0,0,1551.0,124634.0
C0102318,Julia Cole,45-54,7,VA,675,3,1,1,138273.0,863359.0
C0102319,Sean Nguyen,65+,6,MA,717,4,1,1,15796.0,153542.0
C0102320,Mary Ortiz,25-34,16,MI,687,1,0,0,2956.0,40398.0
C0102321,James Weaver,25-34,4,FL,749,4,1,1,95323.0,161238.0
C0102322,Stacy Fitzgerald,35-44,4,CA,703,1,0,0,4468.0,28021.0
C0102323,Sharon Mann,25-34,15,NY,715,2,1,0,21947.0,177069.0
C0102324,Rebecca Zimmerman,35-44,7,OH,751,4,1,1,9002.0,153733.0
C0102325,Becky Hansen,65+,6,MI,686,4,1,1,4656.0,44494.0
C0102326,Luke Ray,35-44,17,AZ,763,2,1,0,5408.0,442068.0
C0102327,Kelly Lopez,35-44,19,FL,659,4,1,1,45432.0,65076.0
C0102328,Steven Martinez,45-54,12,MI,733,3,1,1,23190.0,74666.0
C0102329,Catherine Smith,45-54,17,TX,715,3,1,1,6996.0,157094.0
C0102330,Danielle Thornton,45-54,17,GA,757,3,1,1,692.0,71054.0
C0102331,Jill Roman,35-44,12,TX,658,2,1,0,11676.0,57533.0
C0102332,Jennifer Williams,55-64,17,IL,651,1,0,0,1816.0,108234.0
C0102333,Allison Kim,25-34,1,MI,753,1,0,0,15465.0,104221.0
C0102334,Scott Stewart,35-44,1,VA,702,1,0,0,3440.0,56671.0
C0102335,Brian Garcia,45-54,18,WA,715,1,0,0,3900.0,88158.0
C0102336,Charles Scott,55-64,3,GA,690,1,0,0,3768.0,79511.0
C0102337,Eric Russell,35-44,15,NY,761,1,0,0,27574.0,111194.0
C0102338,Lucas Nguyen,45-54,9,AZ,733,2,1,0,973.0,188147.0
C0102339,Anthony Price,25-34,16,MA,730,1,0,0,19640.0,127412.0
C0102340,Jason Nguyen,35-44,14,MA,667,1,0,0,12219.0,129919.0
C0102341,Ronald Martinez,25-34,2,VA,742,1,0,0,7427.0,46360.0
C0102342,Paul Willis,55-64,7,VA,675,1,0,0,4733.0,125576.0
C0102343,Paul Cruz Jr.,35-44,15,TX,690,2,1,0,14527.0,70845.0
C0102344,John Russell,55-64,19,NC,658,3,1,1,4779.0,46450.0
C0102345,Mr. David Mercado,25-34,17,OH,712,3,1,1,4727.0,179259.0
C0102346,Victor Leonard,55-64,18,NY,767,2,1,0,8747.0,66847.0
C0102347,Justin Glover,55-64,20,TX,730,4,1,1,63813.0,148028.0
C0102348,Jason Miller,25-34,18,NY,700,3,1,1,1319.0,89173.0
C0102349,Christina Faulkner,25-34,12,AZ,724,1,0,0,14777.0,34286.0
C0102350,William Casey,25-34,7,AZ,724,1,0,0,6825.0,254262.0
C0102351,Jessica Buck,55-64,11,VA,722,2,1,0,6219.0,87700.0
C0102352,Aaron Marshall,35-44,16,TX,727,2,1,0,1297.0,84828.0
C0102353,Donna Stanton,45-54,9,NJ,673,3,1,1,985.0,80787.0
C0102354,Timothy Olson,35-44,17,TX,724,1,0,0,12184.0,120321.0
C0102355,Sara James,55-64,15,NJ,641,4,1,1,1767.0,123535.0
C0102356,Mark Richards,45-54,5,CA,745,2,1,0,27437.0,77186.0
C0102357,Amber Stevenson,45-54,19,PA,670,4,1,1,2395.0,81255.0
C0102358,Elizabeth Foster,65+,17,TX,772,2,1,0,15696.0,118600.0
C0102359,Charles Hawkins,35-44,12,MA,609,1,0,0,4059.0,95458.0
C0102360,Jeffrey Bishop,55-64,4,NC,795,2,1,0,3832.0,107113.0
C0102361,Emily Fleming,25-34,5,AZ,646,1,0,0,2706.0,82720.0
C0102362,Dean Mullins,45-54,17,CA,666,1,0,0,13687.0,39840.0
C0102363,David Bird,55-64,1,VA,733,3,1,1,19124.0,53877.0
C0102364,Joe Greene,45-54,10,GA,747,2,1,0,5549.0,108870.0
C0102365,Michael Lucas,45-54,13,GA,707,1,0,0,16472.0,169608.0
C0102366,John Valenzuela,35-44,5,AZ,760,2,1,0,8227.0,172389.0
C0102367,Jennifer Woodard,35-44,18,CA,684,2,1,0,1634.0,143216.0
C0102368,Pamela Medina,35-44,11,MA,702,1,0,0,12762.0,158901.0
C0102369,Mariah Jones,45-54,2,CA,706,1,0,0,5650.0,54048.0
C0102370,Ronnie Powers,45-54,7,IL,695,3,1,1,352.0,132422.0
C0102371,Heather Hess,35-44,8,FL,632,1,0,0,5070.0,96178.0
C0102372,Heather Thompson,35-44,5,GA,718,4,1,1,1062.0,82840.0
C0102373,Melissa Smith,35-44,19,NC,714,1,0,0,1849.0,779471.0
C0102374,Timothy Wallace,35-44,8,MI,768,2,1,0,6010.0,65462.0
C0102375,Alejandro Campbell,25-34,11,VA,662,2,1,0,7404.0,59640.0
C0102376,Heather Davis,55-64,11,VA,691,1,0,0,2975.0,110831.0
C0102377,Elizabeth Robbins,45-54,5,MA,774,2,1,0,15256.0,120453.0
C0102378,Johnny Cox,25-34,12,OH,733,2,1,0,7063.0,79934.0
C0102379,Tanner Mann,45-54,8,FL,744,2,1,0,4872.0,128953.0
C0102380,Craig Nicholson,55-64,1,FL,740,3,1,1,8536.0,75547.0
C0102381,Sergio Carroll,35-44,9,PA,740,4,1,1,34409.0,121434.0
C0102382,Juan Keller MD,35-44,12,MI,801,1,0,0,614.0,137680.0
C0102383,Krystal Jones,25-34,3,CA,724,2,1,0,38539.0,109146.0
C0102384,Austin Green,25-34,16,MA,674,1,0,0,3866.0,133738.0
C0102385,Crystal Mills,55-64,14,MA,748,1,0,0,3182.0,311031.0
C0102386,Cheryl Gregory,65+,7,FL,694,1,0,0,5001.0,180305.0
C0102387,Melissa Patel MD,25-34,12,VA,715,2,1,0,2796.0,145731.0
C0102388,Jordan Pace,55-64,7,NC,736,3,1,1,2325.0,170150.0
C0102389,Terri Williams,25-34,13,GA,683,2,1,0,22386.0,126845.0
C0102390,Jessica Carney,45-54,4,VA,697,4,1,1,9815.0,55922.0
C0102391,Michael Owens,55-64,13,NC,741,3,1,1,811.0,84843.0
C0102392,Peter Stephenson,35-44,2,PA,695,1,0,0,18196.0,335778.0
C0102393,Donald Fisher,25-34,1,NC,763,1,0,0,15277.0,130463.0
C0102394,Aaron Lee,45-54,6,FL,675,2,1,0,1364.0,254580.0
C0102395,Kenneth Johnson,65+,4,NY,675,1,0,0,10060.0,328126.0
C0102396,Vanessa Coleman,35-44,10,MA,805,1,0,0,17061.0,85354.0
C0102397,David Martin,35-44,4,FL,651,1,0,0,1182.0,147230.0
C0102398,Mark Davis,25-34,5,NC,718,2,1,0,11411.0,130510.0
C0102399,Robert Watkins,45-54,2,PA,803,2,1,0,3604.0,192595.0
C0102400,Felicia Wright,45-54,18,OH,718,2,1,0,15532.0,134851.0
C0102401,David Peterson,55-64,15,NY,780,3,1,1,2643.0,247590.0
C0102402,Gavin Bauer,55-64,5,NC,749,4,1,1,28302.0,44314.0
C0102403,Patricia Harvey,55-64,3,NC,719,3,1,1,6050.0,86082.0
C0102404,Lori Riley,55-64,18,MI,714,2,1,0,3874.0,46759.0
C0102405,Antonio Johnson,35-44,14,PA,624,2,1,0,3405.0,80857.0
C0102406,Ryan Brown,45-54,18,NC,705,1,0,0,23129.0,16996.0
C0102407,Thomas Ramos,35-44,4,NJ,730,4,1,1,3402.0,76072.0
C0102408,Mark Jones,35-44,8,NJ,730,2,1,0,28927.0,76232.0
C0102409,Kristin Phillips,65+,3,NC,820,1,0,0,10468.0,88501.0
C0102410,Brendan Walton,45-54,9,PA,732,3,1,1,1537.0,172328.0
C0102411,Kyle Keller,65+,4,GA,748,2,1,0,8360.0,247079.0
C0102412,James Pope,35-44,1,NC,772,4,1,1,8572.0,102867.0
C0102413,Lisa Morgan,45-54,11,MA,744,1,0,0,1478.0,63228.0
C0102414,Rachel Gibson,45-54,20,IL,716,1,0,0,8184.0,79453.0
C0102415,Corey Garcia,25-34,13,PA,716,4,1,1,15531.0,206287.0
C0102416,Andrea Clarke,35-44,16,VA,704,2,1,0,31376.0,223548.0
C0102417,Kenneth Walsh,45-54,17,MI,739,1,0,0,29768.0,130922.0
C0102418,Jason Hardy,25-34,20,OH,712,2,1,0,142463.0,143977.0
C0102419,David Robles,65+,3,CA,748,2,1,0,8109.0,72886.0
C0102420,Eric Graham,25-34,6,NJ,674,1,0,0,15749.0,141770.0
C0102421,Nicole Collins,35-44,13,VA,726,1,0,0,3915.0,85695.0
C0102422,Patricia Hernandez,55-64,17,AZ,789,1,0,0,77736.0,122533.0
C0102423,Grant Wood,25-34,16,GA,709,1,0,0,2782.0,136203.0
C0102424,Kevin Gregory,65+,15,GA,802,2,1,0,73650.0,76456.0
C0102425,Jonathon Conley,55-64,7,NY,727,1,0,0,63141.0,216739.0
C0102426,Jennifer Gonzalez,25-34,8,OH,717,3,1,1,3159.0,26036.0
C0102427,Terry Glover,45-54,2,CA,725,2,1,0,28102.0,124466.0
C0102428,Michael Neal,45-54,7,GA,705,2,1,0,14018.0,164117.0
C0102429,Ms. Erin Lane,55-64,4,NJ,630,1,0,0,4942.0,226810.0
C0102430,Lisa Barnes,55-64,19,VA,759,2,1,0,6885.0,93539.0
C0102431,Jesse Mccormick,55-64,2,MI,818,1,0,0,11143.0,89952.0
C0102432,Daniel Smith,45-54,8,WA,741,4,1,1,12491.0,90700.0
C0102433,David Hanson,35-44,18,MI,744,1,0,0,48680.0,406220.0
C0102434,Nicholas Cisneros,45-54,20,VA,711,3,1,1,16082.0,77997.0
C0102435,Patrick Harris,65+,8,OH,772,2,1,0,3217.0,117214.0
C0102436,William Cox,45-54,10,MI,718,3,1,1,19778.0,122275.0
C0102437,Alvin Wilson,45-54,11,MI,732,3,1,1,995.0,168189.0
C0102438,Cory Willis,35-44,17,NC,649,3,1,1,5095.0,91815.0
C0102439,Amanda Johnson,55-64,16,NC,696,2,1,0,5719.0,59344.0
C0102440,Christopher Mcclure,65+,11,VA,736,1,0,0,17854.0,125161.0
C0102441,Gina Spencer,35-44,8,NY,760,2,1,0,67844.0,41293.0
C0102442,Alex Cameron,35-44,8,PA,762,1,0,0,10522.0,164127.0
C0102443,Alisha Byrd,45-54,13,GA,648,2,1,0,5252.0,144742.0
C0102444,Richard Rodriguez,45-54,17,MI,653,3,1,1,3505.0,117257.0
C0102445,Elizabeth Allen,45-54,2,GA,746,2,1,0,22072.0,185957.0
C0102446,Mary Pugh,25-34,16,FL,686,1,0,0,6414.0,87737.0
C0102447,Yolanda Keith,35-44,10,WA,760,3,1,1,4430.0,72004.0
C0102448,Ana Thomas,45-54,3,NC,646,1,0,0,25376.0,140698.0
C0102449,Rebecca Lee,45-54,2,OH,715,3,1,1,32963.0,30452.0
C0102450,James Greene,45-54,7,AZ,718,3,1,1,2563.0,107205.0
C0102451,Dana Williams,55-64,5,OH,741,1,0,0,1345.0,213213.0
C0102452,Chelsea Nichols,45-54,3,FL,673,1,0,0,7206.0,186041.0
C0102453,Erin Brown,55-64,6,MA,631,4,1,1,2063.0,91579.0
C0102454,Shelley York,45-54,17,IL,727,1,0,0,1750.0,140364.0
C0102455,Stacey Clark,45-54,15,AZ,743,4,1,1,2324.0,94758.0
C0102456,John Alvarado,45-54,5,GA,765,2,1,0,28448.0,88926.0
C0102457,Jordan Potter,25-34,14,NY,703,2,1,0,17685.0,118295.0
C0102458,Katrina Jimenez,35-44,10,IL,754,2,1,0,154658.0,406199.0
C0102459,Frank Brooks,45-54,15,AZ,741,2,1,0,3751.0,325795.0
C0102460,Michelle Simpson,55-64,5,MA,779,2,1,0,39967.0,160970.0
C0102461,James Morse,45-54,2,FL,717,2,1,0,14651.0,117059.0
C0102462,Amanda Robinson,25-34,7,MA,642,2,1,0,4156.0,221037.0
C0102463,Scott Foster,45-54,20,WA,716,1,0,0,6795.0,110916.0
C0102464,Stephen Duncan,35-44,12,MI,723,3,1,1,4132.0,56256.0
C0102465,Jacqueline Pierce,55-64,2,FL,743,2,1,0,11053.0,299947.0
C0102466,Bradley Wallace,55-64,20,NC,651,2,1,0,26477.0,64819.0
C0102467,Kevin Marshall,45-54,17,OH,705,2,1,0,5207.0,219075.0
C0102468,Jessica Mcdonald,45-54,11,TX,759,2,1,0,22428.0,78124.0
C0102469,Robert Stewart,35-44,15,MA,715,1,0,0,37253.0,270442.0
C0102470,Christopher Hall,35-44,4,MI,706,4,1,1,48664.0,100137.0
C0102471,Heather Miller,55-64,12,TX,805,2,1,0,1983.0,84079.0
C0102472,Kayla Schneider,55-64,19,IL,671,4,1,1,7639.0,202555.0
C0102473,Tammy Garcia,45-54,9,WA,775,3,1,1,18983.0,112512.0
C0102474,Andrew Gonzalez,35-44,1,OH,765,3,1,1,2199.0,71116.0
C0102475,Gary Turner,25-34,16,GA,709,2,1,0,1683.0,42353.0
C0102476,Melinda Hill,25-34,15,FL,718,1,0,0,7850.0,121823.0
C0102477,Yolanda Murillo,35-44,15,TX,718,1,0,0,4937.0,51432.0
C0102478,Nancy Gaines,35-44,13,MA,728,2,1,0,6589.0,259221.0
C0102479,Elijah Short,65+,3,MA,693,1,0,0,4603.0,63770.0
C0102480,Jennifer Sullivan,45-54,3,TX,700,1,0,0,108214.0,115026.0
C0102481,Mary Kennedy,35-44,16,NC,704,2,1,0,4657.0,112734.0
C0102482,Paige Hernandez,25-34,18,NJ,705,1,0,0,16363.0,127671.0
C0102483,Darrell Curry,35-44,2,AZ,706,1,0,0,15098.0,72053.0
C0102484,Jose Hartman,55-64,12,NC,619,2,1,0,1068.0,243532.0
C0102485,Miranda Murray,35-44,11,AZ,724,1,0,0,47068.0,67868.0
C0102486,Emily Lopez,55-64,8,TX,696,1,0,0,17171.0,108377.0
C0102487,Melissa Clark,55-64,13,CA,635,1,0,0,9782.0,78945.0
C0102488,Justin Brooks,25-34,19,OH,704,2,1,0,28823.0,63270.0
C0102489,Bethany Harding,45-54,17,NY,702,4,1,1,7652.0,224490.0
C0102490,Robert Flowers,65+,4,VA,777,1,0,0,23349.0,510785.0
C0102491,Jason Jennings,35-44,10,IL,695,3,1,1,853.0,87367.0
C0102492,Richard Medina,25-34,19,OH,750,1,0,0,21613.0,100154.0
C0102493,Alexander Floyd,65+,5,NC,782,2,1,0,10101.0,49583.0
C0102494,Brittany Cisneros,55-64,18,MA,691,1,0,0,10292.0,76168.0
C0102495,Mark Morrison,45-54,10,TX,717,3,1,1,2949.0,61626.0
C0102496,Sharon Baird,45-54,11,NC,797,3,1,1,6232.0,135737.0
C0102497,James Ferguson,35-44,6,IL,730,2,1,0,6016.0,256405.0
C0102498,Brian Hudson,55-64,19,CA,736,1,0,0,2065.0,96777.0
C0102499,Steven Davis,45-54,11,WA,701,3,1,1,12456.0,74856.0
C0102500,Juan Johnson,25-34,12,AZ,750,1,0,0,53520.0,219145.0
C0102501,Katherine Lopez,45-54,10,FL,718,2,1,0,1472.0,149428.0
C0102502,Victor Campbell,65+,2,VA,637,3,1,1,14593.0,64998.0
C0102503,Matthew Jones,55-64,16,NJ,704,2,1,0,4893.0,126585.0
C0102504,Joseph Jackson,35-44,7,NJ,666,3,1,1,4259.0,70546.0
C0102505,Jennifer Moore,25-34,5,OH,725,3,1,1,8864.0,207771.0
C0102506,Joshua Mendoza,65+,16,PA,678,3,1,1,9026.0,148368.0
C0102507,Troy Glenn,65+,4,TX,741,1,0,0,10113.0,233468.0
C0102508,Daniel Reynolds,45-54,14,CA,722,2,1,0,2086.0,66267.0
C0102509,Karen Munoz,45-54,10,FL,663,2,1,0,29969.0,117937.0
C0102510,Laurie Shaw,45-54,16,GA,697,2,1,0,8932.0,106497.0
C0102511,Desiree Smith,35-44,2,FL,747,2,1,0,16524.0,122153.0
C0102512,Austin Ross,25-34,16,NJ,771,2,1,0,34805.0,86780.0
C0102513,Kelly Kent,25-34,5,MI,679,3,1,1,808.0,44982.0
C0102514,Julia Johnston,35-44,18,IL,670,1,0,0,17267.0,158966.0
C0102515,Donna Ibarra,55-64,8,TX,807,2,1,0,6654.0,141102.0
C0102516,Michael Dawson,25-34,1,GA,719,4,1,1,27520.0,89203.0
C0102517,Louis Patrick,35-44,10,WA,724,1,0,0,3098.0,91586.0
C0102518,David Yoder,45-54,2,IL,686,1,0,0,24895.0,59622.0
C0102519,Judith Bartlett,35-44,6,WA,729,3,1,1,2285.0,51880.0
C0102520,Keith Long,35-44,15,PA,797,1,0,0,13130.0,226659.0
C0102521,Cynthia Harrell,45-54,12,TX,731,2,1,0,11397.0,64540.0
C0102522,Mark Carter,35-44,15,MI,767,3,1,1,6724.0,65017.0
C0102523,Melissa Bowen,45-54,18,AZ,721,2,1,0,2348.0,387725.0
C0102524,Johnny Riddle,65+,10,AZ,673,4,1,1,5206.0,76223.0
C0102525,Whitney Jones,35-44,11,MA,689,3,1,1,24525.0,151789.0
C0102526,Randall Nguyen,65+,2,TX,669,2,1,0,48307.0,131272.0
C0102527,David Hunter,65+,6,CA,729,4,1,1,84541.0,29532.0
C0102528,Benjamin Neal,55-64,15,NC,775,1,0,0,15247.0,137655.0
C0102529,Jane Reese,45-54,2,MA,727,1,0,0,10957.0,99754.0
C0102530,Jennifer Smith,45-54,8,MA,706,2,1,0,13887.0,89125.0
C0102531,Thomas Murphy,45-54,3,PA,684,2,1,0,81979.0,235724.0
C0102532,Kari Jones,45-54,18,IL,735,1,0,0,15135.0,159713.0
C0102533,Dana Dodson,25-34,12,MI,664,2,1,0,8997.0,166697.0
C0102534,Robert Skinner,65+,13,AZ,668,1,0,0,5823.0,100022.0
C0102535,Albert Garcia,45-54,14,FL,760,1,0,0,6689.0,162788.0
C0102536,Joseph Myers,55-64,5,MA,707,2,1,0,12883.0,104326.0
C0102537,Phillip Byrd,35-44,1,WA,706,4,1,1,3289.0,178027.0
C0102538,Hunter Robinson,25-34,8,TX,712,3,1,1,3821.0,81348.0
C0102539,Michael Robinson,45-54,4,WA,752,2,1,0,7506.0,33960.0
C0102540,Sara Cain,45-54,7,MI,727,2,1,0,4711.0,256669.0
C0102541,Michelle Prince,35-44,7,MA,686,1,0,0,16577.0,117458.0
C0102542,Eric Williams,35-44,16,NY,688,2,1,0,18191.0,179489.0
C0102543,Raymond Wang,35-44,7,MA,711,2,1,0,11104.0,78413.0
C0102544,Jade Allen,45-54,4,CA,733,3,1,1,14587.0,115705.0
C0102545,Javier Hays,35-44,20,TX,718,2,1,0,9331.0,134619.0
C0102546,Corey Caldwell,65+,1,OH,714,4,1,1,100.0,164106.0
C0102547,Stephen Robles,35-44,5,MI,722,3,1,1,2833.0,404886.0
C0102548,Carol Jackson,35-44,7,FL,718,1,0,0,18936.0,64998.0
C0102549,Brian Murphy,35-44,2,PA,684,4,1,1,2961.0,99336.0
C0102550,Chelsey Clark,45-54,18,IL,769,1,0,0,22618.0,148073.0
C0102551,Teresa Martinez,45-54,8,TX,698,4,1,1,24196.0,270716.0
C0102552,Howard Thompson,45-54,16,FL,725,2,1,0,5892.0,143418.0
C0102553,Eugene Price,65+,3,FL,627,2,1,0,3989.0,162648.0
C0102554,Austin Briggs,35-44,11,MA,710,2,1,0,8197.0,114125.0
C0102555,Jackie Jones,45-54,3,MA,670,2,1,0,7686.0,38573.0
C0102556,Eric George,25-34,5,MI,675,3,1,1,17196.0,198552.0
C0102557,Mrs. Kimberly Mooney,35-44,9,NJ,820,3,1,1,488.0,266540.0
C0102558,Carolyn Haley,45-54,18,FL,731,2,1,0,3358.0,43275.0
C0102559,Vicki Horton,25-34,7,CA,775,3,1,1,2405.0,236832.0
C0102560,Valerie Benson,45-54,16,IL,758,2,1,0,395.0,127576.0
C0102561,Mark Henson,45-54,2,MA,764,2,1,0,4475.0,56521.0
C0102562,Samuel Olson,55-64,6,GA,711,1,0,0,1340.0,195115.0
C0102563,Lee Richards,45-54,13,WA,792,3,1,1,5090.0,140080.0
C0102564,Martin Hall,45-54,10,IL,758,2,1,0,4512.0,107684.0
C0102565,Virginia Hall,35-44,11,PA,721,2,1,0,13961.0,146328.0
C0102566,Stephanie Parker,25-34,14,WA,731,2,1,0,6002.0,70443.0
C0102567,Nicole Harvey,25-34,2,GA,713,3,1,1,1064.0,197822.0
C0102568,James Phillips,45-54,14,NJ,722,1,0,0,12281.0,70835.0
C0102569,Dan Johnson,65+,18,NJ,718,2,1,0,147837.0,278712.0
C0102570,Linda Bautista,25-34,16,NJ,737,2,1,0,29440.0,228959.0
C0102571,Erin Ramirez,45-54,6,NJ,798,1,0,0,18308.0,84952.0
C0102572,Paige Meyer,55-64,8,WA,665,1,0,0,6409.0,167345.0
C0102573,Maria Roberts,55-64,20,OH,771,3,1,1,4496.0,84148.0
C0102574,Ryan Rivera,45-54,16,PA,703,1,0,0,4137.0,76422.0
C0102575,Joshua Knox,45-54,19,GA,777,3,1,1,10816.0,79822.0
C0102576,Danielle Mcdaniel,45-54,19,PA,704,4,1,1,2073.0,111934.0
C0102577,Lisa James,55-64,9,CA,738,1,0,0,10556.0,41084.0
C0102578,Jeremy Smith,25-34,3,IL,712,2,1,0,3654.0,51735.0
C0102579,Andrea Lee,65+,5,GA,642,1,0,0,1035.0,82952.0
C0102580,Brenda Harris,25-34,6,GA,798,2,1,0,3593.0,85322.0
C0102581,Kevin Guerra,55-64,17,IL,677,2,1,0,36368.0,114883.0
C0102582,Cynthia Miller,25-34,6,NJ,723,2,1,0,9567.0,36407.0
C0102583,Emily Griffith,35-44,8,PA,672,3,1,1,114.0,115514.0
C0102584,Christopher Wright,25-34,18,MI,659,3,1,1,3611.0,167881.0
C0102585,Jerome Reid,35-44,4,PA,710,2,1,0,23955.0,73555.0
C0102586,Richard Miller,35-44,14,MA,693,3,1,1,5664.0,74811.0
C0102587,Jennifer Jackson,35-44,12,MI,667,4,1,1,15192.0,100819.0
C0102588,Jonathan Moss,45-54,20,NC,718,2,1,0,5042.0,62145.0
C0102589,Sally Leon,35-44,10,OH,653,1,0,0,10104.0,254584.0
C0102590,James Dickerson,55-64,11,VA,725,3,1,1,8454.0,94236.0
C0102591,Tammy Larson,55-64,18,OH,714,3,1,1,3733.0,116164.0
C0102592,Nicholas Scott,45-54,20,WA,608,2,1,0,16087.0,140672.0
C0102593,Jesse Brooks,25-34,15,FL,696,3,1,1,50912.0,62012.0
C0102594,Andrea Taylor,35-44,14,WA,741,2,1,0,12856.0,88751.0
C0102595,Christopher Lopez,65+,18,MA,672,2,1,0,9180.0,88938.0
C0102596,Jonathan Swanson,25-34,20,NY,743,3,1,1,2946.0,194293.0
C0102597,Timothy Bentley DVM,35-44,15,NY,739,3,1,1,24981.0,325180.0
C0102598,John Davidson,65+,6,MA,674,1,0,0,4388.0,301636.0
C0102599,Jennifer Williams,65+,13,OH,719,1,0,0,15880.0,197759.0
C0102600,Janice Cunningham,35-44,5,NJ,757,2,1,0,20212.0,32188.0
C0102601,Jeffrey Scott,45-54,11,FL,680,2,1,0,26503.0,84872.0
C0102602,Miranda Hicks,45-54,9,OH,710,3,1,1,27102.0,116702.0
C0102603,Michael Horton DDS,55-64,20,NJ,771,1,0,0,25951.0,286039.0
C0102604,Nancy Allen,25-34,12,AZ,681,3,1,1,1795.0,158066.0
C0102605,Robert Mccoy,25-34,20,OH,740,2,1,0,2890.0,205032.0
C0102606,Melissa Brewer,45-54,17,TX,671,2,1,0,1561.0,107622.0
C0102607,Jesus Becker,35-44,17,OH,712,2,1,0,1440.0,273913.0
C0102608,Lance Lynn,45-54,4,MI,740,3,1,1,50533.0,88522.0
C0102609,Alexandria Wise,35-44,16,AZ,611,2,1,0,2482.0,47930.0
C0102610,Sydney Sanders,55-64,6,WA,695,1,0,0,2097.0,177102.0
C0102611,Stephanie Stone,55-64,12,VA,739,2,1,0,7578.0,101715.0
C0102612,Jay Gallegos,45-54,10,FL,730,2,1,0,3310.0,63984.0
C0102613,Eric Ponce,55-64,6,GA,696,1,0,0,122306.0,98656.0
C0102614,Janet Parker,35-44,20,NC,670,4,1,1,5837.0,50097.0
C0102615,Shawn Luna,45-54,18,GA,748,3,1,1,13825.0,134453.0
C0102616,Mark Frank,35-44,12,AZ,705,1,0,0,3176.0,98131.0
C0102617,Charles Goodman,55-64,1,MA,744,3,1,1,1103.0,97710.0
C0102618,Jennifer Parker,55-64,4,NY,737,1,0,0,3380.0,158902.0
C0102619,Dr. April Jones,65+,5,MA,699,2,1,0,3424.0,179962.0
C0102620,Kelly Pena,55-64,20,WA,768,1,0,0,3395.0,69239.0
C0102621,Carolyn Brooks,65+,9,NJ,693,1,0,0,1188.0,18137.0
C0102622,Christina White,35-44,1,IL,773,2,1,0,9540.0,92775.0
C0102623,Joanne Olsen,65+,12,VA,779,2,1,0,5409.0,152371.0
C0102624,Anthony White,45-54,20,NC,767,1,0,0,1274.0,110295.0
C0102625,Deanna Barrera,35-44,12,AZ,711,1,0,0,9205.0,219337.0
C0102626,Mark Weber,45-54,9,NJ,820,1,0,0,20225.0,177387.0
C0102627,Carol Carter,35-44,4,MA,726,1,0,0,34108.0,78267.0
C0102628,Donald Peterson,35-44,18,OH,730,2,1,0,444.0,73613.0
C0102629,Karen Chambers,35-44,3,TX,719,1,0,0,3371.0,51207.0
C0102630,Antonio Walton,25-34,19,GA,669,2,1,0,1564.0,259923.0
C0102631,Kevin Huerta,45-54,5,MA,778,2,1,0,3704.0,79950.0
C0102632,Joseph Smith,55-64,3,MI,694,1,0,0,42884.0,29956.0
C0102633,Victoria Juarez,45-54,7,NJ,761,3,1,1,3386.0,150419.0
C0102634,Kara Rogers,45-54,1,MI,772,2,1,0,4582.0,111249.0
C0102635,Jacob Wu,35-44,1,NC,747,2,1,0,2996.0,110022.0
C0102636,Dr. Teresa Ortega MD,45-54,4,CA,688,2,1,0,57018.0,183598.0
C0102637,Henry Rivera,35-44,14,OH,704,1,0,0,513.0,142705.0
C0102638,Jesus Hale,55-64,17,TX,599,2,1,0,4156.0,111755.0
C0102639,Stacy Taylor,35-44,5,IL,714,4,1,1,2868.0,210074.0
C0102640,Sheila Ramirez,55-64,13,NJ,756,2,1,0,1027.0,45371.0
C0102641,Robin Richardson,55-64,8,WA,709,2,1,0,30414.0,102210.0
C0102642,Mary Alvarez,45-54,9,NY,693,2,1,0,931.0,103232.0
C0102643,Cole Andersen,55-64,7,MI,706,4,1,1,4669.0,94984.0
C0102644,Robin Smith,35-44,18,NY,774,1,0,0,7373.0,80305.0
C0102645,Angel Aguirre,55-64,11,NY,717,2,1,0,3291.0,122987.0
C0102646,Jeremy Lawson,55-64,11,MA,803,2,1,0,1011.0,108463.0
C0102647,Lonnie Miller,55-64,18,MI,694,3,1,1,6622.0,138228.0
C0102648,Timothy Galvan,45-54,14,FL,729,3,1,1,3248.0,79304.0
C0102649,Dr. Susan Navarro,55-64,3,FL,700,3,1,1,21384.0,103403.0
C0102650,Cory Thomas,65+,4,CA,813,3,1,1,15053.0,99683.0
C0102651,Laura Vincent,35-44,7,GA,728,2,1,0,83544.0,43907.0
C0102652,Bethany Robles,55-64,2,TX,815,1,0,0,9246.0,103347.0
C0102653,Michael Dunn,55-64,14,NC,701,3,1,1,16434.0,196617.0
C0102654,Carol Griffin,45-54,10,OH,788,1,0,0,5267.0,208961.0
C0102655,Matthew Allen,65+,1,MI,725,1,0,0,63201.0,107390.0
C0102656,Paul Keller,35-44,9,NY,757,1,0,0,8204.0,76789.0
C0102657,Jeffrey Baldwin,45-54,17,FL,665,2,1,0,7165.0,108427.0
C0102658,Timothy Orr,25-34,19,TX,735,2,1,0,15502.0,114511.0
C0102659,Connie Scott,35-44,20,TX,671,2,1,0,3737.0,191400.0
C0102660,Steven Martinez,55-64,19,TX,731,2,1,0,4449.0,85533.0
C0102661,Joseph Swanson,35-44,13,NY,651,1,0,0,15488.0,84202.0
C0102662,Michael Wiggins,35-44,19,WA,715,1,0,0,19510.0,372063.0
C0102663,Pamela Burke,35-44,20,MI,769,3,1,1,16589.0,34477.0
C0102664,Jamie Love,45-54,13,NY,744,3,1,1,7360.0,204817.0
C0102665,Jane May,55-64,9,AZ,664,3,1,1,11209.0,255431.0
C0102666,Savannah Stokes,55-64,20,VA,634,1,0,0,25655.0,103450.0
C0102667,Brian Miller,25-34,9,VA,742,4,1,1,2180.0,145342.0
C0102668,Patrick Pineda,45-54,4,AZ,791,3,1,1,8117.0,45539.0
C0102669,Audrey Richardson,45-54,3,VA,676,2,1,0,246.0,142270.0
C0102670,Tiffany Ray,45-54,12,MA,814,2,1,0,19698.0,235049.0
C0102671,Antonio Nichols,35-44,1,PA,719,1,0,0,3168.0,147066.0
C0102672,Veronica Flores,35-44,3,WA,631,2,1,0,3271.0,123232.0
C0102673,Michael Hogan,45-54,5,TX,649,3,1,1,7000.0,310919.0
C0102674,Lindsay Walker,45-54,11,PA,754,2,1,0,17033.0,68234.0
C0102675,Joshua Murray,45-54,10,AZ,725,1,0,0,142943.0,180447.0
C0102676,Tommy Hood,45-54,11,FL,786,2,1,0,1257.0,87865.0
C0102677,Mr. Kyle Thomas DDS,55-64,11,GA,666,3,1,1,2924.0,38076.0
C0102678,Michele George,55-64,20,IL,725,3,1,1,10662.0,141295.0
C0102679,William Martinez,35-44,5,TX,720,2,1,0,3388.0,105678.0
C0102680,Michelle Mendoza DVM,55-64,10,NY,713,4,1,1,22095.0,197024.0
C0102681,Michael Bennett DVM,55-64,13,NC,702,1,0,0,6625.0,143660.0
C0102682,Ronald Clark,35-44,6,MI,703,1,0,0,23444.0,107811.0
C0102683,Rita Graves,45-54,4,NJ,727,1,0,0,6014.0,109352.0
C0102684,Sean White,35-44,1,TX,733,3,1,1,15582.0,61801.0
C0102685,Mr. William Hopkins,55-64,7,PA,731,3,1,1,2569.0,42155.0
C0102686,Wendy Kelley,35-44,6,TX,774,3,1,1,82860.0,85081.0
C0102687,Michael Mooney,45-54,4,CA,665,3,1,1,1054.0,77282.0
C0102688,Jeanne Rose,35-44,6,IL,638,2,1,0,3466.0,113634.0
C0102689,Michael Lee,45-54,14,MI,765,1,0,0,1474.0,49983.0
C0102690,Jennifer Anderson,65+,17,IL,677,2,1,0,21170.0,86742.0
C0102691,Lauren Trujillo,35-44,11,CA,702,2,1,0,15484.0,273568.0
C0102692,Michelle Ellis,55-64,2,NY,692,2,1,0,1878.0,103664.0
C0102693,Chad Dominguez,65+,15,OH,691,1,0,0,26810.0,134936.0
C0102694,Charles Robinson,55-64,4,IL,654,2,1,0,3504.0,130398.0
C0102695,Nancy Smith,35-44,2,WA,694,2,1,0,12897.0,135356.0
C0102696,Laura Gregory,55-64,12,NC,749,1,0,0,17095.0,99769.0
C0102697,Brittany Clements MD,25-34,9,MA,719,4,1,1,6040.0,37490.0
C0102698,Tammy Davis,35-44,7,FL,742,1,0,0,24145.0,84220.0
C0102699,Catherine Williams,55-64,20,IL,697,4,1,1,6816.0,53664.0
C0102700,Miss Leslie Booker,45-54,2,TX,760,1,0,0,12167.0,253194.0
C0102701,Jennifer Johnson,45-54,2,CA,697,3,1,1,5832.0,70817.0
C0102702,John Watts,35-44,12,AZ,625,2,1,0,861.0,289872.0
C0102703,Marissa Bennett,55-64,9,GA,734,1,0,0,6987.0,87224.0
C0102704,Rebecca Barrett,55-64,17,MI,754,1,0,0,2840.0,23846.0
C0102705,Sharon Santos,45-54,1,PA,694,2,1,0,43076.0,359636.0
C0102706,Matthew Richardson,55-64,9,CA,773,3,1,1,1577.0,54023.0
C0102707,Bradley Burns,35-44,3,AZ,681,1,0,0,35243.0,37570.0
C0102708,Katrina Johnson,35-44,1,MI,750,1,0,0,6539.0,60053.0
C0102709,Laura Hill,45-54,10,NJ,798,2,1,0,13193.0,119501.0
C0102710,Rebecca White,65+,15,NC,721,2,1,0,1547.0,66833.0
C0102711,Mr. Jeffrey Duncan,35-44,4,OH,709,2,1,0,5594.0,87969.0
C0102712,Arthur Stout,35-44,17,OH,715,1,0,0,3650.0,37749.0
C0102713,Cathy Hess,25-34,11,VA,793,2,1,0,101103.0,86297.0
C0102714,Justin Herrera,55-64,10,NY,738,1,0,0,3543.0,41657.0
C0102715,Katherine Stone,35-44,19,IL,816,2,1,0,32340.0,65635.0
C0102716,Michelle Tyler,45-54,7,PA,732,1,0,0,32887.0,44436.0
C0102717,Paul Sheppard,65+,5,GA,690,4,1,1,31797.0,69176.0
C0102718,Catherine George,25-34,16,MA,693,2,1,0,3973.0,176850.0
C0102719,Justin Mcbride,45-54,3,AZ,722,2,1,0,70677.0,199839.0
C0102720,Carl Harris,45-54,18,NC,628,3,1,1,90637.0,109644.0
C0102721,Justin York,55-64,17,NY,698,4,1,1,12589.0,91605.0
C0102722,William Hunter,35-44,20,MA,699,3,1,1,4636.0,30362.0
C0102723,Joshua Henderson,35-44,10,PA,730,2,1,0,2885.0,122766.0
C0102724,April Turner,35-44,13,IL,807,3,1,1,14273.0,53654.0
C0102725,Kelly Patton,55-64,18,AZ,722,1,0,0,8759.0,53285.0
C0102726,Jill Ray,55-64,3,NY,633,3,1,1,10090.0,116265.0
C0102727,Kelly Andersen,25-34,7,OH,678,2,1,0,1608.0,170059.0
C0102728,Joshua Clark,35-44,10,AZ,731,2,1,0,8430.0,281412.0
C0102729,Robert Young,55-64,13,PA,724,3,1,1,31972.0,110691.0
C0102730,Elijah Wall,25-34,14,MI,793,3,1,1,21552.0,117643.0
C0102731,Lindsey Robinson,35-44,19,CA,763,3,1,1,4930.0,81216.0
C0102732,Carl Dean,45-54,10,MA,761,4,1,1,7109.0,123158.0
C0102733,David James,35-44,4,OH,710,2,1,0,1391.0,69603.0
C0102734,Jennifer Miller,35-44,4,NJ,769,1,0,0,3647.0,91027.0
C0102735,Jeffery Neal,45-54,17,GA,679,1,0,0,5388.0,166038.0
C0102736,Andrea Oconnor,35-44,10,OH,763,2,1,0,17328.0,317752.0
C0102737,Melissa Lee MD,45-54,13,OH,707,1,0,0,3472.0,94612.0
C0102738,Samantha Jacobs,55-64,12,CA,654,2,1,0,2337.0,144540.0
C0102739,Christian Riddle,45-54,17,PA,746,3,1,1,20115.0,124310.0
C0102740,Alexander Munoz,25-34,5,IL,782,1,0,0,4880.0,102610.0
C0102741,Caleb Rodriguez,55-64,4,IL,701,4,1,1,2961.0,240171.0
C0102742,Andrea Bowman,35-44,15,PA,790,3,1,1,21480.0,64198.0
C0102743,Gavin Nelson,55-64,9,MI,645,4,1,1,14052.0,118171.0
C0102744,Courtney Smith,35-44,17,WA,666,1,0,0,6317.0,122023.0
C0102745,Wayne Gray,55-64,3,AZ,713,2,1,0,5316.0,133248.0
C0102746,Timothy Thompson,35-44,6,MA,703,2,1,0,12777.0,107966.0
C0102747,Elizabeth Nicholson,35-44,20,MI,689,3,1,1,15468.0,87862.0
C0102748,Joseph Graves PhD,45-54,17,OH,726,4,1,1,10412.0,87833.0
C0102749,Lisa Mosley,25-34,2,MI,696,3,1,1,9365.0,99104.0
C0102750,Travis Price,35-44,17,TX,703,1,0,0,3913.0,50993.0
C0102751,Patrick Faulkner,55-64,2,WA,732,2,1,0,4205.0,208808.0
C0102752,Linda Atkinson,55-64,3,NC,689,3,1,1,6593.0,45238.0
C0102753,Cameron Smith,25-34,18,FL,715,1,0,0,2557.0,84943.0
C0102754,Brittney Martinez,55-64,3,OH,690,4,1,1,2222.0,92114.0
C0102755,Nicolas Brown,55-64,7,PA,665,3,1,1,7276.0,103633.0
C0102756,Vanessa Zimmerman,55-64,3,IL,754,3,1,1,26565.0,75723.0
C0102757,Lee Mann,45-54,12,CA,796,4,1,1,674.0,119686.0
C0102758,William Lindsey,45-54,2,CA,767,1,0,0,5066.0,91625.0
C0102759,Desiree Patterson,45-54,6,IL,734,2,1,0,11238.0,42592.0
C0102760,Sierra Cervantes,45-54,7,PA,691,2,1,0,29342.0,180775.0
C0102761,Scott Meza,65+,13,MA,707,3,1,1,70254.0,144006.0
C0102762,Erik Davis,25-34,10,NY,767,3,1,1,5947.0,259623.0
C0102763,Nicholas Duffy,35-44,4,PA,617,1,0,0,86425.0,93480.0
C0102764,Anthony Paul,25-34,10,AZ,703,2,1,0,13998.0,167727.0
C0102765,Katherine Baxter,65+,10,WA,753,1,0,0,21527.0,181398.0
C0102766,Jessica Romero,35-44,8,CA,668,2,1,0,2256.0,144065.0
C0102767,Karen Robertson,45-54,11,TX,739,4,1,1,13962.0,254548.0
C0102768,Dr. Melissa Sullivan DDS,55-64,7,TX,736,1,0,0,23877.0,29545.0
C0102769,Nichole Klein,65+,7,OH,654,1,0,0,3543.0,144057.0
C0102770,Nicole Sanchez,35-44,16,NC,723,2,1,0,355.0,141506.0
C0102771,Tiffany Morrow,55-64,6,IL,692,3,1,1,9690.0,62338.0
C0102772,Kelsey Lynch,55-64,7,CA,738,1,0,0,6261.0,197045.0
C0102773,Traci Craig,25-34,3,NY,750,1,0,0,40664.0,101249.0
C0102774,Kelly Walker,55-64,14,MI,737,2,1,0,4247.0,172438.0
C0102775,Ryan Palmer,35-44,15,IL,723,2,1,0,3477.0,242767.0
C0102776,Jenny Gray,45-54,14,TX,732,1,0,0,1987.0,150836.0
C0102777,Brian Sloan,45-54,4,MI,667,3,1,1,3804.0,45671.0
C0102778,Joshua Miranda,35-44,10,MI,718,3,1,1,198858.0,123180.0
C0102779,Edwin Carter,25-34,6,GA,684,2,1,0,1207.0,64510.0
C0102780,Oscar Carroll,25-34,16,MA,766,1,0,0,1632.0,98627.0
C0102781,Eric Fitzpatrick,25-34,7,WA,750,2,1,0,7592.0,113478.0
C0102782,Samantha Johnson,45-54,9,CA,750,1,0,0,86637.0,124080.0
C0102783,Luke Freeman,35-44,10,AZ,797,2,1,0,19729.0,128606.0
C0102784,Luis Murphy,35-44,16,CA,705,3,1,1,52198.0,105514.0
C0102785,Aaron Zamora,45-54,15,GA,695,1,0,0,5105.0,84740.0
C0102786,Henry Garcia,45-54,17,AZ,704,1,0,0,1528.0,120899.0
C0102787,Bradley Robertson Jr.,45-54,9,MA,647,1,0,0,4727.0,229813.0
C0102788,John Moore,65+,17,CA,651,1,0,0,6977.0,51824.0
C0102789,Courtney Foster,35-44,18,TX,747,1,0,0,8210.0,97256.0
C0102790,Jeffrey White,55-64,11,NY,657,2,1,0,6268.0,67250.0
C0102791,Ashley Gonzales,25-34,14,PA,671,3,1,1,16463.0,425499.0
C0102792,Candice Gomez,55-64,19,PA,715,1,0,0,3449.0,192061.0
C0102793,Ian Harrell,65+,17,OH,701,2,1,0,2664.0,48393.0
C0102794,Colton Williams,55-64,6,PA,759,4,1,1,1909.0,134304.0
C0102795,Patrick Santana,45-54,15,NC,722,2,1,0,10363.0,90812.0
C0102796,Cristian Mendoza,45-54,9,WA,684,3,1,1,9199.0,370856.0
C0102797,Deborah Fisher,35-44,3,NC,763,2,1,0,30023.0,40560.0
C0102798,Rebecca Klein,45-54,8,PA,752,1,0,0,51864.0,145859.0
C0102799,Phillip Macias,55-64,20,NC,656,1,0,0,1903.0,107310.0
C0102800,Tammy Cameron,65+,20,MI,731,3,1,1,8335.0,65764.0
C0102801,Brian Rodriguez,45-54,16,AZ,687,3,1,1,6333.0,106919.0
C0102802,Christopher Porter,25-34,20,MA,686,2,1,0,1282.0,52788.0
C0102803,Cynthia Gregory,45-54,12,PA,804,2,1,0,4299.0,133389.0
C0102804,William Mclaughlin,25-34,16,AZ,725,2,1,0,53100.0,58606.0
C0102805,Dylan Tucker,35-44,4,WA,710,1,0,0,3792.0,208124.0
C0102806,Danielle Hernandez,35-44,6,TX,723,1,0,0,3106.0,95862.0
C0102807,Danielle Wang,55-64,4,NC,759,4,1,1,7612.0,249936.0
C0102808,Wendy Wright,35-44,19,FL,688,1,0,0,24198.0,134913.0
C0102809,Christina Mccarthy,35-44,13,GA,696,1,0,0,5622.0,209999.0
C0102810,Meredith Shaw,25-34,19,CA,749,2,1,0,9445.0,83619.0
C0102811,Willie Garza,55-64,9,PA,651,2,1,0,522.0,107641.0
C0102812,Crystal Anderson,45-54,9,NC,764,4,1,1,16103.0,185620.0
C0102813,William Hickman,25-34,14,PA,647,1,0,0,10566.0,795357.0
C0102814,Luis Davis,25-34,12,CA,708,3,1,1,23426.0,74072.0
C0102815,Jason Torres,45-54,8,IL,648,1,0,0,862.0,43127.0
C0102816,Crystal Rogers,35-44,7,NC,672,1,0,0,5637.0,20361.0
C0102817,Jordan Schneider,45-54,11,VA,778,2,1,0,25771.0,155335.0
C0102818,Derrick Ramirez,35-44,2,FL,767,3,1,1,4153.0,119082.0
C0102819,Jason Flores,65+,4,GA,771,2,1,0,8615.0,353861.0
C0102820,Andrew Williams,35-44,1,FL,654,1,0,0,4956.0,118030.0
C0102821,Christy Kennedy,45-54,4,FL,672,2,1,0,5104.0,196180.0
C0102822,Ashlee Lopez,25-34,4,TX,735,1,0,0,32878.0,45286.0
C0102823,Heidi Torres,65+,2,VA,752,3,1,1,1468.0,48828.0
C0102824,Adam Arnold,65+,2,AZ,684,4,1,1,7629.0,70689.0
C0102825,Erin Figueroa,55-64,17,MI,693,2,1,0,10961.0,173084.0
C0102826,Richard Rice,45-54,4,IL,669,2,1,0,24977.0,201387.0
C0102827,Matthew Clark,35-44,12,MA,794,2,1,0,7000.0,95483.0
C0102828,Stephen Anderson,55-64,2,GA,698,2,1,0,25917.0,182471.0
C0102829,Barbara Willis,55-64,19,GA,721,1,0,0,7589.0,32170.0
C0102830,Martha Lee,35-44,5,MI,723,2,1,0,9353.0,124419.0
C0102831,Tammy Jones,45-54,15,MI,769,2,1,0,8934.0,142993.0
C0102832,Grace Swanson,45-54,13,GA,677,3,1,1,17789.0,76913.0
C0102833,Christina Le MD,55-64,16,GA,772,2,1,0,15523.0,75081.0
C0102834,Joshua King,45-54,13,PA,662,3,1,1,2131.0,170742.0
C0102835,Sarah Meadows,45-54,11,NJ,772,3,1,1,10514.0,85491.0
C0102836,Stephanie West,45-54,16,NJ,642,4,1,1,15503.0,256489.0
C0102837,Susan Jones,35-44,17,OH,715,4,1,1,46821.0,50404.0
C0102838,Timothy Gordon,35-44,8,NJ,793,1,0,0,2415.0,216965.0
C0102839,Kyle Horton,25-34,19,FL,751,2,1,0,15462.0,134851.0
C0102840,Angel Knight,55-64,20,OH,738,3,1,1,5338.0,100091.0
C0102841,Melissa Yang,35-44,15,MA,672,3,1,1,10201.0,116923.0
C0102842,Michael Berg,35-44,19,VA,686,1,0,0,2235.0,52914.0
C0102843,Carol Christensen,35-44,3,NJ,780,2,1,0,7974.0,241126.0
C0102844,Richard Morales,35-44,11,WA,741,3,1,1,11881.0,84163.0
C0102845,Clinton Moore,45-54,14,MI,760,1,0,0,2530.0,87418.0
C0102846,Michael Suarez,35-44,19,MI,723,1,0,0,46097.0,396572.0
C0102847,Joy Zimmerman,25-34,3,GA,707,2,1,0,1270.0,100488.0
C0102848,Elizabeth Robinson,55-64,17,WA,754,2,1,0,15445.0,82287.0
C0102849,Kristen Jackson,35-44,2,NJ,731,2,1,0,440.0,185063.0
C0102850,David Williams,35-44,8,GA,712,1,0,0,5967.0,124064.0
C0102851,Stephen Ho,35-44,14,TX,656,3,1,1,14408.0,196634.0
C0102852,Richard Day,55-64,6,WA,762,1,0,0,19056.0,135334.0
C0102853,Rodney Nichols,35-44,17,PA,739,3,1,1,7141.0,172034.0
C0102854,Gregory Jacobs,55-64,19,IL,692,1,0,0,6064.0,319990.0
C0102855,Bradley Thornton,65+,4,TX,773,3,1,1,16009.0,38882.0
C0102856,Miranda Ortiz,45-54,6,NY,730,2,1,0,25357.0,110882.0
C0102857,Erika Brown,35-44,2,TX,731,2,1,0,42427.0,60925.0
C0102858,Samantha Robinson,55-64,15,TX,759,1,0,0,1722.0,161158.0
C0102859,Cassandra Bonilla,45-54,18,CA,750,2,1,0,6369.0,145363.0
C0102860,Veronica Osborne,35-44,13,PA,733,1,0,0,583.0,200574.0
C0102861,Ashley Reese,45-54,3,VA,711,1,0,0,1570.0,136743.0
C0102862,Matthew Berg,35-44,4,WA,809,3,1,1,3481.0,33132.0
C0102863,Kristen Montoya,25-34,1,NY,686,1,0,0,22880.0,123051.0
C0102864,Derrick Perkins,35-44,10,OH,753,4,1,1,4550.0,123060.0
C0102865,Nicole Moore,25-34,15,WA,716,2,1,0,5729.0,148926.0
C0102866,Nicholas Richardson,35-44,4,NJ,740,1,0,0,11615.0,157928.0
C0102867,Anna White,45-54,17,AZ,775,4,1,1,3624.0,75757.0
C0102868,Scott Lopez,65+,6,OH,705,1,0,0,740.0,51034.0
C0102869,Nicholas Holland Jr.,25-34,11,FL,747,3,1,1,3311.0,152632.0
C0102870,Christopher Long,45-54,14,FL,731,1,0,0,7010.0,182170.0
C0102871,Andrea Jones,45-54,11,NJ,691,2,1,0,14216.0,34070.0
C0102872,Terry Waller,25-34,10,CA,776,3,1,1,6325.0,110273.0
C0102873,Joseph Acosta,35-44,7,OH,752,1,0,0,13936.0,97324.0
C0102874,Lindsey Gray,25-34,9,IL,700,2,1,0,24579.0,64939.0
C0102875,Ronald Hines,35-44,5,AZ,769,1,0,0,31091.0,98862.0
C0102876,Amanda Wright,35-44,6,MA,682,3,1,1,9964.0,166711.0
C0102877,Charles Burton,35-44,16,GA,718,1,0,0,2070.0,175667.0
C0102878,Vincent Rosario,45-54,18,NC,700,1,0,0,1819.0,157346.0
C0102879,Noah Morgan,25-34,17,IL,753,1,0,0,2034.0,78553.0
C0102880,Christina Castillo,35-44,7,VA,698,2,1,0,2231.0,191273.0
C0102881,Jill Martin,25-34,7,PA,754,4,1,1,9130.0,274221.0
C0102882,Christopher Brown,45-54,2,VA,746,4,1,1,78036.0,163431.0
C0102883,Lori Martinez,35-44,6,AZ,703,3,1,1,10449.0,106853.0
C0102884,Ashley Phillips,45-54,12,FL,802,3,1,1,7326.0,78037.0
C0102885,Sara Thomas,35-44,6,NY,686,3,1,1,25701.0,116328.0
C0102886,Allison Simmons,25-34,15,IL,656,2,1,0,2998.0,99021.0
C0102887,Matthew Perez,65+,2,WA,758,1,0,0,28295.0,105407.0
C0102888,Janice Henson,25-34,9,MI,623,2,1,0,25887.0,262876.0
C0102889,Ashley Jackson,25-34,6,FL,787,1,0,0,8698.0,68231.0
C0102890,Brian Sosa,25-34,10,IL,724,3,1,1,99957.0,106200.0
C0102891,Luis Wilson,65+,1,MI,655,2,1,0,30893.0,123992.0
C0102892,Tamara Huang,45-54,9,MA,677,1,0,0,8557.0,33240.0
C0102893,Cassandra Moreno,45-54,16,OH,646,3,1,1,6820.0,100265.0
C0102894,Meghan Hernandez,65+,18,TX,737,1,0,0,4826.0,22060.0
C0102895,Elizabeth Roth,25-34,6,TX,660,4,1,1,6927.0,62258.0
C0102896,Brian Hendricks,65+,9,CA,742,4,1,1,7171.0,242774.0
C0102897,Tasha Cochran,35-44,14,TX,706,2,1,0,5523.0,77504.0
C0102898,Angela Smith,45-54,10,OH,698,3,1,1,6268.0,86533.0
C0102899,Brittany Rios,35-44,11,PA,742,1,0,0,1937.0,178110.0
C0102900,James Griffith,35-44,7,PA,748,2,1,0,4098.0,97471.0
C0102901,Karen Jones,65+,17,VA,771,3,1,1,1192.0,64795.0
C0102902,Tina Ramirez,25-34,13,GA,691,1,0,0,13324.0,85029.0
C0102903,Zachary White,65+,20,NJ,718,1,0,0,8920.0,97440.0
C0102904,Francisco Coleman,35-44,16,NC,691,2,1,0,6995.0,108018.0
C0102905,Jennifer Leon,45-54,8,NY,727,2,1,0,23470.0,85727.0
C0102906,Robert Valdez,65+,7,MA,684,3,1,1,2875.0,86464.0
C0102907,Jason Crawford,25-34,2,GA,700,1,0,0,3453.0,77611.0
C0102908,Kim Underwood,65+,13,WA,701,1,0,0,1370.0,69515.0
C0102909,Kevin Fisher,45-54,15,TX,733,3,1,1,27657.0,107258.0
C0102910,Melissa Goodman,55-64,8,WA,720,1,0,0,16758.0,62834.0
C0102911,Cynthia Smith,25-34,1,NJ,742,1,0,0,39955.0,112610.0
C0102912,Alicia Grant DVM,45-54,17,NY,715,1,0,0,54127.0,68890.0
C0102913,Amy Bailey,45-54,5,VA,693,3,1,1,4870.0,147040.0
C0102914,Sharon Fuentes,45-54,12,VA,728,1,0,0,3452.0,110188.0
C0102915,Charles Castaneda,35-44,2,AZ,678,1,0,0,940.0,75669.0
C0102916,Susan Sanchez,35-44,2,NY,745,2,1,0,2170.0,92817.0
C0102917,Amy Taylor,55-64,18,AZ,707,1,0,0,5487.0,151821.0
C0102918,Michele Bennett,25-34,14,VA,729,4,1,1,683.0,142310.0
C0102919,Vincent Watson,55-64,1,IL,729,3,1,1,2224.0,92404.0
C0102920,Mary Jones,65+,3,IL,792,2,1,0,7336.0,31945.0
C0102921,Sheila Johnson,25-34,10,NY,737,2,1,0,23674.0,147077.0
C0102922,Bob Jones,35-44,14,GA,723,1,0,0,3427.0,113996.0
C0102923,Robin Hernandez,45-54,9,AZ,688,2,1,0,9448.0,78568.0
C0102924,Patrick Adkins,25-34,18,WA,756,1,0,0,75850.0,145179.0
C0102925,Elizabeth Jenkins,45-54,14,FL,707,2,1,0,928.0,128399.0
C0102926,Richard Dominguez,45-54,13,TX,651,1,0,0,29823.0,64520.0
C0102927,Christopher Ibarra,45-54,6,CA,711,3,1,1,12797.0,86471.0
C0102928,Paul Gordon,35-44,14,MI,728,1,0,0,37043.0,117794.0
C0102929,Ronnie Frazier,45-54,18,PA,683,2,1,0,25855.0,49225.0
C0102930,Kristen Gallegos,45-54,1,VA,714,1,0,0,3656.0,74912.0
C0102931,Kathryn Fletcher,35-44,15,VA,716,1,0,0,8121.0,160454.0
C0102932,Christopher Dudley,45-54,18,FL,717,2,1,0,1404.0,104065.0
C0102933,Vanessa Martinez,55-64,9,NJ,775,2,1,0,4326.0,72429.0
C0102934,Manuel Robinson,45-54,16,VA,660,4,1,1,8393.0,195377.0
C0102935,Paul Hansen,45-54,8,MA,811,1,0,0,11664.0,160520.0
C0102936,Rose Mcdonald,35-44,4,NJ,718,1,0,0,20896.0,190302.0
C0102937,Martin Wilcox,25-34,17,IL,746,2,1,0,54150.0,87848.0
C0102938,Robert Lucas,35-44,7,MA,725,1,0,0,4805.0,101515.0
C0102939,Brian Miller,25-34,16,PA,642,3,1,1,32007.0,36552.0
C0102940,Sarah Johnson,65+,7,WA,672,1,0,0,11168.0,152149.0
C0102941,Joshua Jones,35-44,8,IL,696,3,1,1,1688.0,441963.0
C0102942,Nicole Parker,55-64,14,MA,764,2,1,0,6765.0,120361.0
C0102943,Margaret Johnson,35-44,7,VA,657,1,0,0,9312.0,212924.0
C0102944,William Cunningham,35-44,17,NC,681,2,1,0,2969.0,433472.0
C0102945,Rachel Williams,35-44,1,NY,727,2,1,0,2325.0,120025.0
C0102946,Tony Smith,35-44,1,FL,741,2,1,0,2233.0,151379.0
C0102947,Douglas Sanders,55-64,2,MA,739,2,1,0,4221.0,187958.0
C0102948,Paul Swanson,65+,6,WA,675,2,1,0,2871.0,115836.0
C0102949,Michele Davis,55-64,2,GA,648,3,1,1,35472.0,49881.0
C0102950,Patrick Garcia,35-44,8,AZ,744,2,1,0,428.0,167621.0
C0102951,Brittany Matthews,55-64,1,VA,784,2,1,0,9261.0,166989.0
C0102952,Kevin Christian,25-34,16,IL,704,3,1,1,15275.0,179951.0
C0102953,Christian Ford,65+,4,WA,668,2,1,0,2552.0,109018.0
C0102954,Anna Higgins,45-54,20,VA,700,2,1,0,6135.0,104075.0
C0102955,Rhonda Pena,35-44,18,GA,737,1,0,0,5375.0,70724.0
C0102956,Candace Stuart,35-44,14,CA,709,1,0,0,7385.0,126896.0
C0102957,Monica Curtis,25-34,16,VA,783,1,0,0,17953.0,152558.0
C0102958,Gloria Floyd,35-44,16,IL,761,2,1,0,16124.0,53710.0
C0102959,Isaac Chase,65+,17,IL,728,3,1,1,3944.0,59087.0
C0102960,Steven Schroeder,55-64,12,NJ,632,1,0,0,1332.0,39090.0
C0102961,Daniel Bishop,65+,13,WA,688,3,1,1,9878.0,126675.0
C0102962,Christian Burton,25-34,10,TX,695,1,0,0,3685.0,108412.0
C0102963,Robert Thomas PhD,45-54,13,WA,686,1,0,0,4301.0,102249.0
C0102964,Tracy Harrington,35-44,8,PA,728,1,0,0,10595.0,217561.0
C0102965,Brandon Edwards,45-54,3,NC,729,2,1,0,4807.0,201771.0
C0102966,Candice Ramirez,35-44,19,AZ,644,1,0,0,11708.0,124742.0
C0102967,Brandon White,35-44,14,NY,756,1,0,0,165285.0,109286.0
C0102968,Deanna Kennedy,45-54,15,NY,720,2,1,0,18454.0,224154.0
C0102969,Shawn Santos,35-44,6,MA,736,2,1,0,40696.0,292514.0
C0102970,Caleb Carroll,45-54,16,IL,753,2,1,0,14959.0,75889.0
C0102971,Scott Morales,45-54,11,MA,685,1,0,0,8889.0,134635.0
C0102972,Sylvia Anderson,25-34,2,IL,776,2,1,0,15234.0,47123.0
C0102973,Ryan Crane,65+,20,MI,713,1,0,0,14368.0,191421.0
C0102974,Michael Hunter,45-54,20,GA,788,1,0,0,22819.0,203164.0
C0102975,Shawn Fleming,55-64,18,MA,679,2,1,0,8701.0,85195.0
C0102976,Maria Figueroa,45-54,10,NC,784,2,1,0,1686.0,54835.0
C0102977,Roberto Smith,55-64,5,GA,679,4,1,1,1392.0,528485.0
C0102978,Donna Moore,55-64,1,OH,820,3,1,1,14094.0,93583.0
C0102979,Benjamin Price,55-64,15,IL,677,1,0,0,2098.0,168708.0
C0102980,Brandon Owens,45-54,18,OH,767,1,0,0,18466.0,99874.0
C0102981,Stephanie Marshall,35-44,3,OH,703,3,1,1,40392.0,110297.0
C0102982,Nicholas Lowery,25-34,14,VA,752,1,0,0,6218.0,78222.0
C0102983,Patricia Gonzalez,45-54,1,CA,718,2,1,0,34669.0,83736.0
C0102984,Evan Davies,25-34,16,GA,670,2,1,0,11056.0,154682.0
C0102985,Dr. John Ramirez,35-44,1,NC,594,2,1,0,8359.0,144935.0
C0102986,Christopher Harrison,25-34,20,VA,820,1,0,0,8843.0,121848.0
C0102987,Erica Johnson,45-54,4,MI,723,1,0,0,2990.0,38481.0
C0102988,Jamie Mayer,35-44,9,OH,587,1,0,0,2565.0,126925.0
C0102989,Jeffrey Kennedy,45-54,14,TX,733,1,0,0,1127.0,110252.0
C0102990,Sean Cisneros,55-64,17,IL,751,1,0,0,3362.0,69700.0
C0102991,Debra Reid,55-64,8,NY,687,2,1,0,105585.0,146071.0
C0102992,Benjamin Sullivan,35-44,20,NY,688,2,1,0,1350.0,41054.0
C0102993,Michael Savage,45-54,1,NJ,719,1,0,0,1975.0,67514.0
C0102994,Mckenzie Green,45-54,10,GA,774,1,0,0,3082.0,183100.0
C0102995,Anna Valenzuela,45-54,20,VA,724,4,1,1,3260.0,79173.0
C0102996,Paul Martin,45-54,6,FL,785,1,0,0,11195.0,134332.0
C0102997,Jason Alvarez,35-44,11,MA,770,1,0,0,3889.0,127863.0
C0102998,Caitlyn Horton,65+,9,GA,709,2,1,0,6385.0,66425.0
C0102999,Michael Price,25-34,8,NY,649,1,0,0,2924.0,64971.0
C0103000,Richard Harper,55-64,16,IL,709,1,0,0,4581.0,273328.0
C0103001,Michael Jensen,45-54,11,WA,743,1,0,0,7543.0,81446.0
C0103002,William Mcmillan,35-44,15,NJ,722,4,1,1,6895.0,14369.0
C0103003,Nancy Stewart,55-64,11,FL,748,2,1,0,87284.0,167575.0
C0103004,Jimmy Hernandez,25-34,20,MA,758,2,1,0,7834.0,181753.0
C0103005,Ashley Cordova,55-64,10,TX,743,3,1,1,6300.0,64825.0
C0103006,Joseph Smith,45-54,16,PA,707,2,1,0,405.0,128771.0
C0103007,Ronnie Martinez,25-34,13,NJ,743,1,0,0,10807.0,209732.0
C0103008,Wayne Davis,25-34,17,GA,820,2,1,0,757.0,257199.0
C0103009,William Fisher,55-64,18,OH,652,2,1,0,15710.0,144909.0
C0103010,Carol Gray,35-44,5,AZ,741,2,1,0,9613.0,181943.0
C0103011,Tristan Bonilla,55-64,7,VA,802,3,1,1,21109.0,190840.0
C0103012,Alexis Cervantes,55-64,7,MA,667,1,0,0,3785.0,129814.0
C0103013,Steven Shaw,45-54,10,PA,765,1,0,0,8370.0,63157.0
C0103014,Melissa Banks,35-44,10,WA,771,2,1,0,18232.0,103396.0
C0103015,Jason Bell,55-64,1,NY,653,1,0,0,2656.0,218339.0
C0103016,Kelly Hubbard,65+,18,WA,752,4,1,1,16849.0,227174.0
C0103017,Christopher Patterson,25-34,18,NC,707,2,1,0,15948.0,143942.0
C0103018,Kurt Daniels,35-44,13,NC,717,1,0,0,6892.0,99574.0
C0103019,Ryan Barker,35-44,7,TX,705,2,1,0,53865.0,289878.0
C0103020,Douglas Oliver,35-44,17,AZ,779,3,1,1,15043.0,128680.0
C0103021,Shannon Cowan,55-64,6,PA,714,2,1,0,1087.0,161350.0
C0103022,Ashley Banks,45-54,7,NC,699,2,1,0,26540.0,58216.0
C0103023,Jennifer Crawford,45-54,20,FL,699,3,1,1,3679.0,130239.0
C0103024,Tammy Garcia,35-44,19,AZ,704,1,0,0,21104.0,201916.0
C0103025,Kevin Johnson,25-34,12,PA,671,2,1,0,11552.0,56618.0
C0103026,Jason Walker,35-44,4,VA,698,2,1,0,340.0,119723.0
C0103027,James Gonzalez,55-64,3,VA,725,3,1,1,16745.0,154433.0
C0103028,Caleb Ponce,45-54,20,NC,738,3,1,1,6211.0,247646.0
C0103029,Jennifer Hoover,35-44,6,TX,774,4,1,1,4669.0,186632.0
C0103030,Natalie Smith,55-64,14,PA,730,1,0,0,4882.0,298495.0
C0103031,Danny Campbell,25-34,8,MI,698,3,1,1,20882.0,204769.0
C0103032,Deborah Roberson,35-44,10,NC,674,2,1,0,2682.0,214610.0
C0103033,Jennifer Allen,35-44,20,NC,733,2,1,0,30821.0,86312.0
C0103034,Jennifer Smith,65+,12,NY,714,4,1,1,1308.0,65446.0
C0103035,James Montoya,55-64,9,NC,716,3,1,1,11555.0,312591.0
C0103036,Lindsay Rogers,45-54,9,TX,731,3,1,1,20474.0,34980.0
C0103037,Wendy Allen,25-34,5,GA,743,1,0,0,19880.0,46450.0
C0103038,Cheryl Newman,35-44,12,TX,732,1,0,0,10106.0,38118.0
C0103039,Rebecca Lane,45-54,12,MI,712,4,1,1,6322.0,191480.0
C0103040,Mark Madden,35-44,2,NC,683,4,1,1,4188.0,77326.0
C0103041,Tanner Holmes,65+,9,WA,692,1,0,0,1869.0,80992.0
C0103042,Brett Owen,55-64,13,OH,758,1,0,0,3559.0,215850.0
C0103043,Lynn Mueller,35-44,2,FL,700,2,1,0,2556.0,37490.0
C0103044,Lori Green,55-64,20,NY,659,1,0,0,2100.0,236394.0
C0103045,Tiffany Harris,65+,18,WA,772,2,1,0,70577.0,74997.0
C0103046,Jeffrey Fuller,45-54,13,MA,677,4,1,1,1029.0,110545.0
C0103047,Alyssa Zimmerman,45-54,1,CA,721,1,0,0,31276.0,89433.0
C0103048,Angela Reyes,65+,11,NJ,742,3,1,1,1838.0,61604.0
C0103049,Bianca Chavez,35-44,18,GA,720,2,1,0,2377.0,73231.0
C0103050,Heather Allen,55-64,1,NY,608,1,0,0,2330.0,82945.0
C0103051,Elizabeth Nichols,25-34,16,GA,737,2,1,0,2138.0,60436.0
C0103052,Richard Hartman,45-54,17,MA,779,2,1,0,24524.0,251384.0
C0103053,Mary Hill,55-64,2,FL,755,3,1,1,16416.0,84678.0
C0103054,Lori Little,45-54,5,WA,624,2,1,0,6130.0,53877.0
C0103055,Ashley Stevens,45-54,15,TX,815,4,1,1,208737.0,43014.0
C0103056,Ashley Campbell,45-54,19,NJ,660,1,0,0,7942.0,166678.0
C0103057,Anna Snyder,35-44,16,TX,671,4,1,1,8707.0,22084.0
C0103058,Ryan Myers,35-44,11,CA,755,2,1,0,3559.0,113372.0
C0103059,Alex Jones DVM,35-44,13,CA,740,2,1,0,3085.0,330362.0
C0103060,Michael Brooks,45-54,11,WA,723,1,0,0,4274.0,124699.0
C0103061,Terry Stokes,35-44,12,NC,694,1,0,0,22518.0,149373.0
C0103062,Adam White,35-44,16,NJ,779,2,1,0,16080.0,104890.0
C0103063,Lisa Johnson,55-64,1,FL,718,4,1,1,38129.0,121755.0
C0103064,Wendy Webb,35-44,5,AZ,649,3,1,1,3427.0,33397.0
C0103065,Kimberly Moore,35-44,2,WA,775,1,0,0,16439.0,63310.0
C0103066,Tammy Lee,35-44,16,GA,729,1,0,0,11691.0,258008.0
C0103067,Alexander Hunt,35-44,15,AZ,770,2,1,0,13644.0,99646.0
C0103068,Sean Wilson,55-64,2,FL,745,3,1,1,2874.0,40693.0
C0103069,Garrett Robinson,35-44,3,PA,820,3,1,1,2330.0,45961.0
C0103070,Teresa Adams,25-34,6,CA,706,1,0,0,15475.0,80766.0
C0103071,Dr. Gregory Arnold,65+,5,FL,720,1,0,0,23096.0,96246.0
C0103072,Patrick Simpson,55-64,11,WA,752,1,0,0,3858.0,131568.0
C0103073,Jennifer Lee,55-64,10,OH,706,2,1,0,16829.0,174949.0
C0103074,Michael Clay,55-64,8,MI,756,1,0,0,34175.0,407278.0
C0103075,James Silva,65+,4,AZ,587,1,0,0,5249.0,215699.0
C0103076,Emily Bauer,35-44,13,VA,716,3,1,1,1441.0,75003.0
C0103077,Katherine Andrade,45-54,16,IL,715,2,1,0,1675.0,41085.0
C0103078,Paul Cabrera,45-54,13,IL,713,4,1,1,3598.0,136432.0
C0103079,Lisa Patterson,35-44,17,TX,680,3,1,1,4745.0,86359.0
C0103080,Jacqueline Chen,35-44,19,WA,760,1,0,0,7759.0,110506.0
C0103081,Christopher Johnson,25-34,17,MA,697,1,0,0,7951.0,28656.0
C0103082,Laurie Carter,45-54,14,GA,729,2,1,0,5844.0,104903.0
C0103083,Maria Sanford,55-64,1,GA,718,3,1,1,18308.0,90477.0
C0103084,Allen White,55-64,7,WA,742,2,1,0,3252.0,127224.0
C0103085,Richard Howard,35-44,9,IL,784,4,1,1,36961.0,93428.0
C0103086,Matthew Watson,35-44,15,OH,728,3,1,1,25036.0,74164.0
C0103087,Barbara Flores,45-54,17,AZ,757,2,1,0,22929.0,152178.0
C0103088,Gary Marshall,45-54,13,IL,726,1,0,0,3672.0,107951.0
C0103089,Stephanie Hoffman,65+,8,AZ,697,1,0,0,7047.0,122475.0
C0103090,Lance Rose,55-64,16,FL,713,2,1,0,19291.0,111039.0
C0103091,Donald Franklin,65+,14,GA,707,1,0,0,6375.0,77872.0
C0103092,Shannon Jones,55-64,16,GA,745,3,1,1,3502.0,91796.0
C0103093,Jennifer Avila,65+,12,PA,724,2,1,0,3337.0,327809.0
C0103094,Francisco Gonzalez,45-54,13,MA,684,1,0,0,3538.0,261877.0
C0103095,Kathleen Mooney,25-34,7,GA,710,3,1,1,2012.0,49024.0
C0103096,Caleb Jackson,25-34,8,AZ,651,2,1,0,253831.0,97970.0
C0103097,James Ray,35-44,6,NY,711,1,0,0,778.0,167582.0
C0103098,Mason Chase,35-44,6,IL,720,2,1,0,2498.0,93505.0
C0103099,Susan Mitchell DVM,35-44,14,GA,801,2,1,0,16568.0,77702.0
C0103100,Steven Hull,65+,8,NC,780,2,1,0,3577.0,59677.0
C0103101,Matthew Jones,35-44,3,NY,673,1,0,0,5313.0,101736.0
C0103102,Robert Cummings,65+,1,PA,729,2,1,0,13020.0,23130.0
C0103103,Paul Ross,55-64,18,MI,729,2,1,0,27968.0,32020.0
C0103104,Emily Salazar,45-54,9,PA,709,1,0,0,5837.0,101207.0
C0103105,Michael Gibson,45-54,12,VA,712,1,0,0,24500.0,130599.0
C0103106,Tracy Martinez,35-44,19,GA,704,2,1,0,1057.0,26567.0
C0103107,Luke Johnson,45-54,3,MA,804,1,0,0,3916.0,197648.0
C0103108,Adam Garcia,35-44,19,NY,701,4,1,1,14673.0,113132.0
C0103109,Michael Graham,65+,15,WA,735,1,0,0,86494.0,193260.0
C0103110,Corey Barrera,35-44,13,GA,606,3,1,1,2544.0,157496.0
C0103111,Steven Mayo,35-44,9,TX,757,4,1,1,2060.0,84672.0
C0103112,Shawna Green,55-64,15,NJ,773,1,0,0,12206.0,166029.0
C0103113,Ashley Valentine,45-54,5,NY,672,2,1,0,8637.0,149790.0
C0103114,Gary Salazar,45-54,7,FL,696,1,0,0,3422.0,237017.0
C0103115,Debra Jackson,45-54,20,GA,740,2,1,0,1882.0,175901.0
C0103116,Joe Martinez,35-44,6,VA,720,4,1,1,4374.0,300327.0
C0103117,Nicole Barron,45-54,15,NY,740,4,1,1,15146.0,200533.0
C0103118,Jennifer Griffin,35-44,19,MI,707,2,1,0,5433.0,94296.0
C0103119,Joseph Lane,35-44,12,CA,803,3,1,1,33037.0,139360.0
C0103120,Vanessa Morris,35-44,6,FL,689,3,1,1,6883.0,81001.0
C0103121,Courtney Baker,35-44,17,VA,820,1,0,0,16677.0,210828.0
C0103122,Bradley Hansen,35-44,17,CA,775,3,1,1,11318.0,83195.0
C0103123,Mary Moss,45-54,11,IL,757,1,0,0,4992.0,387617.0
C0103124,Blake Bonilla,35-44,3,GA,673,4,1,1,22021.0,103609.0
C0103125,Adam Robinson,35-44,9,CA,760,3,1,1,1880.0,113631.0
C0103126,Chelsea Garcia,45-54,9,MA,747,2,1,0,4170.0,108065.0
C0103127,Kevin Rose,25-34,4,GA,624,2,1,0,4931.0,87460.0
C0103128,Paige Collins,45-54,9,IL,656,4,1,1,12808.0,105191.0
C0103129,Christian Wagner,65+,4,MA,736,1,0,0,17275.0,55145.0
C0103130,Colleen Cox,35-44,14,NC,714,2,1,0,3047.0,129600.0
C0103131,Shawna Palmer,65+,9,NJ,696,2,1,0,2573.0,102324.0
C0103132,Chelsea Ramirez,25-34,15,TX,768,2,1,0,8904.0,70349.0
C0103133,Eric Kane,25-34,10,FL,680,1,0,0,1280.0,29973.0
C0103134,Bridget Walter,55-64,15,CA,699,1,0,0,27157.0,130024.0
C0103135,Cynthia Shannon,55-64,15,GA,690,4,1,1,6194.0,285569.0
C0103136,Allen Stanley,55-64,4,WA,742,3,1,1,1991.0,87584.0
C0103137,Derek Mcintosh,25-34,9,AZ,642,3,1,1,1945.0,99048.0
C0103138,Jeffrey Hernandez,55-64,15,NC,697,2,1,0,11799.0,79194.0
C0103139,Katie Brown,35-44,12,CA,642,2,1,0,11422.0,93225.0
C0103140,Brent Wong,35-44,5,MI,705,2,1,0,3222.0,140436.0
C0103141,Jenny Carter,35-44,17,MI,752,2,1,0,7068.0,85495.0
C0103142,Kirk Moreno,65+,4,NC,753,3,1,1,2090.0,64167.0
C0103143,Jeffrey Maldonado DDS,25-34,20,NJ,687,1,0,0,5943.0,58752.0
C0103144,Colleen Brown,55-64,15,NC,743,4,1,1,47603.0,143170.0
C0103145,Derek Jones,45-54,7,NJ,711,4,1,1,104472.0,178821.0
C0103146,Darrell Oliver,55-64,4,GA,781,2,1,0,6285.0,68863.0
C0103147,Jenna Garcia,55-64,19,FL,714,4,1,1,13605.0,251992.0
C0103148,Sherry Adams,55-64,11,TX,586,3,1,1,12975.0,99135.0
C0103149,Richard Bailey,35-44,17,AZ,760,1,0,0,1027.0,28705.0
C0103150,Kyle Gross,25-34,17,OH,699,1,0,0,2039.0,69314.0
C0103151,Jonathan Graves,45-54,2,PA,707,3,1,1,503.0,256940.0
C0103152,Eric Knox,35-44,14,PA,735,3,1,1,13889.0,109715.0
C0103153,Ethan Jones,25-34,7,CA,655,1,0,0,83655.0,73897.0
C0103154,Steven Thomas,35-44,19,MA,723,2,1,0,29115.0,139488.0
C0103155,John Cook,35-44,5,TX,744,2,1,0,8548.0,67662.0
C0103156,Dennis Jones,25-34,1,NY,736,2,1,0,7217.0,491054.0
C0103157,Sarah Wheeler,25-34,14,OH,693,1,0,0,5309.0,76556.0
C0103158,Lauren Freeman,65+,12,IL,764,1,0,0,28900.0,75258.0
C0103159,Brian Fuentes,35-44,12,CA,675,3,1,1,10496.0,107965.0
C0103160,Wanda Conley,65+,6,PA,691,1,0,0,8734.0,72040.0
C0103161,Carol Thomas,65+,10,VA,713,2,1,0,2156.0,71897.0
C0103162,Eric Fitzgerald,25-34,20,NY,733,2,1,0,16669.0,225213.0
C0103163,Nicholas Fritz,55-64,16,WA,705,4,1,1,6768.0,151614.0
C0103164,John Diaz,45-54,20,IL,775,4,1,1,13048.0,86376.0
C0103165,Harold Mckinney,45-54,7,CA,733,4,1,1,26873.0,85314.0
C0103166,Patricia Vincent,25-34,18,TX,723,2,1,0,1139.0,70352.0
C0103167,Linda Rodriguez,35-44,8,WA,731,1,0,0,5683.0,167216.0
C0103168,Monica Smith,25-34,19,OH,752,1,0,0,4776.0,86950.0
C0103169,Selena Hopkins,45-54,18,MA,730,2,1,0,4296.0,79882.0
C0103170,Jonathan Sanchez,65+,4,VA,638,1,0,0,2121.0,157842.0
C0103171,Valerie Howard,45-54,20,CA,769,1,0,0,3385.0,146459.0
C0103172,Cheryl Blevins,55-64,13,PA,725,1,0,0,2169.0,46721.0
C0103173,Tracie Wiley,65+,16,NJ,750,2,1,0,21805.0,138381.0
C0103174,Stephanie Cole,45-54,12,CA,701,2,1,0,12745.0,110930.0
C0103175,Kelsey Baker,25-34,5,MA,637,4,1,1,11728.0,139063.0
C0103176,Stacy Myers,55-64,20,FL,617,2,1,0,802.0,117317.0
C0103177,Xavier Parker,35-44,3,VA,677,1,0,0,84003.0,80921.0
C0103178,Joseph Cooper,25-34,17,WA,743,2,1,0,4963.0,84325.0
C0103179,Jessica Gibson,45-54,5,GA,778,2,1,0,65746.0,85906.0
C0103180,Rebecca Roberts,65+,16,WA,733,4,1,1,19910.0,153512.0
C0103181,Kathryn Jennings,35-44,9,AZ,672,2,1,0,6136.0,90460.0
C0103182,Chris Levy,45-54,5,VA,684,1,0,0,94075.0,42084.0
C0103183,Mary Torres,35-44,5,NJ,781,3,1,1,16008.0,78046.0
C0103184,Robert Smith,25-34,7,IL,661,2,1,0,6161.0,158352.0
C0103185,Douglas Watkins,25-34,19,PA,814,2,1,0,5068.0,155874.0
C0103186,Eric Jordan,55-64,16,AZ,804,1,0,0,27955.0,69532.0
C0103187,April King,55-64,14,NY,816,2,1,0,4256.0,99735.0
C0103188,Douglas Trevino,25-34,13,OH,737,1,0,0,5145.0,135394.0
C0103189,Patricia Moore,35-44,9,GA,704,3,1,1,3959.0,120889.0
C0103190,Devin Ferrell,35-44,19,IL,736,1,0,0,3272.0,90322.0
C0103191,Kevin Miller,25-34,6,IL,760,1,0,0,3521.0,90247.0
C0103192,John Gomez,45-54,19,NC,690,2,1,0,67979.0,43503.0
C0103193,Mandy Henderson,45-54,8,PA,670,2,1,0,27149.0,26139.0
C0103194,Annette Green,45-54,7,MA,707,1,0,0,10747.0,129186.0
C0103195,Eric Elliott,35-44,10,FL,685,4,1,1,4201.0,132333.0
C0103196,Erica Lane,45-54,15,IL,775,2,1,0,4181.0,128805.0
C0103197,Christina Taylor,25-34,15,WA,692,4,1,1,5219.0,142233.0
C0103198,Elizabeth Miller,35-44,16,GA,724,1,0,0,69338.0,84819.0
C0103199,Lori Gardner,65+,2,NJ,764,2,1,0,11488.0,193792.0
C0103200,Shawn Kim,55-64,4,MI,777,2,1,0,19872.0,69111.0
C0103201,Jeremy Edwards,65+,17,PA,729,2,1,0,10299.0,112501.0
C0103202,Michelle Mcdonald,65+,20,VA,737,1,0,0,2800.0,85321.0
C0103203,Jason Jenkins,45-54,3,NY,674,1,0,0,9164.0,172451.0
C0103204,Justin Bernard,65+,19,VA,766,3,1,1,2228.0,87601.0
C0103205,Peter Gilbert,35-44,6,TX,776,3,1,1,34010.0,115377.0
C0103206,David Hunt,25-34,20,NJ,635,1,0,0,3300.0,112938.0
C0103207,Joshua Cunningham,25-34,20,TX,799,1,0,0,4080.0,153978.0
C0103208,Pedro Long,25-34,13,AZ,688,1,0,0,21500.0,74684.0
C0103209,Aaron Aguirre,25-34,4,MI,746,2,1,0,3505.0,133045.0
C0103210,Julia Brown,35-44,16,CA,723,1,0,0,6230.0,112411.0
C0103211,Ronald Santos,55-64,3,TX,717,3,1,1,342.0,123612.0
C0103212,Brent Roberts,55-64,7,FL,710,1,0,0,5502.0,131489.0
C0103213,Mr. Antonio Yang,45-54,13,MA,675,3,1,1,16534.0,147948.0
C0103214,Nancy Brown,25-34,2,NC,743,3,1,1,3821.0,71448.0
C0103215,Charles Yang,55-64,8,PA,707,1,0,0,15853.0,316359.0
C0103216,Danny Lowe PhD,35-44,16,PA,661,3,1,1,7947.0,178315.0
C0103217,Eric Hays,25-34,2,CA,673,4,1,1,29894.0,164379.0
C0103218,John Watts,35-44,8,NY,661,2,1,0,3354.0,124898.0
C0103219,Aaron Munoz,35-44,1,WA,696,1,0,0,6064.0,175338.0
C0103220,Brent Harris,35-44,14,NC,741,2,1,0,1389.0,44943.0
C0103221,Ross Wallace,55-64,2,IL,687,1,0,0,7255.0,235250.0
C0103222,Bryan Sullivan,55-64,6,CA,763,4,1,1,4886.0,179555.0
C0103223,Dr. Sarah Payne,45-54,11,IL,714,2,1,0,25646.0,101189.0
C0103224,Melanie Villarreal,25-34,5,IL,706,3,1,1,3829.0,64243.0
C0103225,Jessica Fields,55-64,5,TX,720,2,1,0,4873.0,83080.0
C0103226,Robert Sandoval,45-54,17,MI,782,1,0,0,3604.0,66017.0
C0103227,Patrick Payne,35-44,16,MI,658,2,1,0,8372.0,149630.0
C0103228,Dylan Contreras,45-54,2,MA,794,3,1,1,88099.0,157685.0
C0103229,Katherine Contreras,45-54,18,IL,763,2,1,0,122.0,126375.0
C0103230,Michael Rodriguez,35-44,10,PA,719,1,0,0,7651.0,123563.0
C0103231,Jeffery Johnson,25-34,3,WA,773,4,1,1,33166.0,169641.0
C0103232,Justin Smith,45-54,19,IL,705,1,0,0,4370.0,148321.0
C0103233,Matthew Barry,25-34,7,MI,732,3,1,1,15251.0,350408.0
C0103234,Amanda Meadows,35-44,7,VA,695,1,0,0,33285.0,99247.0
C0103235,Julie Sharp,25-34,3,AZ,763,3,1,1,5817.0,143084.0
C0103236,William Howard,65+,18,PA,688,2,1,0,3703.0,37247.0
C0103237,Kathy Bailey,35-44,6,MI,717,1,0,0,24897.0,60294.0
C0103238,Jeanette Brown,35-44,12,TX,750,1,0,0,14683.0,74877.0
C0103239,Heather Ball,35-44,5,VA,767,1,0,0,7519.0,153611.0
C0103240,Mike Buchanan,55-64,18,CA,683,2,1,0,16873.0,110522.0
C0103241,Phillip Turner,45-54,16,NJ,753,2,1,0,25653.0,135756.0
C0103242,Thomas Brewer,65+,11,NY,675,1,0,0,7604.0,80525.0
C0103243,John Hopkins,35-44,7,OH,623,2,1,0,11691.0,176063.0
C0103244,Tammy Rowe,25-34,14,TX,686,4,1,1,15168.0,144568.0
C0103245,Beverly Nguyen,45-54,10,NJ,757,1,0,0,4655.0,119657.0
C0103246,Hannah Williamson,35-44,19,GA,719,2,1,0,33711.0,66452.0
C0103247,Andrew Christian,55-64,14,MI,695,4,1,1,2352.0,54780.0
C0103248,Brent Rodriguez,55-64,1,IL,722,2,1,0,6922.0,334634.0
C0103249,Karen Wolf,45-54,17,CA,721,4,1,1,20353.0,39766.0
C0103250,Dr. Morgan Young,65+,4,NC,747,2,1,0,2281.0,63597.0
C0103251,Carrie Stafford,45-54,7,NJ,647,2,1,0,23054.0,157077.0
C0103252,Jennifer Brown,35-44,9,MI,715,3,1,1,10182.0,29168.0
C0103253,Ashley Bradford,45-54,5,NY,725,1,0,0,39744.0,159372.0
C0103254,Phillip Obrien,25-34,19,NJ,658,2,1,0,16905.0,212359.0
C0103255,Tammy Morris,55-64,20,NC,657,2,1,0,6665.0,76917.0
C0103256,Jamie Zhang,25-34,4,NY,703,1,0,0,10699.0,47181.0
C0103257,Christina King,35-44,7,TX,720,2,1,0,11170.0,69847.0
C0103258,Dustin Harris,45-54,8,PA,720,3,1,1,91852.0,64024.0
C0103259,Robert Stokes,25-34,14,CA,694,1,0,0,8970.0,84770.0
C0103260,Kevin Soto,25-34,12,NJ,693,2,1,0,6866.0,115801.0
C0103261,Christina Patrick,45-54,14,CA,702,1,0,0,6409.0,312860.0
C0103262,Heather Russell,25-34,1,CA,733,1,0,0,10164.0,86600.0
C0103263,Andrea Lopez,45-54,11,FL,776,2,1,0,2077.0,113164.0
C0103264,Susan May,35-44,5,PA,620,1,0,0,5119.0,213903.0
C0103265,Ronnie Hudson MD,35-44,5,CA,748,2,1,0,2405.0,91261.0
C0103266,Luke Hansen,35-44,16,MI,714,1,0,0,2814.0,45478.0
C0103267,Austin Patterson,55-64,3,TX,743,4,1,1,21267.0,98643.0
C0103268,Benjamin Miller,65+,1,WA,773,3,1,1,8363.0,179242.0
C0103269,Elizabeth Wilson,25-34,10,NC,686,1,0,0,3327.0,245990.0
C0103270,Kyle Rivera,65+,15,TX,762,1,0,0,6766.0,274945.0
C0103271,Todd Nielsen,45-54,11,OH,663,1,0,0,6031.0,144588.0
C0103272,Michael Jones,45-54,4,FL,725,1,0,0,8632.0,161350.0
C0103273,Tracy Jones,55-64,16,MA,709,3,1,1,1328.0,58403.0
C0103274,Sarah Frederick,55-64,8,NC,722,2,1,0,2187.0,91284.0
C0103275,Jennifer Brown,55-64,15,WA,675,2,1,0,1437.0,66415.0
C0103276,Ashley Ruiz,45-54,5,IL,739,3,1,1,2753.0,181973.0
C0103277,Deborah Johnson,45-54,19,FL,791,3,1,1,3404.0,144767.0
C0103278,Dean Cook,35-44,6,NY,676,2,1,0,2341.0,125875.0
C0103279,Brenda Payne,25-34,20,OH,728,2,1,0,20278.0,226611.0
C0103280,Tammy Alvarado,45-54,8,VA,758,2,1,0,73713.0,144286.0
C0103281,Cynthia Jones,25-34,15,OH,706,2,1,0,21823.0,225336.0
C0103282,Sue Warner,35-44,11,AZ,781,1,0,0,4111.0,203127.0
C0103283,Amanda Zavala,25-34,2,IL,700,1,0,0,10428.0,201931.0
C0103284,Linda Salazar,35-44,2,NY,714,1,0,0,7482.0,66900.0
C0103285,Juan Potts,45-54,9,GA,675,1,0,0,3903.0,99703.0
C0103286,Andrew Johnson,45-54,4,TX,725,2,1,0,39722.0,163988.0
C0103287,Marie Reynolds,35-44,13,NJ,720,3,1,1,90098.0,86588.0
C0103288,Samuel Mata,25-34,3,TX,748,2,1,0,1389.0,175145.0
C0103289,Anthony Ayala,35-44,12,MI,691,4,1,1,45630.0,250410.0
C0103290,Kimberly Dalton,35-44,5,IL,689,1,0,0,3987.0,114338.0
C0103291,Nancy Tran,55-64,4,IL,740,4,1,1,5915.0,24364.0
C0103292,Ralph Dominguez,45-54,8,MI,782,1,0,0,11375.0,93679.0
C0103293,Jeffery Taylor,45-54,12,NJ,748,1,0,0,51906.0,59009.0
C0103294,Steven Haas,45-54,8,AZ,803,1,0,0,11356.0,102236.0
C0103295,Cory Kim,65+,7,PA,744,1,0,0,13292.0,159529.0
C0103296,David Chapman,55-64,7,WA,743,1,0,0,22562.0,257614.0
C0103297,Paul Beasley,45-54,7,WA,750,2,1,0,27265.0,84055.0
C0103298,Laura Ritter,45-54,9,MA,786,1,0,0,14963.0,47490.0
C0103299,Nathan Hess,25-34,17,MA,775,1,0,0,27469.0,127255.0
C0103300,Cameron White,65+,12,VA,671,1,0,0,3954.0,138038.0
C0103301,Gregory Rios,35-44,9,PA,756,2,1,0,1011.0,60127.0
C0103302,Eduardo Obrien,35-44,15,NJ,731,2,1,0,72403.0,82110.0
C0103303,Bryan Jones,65+,11,VA,711,1,0,0,2333.0,281575.0
C0103304,Joshua Simpson,55-64,19,PA,640,1,0,0,4270.0,208409.0
C0103305,Heather Herman,25-34,12,WA,650,3,1,1,5443.0,130548.0
C0103306,Micheal Pugh,25-34,5,NJ,703,3,1,1,4426.0,142715.0
C0103307,Eileen Valdez,25-34,12,GA,654,2,1,0,3390.0,175157.0
C0103308,Debra Wolfe,45-54,16,WA,704,2,1,0,14133.0,85333.0
C0103309,Amy Mccullough,25-34,5,TX,752,1,0,0,14315.0,101149.0
C0103310,Lisa Ramirez,65+,5,NJ,693,2,1,0,17050.0,31569.0
C0103311,Chad Daugherty,65+,12,VA,723,3,1,1,15814.0,127670.0
C0103312,Patrick Clark,45-54,18,CA,671,3,1,1,4915.0,64236.0
C0103313,Robert Thomas,45-54,7,OH,733,1,0,0,4905.0,87650.0
C0103314,Melissa Santos,35-44,11,GA,742,2,1,0,31040.0,160652.0
C0103315,Brian Porter,25-34,14,NY,655,2,1,0,4334.0,92489.0
C0103316,Donald Cruz,55-64,14,AZ,686,3,1,1,4232.0,45093.0
C0103317,Angela Ramirez,25-34,3,MI,662,2,1,0,24721.0,114859.0
C0103318,Kathleen Roy,25-34,8,PA,742,3,1,1,7924.0,137973.0
C0103319,Andrew Harris,35-44,20,OH,727,1,0,0,4420.0,113964.0
C0103320,Jeffrey Williams,25-34,18,TX,717,1,0,0,4471.0,51264.0
C0103321,Joshua Bailey,35-44,16,TX,714,1,0,0,31216.0,202990.0
C0103322,Lee Barry,55-64,1,VA,734,2,1,0,16370.0,109448.0
C0103323,Susan Patrick,55-64,9,MA,735,2,1,0,10763.0,144322.0
C0103324,Nicole Peterson,45-54,2,PA,697,2,1,0,1999.0,226804.0
C0103325,Jessica Patterson,55-64,7,NY,691,2,1,0,10818.0,49722.0
C0103326,Nancy Brown,35-44,18,NJ,717,2,1,0,6277.0,40613.0
C0103327,James Griffith,55-64,8,GA,711,2,1,0,2711.0,290243.0
C0103328,Shannon Hurley,45-54,4,FL,812,1,0,0,3937.0,42270.0
C0103329,Kenneth Carroll,35-44,15,NJ,702,1,0,0,18683.0,112425.0
C0103330,Carla James,65+,16,NY,733,1,0,0,35987.0,76912.0
C0103331,Tammy Anderson,35-44,14,TX,740,3,1,1,2278.0,34917.0
C0103332,Robert Tapia,25-34,17,OH,783,1,0,0,2650.0,86733.0
C0103333,David Daniels,35-44,15,VA,683,1,0,0,18638.0,112837.0
C0103334,James Gilbert,35-44,13,GA,780,1,0,0,4959.0,127597.0
C0103335,Matthew Patton,35-44,18,MI,713,2,1,0,15730.0,36598.0
C0103336,Lisa Martinez,45-54,7,NY,820,4,1,1,4880.0,86072.0
C0103337,Erica Baker,55-64,10,GA,736,3,1,1,16194.0,227305.0
C0103338,Joel Gonzales,35-44,12,NJ,664,1,0,0,1559.0,93213.0
C0103339,Vincent Castillo,45-54,14,GA,711,2,1,0,15665.0,140303.0
C0103340,Claudia Brown,35-44,10,NY,780,1,0,0,653.0,85008.0
C0103341,Destiny Bishop,55-64,9,MA,723,3,1,1,24597.0,218169.0
C0103342,Austin White,35-44,4,TX,717,2,1,0,7779.0,216758.0
C0103343,Desiree Booth,25-34,13,AZ,752,1,0,0,13759.0,47598.0
C0103344,Mark Thomas,45-54,3,NJ,704,2,1,0,10770.0,160837.0
C0103345,Amber Wilson,45-54,10,TX,710,2,1,0,1046.0,282617.0
C0103346,Michael Valencia,55-64,9,NY,677,4,1,1,41781.0,80179.0
C0103347,Amanda Love,45-54,16,IL,797,1,0,0,12105.0,73099.0
C0103348,Miguel Green,55-64,10,MA,664,4,1,1,20082.0,169203.0
C0103349,Michael Mathews,35-44,1,GA,727,1,0,0,3106.0,18621.0
C0103350,Nathan Burke,25-34,11,NY,741,1,0,0,10818.0,60659.0
C0103351,Billy Wallace,25-34,5,AZ,719,3,1,1,1683.0,50008.0
C0103352,Cynthia Nguyen,25-34,8,TX,663,2,1,0,9692.0,140239.0
C0103353,Rodney Perry,35-44,6,WA,675,3,1,1,2624.0,39880.0
C0103354,Sherri Thomas,45-54,4,WA,743,2,1,0,500000.0,110294.0
C0103355,Richard Rogers,35-44,19,IL,684,2,1,0,16751.0,27971.0
C0103356,Matthew Ruiz,45-54,6,CA,626,1,0,0,40016.0,52291.0
C0103357,Lisa Martin,45-54,11,AZ,737,4,1,1,6006.0,146532.0
C0103358,Timothy Buck,45-54,17,MA,680,2,1,0,13080.0,125089.0
C0103359,Lee Morton,45-54,8,IL,748,2,1,0,24014.0,244676.0
C0103360,Priscilla Romero,35-44,19,FL,710,3,1,1,2237.0,161952.0
C0103361,Hailey Lewis,35-44,9,PA,708,1,0,0,3615.0,86272.0
C0103362,Amanda Barber,45-54,19,FL,722,3,1,1,26030.0,71711.0
C0103363,Zachary Miller,45-54,10,MI,668,2,1,0,6238.0,59826.0
C0103364,Timothy Walker,35-44,1,GA,682,3,1,1,3304.0,162214.0
C0103365,Laura Kelley,35-44,18,IL,708,3,1,1,3800.0,117188.0
C0103366,Nicholas Abbott,45-54,18,MI,668,2,1,0,1869.0,53059.0
C0103367,Amber Kennedy,45-54,20,MI,752,3,1,1,772.0,219950.0
C0103368,Jessica Adams,25-34,3,CA,706,3,1,1,1059.0,145727.0
C0103369,Eileen Sanchez,35-44,17,OH,654,1,0,0,8560.0,106217.0
C0103370,Randall Cox,55-64,7,WA,694,3,1,1,18141.0,29866.0
C0103371,Paul Wilson,25-34,17,VA,724,2,1,0,166495.0,146333.0
C0103372,Nicholas Beard,55-64,20,WA,699,3,1,1,7710.0,131024.0
C0103373,Harold Wagner,35-44,4,MA,737,3,1,1,1744.0,102788.0
C0103374,Martha Jacobs,45-54,8,CA,745,1,0,0,7831.0,31056.0
C0103375,Jason Hudson,35-44,6,PA,820,1,0,0,18836.0,127936.0
C0103376,Beth Medina,25-34,7,OH,771,1,0,0,27895.0,66081.0
C0103377,Jennifer Richards,65+,12,GA,646,3,1,1,24828.0,115527.0
C0103378,David Mitchell,45-54,9,VA,703,3,1,1,16112.0,76532.0
C0103379,Brad Fisher,65+,14,NJ,708,3,1,1,9085.0,76068.0
C0103380,Ms. Mackenzie Barton,35-44,14,NJ,745,3,1,1,19617.0,97348.0
C0103381,Sherri Smith,55-64,5,FL,677,2,1,0,1955.0,184804.0
C0103382,Dennis Spencer,65+,1,NJ,696,2,1,0,728.0,94816.0
C0103383,Natalie Martinez,45-54,15,VA,664,4,1,1,99898.0,270635.0
C0103384,Jeffrey Vaughn,35-44,4,VA,692,1,0,0,7659.0,127692.0
C0103385,Brandi Camacho DVM,45-54,4,NC,694,2,1,0,15378.0,72380.0
C0103386,Heather Morales,45-54,13,TX,705,1,0,0,281.0,55413.0
C0103387,Michelle Wilson,65+,6,FL,666,1,0,0,51734.0,163953.0
C0103388,Stephanie Vargas,35-44,4,VA,764,2,1,0,32436.0,90444.0
C0103389,Wendy Williams,35-44,7,AZ,741,1,0,0,1238.0,221649.0
C0103390,Heather Cole,25-34,11,WA,654,2,1,0,5537.0,93129.0
C0103391,Jerry Davenport,45-54,17,OH,721,1,0,0,11153.0,75832.0
C0103392,John Taylor,65+,20,NC,649,2,1,0,1778.0,106736.0
C0103393,Ralph Hendricks,25-34,15,FL,780,1,0,0,14567.0,63974.0
C0103394,Angela Huang,55-64,18,NC,792,3,1,1,28417.0,154292.0
C0103395,Jacqueline Banks,65+,11,FL,717,2,1,0,11957.0,114724.0
C0103396,Jeffrey Romero,25-34,9,VA,681,3,1,1,1237.0,161790.0
C0103397,Theresa Davis,25-34,17,VA,690,2,1,0,2335.0,45155.0
C0103398,Glenn Elliott,45-54,7,CA,699,1,0,0,6984.0,130679.0
C0103399,Lauren Anthony,45-54,17,MA,715,2,1,0,6006.0,130820.0
C0103400,Frank Flores,25-34,20,VA,781,1,0,0,6154.0,105459.0
C0103401,Charles Cervantes,55-64,8,IL,763,2,1,0,5898.0,36202.0
C0103402,Virginia Clark,45-54,13,OH,763,2,1,0,930.0,60727.0
C0103403,Laura Gilbert,65+,16,TX,727,3,1,1,21307.0,156608.0
C0103404,Dustin Wilson,55-64,16,MA,668,3,1,1,17201.0,152719.0
C0103405,Jeffrey Mcclure,55-64,5,TX,685,1,0,0,15167.0,172725.0
C0103406,Thomas Zhang,45-54,20,AZ,722,2,1,0,13571.0,114768.0
C0103407,Tammy Estrada,35-44,11,MI,665,2,1,0,5762.0,77219.0
C0103408,Daniel Roberson,45-54,1,AZ,733,3,1,1,3911.0,79273.0
C0103409,Alyssa Orr,25-34,3,IL,756,4,1,1,2390.0,47885.0
C0103410,Kimberly Lloyd,45-54,15,AZ,744,2,1,0,51612.0,130389.0
C0103411,Ronnie Johnson,25-34,9,OH,742,1,0,0,7906.0,281726.0
C0103412,Tom Duncan,45-54,3,IL,636,3,1,1,1105.0,132827.0
C0103413,Kelly Guerra,25-34,11,IL,780,2,1,0,7824.0,79668.0
C0103414,Brian Mccarthy,35-44,12,MA,649,3,1,1,664.0,122451.0
C0103415,Jill Reynolds,35-44,2,OH,713,2,1,0,10912.0,33822.0
C0103416,Sean Kaiser,45-54,8,GA,747,4,1,1,9620.0,50127.0
C0103417,Audrey Gomez,55-64,10,MI,736,1,0,0,4229.0,124568.0
C0103418,Ricky Luna,25-34,16,NC,662,3,1,1,2624.0,108766.0
C0103419,Jonathon Hill,55-64,14,NC,670,1,0,0,15913.0,102948.0
C0103420,Kayla Waters,55-64,2,IL,732,2,1,0,7335.0,332070.0
C0103421,Emily Middleton,35-44,13,FL,742,4,1,1,788.0,121530.0
C0103422,Timothy Bauer,45-54,19,MA,670,2,1,0,34361.0,302709.0
C0103423,Ryan Guerrero,35-44,2,GA,737,3,1,1,2623.0,89840.0
C0103424,Amanda Walters,35-44,20,MA,651,1,0,0,1666.0,53835.0
C0103425,Chad Bennett,45-54,2,OH,748,1,0,0,41374.0,91726.0
C0103426,Megan Baker,25-34,13,NC,680,2,1,0,28897.0,191138.0
C0103427,Robert Gross,55-64,8,NC,723,2,1,0,4892.0,95869.0
C0103428,Craig Liu,65+,15,MA,716,1,0,0,1803.0,67154.0
C0103429,Shannon Curry,55-64,17,TX,772,3,1,1,2720.0,159605.0
C0103430,Austin Grant,45-54,18,GA,730,2,1,0,4793.0,110560.0
C0103431,Christopher Barnes,45-54,18,FL,693,1,0,0,34872.0,187016.0
C0103432,James Silva,65+,17,AZ,736,1,0,0,38330.0,74789.0
C0103433,Kari Sandoval,35-44,7,GA,816,2,1,0,9889.0,27092.0
C0103434,Eric Hall,25-34,10,AZ,753,2,1,0,17679.0,296788.0
C0103435,John Robles,45-54,15,PA,717,3,1,1,6303.0,83473.0
C0103436,Howard Castillo,35-44,4,FL,682,2,1,0,2843.0,87156.0
C0103437,Brian Ibarra,35-44,12,MI,692,1,0,0,1338.0,152781.0
C0103438,Donna Montes,25-34,11,FL,750,3,1,1,11938.0,31224.0
C0103439,Matthew Wilson,45-54,20,IL,680,1,0,0,23872.0,177458.0
C0103440,Francis Wilson,35-44,1,PA,720,2,1,0,4391.0,307609.0
C0103441,Michele Ayala,35-44,2,NY,784,2,1,0,33692.0,200557.0
C0103442,Dr. John Jenkins,25-34,1,TX,726,4,1,1,5106.0,72550.0
C0103443,Earl Romero,35-44,11,MI,671,3,1,1,8960.0,95218.0
C0103444,Rachel Brown,55-64,12,VA,818,1,0,0,6215.0,123597.0
C0103445,Deborah Stewart,35-44,12,IL,799,2,1,0,35730.0,144996.0
C0103446,Jeremy Ross,45-54,5,PA,742,1,0,0,14635.0,306029.0
C0103447,Debra Chandler,55-64,7,FL,777,1,0,0,7555.0,238110.0
C0103448,Robert Parker,35-44,9,NJ,707,2,1,0,8883.0,94868.0
C0103449,Kenneth Jackson,55-64,1,WA,752,2,1,0,1946.0,86660.0
C0103450,Mario Gould,45-54,16,NC,700,3,1,1,556.0,71751.0
C0103451,Erin Jacobs,45-54,2,OH,659,1,0,0,4282.0,147001.0
C0103452,Nathan Lang,25-34,14,MI,820,2,1,0,6420.0,193975.0
C0103453,Michael Barr,25-34,10,AZ,656,3,1,1,15329.0,132057.0
C0103454,Kristen Pena,65+,20,MA,733,2,1,0,6663.0,133196.0
C0103455,Heidi Gonzalez,55-64,14,FL,732,2,1,0,4614.0,315369.0
C0103456,Joseph Heath,65+,10,GA,743,3,1,1,236.0,171759.0
C0103457,Robert Lozano,65+,15,AZ,715,3,1,1,15254.0,40868.0
C0103458,Daniel Quinn,25-34,3,MI,716,2,1,0,10438.0,105811.0
C0103459,Amanda Smith,55-64,4,WA,726,4,1,1,21517.0,117361.0
C0103460,Ashley Sanders,45-54,10,MA,741,1,0,0,8373.0,100555.0
C0103461,Mr. Eric Hall,55-64,18,TX,719,1,0,0,32088.0,244424.0
C0103462,Danielle Nelson,25-34,17,MI,716,2,1,0,4185.0,117057.0
C0103463,Richard Rios,35-44,8,GA,660,1,0,0,7718.0,67673.0
C0103464,Patrick Nelson,55-64,6,PA,810,1,0,0,10814.0,98483.0
C0103465,Benjamin Bowen,55-64,20,MI,744,1,0,0,17888.0,170466.0
C0103466,Jennifer Smith,45-54,12,TX,729,2,1,0,13356.0,28508.0
C0103467,Lisa Hernandez,35-44,3,GA,691,2,1,0,14373.0,40101.0
C0103468,Rebecca Lee,35-44,5,OH,674,3,1,1,11188.0,165322.0
C0103469,Emily Morris,65+,17,IL,758,1,0,0,6430.0,62619.0
C0103470,Allison Hill,35-44,18,MI,712,2,1,0,23897.0,80745.0
C0103471,Dennis Douglas,35-44,19,MA,747,1,0,0,1087.0,53100.0
C0103472,Eddie Davis,45-54,1,MA,659,1,0,0,3809.0,87389.0
C0103473,Kristina Webb,35-44,17,NJ,789,2,1,0,54732.0,83472.0
C0103474,Kim Sanchez,45-54,3,PA,760,1,0,0,3615.0,124135.0
C0103475,Jonathan Long,35-44,17,MA,716,2,1,0,7378.0,67104.0
C0103476,Joshua Rodriguez,55-64,18,MA,741,2,1,0,42846.0,109976.0
C0103477,William Sanders,65+,8,WA,753,2,1,0,6965.0,189644.0
C0103478,Jacob Hart,65+,4,AZ,659,2,1,0,2979.0,43318.0
C0103479,Evelyn Pacheco,45-54,15,WA,795,3,1,1,34133.0,389087.0
C0103480,Anna Jackson,35-44,2,VA,741,1,0,0,5726.0,76151.0
C0103481,Katherine Wright,55-64,12,NJ,688,4,1,1,6215.0,99785.0
C0103482,Luis Wells,55-64,7,MI,670,1,0,0,753.0,131432.0
C0103483,Lacey Hall,45-54,9,MI,764,2,1,0,6955.0,98529.0
C0103484,Darlene Collins,45-54,17,IL,729,4,1,1,18390.0,103244.0
C0103485,Chris Morris,55-64,20,AZ,741,1,0,0,4832.0,44635.0
C0103486,Jennifer Smith,45-54,9,MI,721,3,1,1,1741.0,105786.0
C0103487,Nicole Norton,55-64,6,MI,674,2,1,0,4553.0,214384.0
C0103488,Emily Pearson,35-44,17,VA,742,3,1,1,3873.0,93998.0
C0103489,Michael Robertson,45-54,9,TX,711,1,0,0,5977.0,90459.0
C0103490,Wendy Miller,45-54,4,AZ,719,2,1,0,4354.0,66590.0
C0103491,Michael Bennett,25-34,19,NC,820,1,0,0,59725.0,64244.0
C0103492,Carla Goodman,55-64,20,MA,759,1,0,0,11647.0,154242.0
C0103493,Jeffrey Stanton,45-54,6,TX,761,2,1,0,1004.0,99415.0
C0103494,Jeff Jackson,25-34,4,NY,820,3,1,1,8829.0,76163.0
C0103495,Katelyn Curry,55-64,4,MA,737,3,1,1,7724.0,156965.0
C0103496,Jennifer Phillips,55-64,12,NJ,725,3,1,1,33975.0,124607.0
C0103497,Edward Weeks,55-64,7,MI,689,3,1,1,6720.0,211757.0
C0103498,Kelly Gilbert,35-44,13,OH,699,2,1,0,6492.0,32328.0
C0103499,Matthew Thomas,55-64,16,NC,627,1,0,0,75781.0,99197.0
C0103500,Christine Mendez,35-44,1,NC,755,3,1,1,2247.0,246857.0
C0103501,Kelly King,45-54,18,FL,662,2,1,0,21104.0,158915.0
C0103502,Timothy Ho,25-34,1,NC,760,1,0,0,8749.0,80942.0
C0103503,Sarah Taylor,45-54,3,GA,718,2,1,0,4442.0,62195.0
C0103504,Sandra Smith,55-64,15,PA,725,1,0,0,3723.0,120877.0
C0103505,Chris Jones,45-54,13,IL,718,3,1,1,41358.0,207849.0
C0103506,Emily Lopez,45-54,20,VA,782,1,0,0,14163.0,144073.0
C0103507,Kimberly Rivera,55-64,12,NJ,774,2,1,0,16670.0,118698.0
C0103508,John Moore,45-54,9,GA,718,3,1,1,23570.0,191397.0
C0103509,Justin Perez,35-44,14,MI,679,4,1,1,12213.0,151123.0
C0103510,Tanya Hill,65+,16,NY,761,2,1,0,2268.0,184030.0
C0103511,Shawna Silva,55-64,14,GA,676,3,1,1,1229.0,202232.0
C0103512,Marcus Powell,65+,8,NC,650,2,1,0,51409.0,40733.0
C0103513,Joshua Hopkins,65+,20,NY,742,1,0,0,10401.0,74766.0
C0103514,Christian Cross,65+,7,FL,774,2,1,0,8912.0,168940.0
C0103515,Dennis Garcia,55-64,7,GA,701,2,1,0,70650.0,105655.0
C0103516,Laurie Miranda,45-54,6,MA,738,1,0,0,2259.0,46320.0
C0103517,Raymond Vargas,35-44,6,OH,701,2,1,0,392.0,226981.0
C0103518,Robert Savage,45-54,5,AZ,752,1,0,0,922.0,122908.0
C0103519,Kara Jackson,55-64,12,WA,769,3,1,1,4285.0,121689.0
C0103520,Virginia Davis,45-54,15,VA,708,2,1,0,9326.0,118147.0
C0103521,Brianna Martin,55-64,9,AZ,673,1,0,0,43044.0,73774.0
C0103522,Erica Huang,25-34,19,OH,654,2,1,0,22289.0,71447.0
C0103523,Jorge Gonzales,35-44,10,VA,761,3,1,1,375.0,53961.0
C0103524,Erin Mason,45-54,10,FL,668,4,1,1,233475.0,150117.0
C0103525,Justin Bennett,35-44,2,PA,736,3,1,1,4951.0,172847.0
C0103526,John Collins,25-34,19,NC,754,3,1,1,35361.0,46027.0
C0103527,Kerry Ware,35-44,3,CA,697,1,0,0,15603.0,153211.0
C0103528,Tina Dougherty,55-64,4,VA,712,2,1,0,8155.0,88628.0
C0103529,Michelle Larsen,45-54,19,AZ,764,2,1,0,6097.0,92757.0
C0103530,Katherine Mccormick,25-34,11,TX,683,4,1,1,2133.0,57604.0
C0103531,Kristin Graham,25-34,2,MA,679,1,0,0,1728.0,338216.0
C0103532,Alexander Diaz,45-54,9,TX,709,2,1,0,6638.0,130682.0
C0103533,Michael Chandler,35-44,12,TX,777,1,0,0,1532.0,128763.0
C0103534,Justin Cuevas,55-64,1,VA,792,3,1,1,58542.0,68742.0
C0103535,Janet White,55-64,16,NJ,715,1,0,0,9103.0,59369.0
C0103536,Alexandra Ramos,35-44,14,MA,687,3,1,1,99833.0,160018.0
C0103537,Abigail Collins,45-54,1,OH,767,4,1,1,4804.0,30030.0
C0103538,Jacob King,35-44,13,NC,644,1,0,0,3989.0,245843.0
C0103539,Lisa Johnson,35-44,5,FL,731,3,1,1,16466.0,313343.0
C0103540,John Williams,55-64,15,NJ,718,1,0,0,5936.0,86147.0
C0103541,Dawn Garrett,45-54,8,MA,778,2,1,0,26048.0,101707.0
C0103542,Samantha Roy,55-64,5,NC,782,1,0,0,45518.0,34631.0
C0103543,Yolanda Chen,35-44,11,AZ,677,2,1,0,30302.0,44161.0
C0103544,John Golden DDS,35-44,9,IL,727,1,0,0,41660.0,168858.0
C0103545,Amanda Johnson,45-54,7,MA,694,3,1,1,21614.0,219718.0
C0103546,Brittany Fitzgerald,45-54,18,NC,706,3,1,1,4193.0,78383.0
C0103547,Bonnie Barnes,65+,13,FL,747,2,1,0,31820.0,84720.0
C0103548,Amy Walsh,25-34,10,IL,704,1,0,0,18716.0,58537.0
C0103549,Brent Stephens,55-64,5,GA,728,1,0,0,3861.0,73808.0
C0103550,Mrs. Lisa Smith,55-64,12,TX,763,1,0,0,4496.0,246741.0
C0103551,Sarah Stewart,45-54,1,AZ,788,4,1,1,7258.0,148537.0
C0103552,Susan Matthews,35-44,18,NY,732,2,1,0,30754.0,45218.0
C0103553,Kelli Shepard,45-54,1,NJ,725,3,1,1,9324.0,163819.0
C0103554,Ryan Caldwell,35-44,14,AZ,670,4,1,1,8048.0,348105.0
C0103555,Roger Mason,55-64,7,OH,791,1,0,0,6694.0,85846.0
C0103556,Angela Ramos,45-54,15,MI,742,2,1,0,5303.0,82886.0
C0103557,Craig Wagner,65+,8,GA,726,3,1,1,2005.0,154504.0
C0103558,Paul Massey,45-54,1,VA,723,2,1,0,21042.0,225717.0
C0103559,Donald Bell,45-54,19,CA,736,1,0,0,2390.0,203469.0
C0103560,Keith Horton,55-64,16,IL,754,3,1,1,8788.0,97656.0
C0103561,Julie Wilson,45-54,1,MI,760,4,1,1,4961.0,84495.0
C0103562,Nicholas Lopez,65+,1,TX,792,3,1,1,20325.0,46964.0
C0103563,Tracy Wang,35-44,11,WA,730,3,1,1,5375.0,30928.0
C0103564,Claudia Brooks,65+,20,MI,798,3,1,1,2422.0,138755.0
C0103565,Nathaniel Wright,55-64,12,CA,767,2,1,0,26560.0,90113.0
C0103566,Maria Valenzuela,55-64,1,CA,717,1,0,0,3007.0,157412.0
C0103567,Peter Anderson,45-54,14,FL,644,4,1,1,9756.0,96545.0
C0103568,Michael Thompson,55-64,9,MI,723,1,0,0,37368.0,132105.0
C0103569,Ethan Perez,35-44,13,GA,790,3,1,1,3374.0,118947.0
C0103570,Stephen Thompson,55-64,8,GA,685,2,1,0,7157.0,185909.0
C0103571,Michael Baker,25-34,1,NC,723,2,1,0,4830.0,163217.0
C0103572,Kenneth Bailey DDS,35-44,1,GA,727,3,1,1,9488.0,122475.0
C0103573,Mark Decker,35-44,13,IL,762,3,1,1,7464.0,99015.0
C0103574,Ruben Cruz,35-44,13,CA,702,1,0,0,24452.0,104370.0
C0103575,Christine Park,35-44,7,CA,680,2,1,0,3847.0,94293.0
C0103576,Robert Hogan,55-64,2,NJ,745,1,0,0,37385.0,215122.0
C0103577,Michael Gordon,35-44,16,VA,686,1,0,0,55581.0,32539.0
C0103578,Rebecca Davis,55-64,4,NY,637,2,1,0,11024.0,101542.0
C0103579,Deanna Mcdonald,25-34,4,NY,802,4,1,1,3140.0,124746.0
C0103580,Brian Barrett,55-64,10,OH,761,4,1,1,7713.0,135842.0
C0103581,Charles Willis,55-64,15,MI,804,2,1,0,6975.0,61606.0
C0103582,James Chapman,35-44,20,NC,759,3,1,1,67971.0,126090.0
C0103583,Michael Soto,55-64,13,NC,750,1,0,0,7160.0,244102.0
C0103584,Aimee Fisher,65+,20,CA,736,1,0,0,42589.0,144554.0
C0103585,Matthew Garcia,55-64,14,OH,711,3,1,1,9263.0,97867.0
C0103586,Elizabeth Owens,35-44,17,VA,743,3,1,1,8561.0,343422.0
C0103587,Alex Lamb,45-54,4,NC,695,3,1,1,5296.0,86146.0
C0103588,Kenneth Graham,55-64,2,WA,671,1,0,0,5924.0,267639.0
C0103589,Roy King,35-44,14,NJ,705,2,1,0,23568.0,49017.0
C0103590,George Gregory,55-64,20,AZ,778,1,0,0,3372.0,107257.0
C0103591,Wesley Rich,35-44,15,NC,664,3,1,1,25634.0,57494.0
C0103592,Stephanie Hunter,55-64,7,NC,665,1,0,0,45663.0,58396.0
C0103593,Raymond Finley,25-34,10,NC,746,2,1,0,3983.0,166508.0
C0103594,Allen Hunt,25-34,3,NY,701,2,1,0,34529.0,132307.0
C0103595,Stacie Sanford,65+,7,OH,741,1,0,0,28506.0,87650.0
C0103596,Christina Compton,55-64,14,FL,764,2,1,0,22995.0,243931.0
C0103597,Beverly Cook,55-64,4,OH,740,3,1,1,3777.0,205745.0
C0103598,Tracy Parker,65+,10,FL,691,1,0,0,7021.0,122414.0
C0103599,Rebecca Ellis,35-44,6,GA,777,2,1,0,7010.0,54939.0
C0103600,Aaron Hernandez,35-44,10,MA,753,4,1,1,99590.0,200702.0
C0103601,Elizabeth Miller,25-34,16,OH,721,1,0,0,8006.0,94261.0
C0103602,Dalton Davis,45-54,18,VA,719,1,0,0,6503.0,122951.0
C0103603,Michael Singleton,35-44,9,OH,736,2,1,0,2044.0,86829.0
C0103604,John Cooper,65+,17,AZ,705,2,1,0,2524.0,103528.0
C0103605,Michael Hale,25-34,15,NY,646,4,1,1,3565.0,203060.0
C0103606,Mary Guerra,25-34,19,WA,753,1,0,0,12502.0,88150.0
C0103607,Pamela Davis,35-44,15,NJ,751,3,1,1,1467.0,49223.0
C0103608,Phillip Anderson,35-44,12,AZ,616,2,1,0,3644.0,195727.0
C0103609,Stephanie Weiss,35-44,14,TX,742,1,0,0,869.0,215477.0
C0103610,Jessica Long,45-54,7,AZ,799,2,1,0,43577.0,302630.0
C0103611,John Yang,35-44,14,AZ,669,2,1,0,9207.0,38268.0
C0103612,Connie Franklin,45-54,15,PA,716,1,0,0,11760.0,73374.0
C0103613,Jackie Morgan,55-64,13,MI,711,1,0,0,2191.0,29799.0
C0103614,Lisa Walton,45-54,3,NC,794,1,0,0,32648.0,553028.0
C0103615,Maria Taylor,45-54,11,CA,770,2,1,0,49201.0,254750.0
C0103616,Daniel Graham,35-44,15,GA,680,1,0,0,8781.0,86228.0
C0103617,Matthew Simmons,35-44,4,MI,735,1,0,0,4560.0,92809.0
C0103618,James Nicholson,35-44,16,NY,820,1,0,0,15720.0,123265.0
C0103619,Tyler Fisher,65+,17,IL,691,3,1,1,19570.0,159602.0
C0103620,Michael Flowers,45-54,11,NC,719,4,1,1,23027.0,170146.0
C0103621,Bradley Parks,35-44,20,AZ,743,1,0,0,17974.0,177790.0
C0103622,Scott Lara,45-54,18,CA,692,4,1,1,25765.0,109714.0
C0103623,Francis Andrews,55-64,10,MA,799,2,1,0,3529.0,320347.0
C0103624,Jesse Tucker,45-54,18,WA,698,4,1,1,24204.0,106608.0
C0103625,Jennifer Wise,45-54,19,WA,657,2,1,0,4701.0,113209.0
C0103626,David Walters,55-64,3,CA,696,2,1,0,399.0,105530.0
C0103627,Rebekah Cole,45-54,20,NC,749,3,1,1,4649.0,97099.0
C0103628,John Rogers,45-54,1,IL,684,2,1,0,4169.0,161288.0
C0103629,Holly Floyd,35-44,10,AZ,733,3,1,1,10821.0,143887.0
C0103630,Ms. Janet Leonard,25-34,19,VA,745,3,1,1,22150.0,296182.0
C0103631,George Villa,65+,15,MI,665,2,1,0,10213.0,85430.0
C0103632,Christina Hess,45-54,6,CA,694,2,1,0,90252.0,142088.0
C0103633,Jordan Williams,35-44,13,AZ,735,2,1,0,4315.0,81121.0
C0103634,Bryan Burns,45-54,5,GA,751,2,1,0,746.0,170345.0
C0103635,Stephen Parks,25-34,5,FL,695,2,1,0,11312.0,436220.0
C0103636,George Phillips,55-64,19,AZ,726,2,1,0,4214.0,100473.0
C0103637,Kimberly White,35-44,1,AZ,707,1,0,0,2202.0,384042.0
C0103638,Alan Nguyen,55-64,20,GA,752,4,1,1,5670.0,75883.0
C0103639,Linda Howard,45-54,10,MI,743,1,0,0,3165.0,110086.0
C0103640,Parker Wright,35-44,2,MI,703,1,0,0,3563.0,94177.0
C0103641,Brandon Acosta,25-34,16,PA,741,1,0,0,50363.0,136014.0
C0103642,Jessica Hill,55-64,1,VA,701,1,0,0,9407.0,119783.0
C0103643,Melissa Sanchez,35-44,7,MA,740,2,1,0,5893.0,72331.0
C0103644,Sandy Oconnor,25-34,5,MA,741,1,0,0,55113.0,33725.0
C0103645,Judy Jones,55-64,16,NJ,820,1,0,0,5684.0,79066.0
C0103646,Charles Davila,35-44,8,IL,704,1,0,0,1852.0,285291.0
C0103647,Sonia Reyes,35-44,14,AZ,713,1,0,0,1650.0,55863.0
C0103648,Mrs. Tammy Curry,35-44,2,AZ,690,4,1,1,7361.0,100115.0
C0103649,Alex Clements,55-64,14,CA,673,2,1,0,1129.0,146777.0
C0103650,Matthew Andrade,35-44,15,IL,699,1,0,0,1984.0,131855.0
C0103651,Jessica Wilson,35-44,6,NC,749,2,1,0,5128.0,71650.0
C0103652,Dean Turner,35-44,18,NC,753,2,1,0,31518.0,153531.0
C0103653,Sarah Sanchez,35-44,10,NJ,733,2,1,0,38184.0,178089.0
C0103654,Jacqueline Kennedy,35-44,14,GA,706,1,0,0,17882.0,81396.0
C0103655,Jessica Burgess,25-34,4,CA,697,2,1,0,8065.0,136422.0
C0103656,Destiny Powers,35-44,19,FL,678,1,0,0,4087.0,160322.0
C0103657,Susan Gregory,35-44,5,VA,694,1,0,0,12914.0,227031.0
C0103658,Jason Smith,55-64,13,NJ,661,4,1,1,68759.0,161838.0
C0103659,Carlos Adams,25-34,2,MI,781,2,1,0,9602.0,156373.0
C0103660,Vanessa Flores,35-44,1,OH,802,1,0,0,4655.0,118509.0
C0103661,Albert Nguyen,65+,3,PA,632,1,0,0,6706.0,74113.0
C0103662,Dwayne Joseph,55-64,19,PA,733,3,1,1,5884.0,104233.0
C0103663,Leah Walters,45-54,5,NJ,732,1,0,0,15654.0,230110.0
C0103664,James Spears,35-44,18,GA,729,2,1,0,3241.0,81564.0
C0103665,Gilbert Reed,35-44,12,TX,693,1,0,0,13193.0,35295.0
C0103666,Joel Newton,35-44,2,IL,766,1,0,0,16023.0,168370.0
C0103667,Michael Chambers,25-34,9,WA,738,2,1,0,12245.0,89449.0
C0103668,Andrew Phelps,35-44,10,NC,766,1,0,0,2201.0,421992.0
C0103669,Lynn Hoffman,45-54,6,WA,686,2,1,0,6773.0,60820.0
C0103670,Daniel Mercer,35-44,13,GA,657,1,0,0,4306.0,258327.0
C0103671,Edgar Stewart,45-54,18,GA,739,4,1,1,7416.0,109754.0
C0103672,Alyssa Weber,35-44,18,MA,676,2,1,0,3641.0,188145.0
C0103673,Guy Reynolds,35-44,11,GA,767,1,0,0,36027.0,157581.0
C0103674,Allison Mcpherson DDS,55-64,18,FL,624,1,0,0,10140.0,211473.0
C0103675,David Morse Jr.,55-64,19,OH,698,3,1,1,1162.0,140507.0
C0103676,Sarah Davis,35-44,2,MI,692,3,1,1,1643.0,90443.0
C0103677,Willie Duncan,45-54,13,IL,705,2,1,0,34396.0,194694.0
C0103678,Christopher Waters,35-44,16,OH,731,1,0,0,6528.0,75803.0
C0103679,Jennifer Ortiz,25-34,1,AZ,737,2,1,0,5076.0,71720.0
C0103680,Jennifer Greene,55-64,13,OH,748,1,0,0,31390.0,136733.0
C0103681,Jack Garcia,35-44,19,PA,753,1,0,0,6756.0,50312.0
C0103682,Toni Gill,35-44,6,TX,712,1,0,0,1931.0,112809.0
C0103683,Joseph Myers,45-54,18,OH,814,3,1,1,2094.0,79939.0
C0103684,Kathleen Marshall,35-44,19,VA,782,2,1,0,17206.0,183514.0
C0103685,Joanna Bradshaw,25-34,13,PA,705,1,0,0,92536.0,197765.0
C0103686,Dylan Patel,35-44,13,GA,713,1,0,0,22192.0,182944.0
C0103687,John Jackson,65+,11,MI,705,2,1,0,5124.0,184120.0
C0103688,Janet Delgado,45-54,9,AZ,736,2,1,0,6173.0,48837.0
C0103689,Jennifer Fields,35-44,10,WA,676,2,1,0,8588.0,148793.0
C0103690,Brenda Harvey,25-34,11,PA,684,2,1,0,718.0,65898.0
C0103691,Ms. Monique Dougherty MD,45-54,10,FL,622,2,1,0,8335.0,273357.0
C0103692,Keith Kennedy,25-34,17,NJ,702,2,1,0,16332.0,105355.0
C0103693,Jacob Paul,45-54,16,NY,767,4,1,1,68018.0,225856.0
C0103694,Martha Arnold,55-64,7,IL,713,3,1,1,29998.0,122032.0
C0103695,Sarah Martin,35-44,11,TX,715,2,1,0,82118.0,30404.0
C0103696,Shaun Thompson,35-44,5,VA,732,2,1,0,60882.0,108162.0
C0103697,Tammy Morris,25-34,4,FL,674,1,0,0,43202.0,76973.0
C0103698,Steven Clark,25-34,8,IL,721,1,0,0,8362.0,41360.0
C0103699,David Morrison,35-44,2,OH,760,1,0,0,12257.0,189742.0
C0103700,Rebecca Kaufman DDS,55-64,18,CA,733,3,1,1,1092.0,55150.0
C0103701,Larry Rivera,35-44,3,VA,764,4,1,1,9475.0,94009.0
C0103702,Caitlin Ford,45-54,7,MI,776,2,1,0,15985.0,84012.0
C0103703,Adriana Johnson,45-54,6,NC,749,3,1,1,5767.0,163362.0
C0103704,Sharon Cowan,25-34,5,FL,687,1,0,0,1274.0,52690.0
C0103705,Andrea Butler,35-44,8,CA,704,4,1,1,54142.0,197761.0
C0103706,Mike Martinez,35-44,15,CA,806,1,0,0,13191.0,35276.0
C0103707,Maria Ferguson,45-54,18,MI,734,4,1,1,63878.0,32303.0
C0103708,John Barber,35-44,4,VA,728,1,0,0,19744.0,78699.0
C0103709,James Short,55-64,5,VA,681,1,0,0,41862.0,93499.0
C0103710,Heidi Moran,55-64,10,WA,715,2,1,0,32719.0,324734.0
C0103711,Marie Patterson,55-64,7,IL,752,1,0,0,3586.0,74820.0
C0103712,Charles Baker,65+,16,CA,720,1,0,0,4399.0,84256.0
C0103713,Nicole Rodriguez,55-64,5,NY,696,2,1,0,4846.0,84132.0
C0103714,Jason Morgan,55-64,9,VA,707,3,1,1,2541.0,116645.0
C0103715,Rebecca Clark,55-64,11,VA,773,1,0,0,67383.0,125977.0
C0103716,Martin Jones,55-64,8,GA,750,2,1,0,8525.0,230495.0
C0103717,Katherine Sanchez,55-64,13,CA,744,2,1,0,14065.0,35874.0
C0103718,Edward Wallace,65+,16,VA,739,1,0,0,1641.0,122253.0
C0103719,Melissa Carroll,45-54,11,WA,666,2,1,0,21640.0,46175.0
C0103720,Pam Hernandez,45-54,10,NY,732,2,1,0,4957.0,80335.0
C0103721,Daniel Wood,45-54,20,WA,768,3,1,1,36797.0,197499.0
C0103722,Eddie Duffy,55-64,20,MI,708,2,1,0,3560.0,83437.0
C0103723,Mark Alvarez,35-44,20,AZ,763,2,1,0,40065.0,201860.0
C0103724,Edward Manning,55-64,1,MI,744,2,1,0,25060.0,66313.0
C0103725,Bridget Carter,55-64,17,TX,757,3,1,1,4634.0,126919.0
C0103726,Mark Johnson,65+,18,MI,722,3,1,1,44418.0,257671.0
C0103727,Eric Silva,35-44,17,TX,759,2,1,0,32163.0,173136.0
C0103728,Nathan Mcgee,55-64,15,NY,654,1,0,0,14582.0,39297.0
C0103729,Jennifer Montgomery MD,55-64,8,AZ,721,3,1,1,2459.0,602169.0
C0103730,Christopher Farrell,65+,15,MA,752,2,1,0,21166.0,82842.0
C0103731,James Grimes,65+,12,GA,733,2,1,0,8771.0,349713.0
C0103732,Mr. Joseph Thompson,45-54,17,PA,769,2,1,0,8597.0,109885.0
C0103733,Alexis Arroyo,45-54,8,IL,712,1,0,0,8854.0,67593.0
C0103734,Eric Walker,35-44,15,NY,695,2,1,0,7815.0,90053.0
C0103735,Richard Mccormick,65+,16,NC,646,2,1,0,2868.0,84467.0
C0103736,Heather Stevens,35-44,17,OH,707,2,1,0,1315.0,84103.0
C0103737,Susan Larsen,55-64,4,CA,743,1,0,0,1027.0,124390.0
C0103738,Rachel Warren,55-64,18,MI,754,3,1,1,11605.0,173423.0
C0103739,Dale Beck,35-44,5,MI,657,2,1,0,442.0,122838.0
C0103740,Brett Rivera,35-44,19,NJ,772,3,1,1,19370.0,150425.0
C0103741,Juan Nichols,35-44,1,MA,676,1,0,0,14874.0,111067.0
C0103742,Shelia Waller,55-64,5,NJ,714,2,1,0,5635.0,77490.0
C0103743,Keith Wright,45-54,13,NJ,694,1,0,0,27773.0,121588.0
C0103744,Patrick Norris,25-34,11,NY,738,3,1,1,5931.0,103242.0
C0103745,Danielle Norris,55-64,14,OH,724,2,1,0,13390.0,65827.0
C0103746,Andrew Lynch,35-44,9,OH,750,2,1,0,773.0,408748.0
C0103747,Anna Lee,55-64,1,MA,802,4,1,1,550.0,156521.0
C0103748,Amy Leach,35-44,13,GA,737,1,0,0,6110.0,118857.0
C0103749,Amy Perez,35-44,11,NJ,694,2,1,0,13459.0,239057.0
C0103750,Lauren Marshall,25-34,11,NC,740,3,1,1,25344.0,30186.0
C0103751,Rachael Flores,45-54,8,CA,807,2,1,0,6550.0,352833.0
C0103752,Christina Wilson,45-54,18,MA,749,2,1,0,10893.0,82278.0
C0103753,Craig Daniels,55-64,16,NJ,762,4,1,1,20816.0,90262.0
C0103754,John Hudson,45-54,4,NY,648,2,1,0,6951.0,91555.0
C0103755,Shannon Rodriguez,35-44,1,CA,737,1,0,0,16395.0,228393.0
C0103756,Paula Lee,35-44,4,MA,707,1,0,0,2091.0,333758.0
C0103757,Lisa Bryant,35-44,1,PA,689,3,1,1,1110.0,302690.0
C0103758,Paul Guzman,65+,15,CA,718,1,0,0,4270.0,83309.0
C0103759,Christopher Hunter MD,35-44,13,MI,724,2,1,0,20531.0,56862.0
C0103760,Elizabeth Camacho,65+,10,CA,691,4,1,1,3452.0,103367.0
C0103761,Donald Hoffman,35-44,12,NY,728,3,1,1,17694.0,91635.0
C0103762,Jeremiah Rowland,25-34,17,AZ,712,1,0,0,2363.0,49448.0
C0103763,Katherine Flores,35-44,17,CA,751,3,1,1,4028.0,177213.0
C0103764,Julie Martin,25-34,9,VA,730,2,1,0,10834.0,39922.0
C0103765,Jeffrey Torres,55-64,12,MI,736,4,1,1,3638.0,165351.0
C0103766,Jessica Little,45-54,12,PA,764,2,1,0,4458.0,199378.0
C0103767,Catherine Maxwell,35-44,19,PA,744,2,1,0,354.0,154801.0
C0103768,Cindy Shaw,45-54,16,GA,719,1,0,0,22183.0,129438.0
C0103769,Joseph Garcia,45-54,7,GA,626,1,0,0,7028.0,282540.0
C0103770,Leon Duncan,65+,18,AZ,743,2,1,0,2606.0,92649.0
C0103771,Christopher Miranda,65+,8,NY,678,3,1,1,73067.0,102077.0
C0103772,Sarah Bishop,45-54,16,NC,716,2,1,0,3143.0,103819.0
C0103773,Tyler Zavala,55-64,20,NJ,736,3,1,1,4365.0,157599.0
C0103774,Rachel Chan,55-64,17,CA,779,1,0,0,2555.0,157859.0
C0103775,Timothy Kennedy,45-54,3,AZ,802,1,0,0,30471.0,115575.0
C0103776,Elizabeth Thomas,55-64,5,MA,678,2,1,0,45277.0,92359.0
C0103777,Hector Mcgee,25-34,16,TX,660,2,1,0,40162.0,266250.0
C0103778,Jeffery Long,55-64,3,NY,734,2,1,0,39705.0,55226.0
C0103779,Philip Powell,65+,1,VA,730,2,1,0,3957.0,507414.0
C0103780,Heather Trujillo,25-34,6,WA,665,1,0,0,60290.0,118884.0
C0103781,Pamela Smith,55-64,10,FL,719,2,1,0,6408.0,118042.0
C0103782,Christine Moran,65+,3,AZ,746,4,1,1,1273.0,147113.0
C0103783,James Morris,35-44,4,PA,664,3,1,1,4857.0,82210.0
C0103784,Erika Castro,45-54,7,PA,675,3,1,1,11982.0,93219.0
C0103785,Daniel Shaw,65+,12,IL,691,2,1,0,3738.0,66709.0
C0103786,Ashley Sanchez,65+,11,NJ,710,3,1,1,9665.0,84269.0
C0103787,John Griffith,25-34,16,NY,751,3,1,1,15428.0,91091.0
C0103788,Wesley Williams,35-44,20,NC,705,1,0,0,13263.0,62920.0
C0103789,Melissa Stout,45-54,1,TX,722,2,1,0,17786.0,141111.0
C0103790,Mr. Lawrence Brooks,35-44,14,FL,820,3,1,1,6529.0,123806.0
C0103791,Mark Hill,35-44,4,VA,676,3,1,1,3386.0,51042.0
C0103792,Thomas Rodriguez,25-34,8,IL,690,3,1,1,1388.0,87138.0
C0103793,Paul Nguyen,35-44,7,VA,750,1,0,0,7291.0,106160.0
C0103794,Jennifer Hernandez,45-54,15,VA,764,3,1,1,4253.0,196231.0
C0103795,Edwin Gonzalez,45-54,6,MA,738,1,0,0,7030.0,23347.0
C0103796,David Armstrong,45-54,18,FL,801,1,0,0,675.0,116611.0
C0103797,Debbie Schmidt,55-64,8,MA,734,2,1,0,1310.0,65935.0
C0103798,Alex Barton,35-44,17,AZ,631,2,1,0,14943.0,62280.0
C0103799,Richard Dawson,35-44,20,OH,724,2,1,0,1138.0,90120.0
C0103800,Scott Stein,25-34,11,FL,694,2,1,0,6451.0,169448.0
C0103801,Stephen Lopez,35-44,3,FL,782,3,1,1,2990.0,99781.0
C0103802,Joel Cook,35-44,15,GA,763,1,0,0,2771.0,50331.0
C0103803,Michele Scott,35-44,9,CA,648,1,0,0,8977.0,110650.0
C0103804,Allison Wilson,25-34,7,TX,780,2,1,0,8386.0,73497.0
C0103805,James Tucker,35-44,10,GA,762,4,1,1,15608.0,223305.0
C0103806,Joseph Durham,45-54,6,NC,705,3,1,1,2159.0,273832.0
C0103807,Alexis Kim,45-54,6,WA,716,1,0,0,2804.0,151731.0
C0103808,Jonathan Yates,65+,20,MA,782,2,1,0,31191.0,28250.0
C0103809,Katherine Andrews,55-64,6,PA,631,3,1,1,6188.0,113184.0
C0103810,Morgan Cunningham,45-54,10,PA,740,1,0,0,12570.0,159520.0
C0103811,Phyllis Schmidt,25-34,15,FL,769,2,1,0,4462.0,223869.0
C0103812,Sarah Miller,45-54,5,NY,716,2,1,0,13993.0,118518.0
C0103813,Lisa Kaiser,25-34,13,OH,749,2,1,0,409.0,67788.0
C0103814,Pamela Jordan,35-44,18,MA,724,1,0,0,32263.0,53275.0
C0103815,Jerry Gilmore,35-44,17,AZ,684,1,0,0,4692.0,68209.0
C0103816,Marie Jones,35-44,1,AZ,683,1,0,0,1810.0,72639.0
C0103817,Gina Rose,35-44,9,OH,752,2,1,0,2264.0,124415.0
C0103818,Samantha Reynolds,45-54,1,MI,691,1,0,0,5906.0,82332.0
C0103819,Kenneth Smith,55-64,13,NJ,651,2,1,0,7098.0,135952.0
C0103820,Alicia Perez,55-64,7,NY,725,2,1,0,9599.0,76852.0
C0103821,David Walker,45-54,18,OH,696,1,0,0,1937.0,106649.0
C0103822,Erin Ellis,45-54,4,NC,666,1,0,0,23050.0,81136.0
C0103823,Patricia Andrews,25-34,18,IL,723,1,0,0,4319.0,169987.0
C0103824,Spencer Camacho,55-64,7,GA,754,4,1,1,4068.0,279914.0
C0103825,Raymond Harris,45-54,19,OH,720,1,0,0,6176.0,327785.0
C0103826,Alexander Guzman,35-44,4,CA,672,2,1,0,17951.0,168596.0
C0103827,Penny Fernandez,35-44,6,VA,741,2,1,0,7780.0,132323.0
C0103828,Erin Stewart,65+,8,AZ,766,1,0,0,4227.0,60408.0
C0103829,Daniel Turner,45-54,20,VA,819,3,1,1,5495.0,234791.0
C0103830,Devin Mayer,45-54,15,MA,784,2,1,0,34996.0,33914.0
C0103831,Henry Taylor,45-54,17,OH,674,2,1,0,28752.0,218289.0
C0103832,Jessica Flowers,35-44,12,CA,758,1,0,0,12569.0,128024.0
C0103833,Jeremy Manning,45-54,16,PA,731,1,0,0,9685.0,35094.0
C0103834,Jamie Griffin,35-44,13,WA,668,1,0,0,130135.0,131938.0
C0103835,Daniel James,35-44,14,FL,732,2,1,0,14132.0,104753.0
C0103836,Anna Thompson,45-54,17,NC,806,4,1,1,10064.0,37326.0
C0103837,Misty Martinez,25-34,20,CA,773,2,1,0,6358.0,102613.0
C0103838,Barbara Burns,55-64,12,PA,674,1,0,0,12434.0,103927.0
C0103839,Nicole Stewart,35-44,9,TX,720,1,0,0,210.0,113994.0
C0103840,William Marsh,45-54,14,TX,742,2,1,0,27813.0,54813.0
C0103841,David Rodriguez,45-54,15,FL,642,1,0,0,1761.0,142226.0
C0103842,Adam Lara,45-54,20,NC,643,2,1,0,3423.0,87507.0
C0103843,Scott Gomez,45-54,14,NJ,726,4,1,1,1510.0,236178.0
C0103844,Sara Hamilton,65+,20,PA,727,2,1,0,3349.0,196837.0
C0103845,Elizabeth Key,45-54,15,WA,637,1,0,0,5386.0,184641.0
C0103846,Mason Price,55-64,20,IL,737,1,0,0,23558.0,295630.0
C0103847,Trevor Hill,55-64,16,VA,768,2,1,0,38058.0,173889.0
C0103848,Erica Taylor,35-44,18,GA,710,1,0,0,83227.0,112904.0
C0103849,Justin Anderson,35-44,4,NJ,722,3,1,1,9161.0,29838.0
C0103850,Michael Farmer,35-44,20,MA,745,2,1,0,6230.0,120995.0
C0103851,Robert Cline,35-44,7,MA,739,2,1,0,20650.0,255996.0
C0103852,Jacqueline Perry,35-44,16,NC,644,3,1,1,2907.0,202746.0
C0103853,Christopher Mayer,35-44,8,MA,679,1,0,0,2543.0,98924.0
C0103854,Natalie Patrick,45-54,10,NJ,702,1,0,0,5215.0,141940.0
C0103855,Shawn Rodriguez,35-44,15,PA,681,2,1,0,7781.0,84042.0
C0103856,Jonathan Torres,55-64,11,MA,786,1,0,0,678.0,49981.0
C0103857,Susan Baker,35-44,15,FL,748,1,0,0,29154.0,81373.0
C0103858,Richard Rivera,55-64,2,GA,670,4,1,1,10809.0,233492.0
C0103859,Amanda Wiggins,25-34,17,FL,710,3,1,1,21117.0,141575.0
C0103860,Amber Bennett,45-54,9,VA,770,1,0,0,1231.0,147561.0
C0103861,Kelly Moore,25-34,16,AZ,690,3,1,1,3648.0,83207.0
C0103862,Steven Davis,45-54,6,WA,758,1,0,0,3433.0,33067.0
C0103863,Ashley Alvarez DVM,35-44,12,TX,782,3,1,1,6353.0,70591.0
C0103864,Kimberly Taylor,65+,12,PA,774,2,1,0,7783.0,213799.0
C0103865,Mallory Collins,35-44,3,IL,728,2,1,0,23006.0,91546.0
C0103866,Steven Anderson,45-54,10,TX,776,2,1,0,9123.0,137673.0
C0103867,Holly Austin,35-44,13,GA,696,1,0,0,3329.0,48483.0
C0103868,Karen Goodman,45-54,17,CA,820,4,1,1,111888.0,65114.0
C0103869,Christina Robinson,45-54,18,MI,730,1,0,0,5892.0,114053.0
C0103870,Tom Perez,35-44,8,NC,771,4,1,1,2729.0,108005.0
C0103871,Brandon Powell,35-44,13,NC,703,1,0,0,844.0,45887.0
C0103872,Ashley Perez,25-34,4,AZ,742,1,0,0,9032.0,175181.0
C0103873,Matthew Murphy,25-34,18,VA,744,1,0,0,18563.0,14597.0
C0103874,Mary Meyer,65+,18,NY,678,2,1,0,2063.0,103447.0
C0103875,Sophia Wolf,35-44,20,NC,676,2,1,0,17154.0,54462.0
C0103876,Javier Stanley,25-34,10,WA,710,2,1,0,8959.0,83920.0
C0103877,Taylor Johnson,65+,8,WA,769,3,1,1,965.0,95627.0
C0103878,Janice Williams,25-34,16,MI,637,2,1,0,17168.0,234534.0
C0103879,Christopher Thomas,35-44,15,TX,703,2,1,0,5895.0,115904.0
C0103880,Robert Martin,55-64,5,OH,778,1,0,0,2098.0,93929.0
C0103881,Kenneth Webb,65+,11,WA,664,2,1,0,25547.0,77131.0
C0103882,Mark Montoya,55-64,13,TX,776,4,1,1,24970.0,70550.0
C0103883,Jodi Lewis,45-54,10,NC,669,2,1,0,2044.0,73737.0
C0103884,Kimberly Wilson,65+,8,NC,678,2,1,0,11524.0,167583.0
C0103885,Randy Bradshaw,25-34,5,NY,713,1,0,0,10342.0,86286.0
C0103886,Steven Scott,65+,9,IL,804,1,0,0,7469.0,62967.0
C0103887,Katherine Dunn,55-64,5,MA,691,2,1,0,4364.0,144429.0
C0103888,Mary Peterson,65+,7,NC,642,1,0,0,6781.0,78294.0
C0103889,Amy Diaz,35-44,4,MA,656,3,1,1,24989.0,252597.0
C0103890,Traci Martinez,25-34,8,GA,761,1,0,0,13240.0,125226.0
C0103891,Jim Rodriguez,45-54,13,WA,659,1,0,0,802.0,120900.0
C0103892,Elizabeth Marks,45-54,8,MI,773,1,0,0,619.0,119215.0
C0103893,Jeffrey Joyce,45-54,3,AZ,723,2,1,0,873.0,179454.0
C0103894,Sean Wagner,65+,17,PA,718,3,1,1,1588.0,158053.0
C0103895,Todd Lutz,45-54,9,IL,733,4,1,1,3274.0,118149.0
C0103896,Ryan Walker,35-44,12,CA,683,2,1,0,4707.0,72706.0
C0103897,Nicholas Gomez,35-44,11,NY,726,1,0,0,7490.0,126665.0
C0103898,Brittany Heath,25-34,11,FL,666,3,1,1,7781.0,122016.0
C0103899,Rebecca Cox,35-44,9,FL,780,2,1,0,7644.0,55789.0
C0103900,Travis Schmidt,25-34,16,PA,673,2,1,0,31964.0,48504.0
C0103901,Brett Martin,55-64,18,AZ,739,2,1,0,1084.0,73502.0
C0103902,Lisa Bridges,55-64,19,IL,673,2,1,0,12097.0,52179.0
C0103903,Brittany Dunlap,45-54,9,WA,696,1,0,0,12027.0,101803.0
C0103904,Shannon Ramirez,35-44,7,WA,703,1,0,0,1781.0,91564.0
C0103905,Tiffany Phillips,45-54,2,MA,820,4,1,1,15376.0,114113.0
C0103906,Valerie English,55-64,9,GA,719,1,0,0,12671.0,185345.0
C0103907,Chad Hurley,55-64,20,WA,683,1,0,0,7693.0,144308.0
C0103908,David Peters,45-54,6,OH,699,1,0,0,445.0,140495.0
C0103909,Thomas Austin,55-64,17,MI,652,1,0,0,25759.0,219997.0
C0103910,Amy Jenkins,45-54,16,WA,712,4,1,1,10636.0,108226.0
C0103911,Rodney Duran,45-54,14,FL,803,1,0,0,13152.0,36349.0
C0103912,Tiffany Sanchez,55-64,12,CA,735,2,1,0,139.0,50538.0
C0103913,Maria Myers,35-44,16,FL,760,3,1,1,4282.0,140409.0
C0103914,Ruben Jones,35-44,2,NJ,679,1,0,0,1450.0,132873.0
C0103915,Desiree Stafford,35-44,3,GA,710,1,0,0,38258.0,177520.0
C0103916,Patrick Blackburn,45-54,4,PA,729,1,0,0,2152.0,570289.0
C0103917,Jeremy Chambers,45-54,16,VA,687,1,0,0,47816.0,118818.0
C0103918,Alexandra Wilson,45-54,9,CA,738,1,0,0,25423.0,117388.0
C0103919,Brian Fuller,35-44,5,FL,747,2,1,0,10568.0,142471.0
C0103920,Matthew Evans,35-44,1,GA,744,1,0,0,31649.0,67533.0
C0103921,Patrick Gibson,55-64,10,AZ,713,2,1,0,2609.0,177455.0
C0103922,William Lozano,35-44,8,VA,769,4,1,1,3235.0,58369.0
C0103923,Dillon Travis,65+,4,NJ,708,1,0,0,24510.0,287214.0
C0103924,Steven Rodriguez,35-44,1,NJ,704,1,0,0,2623.0,56053.0
C0103925,Kevin Walter,45-54,16,PA,784,1,0,0,1651.0,112076.0
C0103926,Rebecca Blake,45-54,16,OH,670,1,0,0,5511.0,91039.0
C0103927,Brian Bright,55-64,5,AZ,643,2,1,0,2811.0,64446.0
C0103928,Linda Cox,25-34,10,NJ,680,2,1,0,75998.0,158553.0
C0103929,Mary Copeland,65+,6,NC,737,1,0,0,20546.0,116149.0
C0103930,Jennifer Little,45-54,9,TX,777,1,0,0,4060.0,210196.0
C0103931,Diana Ramsey,45-54,3,NJ,690,1,0,0,2437.0,96104.0
C0103932,David Romero,45-54,19,IL,801,2,1,0,12166.0,94267.0
C0103933,Russell Bird,25-34,15,IL,721,2,1,0,33693.0,356357.0
C0103934,Brian Shaffer,45-54,19,NJ,714,3,1,1,11488.0,57353.0
C0103935,Jon Garza,35-44,6,IL,681,2,1,0,2588.0,72780.0
C0103936,Ashley Norman,35-44,18,NC,807,2,1,0,1445.0,34269.0
C0103937,Kristina Monroe,45-54,11,CA,713,2,1,0,5148.0,90660.0
C0103938,Joseph Schaefer,45-54,4,FL,660,1,0,0,11837.0,159692.0
C0103939,Kyle Garza,25-34,7,NC,820,2,1,0,4607.0,159013.0
C0103940,Tiffany Johnston,25-34,17,MA,737,2,1,0,27153.0,135254.0
C0103941,Phillip Ward,35-44,16,VA,755,2,1,0,15254.0,80977.0
C0103942,Stephanie Fisher,35-44,15,OH,795,2,1,0,10773.0,112597.0
C0103943,Patrick Reed,45-54,5,MA,747,2,1,0,14897.0,102585.0
C0103944,Sarah Berry,35-44,13,PA,763,3,1,1,1530.0,107189.0
C0103945,Teresa Li,55-64,19,AZ,722,1,0,0,4457.0,38263.0
C0103946,Paula Caldwell,35-44,1,OH,753,2,1,0,2326.0,89222.0
C0103947,Keith Johnson,25-34,7,TX,718,1,0,0,12852.0,50611.0
C0103948,Annette Knapp,55-64,2,CA,719,1,0,0,2368.0,40420.0
C0103949,Monica Atkinson,35-44,3,MA,725,1,0,0,8940.0,47613.0
C0103950,Robert Cooper,35-44,20,MI,702,2,1,0,6651.0,146187.0
C0103951,Danielle Griffin,65+,5,FL,742,2,1,0,16647.0,59973.0
C0103952,Jimmy Ritter,65+,4,MA,742,3,1,1,1928.0,127176.0
C0103953,Riley Clark,55-64,2,CA,756,2,1,0,13934.0,79115.0
C0103954,Kimberly Morris,25-34,20,IL,748,3,1,1,2245.0,114761.0
C0103955,Gregory Ochoa,45-54,10,VA,810,3,1,1,2547.0,148096.0
C0103956,Shannon Cook,65+,16,CA,767,1,0,0,6829.0,71182.0
C0103957,Natalie Huff,65+,6,AZ,710,3,1,1,33969.0,204038.0
C0103958,Ronald Garcia,25-34,13,NJ,740,1,0,0,2952.0,275263.0
C0103959,Margaret Edwards,35-44,18,MA,783,1,0,0,960.0,81587.0
C0103960,Cody Reyes III,35-44,14,WA,677,4,1,1,2606.0,43003.0
C0103961,Heather Shaffer,25-34,11,WA,810,1,0,0,5104.0,220559.0
C0103962,Nicole Chung,45-54,5,NY,685,4,1,1,76333.0,45258.0
C0103963,Brian Perkins,35-44,5,NY,760,3,1,1,12913.0,136526.0
C0103964,Melody Castro,35-44,12,NY,720,3,1,1,3282.0,90009.0
C0103965,Kimberly Sanders,25-34,10,FL,717,2,1,0,6840.0,168994.0
C0103966,Christina Davis,45-54,1,MI,661,2,1,0,53378.0,107057.0
C0103967,Sherri Sullivan,35-44,4,CA,760,2,1,0,6073.0,134912.0
C0103968,Mike Patel,35-44,9,OH,662,2,1,0,6161.0,75747.0
C0103969,Thomas Garcia,25-34,4,NC,655,3,1,1,4981.0,200747.0
C0103970,Robin Clay,65+,12,NC,772,2,1,0,18681.0,70966.0
C0103971,Kelly Miller,25-34,7,GA,800,2,1,0,4314.0,182627.0
C0103972,Mrs. Amanda Kelley DDS,45-54,6,NY,689,4,1,1,23081.0,136584.0
C0103973,Johnny Whitaker,35-44,3,TX,765,2,1,0,29008.0,37138.0
C0103974,Mrs. Courtney Wong,25-34,11,MA,755,3,1,1,16919.0,129229.0
C0103975,Adam Sanchez,35-44,4,OH,715,1,0,0,6192.0,163537.0
C0103976,Logan Massey,25-34,13,NC,780,1,0,0,1513.0,67791.0
C0103977,Juan Carroll,25-34,19,NC,712,2,1,0,6193.0,90215.0
C0103978,Ryan Carpenter,45-54,19,IL,743,2,1,0,3633.0,119550.0
C0103979,Stacy Werner,45-54,14,NJ,663,3,1,1,3182.0,94689.0
C0103980,Michelle Holden,25-34,17,IL,665,1,0,0,6080.0,156992.0
C0103981,Deborah Wood,35-44,19,OH,772,1,0,0,14401.0,119134.0
C0103982,Taylor Flores,45-54,14,WA,744,3,1,1,3838.0,62596.0
C0103983,Tyler Taylor,35-44,6,PA,713,2,1,0,1557.0,356114.0
C0103984,Victoria Wright,35-44,11,NJ,805,2,1,0,2564.0,48943.0
C0103985,Betty Pollard,25-34,18,MI,805,1,0,0,61600.0,40114.0
C0103986,Katie Alvarez,35-44,14,CA,739,4,1,1,15654.0,95491.0
C0103987,Robert Munoz,45-54,8,NJ,654,4,1,1,2568.0,216013.0
C0103988,Michelle Newman,65+,4,WA,714,2,1,0,38056.0,178899.0
C0103989,Victoria Marshall,65+,3,PA,682,1,0,0,6076.0,192782.0
C0103990,Amy Montgomery,65+,8,AZ,724,4,1,1,124696.0,158612.0
C0103991,Jeffrey Benton Jr.,35-44,17,CA,677,3,1,1,11097.0,179797.0
C0103992,Kristin Brown,25-34,12,FL,666,2,1,0,15972.0,138532.0
C0103993,Sean Hernandez,35-44,2,MA,618,2,1,0,22131.0,129239.0
C0103994,Ana Higgins,35-44,19,WA,727,2,1,0,48203.0,215696.0
C0103995,Theresa Luna,25-34,9,VA,616,1,0,0,4785.0,197065.0
C0103996,Katherine Padilla,25-34,8,MI,705,2,1,0,43454.0,34047.0
C0103997,Victoria Lewis,45-54,17,NY,751,2,1,0,3833.0,189008.0
C0103998,Joshua Leonard,35-44,8,GA,687,2,1,0,5251.0,79051.0
C0103999,Kelly Liu,35-44,13,NC,671,3,1,1,8190.0,125079.0
C0104000,Brianna Ryan,55-64,19,TX,716,2,1,0,24453.0,56974.0
C0104001,Emily Smith,35-44,11,NC,682,3,1,1,5452.0,96588.0
C0104002,Michelle Howard,55-64,13,TX,728,1,0,0,58739.0,97835.0
C0104003,William Austin,35-44,8,TX,673,4,1,1,39805.0,139670.0
C0104004,Monica Oconnor,45-54,18,FL,715,1,0,0,8497.0,99679.0
C0104005,Kyle Blake,35-44,2,FL,704,1,0,0,2542.0,42140.0
C0104006,Christopher Banks,45-54,6,TX,719,2,1,0,26939.0,102044.0
C0104007,Bryan Davis DVM,35-44,20,MA,793,1,0,0,655.0,110551.0
C0104008,Tiffany Hughes,35-44,10,WA,728,1,0,0,19723.0,183322.0
C0104009,Michael Taylor,45-54,4,GA,742,3,1,1,3015.0,133094.0
C0104010,Brendan Kelly,35-44,9,IL,691,1,0,0,36589.0,93422.0
C0104011,Sherry Porter,35-44,6,FL,730,3,1,1,1536.0,134459.0
C0104012,James Perez,65+,11,MA,707,1,0,0,3661.0,335007.0
C0104013,Miss Gina Walton,25-34,5,VA,721,2,1,0,13709.0,218427.0
C0104014,Alicia Obrien,45-54,8,VA,749,2,1,0,16679.0,50663.0
C0104015,Mrs. Jacqueline Jackson,45-54,19,GA,697,2,1,0,3823.0,428750.0
C0104016,Kendra Smith,35-44,2,CA,702,2,1,0,5440.0,111796.0
C0104017,Alexander Stein,45-54,16,MI,698,2,1,0,25417.0,295688.0
C0104018,Shannon Sosa,25-34,2,GA,697,1,0,0,27123.0,60179.0
C0104019,Marc White,55-64,10,PA,727,1,0,0,5313.0,93136.0
C0104020,Gregory Wiggins,35-44,14,PA,703,2,1,0,3911.0,167753.0
C0104021,Linda Berry,35-44,20,CA,787,2,1,0,1567.0,72678.0
C0104022,Michelle Hobbs,35-44,6,AZ,820,2,1,0,10986.0,155441.0
C0104023,Charles Fuentes,65+,2,FL,694,1,0,0,21486.0,238239.0
C0104024,Andrew Medina,55-64,16,WA,733,3,1,1,9717.0,93544.0
C0104025,Teresa Aguirre,65+,18,MA,766,1,0,0,2670.0,123730.0
C0104026,Eddie Bailey,45-54,12,CA,708,4,1,1,69136.0,173298.0
C0104027,Joseph Mccullough,45-54,2,MI,675,1,0,0,649.0,52033.0
C0104028,Mr. Zachary Mora DVM,45-54,11,TX,798,4,1,1,23246.0,73676.0
C0104029,Kimberly Price,65+,8,WA,750,2,1,0,10510.0,189800.0
C0104030,Bruce Spencer,45-54,10,GA,734,2,1,0,14220.0,65321.0
C0104031,Jacob Allen,35-44,2,CA,785,1,0,0,3152.0,227695.0
C0104032,Chelsea Powell,45-54,7,VA,754,4,1,1,6749.0,153782.0
C0104033,Thomas Morse,45-54,20,VA,717,1,0,0,11522.0,157103.0
C0104034,Susan Zimmerman,25-34,1,AZ,676,3,1,1,7310.0,50415.0
C0104035,Annette Meyer,35-44,19,GA,697,1,0,0,942.0,48849.0
C0104036,Erica Rose,35-44,11,AZ,774,2,1,0,63260.0,289904.0
C0104037,Kim Long,55-64,12,MI,750,3,1,1,17681.0,106719.0
C0104038,Christina Flores,35-44,19,GA,711,2,1,0,8447.0,165377.0
C0104039,Craig Raymond,55-64,5,IL,799,2,1,0,9126.0,342146.0
C0104040,Jeffrey Miller,35-44,20,PA,712,3,1,1,61113.0,150313.0
C0104041,Brian Hoffman,55-64,6,MI,764,2,1,0,3323.0,96782.0
C0104042,Elizabeth Gay,25-34,7,VA,729,1,0,0,2535.0,108563.0
C0104043,Patricia Hale,65+,9,CA,806,2,1,0,22474.0,39465.0
C0104044,Amanda Arroyo,45-54,13,OH,753,3,1,1,14118.0,57984.0
C0104045,Kevin Mccullough,35-44,7,CA,722,1,0,0,2412.0,141225.0
C0104046,Margaret Stevenson,35-44,16,IL,711,2,1,0,29924.0,191200.0
C0104047,Amber Turner,35-44,1,VA,719,1,0,0,11544.0,91473.0
C0104048,Victor Williams,35-44,14,NJ,687,4,1,1,2759.0,198218.0
C0104049,Shelly Rodgers,55-64,14,TX,658,2,1,0,14594.0,163113.0
C0104050,Cassandra Wood,65+,11,NJ,733,2,1,0,12196.0,88584.0
C0104051,Susan Garcia,45-54,13,CA,695,3,1,1,7291.0,84660.0
C0104052,Stephanie Joseph,45-54,15,CA,695,3,1,1,12851.0,66446.0
C0104053,Dalton Clark,35-44,19,AZ,716,1,0,0,17179.0,188634.0
C0104054,Alexis Weeks,55-64,5,CA,722,1,0,0,24271.0,124471.0
C0104055,Michael Glass,55-64,10,NY,720,2,1,0,9217.0,175086.0
C0104056,David Cervantes,35-44,12,TX,798,1,0,0,5856.0,50747.0
C0104057,Victoria Benitez,65+,7,NC,749,1,0,0,10795.0,23562.0
C0104058,Jacqueline Monroe,35-44,20,GA,814,2,1,0,33828.0,186649.0
C0104059,Charles Sanchez,55-64,11,WA,700,1,0,0,17256.0,46542.0
C0104060,Sonia Henderson,65+,12,MA,755,1,0,0,5475.0,40948.0
C0104061,Sharon Sims,55-64,4,VA,702,1,0,0,8663.0,79030.0
C0104062,Shawn Doyle,35-44,9,GA,694,1,0,0,59802.0,266796.0
C0104063,Michael Perry,45-54,13,CA,816,2,1,0,19913.0,293477.0
C0104064,Donald Santana,25-34,9,AZ,685,1,0,0,9722.0,171589.0
C0104065,Katherine Greene,55-64,16,NC,619,1,0,0,31839.0,101764.0
C0104066,Jennifer Dominguez,35-44,3,NY,688,3,1,1,4223.0,320263.0
C0104067,Matthew Walker,45-54,4,NC,629,2,1,0,12024.0,80314.0
C0104068,Ashley Barrera,65+,7,IL,677,3,1,1,76937.0,63749.0
C0104069,Clifford Murphy DVM,35-44,7,IL,681,4,1,1,17752.0,46001.0
C0104070,Michael Arias,35-44,17,OH,721,2,1,0,56671.0,127213.0
C0104071,Joshua Mitchell,45-54,18,VA,627,3,1,1,7328.0,54285.0
C0104072,Ashley Wilson,35-44,10,FL,773,1,0,0,4576.0,277109.0
C0104073,Stacey Clements,35-44,11,MA,635,2,1,0,32606.0,92203.0
C0104074,Kathleen Martinez,25-34,6,CA,714,2,1,0,903.0,67232.0
C0104075,Julie Rodriguez MD,35-44,11,FL,705,2,1,0,10059.0,208396.0
C0104076,Cathy Farmer,45-54,15,NJ,757,1,0,0,27919.0,181856.0
C0104077,Dana Gilbert,45-54,15,FL,735,4,1,1,15915.0,258752.0
C0104078,Charles Harper,35-44,20,VA,773,2,1,0,650.0,51871.0
C0104079,Timothy Wang,45-54,12,VA,703,3,1,1,1611.0,41392.0
C0104080,Daniel Stewart,35-44,7,OH,699,4,1,1,7064.0,72522.0
C0104081,Tiffany Peterson,35-44,2,OH,738,3,1,1,14326.0,28434.0
C0104082,Tammy Bell,55-64,14,MA,766,1,0,0,15017.0,57635.0
C0104083,Mathew Myers,35-44,17,VA,757,2,1,0,8043.0,107354.0
C0104084,Edgar Brown,45-54,12,MI,734,2,1,0,19463.0,19614.0
C0104085,Cory Barrett,65+,19,FL,730,2,1,0,13688.0,149992.0
C0104086,Seth Jones,45-54,7,NC,718,2,1,0,6944.0,65264.0
C0104087,Joseph Hawkins,45-54,2,CA,738,2,1,0,15446.0,257415.0
C0104088,Victor Brown,25-34,13,NY,811,4,1,1,3726.0,185580.0
C0104089,Jennifer Ferguson,35-44,3,NJ,709,1,0,0,17399.0,128150.0
C0104090,Carolyn Cantu,25-34,2,OH,703,1,0,0,2933.0,40143.0
C0104091,Charles Garcia,55-64,15,MA,700,2,1,0,14544.0,69719.0
C0104092,James Hart,55-64,9,MA,737,2,1,0,14121.0,117628.0
C0104093,Patricia Wilson,35-44,13,TX,624,4,1,1,5661.0,58641.0
C0104094,Mark Elliott,35-44,15,AZ,713,3,1,1,17360.0,333755.0
C0104095,Matthew Bartlett,35-44,8,WA,759,2,1,0,51598.0,135478.0
C0104096,Maria Campbell,45-54,13,TX,696,2,1,0,2383.0,72522.0
C0104097,Joanna Adkins,45-54,11,IL,728,3,1,1,25464.0,308031.0
C0104098,Lisa Reed,45-54,12,MA,814,1,0,0,29846.0,106980.0
C0104099,Jordan Calhoun MD,65+,15,CA,734,1,0,0,6319.0,232888.0
C0104100,Heather Thomas,35-44,8,CA,619,2,1,0,21186.0,264320.0
C0104101,Carrie Coffey,45-54,11,GA,656,1,0,0,5970.0,165263.0
C0104102,Dr. Isabel Smith PhD,45-54,12,MA,708,4,1,1,36587.0,73603.0
C0104103,Joe Page,35-44,3,PA,683,1,0,0,303.0,92431.0
C0104104,Crystal Morales,65+,5,VA,724,2,1,0,45884.0,834722.0
C0104105,Heather Mcmahon,25-34,2,NJ,706,4,1,1,2133.0,87462.0
C0104106,Jason Quinn,55-64,4,FL,772,1,0,0,9027.0,56661.0
C0104107,James Cox,55-64,9,PA,670,1,0,0,3051.0,91811.0
C0104108,James Cummings,65+,19,MI,710,1,0,0,48816.0,71138.0
C0104109,Daniel Lee,45-54,19,GA,729,4,1,1,6156.0,179772.0
C0104110,Shane Hopkins,35-44,16,NY,735,4,1,1,4228.0,65416.0
C0104111,Stephanie Kelley,55-64,12,NY,726,2,1,0,31077.0,75426.0
C0104112,Jennifer Schneider,55-64,5,NC,611,3,1,1,19508.0,42289.0
C0104113,Charles Rodriguez,45-54,8,WA,723,3,1,1,5430.0,93795.0
C0104114,Elizabeth Wall,55-64,16,OH,713,1,0,0,2467.0,49140.0
C0104115,Loretta Williams,35-44,19,AZ,758,1,0,0,2098.0,130314.0
C0104116,Juan Moore,45-54,20,NJ,752,3,1,1,37425.0,70731.0
C0104117,Joseph White,55-64,8,OH,730,1,0,0,13396.0,283927.0
C0104118,Michael Cruz,35-44,10,NJ,734,2,1,0,9978.0,248125.0
C0104119,Denise Reese,45-54,11,OH,780,1,0,0,14628.0,38587.0
C0104120,Brittney Morales,65+,2,VA,771,2,1,0,782.0,142473.0
C0104121,Christina Jenkins,55-64,3,MA,732,1,0,0,5489.0,96786.0
C0104122,Sean Anderson,55-64,1,VA,816,1,0,0,5667.0,205601.0
C0104123,Emily Fitzpatrick,35-44,15,FL,691,1,0,0,26309.0,199523.0
C0104124,Nancy Liu,65+,5,TX,666,4,1,1,1390.0,259723.0
C0104125,Rachel Miller,35-44,15,WA,719,1,0,0,28692.0,76839.0
C0104126,Scott Brown,45-54,8,WA,703,2,1,0,69794.0,63143.0
C0104127,Emily Winters,45-54,16,NC,609,2,1,0,1030.0,25112.0
C0104128,Chris Lewis,55-64,3,NY,690,1,0,0,8267.0,442487.0
C0104129,Heidi Blankenship,65+,7,AZ,735,3,1,1,14753.0,207318.0
C0104130,Sandra Alvarez,55-64,5,OH,717,1,0,0,23102.0,227026.0
C0104131,Donna Garcia,45-54,9,PA,685,2,1,0,603.0,62371.0
C0104132,Stephanie Hernandez,35-44,12,IL,721,2,1,0,12151.0,87707.0
C0104133,Joseph Montgomery,45-54,4,PA,725,3,1,1,6232.0,44972.0
C0104134,Juan Harrison,45-54,14,PA,752,3,1,1,5768.0,146967.0
C0104135,Miss Stephanie Cherry,25-34,20,PA,691,1,0,0,97039.0,130994.0
C0104136,Bridget Wallace,45-54,1,NJ,759,3,1,1,6256.0,50553.0
C0104137,Brandy James,55-64,2,CA,670,3,1,1,13903.0,49940.0
C0104138,Christopher Smith,55-64,20,IL,697,4,1,1,7014.0,201818.0
C0104139,Sabrina Galvan,55-64,13,FL,796,4,1,1,10823.0,99452.0
C0104140,Catherine Shannon,35-44,19,MI,673,3,1,1,15727.0,261436.0
C0104141,Theresa Knight,45-54,15,MA,690,2,1,0,23671.0,103666.0
C0104142,Victoria Tanner,25-34,15,VA,663,1,0,0,3190.0,125695.0
C0104143,Chad Evans,35-44,4,NY,682,3,1,1,9732.0,164584.0
C0104144,Chase Haney,45-54,11,GA,726,4,1,1,10153.0,148708.0
C0104145,Maureen Nixon,35-44,8,CA,751,1,0,0,1121.0,123977.0
C0104146,Michael Rush,25-34,17,OH,719,2,1,0,2580.0,346943.0
C0104147,Larry Lloyd,45-54,1,PA,705,1,0,0,23603.0,100808.0
C0104148,Steven Butler,35-44,1,GA,664,1,0,0,4657.0,31247.0
C0104149,Samuel Lee,35-44,12,OH,687,2,1,0,186168.0,122836.0
C0104150,Joseph Moon,35-44,20,NJ,650,1,0,0,25737.0,253045.0
C0104151,Taylor Williams II,45-54,20,NC,753,3,1,1,13936.0,81408.0
C0104152,Jerry Hamilton,35-44,12,MA,756,1,0,0,49636.0,119057.0
C0104153,Paul Wolf,45-54,9,TX,718,2,1,0,20481.0,44291.0
C0104154,Bobby Arnold,45-54,6,MA,739,2,1,0,10108.0,307900.0
C0104155,William Weber,25-34,20,VA,759,3,1,1,1485.0,64803.0
C0104156,Alicia James,65+,4,NJ,724,1,0,0,18005.0,82604.0
C0104157,Jamie Johnson,25-34,3,WA,782,1,0,0,43306.0,75209.0
C0104158,Melissa Rogers,45-54,11,CA,673,2,1,0,3978.0,143383.0
C0104159,Sarah Mueller,35-44,8,NY,704,3,1,1,906.0,136222.0
C0104160,Gordon Hahn,45-54,10,CA,698,2,1,0,2246.0,128884.0
C0104161,Kristen Burns,35-44,19,VA,749,2,1,0,66892.0,115553.0
C0104162,Thomas Sellers,55-64,6,IL,655,4,1,1,8922.0,61128.0
C0104163,Melvin Flores,35-44,18,IL,785,1,0,0,46710.0,135033.0
C0104164,Ashley Cochran,45-54,5,MI,745,1,0,0,8290.0,101677.0
C0104165,Ashley Jones,35-44,7,OH,798,4,1,1,4466.0,105840.0
C0104166,Christian Solis,25-34,1,MI,718,3,1,1,104979.0,103722.0
C0104167,Sharon Smith,35-44,14,MA,695,1,0,0,5188.0,88134.0
C0104168,Robert Berg,45-54,18,PA,749,3,1,1,6010.0,158247.0
C0104169,Brooke Sims,45-54,18,AZ,766,1,0,0,14083.0,21261.0
C0104170,Julia Marks,65+,4,GA,687,3,1,1,5721.0,194524.0
C0104171,Ashley Martinez,55-64,16,IL,630,2,1,0,20616.0,104761.0
C0104172,Christina Reese,65+,3,AZ,637,2,1,0,13837.0,106606.0
C0104173,Brandon Bean,35-44,13,GA,731,4,1,1,14511.0,124612.0
C0104174,Rickey Hall,55-64,15,TX,789,3,1,1,3866.0,173048.0
C0104175,Bobby Flores,45-54,4,PA,661,1,0,0,1102.0,292805.0
C0104176,Karen Gonzalez,45-54,3,WA,707,3,1,1,2985.0,269427.0
C0104177,Lisa Lopez MD,65+,2,GA,704,3,1,1,3318.0,179144.0
C0104178,Sharon Brown,45-54,15,NC,806,2,1,0,11512.0,128386.0
C0104179,Aaron Thompson,55-64,13,NJ,820,1,0,0,3047.0,162311.0
C0104180,Charles Weaver,55-64,3,FL,739,1,0,0,1396.0,43225.0
C0104181,Melissa Warner,25-34,11,TX,760,4,1,1,2047.0,141784.0
C0104182,Cody Morris,45-54,16,OH,759,2,1,0,12902.0,166263.0
C0104183,Carla Reid DDS,45-54,5,AZ,662,2,1,0,18488.0,53287.0
C0104184,Katie Mitchell,65+,13,TX,751,2,1,0,4412.0,85109.0
C0104185,Roger Moss,55-64,6,NJ,674,1,0,0,5014.0,134400.0
C0104186,Mary Donaldson,25-34,6,MA,712,1,0,0,16929.0,148318.0
C0104187,Paul Brown,25-34,8,TX,771,1,0,0,9883.0,215032.0
C0104188,Gregory Quinn,25-34,8,TX,723,1,0,0,33634.0,309607.0
C0104189,Sabrina Miller,45-54,10,AZ,769,3,1,1,6706.0,108356.0
C0104190,Michelle Smith,25-34,5,TX,778,1,0,0,2988.0,67546.0
C0104191,Anita Chapman,55-64,8,VA,640,1,0,0,29843.0,184338.0
C0104192,Heather Becker,45-54,13,VA,622,2,1,0,5577.0,265999.0
C0104193,Andrea Baker,55-64,8,PA,772,3,1,1,3145.0,238349.0
C0104194,Joanne Harmon,35-44,14,PA,774,1,0,0,23656.0,137685.0
C0104195,Mr. Phillip Edwards,45-54,3,GA,731,1,0,0,46124.0,313295.0
C0104196,Mrs. Laurie Williams MD,25-34,3,GA,737,3,1,1,10096.0,98143.0
C0104197,Joel Mclean,55-64,18,WA,760,2,1,0,2428.0,306095.0
C0104198,Valerie Ford,35-44,10,NC,759,2,1,0,51110.0,69227.0
C0104199,Jodi Thomas,25-34,13,MA,706,1,0,0,12734.0,39415.0
C0104200,Jennifer Johnson,35-44,15,NY,763,3,1,1,10548.0,62071.0
C0104201,Eugene Fritz,55-64,3,PA,704,2,1,0,4990.0,84535.0
C0104202,Jennifer Smith,25-34,20,NY,730,3,1,1,31439.0,137718.0
C0104203,Mary Thompson,45-54,9,MI,729,4,1,1,2143.0,69364.0
C0104204,Catherine Davis,55-64,18,CA,681,3,1,1,1911.0,148784.0
C0104205,Chris Rogers,55-64,9,WA,686,1,0,0,78701.0,169177.0
C0104206,James Torres,35-44,9,VA,820,3,1,1,2879.0,157231.0
C0104207,Kirsten Perez,25-34,13,MA,679,2,1,0,25633.0,119158.0
C0104208,Dr. Jeffrey Valentine,35-44,4,MA,736,1,0,0,42367.0,227852.0
C0104209,Wayne Brown,35-44,13,TX,746,1,0,0,10427.0,31295.0
C0104210,Andrea Morris,45-54,20,VA,717,1,0,0,2815.0,58728.0
C0104211,Dylan Young,35-44,13,GA,750,4,1,1,17253.0,47536.0
C0104212,Regina Butler,35-44,2,VA,734,3,1,1,43051.0,159677.0
C0104213,Eric Moore,25-34,14,AZ,680,3,1,1,12222.0,111174.0
C0104214,Melinda Patterson,45-54,1,NC,744,3,1,1,3309.0,160955.0
C0104215,Carl Campbell,35-44,3,CA,695,2,1,0,11699.0,166411.0
C0104216,Renee Shields,45-54,6,WA,798,3,1,1,1538.0,46094.0
C0104217,Wesley Brown,25-34,7,OH,739,1,0,0,2519.0,61025.0
C0104218,Jason Clark,65+,1,OH,688,1,0,0,5941.0,109912.0
C0104219,David Wiggins,45-54,1,NC,735,2,1,0,8724.0,84154.0
C0104220,Thomas Kaufman,35-44,16,AZ,678,3,1,1,1915.0,99029.0
C0104221,Kristen Ray,25-34,10,GA,731,3,1,1,10935.0,36308.0
C0104222,Cory Martinez,35-44,4,NY,709,4,1,1,15154.0,48820.0
C0104223,Mark Maddox,35-44,9,NJ,682,3,1,1,6262.0,156388.0
C0104224,Kevin Young,35-44,14,MI,682,1,0,0,608.0,40591.0
C0104225,Katherine Harrison,55-64,15,CA,820,1,0,0,9185.0,204148.0
C0104226,Jorge Davis,45-54,6,GA,724,2,1,0,71527.0,80499.0
C0104227,Loretta Miller,35-44,4,VA,700,2,1,0,14034.0,143232.0
C0104228,Lance Macdonald DVM,45-54,20,AZ,692,2,1,0,8256.0,98904.0
C0104229,Jerry Waters,35-44,13,PA,741,1,0,0,5183.0,160135.0
C0104230,Desiree Thomas,65+,20,GA,691,2,1,0,16196.0,95842.0
C0104231,Amy Wright,25-34,7,WA,670,3,1,1,10406.0,145603.0
C0104232,Erin Summers,55-64,3,NC,718,1,0,0,18935.0,251745.0
C0104233,Mr. Don Flores,55-64,8,OH,718,2,1,0,2174.0,68644.0
C0104234,Miss Kimberly Holloway,25-34,7,FL,701,1,0,0,9373.0,94374.0
C0104235,Tina Harper,35-44,15,CA,679,2,1,0,4659.0,52353.0
C0104236,Nicholas Moss,35-44,15,NJ,702,3,1,1,12656.0,131557.0
C0104237,Robert Campbell,55-64,2,MA,698,1,0,0,785.0,149577.0
C0104238,Jenny Cardenas,45-54,12,MI,692,3,1,1,5058.0,41566.0
C0104239,Dean Thomas,45-54,7,VA,732,2,1,0,15536.0,88782.0
C0104240,Matthew Farmer,55-64,13,NJ,820,1,0,0,18854.0,125705.0
C0104241,John Browning,55-64,8,IL,779,3,1,1,7812.0,149298.0
C0104242,Mario Peters,45-54,11,GA,807,3,1,1,606.0,246491.0
C0104243,Olivia Rodriguez,45-54,15,PA,694,2,1,0,17494.0,53550.0
C0104244,Donald Mccarthy,55-64,6,NY,795,1,0,0,54229.0,148308.0
C0104245,Christopher Anderson,35-44,4,NC,730,2,1,0,2962.0,274731.0
C0104246,Becky Parrish,55-64,15,MI,764,1,0,0,4861.0,148322.0
C0104247,Jackie Stewart,25-34,19,MA,740,1,0,0,21330.0,140165.0
C0104248,Krista Fuller,35-44,9,NY,704,2,1,0,22024.0,133435.0
C0104249,Jennifer Nguyen,55-64,20,PA,752,4,1,1,30226.0,79523.0
C0104250,Amanda Campbell,35-44,4,FL,741,1,0,0,27380.0,26655.0
C0104251,Laura Ware,25-34,17,MA,640,3,1,1,1289.0,70773.0
C0104252,Mitchell Anderson,35-44,20,VA,714,2,1,0,4558.0,42584.0
C0104253,Barry Hernandez,45-54,6,PA,759,2,1,0,17184.0,68144.0
C0104254,Teresa Young,55-64,3,MA,732,3,1,1,7307.0,111153.0
C0104255,Valerie Morgan,25-34,14,NJ,741,2,1,0,12570.0,127945.0
C0104256,Paul Vasquez,25-34,18,GA,686,2,1,0,6929.0,57751.0
C0104257,Kelly May,45-54,2,IL,731,1,0,0,4803.0,224210.0
C0104258,Christopher Carson,65+,13,NC,715,1,0,0,6062.0,222242.0
C0104259,Joan Wilson,35-44,18,TX,710,2,1,0,2109.0,90284.0
C0104260,Debbie Allen,65+,1,FL,689,1,0,0,3401.0,93948.0
C0104261,Kristin Williams,55-64,11,MA,761,1,0,0,7478.0,160136.0
C0104262,Courtney Williams,35-44,2,NY,735,1,0,0,7643.0,66642.0
C0104263,David Hernandez,55-64,4,FL,731,1,0,0,16012.0,66243.0
C0104264,Kathryn Morris,45-54,10,WA,812,2,1,0,5755.0,97887.0
C0104265,Meagan Smith,45-54,7,MA,741,1,0,0,60532.0,165584.0
C0104266,Katherine Caldwell,35-44,2,WA,774,1,0,0,35451.0,44271.0
C0104267,Krista Williams,55-64,17,TX,732,2,1,0,4434.0,99741.0
C0104268,Christine Aguilar,55-64,5,WA,704,2,1,0,10274.0,101547.0
C0104269,Michael Perkins,55-64,18,PA,672,4,1,1,34732.0,136507.0
C0104270,Steven Martin,65+,4,CA,730,4,1,1,3756.0,125468.0
C0104271,Joshua Herman,45-54,11,AZ,600,3,1,1,3303.0,282453.0
C0104272,Diana Hawkins,55-64,15,PA,732,2,1,0,38531.0,69872.0
C0104273,Caitlin Harris,55-64,10,MI,734,1,0,0,18577.0,68925.0
C0104274,Felicia Murphy,35-44,9,TX,710,1,0,0,29395.0,194855.0
C0104275,Bryan Mitchell,25-34,16,FL,715,4,1,1,11831.0,63311.0
C0104276,Larry Curtis,35-44,1,AZ,663,4,1,1,5968.0,110227.0
C0104277,Jennifer Lopez,55-64,17,NC,782,2,1,0,1619.0,134238.0
C0104278,Robert Newton,35-44,14,MA,704,2,1,0,9549.0,225170.0
C0104279,Christina Hudson,55-64,16,FL,676,1,0,0,35543.0,58751.0
C0104280,Sandra Craig,25-34,9,AZ,744,1,0,0,36046.0,182525.0
C0104281,Sabrina Ward,35-44,8,AZ,724,2,1,0,29287.0,176351.0
C0104282,Mark Knight,45-54,12,AZ,703,1,0,0,20841.0,28902.0
C0104283,Darlene Dixon,25-34,13,CA,699,2,1,0,115069.0,110130.0
C0104284,Daniel White,55-64,19,TX,719,3,1,1,1259.0,44898.0
C0104285,Jonathan Cortez,35-44,18,GA,780,3,1,1,10691.0,228286.0
C0104286,Judith Myers,65+,2,TX,741,3,1,1,2633.0,188150.0
C0104287,Tammie Castillo,35-44,4,CA,718,1,0,0,52205.0,68016.0
C0104288,Rebecca Estrada,65+,19,WA,758,2,1,0,4175.0,179226.0
C0104289,Angela Rodriguez,45-54,8,NJ,721,2,1,0,27179.0,36429.0
C0104290,Andre Williams,25-34,12,WA,738,2,1,0,4726.0,169734.0
C0104291,Donald Smith,25-34,2,MA,726,4,1,1,13418.0,124427.0
C0104292,Nicholas Ali,25-34,3,FL,746,1,0,0,7114.0,204849.0
C0104293,Jacob Brewer,45-54,9,WA,700,1,0,0,7970.0,80151.0
C0104294,Natalie Watson,55-64,15,CA,668,2,1,0,12093.0,213752.0
C0104295,Matthew Evans,35-44,16,IL,760,2,1,0,24426.0,103144.0
C0104296,Bryan Thomas,35-44,18,PA,787,2,1,0,7107.0,162930.0
C0104297,Timothy Lucero,45-54,4,NY,670,1,0,0,23615.0,52722.0
C0104298,Barbara Fields,45-54,5,NJ,728,1,0,0,28153.0,159188.0
C0104299,Rebecca Beard,45-54,11,TX,699,2,1,0,4912.0,102951.0
C0104300,Carrie Rodriguez,45-54,11,WA,759,2,1,0,77826.0,132398.0
C0104301,Jordan Tanner,55-64,1,AZ,731,1,0,0,19815.0,43946.0
C0104302,Denise Johnson,65+,9,MI,820,3,1,1,4829.0,127610.0
C0104303,Amy Holt,35-44,18,TX,706,2,1,0,16930.0,129488.0
C0104304,James Bennett,25-34,4,NC,789,1,0,0,28173.0,51656.0
C0104305,Jeffrey Owens,25-34,17,MI,793,1,0,0,16442.0,71275.0
C0104306,Adam Merritt,45-54,9,IL,744,1,0,0,10324.0,134321.0
C0104307,Tina Walter,35-44,11,IL,721,1,0,0,129.0,159490.0
C0104308,Michelle Harris,65+,13,GA,724,2,1,0,2538.0,104715.0
C0104309,Michael Richmond,45-54,15,MA,720,4,1,1,18294.0,120893.0
C0104310,Michael Patrick,45-54,13,CA,770,1,0,0,2478.0,125615.0
C0104311,Amanda Hart DVM,55-64,3,GA,680,1,0,0,15012.0,87861.0
C0104312,Michele Conner,35-44,6,PA,712,3,1,1,23428.0,59702.0
C0104313,Natalie Mitchell,55-64,17,NC,707,2,1,0,7079.0,58342.0
C0104314,Jacob Hoover,25-34,1,CA,642,2,1,0,975.0,100382.0
C0104315,Jacqueline Winters,45-54,15,AZ,758,2,1,0,3347.0,130684.0
C0104316,Kimberly Flores,65+,11,OH,767,1,0,0,18430.0,81409.0
C0104317,Jennifer Carpenter,55-64,3,MA,691,1,0,0,36620.0,116598.0
C0104318,William Saunders,55-64,3,FL,766,4,1,1,666.0,170626.0
C0104319,Michael Preston,35-44,20,NC,648,2,1,0,8928.0,362740.0
C0104320,Jennifer Ali,55-64,1,NJ,721,1,0,0,1393.0,122384.0
C0104321,David Taylor,45-54,1,VA,714,4,1,1,9032.0,98372.0
C0104322,Maria Hayes,45-54,1,CA,723,2,1,0,6711.0,409212.0
C0104323,Melanie Preston,25-34,13,MI,723,1,0,0,137650.0,192999.0
C0104324,Thomas Mcgrath,35-44,19,FL,716,4,1,1,4245.0,140871.0
C0104325,Glenn Chen,45-54,4,OH,702,2,1,0,28525.0,75226.0
C0104326,Sarah Berry,25-34,16,CA,715,3,1,1,27194.0,86111.0
C0104327,Rebecca Summers,55-64,15,CA,781,1,0,0,6413.0,67075.0
C0104328,Rodney Gilmore,55-64,5,VA,693,1,0,0,9345.0,277645.0
C0104329,Kimberly Stone DDS,65+,2,NJ,820,4,1,1,8108.0,53376.0
C0104330,Joshua Dunlap,25-34,10,AZ,691,1,0,0,3319.0,108344.0
C0104331,Melinda French,65+,2,NJ,730,3,1,1,2992.0,107956.0
C0104332,Gabriel Copeland MD,25-34,3,NC,745,3,1,1,4955.0,81910.0
C0104333,Kelly Weiss,45-54,10,TX,706,2,1,0,2067.0,119689.0
C0104334,Gregory Russell,55-64,17,VA,782,3,1,1,4445.0,61984.0
C0104335,Ashley Bowman,25-34,20,NY,744,4,1,1,6409.0,19513.0
C0104336,Ruben Woodard,25-34,13,TX,710,3,1,1,9840.0,69241.0
C0104337,Aaron Leon,25-34,6,NJ,781,2,1,0,13800.0,99646.0
C0104338,Ashley Thomas,45-54,7,NC,674,2,1,0,6402.0,59388.0
C0104339,Travis Allen,55-64,13,FL,694,1,0,0,3220.0,39906.0
C0104340,Roger Weaver,25-34,4,NC,745,1,0,0,13503.0,52433.0
C0104341,Robert Johnson,25-34,11,NJ,756,4,1,1,20935.0,32162.0
C0104342,Bryan Lopez,45-54,16,GA,734,4,1,1,4523.0,273759.0
C0104343,Andrea King,35-44,17,NJ,714,1,0,0,2492.0,88482.0
C0104344,Jennifer Howard,55-64,2,GA,708,2,1,0,4743.0,77736.0
C0104345,Michael Evans,65+,6,IL,770,4,1,1,6517.0,46191.0
C0104346,Daniel Patterson,55-64,6,NY,730,2,1,0,32019.0,108665.0
C0104347,Karen Mendez,55-64,12,NY,680,1,0,0,18630.0,113491.0
C0104348,John Johnson,45-54,4,WA,678,1,0,0,8071.0,147076.0
C0104349,Andre Haynes,55-64,20,IL,788,2,1,0,79287.0,548852.0
C0104350,Janet Ryan,35-44,19,NJ,687,4,1,1,7772.0,69698.0
C0104351,Michael Oliver,25-34,7,IL,732,1,0,0,44202.0,100775.0
C0104352,Wesley Henry,45-54,9,GA,780,2,1,0,35085.0,128474.0
C0104353,Andrew Freeman,25-34,9,MI,744,3,1,1,32234.0,112839.0
C0104354,Karen Stephens,55-64,1,GA,685,3,1,1,11913.0,42620.0
C0104355,Nathaniel Baldwin,45-54,18,VA,674,4,1,1,9322.0,152519.0
C0104356,Jordan Curry,65+,16,AZ,804,3,1,1,8153.0,102086.0
C0104357,William Johnson,35-44,7,WA,673,2,1,0,22476.0,71805.0
C0104358,Richard Bond,45-54,11,AZ,695,4,1,1,3143.0,79904.0
C0104359,Jason Smith,55-64,8,CA,736,2,1,0,5910.0,271107.0
C0104360,Scott Norman,35-44,5,VA,710,2,1,0,59896.0,216945.0
C0104361,Jill Shaw,45-54,7,NJ,745,1,0,0,17121.0,80678.0
C0104362,Michael Price,45-54,3,OH,653,2,1,0,25462.0,47620.0
C0104363,Martha Williams,65+,17,PA,710,1,0,0,1872.0,99421.0
C0104364,Melissa Henry,55-64,14,CA,750,3,1,1,4825.0,319656.0
C0104365,Elaine Martin,25-34,19,WA,750,1,0,0,12096.0,414452.0
C0104366,Gary Rodriguez,45-54,1,WA,694,1,0,0,7710.0,59494.0
C0104367,Ryan Gonzalez,45-54,13,TX,674,4,1,1,1862.0,259839.0
C0104368,Mr. Reginald Roman,25-34,12,NC,729,3,1,1,20165.0,104638.0
C0104369,Patricia Williams,35-44,13,NC,660,3,1,1,29523.0,51299.0
C0104370,Gerald Vega,35-44,20,FL,777,3,1,1,5754.0,81357.0
C0104371,Crystal Wallace,25-34,8,NC,727,1,0,0,21055.0,73586.0
C0104372,Susan Garcia,45-54,3,WA,688,1,0,0,92495.0,160685.0
C0104373,Patrick Potts,35-44,1,PA,672,3,1,1,50534.0,70599.0
C0104374,Jessica Richardson,45-54,10,NJ,691,3,1,1,6071.0,213772.0
C0104375,Alicia Warren,35-44,4,MA,649,2,1,0,2155.0,168586.0
C0104376,Madison Rodriguez,55-64,3,OH,742,1,0,0,10681.0,230260.0
C0104377,Douglas Grant,35-44,3,TX,683,1,0,0,135451.0,26021.0
C0104378,Austin Baker,55-64,6,PA,737,2,1,0,40363.0,46951.0
C0104379,Heather Morales,25-34,3,FL,744,1,0,0,8044.0,64724.0
C0104380,Susan Hutchinson,45-54,10,IL,763,1,0,0,52823.0,168897.0
C0104381,Christopher Hudson,35-44,14,MI,731,2,1,0,32940.0,113116.0
C0104382,Jill Barajas,35-44,6,NY,770,2,1,0,829.0,101887.0
C0104383,Dennis Jones,45-54,3,GA,782,2,1,0,28968.0,109183.0
C0104384,Charlene Gutierrez,55-64,12,MA,731,1,0,0,9344.0,47379.0
C0104385,Crystal Hernandez,65+,2,NY,734,1,0,0,2864.0,245478.0
C0104386,Michael Smith,35-44,15,AZ,694,1,0,0,9041.0,114498.0
C0104387,Richard Rodriguez,35-44,8,PA,675,2,1,0,13321.0,211804.0
C0104388,Lauren Smith,55-64,9,MI,777,1,0,0,3125.0,200784.0
C0104389,Breanna Mccall,45-54,5,FL,747,4,1,1,7017.0,71977.0
C0104390,Rebecca Lopez,35-44,6,PA,750,1,0,0,5448.0,50112.0
C0104391,John Garcia,55-64,3,AZ,693,3,1,1,21043.0,56742.0
C0104392,Mark Weaver,45-54,12,NC,793,1,0,0,5644.0,101171.0
C0104393,Brianna Martinez,45-54,3,NC,709,2,1,0,1054.0,158813.0
C0104394,Shannon Jones,35-44,14,GA,683,2,1,0,4736.0,134559.0
C0104395,Victoria Knight,35-44,6,NY,694,1,0,0,2603.0,103618.0
C0104396,Paul Franco,35-44,12,AZ,790,2,1,0,1715.0,80608.0
C0104397,Darin Baker,55-64,11,IL,670,1,0,0,33404.0,214679.0
C0104398,Jeffrey Harrell,35-44,13,CA,686,2,1,0,21254.0,353203.0
C0104399,Alyssa Powers,55-64,16,AZ,820,4,1,1,2539.0,210573.0
C0104400,Jeanette Obrien,55-64,12,CA,762,2,1,0,1766.0,104344.0
C0104401,Nicole Anderson,55-64,18,AZ,687,3,1,1,7164.0,153693.0
C0104402,Rachel Oneal,25-34,6,NY,671,1,0,0,1655.0,194253.0
C0104403,Nicole Moore,35-44,16,TX,644,2,1,0,6060.0,136542.0
C0104404,Donna Mejia,45-54,7,NY,724,3,1,1,8819.0,314050.0
C0104405,Andre Jones,45-54,13,MI,752,1,0,0,11677.0,80200.0
C0104406,Steven Thomas,65+,10,NC,788,1,0,0,12187.0,536512.0
C0104407,Jaclyn Long,35-44,19,FL,634,1,0,0,3175.0,144819.0
C0104408,Robert Stark,55-64,6,PA,660,1,0,0,8819.0,40818.0
C0104409,Joseph Murphy,35-44,11,NY,714,4,1,1,37672.0,136613.0
C0104410,Travis Dixon,35-44,4,MI,820,1,0,0,654.0,94989.0
C0104411,Seth Barker,25-34,13,WA,759,1,0,0,11978.0,65899.0
C0104412,Tammy Jacobs,55-64,1,NY,736,1,0,0,1970.0,263629.0
C0104413,Laura Harrison,35-44,9,AZ,664,1,0,0,43681.0,97090.0
C0104414,John Peterson,35-44,1,OH,624,2,1,0,21599.0,85472.0
C0104415,Lynn King,55-64,7,TX,721,1,0,0,20789.0,89990.0
C0104416,Devon Roberts,45-54,10,PA,715,1,0,0,2910.0,343911.0
C0104417,Emily Bullock,25-34,7,AZ,707,1,0,0,11121.0,90302.0
C0104418,Kylie Bailey,25-34,8,WA,702,3,1,1,12711.0,131650.0
C0104419,Roger Holmes,45-54,3,NJ,686,2,1,0,471.0,344837.0
C0104420,Dennis Coleman,35-44,15,IL,676,3,1,1,9661.0,151599.0
C0104421,Patricia Zamora,35-44,16,VA,782,1,0,0,16914.0,40579.0
C0104422,Randy Phillips,45-54,10,NJ,680,1,0,0,1485.0,29428.0
C0104423,Heather Daniels,35-44,2,VA,707,4,1,1,16687.0,83561.0
C0104424,Robert Perkins,45-54,2,NC,718,1,0,0,9132.0,57900.0
C0104425,Nathaniel Walter,35-44,14,GA,751,2,1,0,42511.0,94716.0
C0104426,Christine Tyler,35-44,19,MA,681,1,0,0,4936.0,28187.0
C0104427,Catherine Holland,25-34,18,MA,764,1,0,0,10028.0,46780.0
C0104428,David Washington III,35-44,9,NC,693,2,1,0,12204.0,41784.0
C0104429,Kimberly Thomas,25-34,10,NY,712,2,1,0,279.0,75616.0
C0104430,Dawn Levy,35-44,4,OH,793,1,0,0,5295.0,48521.0
C0104431,Victoria Smith,65+,2,GA,676,2,1,0,8987.0,266834.0
C0104432,Timothy Reilly,55-64,16,NJ,752,2,1,0,479.0,106141.0
C0104433,William Silva,35-44,9,PA,765,2,1,0,18198.0,185401.0
C0104434,Keith Gonzalez,45-54,10,CA,733,3,1,1,8983.0,109493.0
C0104435,Jeffrey Holden,45-54,7,WA,714,3,1,1,8922.0,76143.0
C0104436,Karen Hughes,55-64,7,MA,815,1,0,0,19253.0,149176.0
C0104437,Christopher Ward,35-44,20,TX,719,1,0,0,4949.0,134445.0
C0104438,Amy Boone,35-44,17,PA,729,3,1,1,8535.0,88217.0
C0104439,Joshua Adams,35-44,14,OH,704,1,0,0,22882.0,212108.0
C0104440,Tammy Mcdaniel,25-34,8,VA,726,4,1,1,8661.0,98674.0
C0104441,Steven Knight,35-44,15,VA,763,3,1,1,887.0,80862.0
C0104442,George Weber,55-64,7,IL,707,1,0,0,8620.0,53811.0
C0104443,Jeffrey Hall,65+,11,PA,625,3,1,1,8749.0,108042.0
C0104444,Laura Adams,25-34,3,OH,743,1,0,0,23877.0,169608.0
C0104445,Sara Hernandez,45-54,15,NY,671,1,0,0,5368.0,44261.0
C0104446,Emily Robinson,35-44,2,OH,753,4,1,1,2506.0,399251.0
C0104447,Samantha Harris,45-54,15,NY,719,3,1,1,2516.0,132530.0
C0104448,Tiffany Davis,45-54,13,CA,762,2,1,0,45759.0,105092.0
C0104449,Veronica Nelson,25-34,2,NJ,677,3,1,1,11466.0,165690.0
C0104450,Mr. Ryan Walker,55-64,11,VA,695,1,0,0,43038.0,59989.0
C0104451,Christopher Thompson,65+,5,PA,704,3,1,1,51200.0,121092.0
C0104452,Brian Allen,45-54,10,OH,653,4,1,1,3320.0,187042.0
C0104453,Kevin Greene,45-54,1,OH,770,3,1,1,3029.0,121371.0
C0104454,Daniel Garcia,45-54,15,CA,646,2,1,0,6952.0,157846.0
C0104455,Micheal Ramos,35-44,11,NC,769,1,0,0,16937.0,158659.0
C0104456,Janice Gilbert,25-34,8,OH,739,3,1,1,1507.0,75172.0
C0104457,Joshua Nelson,45-54,18,MA,711,1,0,0,13987.0,248858.0
C0104458,Katherine Clarke,25-34,13,IL,735,4,1,1,13162.0,128261.0
C0104459,Erica Porter,55-64,13,VA,734,1,0,0,2100.0,329249.0
C0104460,Sara Obrien,35-44,3,IL,701,1,0,0,2190.0,205512.0
C0104461,Michael Burke,35-44,11,FL,733,1,0,0,13813.0,134668.0
C0104462,Jamie French,35-44,15,IL,752,2,1,0,97501.0,71653.0
C0104463,Ernest Sullivan,65+,19,AZ,677,1,0,0,5688.0,116191.0
C0104464,Earl Hall,35-44,13,NY,735,2,1,0,12037.0,228548.0
C0104465,Julie Johnson,35-44,4,WA,601,4,1,1,3921.0,88050.0
C0104466,Dana Wolfe,35-44,14,MI,633,1,0,0,10762.0,133857.0
C0104467,Robert Price,45-54,2,VA,745,2,1,0,3826.0,167564.0
C0104468,James Henry,65+,7,VA,701,2,1,0,5939.0,124551.0
C0104469,Susan Davis,35-44,19,GA,681,2,1,0,153113.0,79874.0
C0104470,Darryl Richardson,65+,17,MI,717,2,1,0,9214.0,292953.0
C0104471,Karen Jackson DVM,35-44,19,TX,702,3,1,1,1240.0,139322.0
C0104472,Linda Patrick,45-54,8,NJ,675,2,1,0,17526.0,108435.0
C0104473,Veronica Diaz,25-34,14,NJ,646,2,1,0,31420.0,72838.0
C0104474,Ann Moon,45-54,15,TX,631,1,0,0,18226.0,185324.0
C0104475,Michael Williams,45-54,5,GA,753,2,1,0,6554.0,119698.0
C0104476,Timothy Chavez,45-54,19,GA,700,1,0,0,2695.0,201850.0
C0104477,Scott Ramirez,35-44,20,PA,763,2,1,0,2776.0,72028.0
C0104478,Crystal Collins,55-64,3,CA,700,2,1,0,6453.0,153100.0
C0104479,Crystal Davis,65+,16,CA,735,3,1,1,5218.0,97267.0
C0104480,Matthew Mueller,45-54,9,NY,714,2,1,0,4147.0,88783.0
C0104481,Teresa Thompson,45-54,14,NY,722,2,1,0,34835.0,127925.0
C0104482,Teresa Jacobson,55-64,12,NY,724,1,0,0,24475.0,84574.0
C0104483,Robert Gonzalez,35-44,5,MI,699,3,1,1,37064.0,66484.0
C0104484,Andrea Garcia,55-64,2,OH,664,4,1,1,3146.0,203406.0
C0104485,Cassandra Martinez,35-44,11,TX,754,2,1,0,2684.0,105012.0
C0104486,Philip Cummings,55-64,17,TX,791,1,0,0,8892.0,88413.0
C0104487,Timothy Sanchez,25-34,17,MI,794,2,1,0,13333.0,40717.0
C0104488,Scott Miranda,35-44,6,MA,695,1,0,0,8829.0,186748.0
C0104489,Alicia Wagner,45-54,18,WA,687,2,1,0,12286.0,55718.0
C0104490,Chad Williams,45-54,8,VA,695,1,0,0,54288.0,126026.0
C0104491,Carlos Hensley,55-64,12,PA,712,2,1,0,6235.0,44621.0
C0104492,Laura Ramirez,65+,7,NJ,717,3,1,1,21345.0,285993.0
C0104493,Christopher Rodriguez,25-34,11,TX,675,1,0,0,15087.0,255780.0
C0104494,Mark Webster,35-44,11,FL,653,2,1,0,9085.0,134268.0
C0104495,James Smith,35-44,14,FL,722,1,0,0,20196.0,226165.0
C0104496,Robert Byrd,45-54,10,FL,580,1,0,0,3224.0,106926.0
C0104497,Joshua Powell,45-54,11,IL,715,2,1,0,2533.0,82165.0
C0104498,Tonya Harding,55-64,14,CA,677,3,1,1,13622.0,47052.0
C0104499,Larry Higgins,55-64,9,WA,755,3,1,1,1135.0,169092.0
C0104500,Nicole Mills,25-34,11,NJ,767,1,0,0,14971.0,38030.0
C0104501,Jonathan Porter,45-54,2,MI,768,1,0,0,2093.0,151878.0
C0104502,Christine Greene,45-54,18,FL,704,2,1,0,50087.0,25208.0
C0104503,Edwin Munoz,45-54,3,AZ,668,2,1,0,5037.0,217810.0
C0104504,James Brooks,25-34,18,CA,683,3,1,1,46345.0,229455.0
C0104505,Craig Smith,35-44,16,MA,732,3,1,1,6292.0,67046.0
C0104506,Mark Thomas,35-44,19,NJ,645,3,1,1,5977.0,90356.0
C0104507,Rachel Curry,35-44,1,NY,782,1,0,0,22905.0,117906.0
C0104508,Elizabeth Sanchez,55-64,5,FL,705,4,1,1,11517.0,715779.0
C0104509,Darren Gonzales,35-44,2,NJ,742,4,1,1,7480.0,104477.0
C0104510,Mr. John Khan,45-54,9,WA,639,1,0,0,4989.0,78929.0
C0104511,Jason Williams,45-54,19,OH,678,1,0,0,5047.0,135110.0
C0104512,Stephanie Livingston,55-64,16,CA,634,3,1,1,137179.0,82882.0
C0104513,Anthony Marshall,25-34,15,GA,765,2,1,0,1085.0,105096.0
C0104514,Matthew Hamilton,25-34,17,GA,712,1,0,0,1914.0,92869.0
C0104515,Heather Hunt,35-44,1,PA,745,2,1,0,33265.0,158017.0
C0104516,Timothy Melton,35-44,16,AZ,722,2,1,0,30401.0,92787.0
C0104517,Harold Lee,35-44,7,IL,741,3,1,1,2678.0,89083.0
C0104518,Carol Gay,55-64,14,NY,704,3,1,1,989.0,195651.0
C0104519,Michael Nelson,35-44,16,NJ,710,4,1,1,37302.0,145675.0
C0104520,Daniel Meyer,25-34,14,MI,715,2,1,0,2307.0,122850.0
C0104521,Jamie Lindsey,35-44,9,MI,738,3,1,1,4495.0,42204.0
C0104522,Marc Mitchell,55-64,13,GA,739,1,0,0,9094.0,158946.0
C0104523,Jose Martinez,55-64,10,PA,820,2,1,0,2237.0,92114.0
C0104524,John Gallagher,55-64,13,NY,795,4,1,1,24571.0,54129.0
C0104525,Richard Chandler,45-54,10,TX,639,3,1,1,8309.0,55377.0
C0104526,Andrea Donaldson,55-64,8,FL,713,2,1,0,2812.0,159106.0
C0104527,Jamie Guerrero,45-54,5,NC,701,1,0,0,3125.0,152212.0
C0104528,Nathan Adams,35-44,8,OH,777,1,0,0,38422.0,116461.0
C0104529,Thomas Davis,45-54,15,VA,705,2,1,0,5799.0,78512.0
C0104530,James Williams,55-64,18,WA,740,1,0,0,16939.0,235871.0
C0104531,Troy Lee,35-44,3,NC,614,1,0,0,8007.0,83329.0
C0104532,Jennifer Mckenzie,45-54,4,TX,651,3,1,1,987.0,171244.0
C0104533,Joshua Scott,45-54,11,CA,814,1,0,0,19855.0,177553.0
C0104534,April Jones,45-54,15,NY,722,2,1,0,29396.0,76814.0
C0104535,Deborah Webb,25-34,4,PA,675,1,0,0,73933.0,90208.0
C0104536,John Zavala,45-54,7,TX,730,1,0,0,828.0,91083.0
C0104537,Katherine Miller,55-64,1,VA,672,1,0,0,183.0,152250.0
C0104538,Steven Jensen,25-34,2,IL,707,1,0,0,17447.0,69750.0
C0104539,Sarah Sosa,35-44,3,VA,654,2,1,0,3947.0,101538.0
C0104540,Justin Small,25-34,15,NY,684,2,1,0,1457.0,146598.0
C0104541,Erin Ortega,25-34,18,CA,701,2,1,0,9219.0,124807.0
C0104542,Mary Conley,65+,10,FL,770,3,1,1,4726.0,143829.0
C0104543,Melanie Drake,45-54,4,GA,740,2,1,0,1752.0,90151.0
C0104544,Danielle Briggs,35-44,19,GA,748,2,1,0,7337.0,95615.0
C0104545,Dillon Case,35-44,6,OH,718,2,1,0,15991.0,83271.0
C0104546,William Esparza,65+,4,MA,757,2,1,0,9996.0,108245.0
C0104547,Kevin Solis,35-44,3,MI,680,1,0,0,10087.0,90696.0
C0104548,Roger Peters,55-64,8,NJ,687,4,1,1,13796.0,28765.0
C0104549,Colleen Blanchard,35-44,15,TX,738,2,1,0,1065.0,110082.0
C0104550,Christian Garcia,25-34,8,OH,707,2,1,0,7619.0,68785.0
C0104551,Heidi Newton,45-54,9,MI,719,2,1,0,10807.0,155703.0
C0104552,Gary Miller,25-34,7,NC,712,3,1,1,5149.0,111595.0
C0104553,John Hebert,45-54,19,MA,776,2,1,0,2995.0,65788.0
C0104554,Erik Small,35-44,14,GA,778,2,1,0,3310.0,103562.0
C0104555,Robert Moore,55-64,14,IL,691,2,1,0,5698.0,55301.0
C0104556,Andre Pace,55-64,9,MA,640,3,1,1,24276.0,68752.0
C0104557,David Koch,55-64,11,IL,687,1,0,0,50649.0,222826.0
C0104558,Tyler Chapman MD,25-34,18,NC,679,4,1,1,39662.0,73966.0
C0104559,Donna Bishop,55-64,14,CA,757,3,1,1,1245.0,126704.0
C0104560,Christopher Murphy,65+,17,FL,761,1,0,0,2625.0,323333.0
C0104561,Bradley Miller,35-44,1,CA,673,1,0,0,17836.0,128796.0
C0104562,Alejandra Fernandez,35-44,18,OH,686,4,1,1,38595.0,96062.0
C0104563,Brandon Cordova PhD,55-64,20,AZ,653,1,0,0,2540.0,16880.0
C0104564,Wendy Smith,35-44,14,TX,726,1,0,0,10096.0,131383.0
C0104565,Casey Terrell,45-54,20,MA,717,1,0,0,2083.0,94879.0
C0104566,Michael Serrano,55-64,12,AZ,755,1,0,0,11291.0,173273.0
C0104567,Kenneth Williams,25-34,6,CA,742,2,1,0,3744.0,93077.0
C0104568,Erin Williams,45-54,13,CA,747,3,1,1,10092.0,51945.0
C0104569,Virginia Mendez,45-54,13,AZ,650,2,1,0,1893.0,257186.0
C0104570,Cheryl Jackson,35-44,3,NC,691,1,0,0,1141.0,174505.0
C0104571,Wyatt Rodriguez,55-64,5,FL,762,2,1,0,333680.0,63240.0
C0104572,Lisa Fox,35-44,6,MA,695,1,0,0,8806.0,112908.0
C0104573,Diane Brown,35-44,11,NC,646,2,1,0,104993.0,217770.0
C0104574,Debbie Schneider,55-64,3,MI,756,2,1,0,49556.0,63849.0
C0104575,Anne Obrien,35-44,16,NJ,694,4,1,1,1138.0,281846.0
C0104576,Amanda Phelps,55-64,3,NY,767,3,1,1,12508.0,117336.0
C0104577,Melissa Patrick,25-34,19,IL,719,3,1,1,1714.0,141053.0
C0104578,Jordan Carter,45-54,14,TX,707,2,1,0,5679.0,108074.0
C0104579,Jennifer Roman,25-34,7,GA,781,2,1,0,844.0,130413.0
C0104580,William Parker,45-54,8,MA,661,2,1,0,1225.0,70446.0
C0104581,David Hernandez,55-64,14,MI,784,3,1,1,2905.0,293221.0
C0104582,Bobby Matthews,55-64,2,NJ,691,4,1,1,4210.0,311141.0
C0104583,Brian Cole,65+,15,FL,727,4,1,1,8490.0,360692.0
C0104584,Benjamin Townsend,45-54,12,NC,727,2,1,0,2337.0,53960.0
C0104585,Lauren Higgins,55-64,5,MA,700,2,1,0,9693.0,145774.0
C0104586,Bryan Newman,45-54,18,TX,685,2,1,0,31663.0,129561.0
C0104587,Kristen Matthews,65+,13,NY,703,1,0,0,11256.0,25129.0
C0104588,Christine Kennedy,45-54,4,NJ,674,3,1,1,7474.0,152490.0
C0104589,Christopher Lee,55-64,14,CA,808,4,1,1,12209.0,60268.0
C0104590,Andre Farrell,35-44,9,NY,698,3,1,1,1448.0,222783.0
C0104591,Cody Jimenez,45-54,16,MA,772,3,1,1,25398.0,61286.0
C0104592,Jennifer Fletcher,55-64,10,CA,766,2,1,0,1925.0,135524.0
C0104593,Casey Murphy,35-44,20,OH,736,3,1,1,52169.0,196399.0
C0104594,Jennifer Edwards,35-44,19,PA,713,2,1,0,20433.0,86775.0
C0104595,Lacey Graves,65+,1,IL,728,2,1,0,15802.0,277697.0
C0104596,Richard Best,35-44,9,NY,745,1,0,0,16649.0,53313.0
C0104597,John Mcneil,35-44,5,PA,724,2,1,0,8085.0,111379.0
C0104598,Stephen Allen,35-44,10,VA,649,1,0,0,3154.0,49715.0
C0104599,Tina Solomon,35-44,3,CA,638,3,1,1,2617.0,88835.0
C0104600,Jennifer Townsend,45-54,11,TX,787,4,1,1,66282.0,104090.0
C0104601,Michelle Mcbride,65+,4,NY,601,3,1,1,9172.0,84333.0
C0104602,Aaron Webb,65+,13,WA,728,1,0,0,2126.0,197732.0
C0104603,Kathryn Clark,45-54,10,IL,709,2,1,0,15064.0,66851.0
C0104604,Matthew Doyle,45-54,20,CA,727,2,1,0,12228.0,52742.0
C0104605,Kiara Preston,35-44,18,GA,668,3,1,1,5458.0,92081.0
C0104606,Lisa Salazar MD,55-64,13,MI,735,1,0,0,2758.0,113961.0
C0104607,Rebecca Gibson,35-44,9,OH,729,2,1,0,19588.0,77039.0
C0104608,Kimberly Ryan,25-34,15,TX,820,3,1,1,25217.0,83890.0
C0104609,Amanda Cook,65+,14,AZ,725,1,0,0,11931.0,45940.0
C0104610,Mark Conner,55-64,3,WA,780,3,1,1,8829.0,128524.0
C0104611,Shawn Hickman,35-44,8,AZ,652,3,1,1,3169.0,83084.0
C0104612,Lisa Hall,45-54,20,MA,765,3,1,1,14412.0,92408.0
C0104613,Kevin Cole,45-54,7,PA,730,4,1,1,3783.0,129208.0
C0104614,Matthew Williams,35-44,1,OH,732,3,1,1,1760.0,47716.0
C0104615,Tanner King,35-44,17,MA,732,2,1,0,31279.0,98343.0
C0104616,Joseph Williams,25-34,19,OH,796,2,1,0,2355.0,85047.0
C0104617,Joann Sanders,45-54,14,WA,731,1,0,0,832.0,154877.0
C0104618,Tyler Lang,35-44,13,MI,684,1,0,0,38981.0,52368.0
C0104619,Robert Payne,45-54,8,AZ,692,2,1,0,999.0,39914.0
C0104620,Jonathan Cisneros,35-44,8,CA,756,1,0,0,5076.0,142716.0
C0104621,Margaret Torres,65+,19,NJ,740,1,0,0,2176.0,104427.0
C0104622,Amber Zhang,45-54,18,WA,651,3,1,1,3400.0,139561.0
C0104623,Matthew Roberts,55-64,10,FL,743,1,0,0,116878.0,89044.0
C0104624,David Hays,25-34,7,VA,671,1,0,0,7173.0,32914.0
C0104625,Erin Gardner,45-54,4,FL,739,2,1,0,12480.0,112022.0
C0104626,Michael Miller,55-64,1,AZ,683,1,0,0,20923.0,39111.0
C0104627,Theresa Smith,35-44,10,AZ,707,2,1,0,3729.0,151766.0
C0104628,Paul Scott,35-44,12,CA,695,1,0,0,29442.0,111844.0
C0104629,Megan Perry,35-44,14,GA,788,3,1,1,12724.0,53193.0
C0104630,Christina Martin,35-44,17,IL,738,2,1,0,20022.0,86865.0
C0104631,Timothy Collins,35-44,8,AZ,776,2,1,0,3396.0,167159.0
C0104632,Kimberly Jones,35-44,4,PA,820,1,0,0,13805.0,229609.0
C0104633,Dr. Sarah Smith,35-44,17,NJ,722,3,1,1,8017.0,235134.0
C0104634,Richard Bauer,45-54,16,TX,787,1,0,0,31436.0,71363.0
C0104635,Traci Wilson,25-34,11,NY,688,2,1,0,4237.0,46560.0
C0104636,Bryan Miranda,35-44,1,MA,776,1,0,0,92842.0,156413.0
C0104637,Julie Martinez,45-54,10,IL,683,1,0,0,12167.0,78937.0
C0104638,Diana Miller,35-44,13,VA,719,1,0,0,6973.0,77976.0
C0104639,Heather Hughes,35-44,18,MA,744,1,0,0,6059.0,53535.0
C0104640,Tony Swanson,35-44,11,MA,751,1,0,0,8037.0,250290.0
C0104641,Lisa Montes,25-34,10,CA,662,1,0,0,3811.0,168944.0
C0104642,Wendy Martin,45-54,8,NY,680,3,1,1,18035.0,186981.0
C0104643,Joseph Norris,25-34,9,NJ,747,2,1,0,7988.0,142391.0
C0104644,William Todd,35-44,1,AZ,703,2,1,0,83478.0,67827.0
C0104645,Gerald Price,65+,3,MA,657,1,0,0,4818.0,145560.0
C0104646,Ashley Hunt,65+,16,NJ,716,1,0,0,7011.0,76070.0
C0104647,Christy Lee,35-44,8,TX,714,4,1,1,4812.0,186741.0
C0104648,Patricia Adkins,35-44,18,VA,727,1,0,0,76332.0,139418.0
C0104649,Willie Perez,45-54,8,PA,743,3,1,1,1430.0,45940.0
C0104650,Susan Snyder,55-64,20,WA,740,2,1,0,9067.0,94418.0
C0104651,Jasmine Day,55-64,4,NC,685,2,1,0,11797.0,84704.0
C0104652,Andrew Chavez,25-34,4,FL,701,3,1,1,2093.0,42088.0
C0104653,Henry Huerta,25-34,12,WA,761,3,1,1,193266.0,119352.0
C0104654,Mariah Perry,35-44,17,MA,695,3,1,1,2653.0,172074.0
C0104655,Tracy Atkins,55-64,3,GA,702,2,1,0,8436.0,265547.0
C0104656,Ryan Wheeler,55-64,11,WA,652,1,0,0,61135.0,83522.0
C0104657,Audrey Taylor,25-34,5,CA,718,2,1,0,5166.0,131962.0
C0104658,Zachary Swanson MD,45-54,15,PA,735,1,0,0,9627.0,38592.0
C0104659,Amanda Conley,35-44,12,TX,631,2,1,0,5358.0,408731.0
C0104660,Eric Short,45-54,14,PA,671,2,1,0,7601.0,83400.0
C0104661,Scott Brown,65+,6,IL,656,1,0,0,29666.0,74503.0
C0104662,Victor Taylor,45-54,6,OH,755,3,1,1,4886.0,263402.0
C0104663,James Hernandez,25-34,13,PA,633,4,1,1,335.0,66751.0
C0104664,Jason Jones,45-54,8,NC,716,1,0,0,7789.0,158003.0
C0104665,Angela Parker,35-44,14,NY,752,1,0,0,8739.0,97047.0
C0104666,Alexander Zavala,55-64,4,IL,728,2,1,0,10245.0,123995.0
C0104667,Michael Kane,35-44,7,WA,700,1,0,0,6503.0,132044.0
C0104668,Lindsey York,55-64,3,NC,735,1,0,0,2878.0,66055.0
C0104669,Brandon Baker,35-44,2,CA,766,4,1,1,6038.0,46047.0
C0104670,Stephen White,35-44,6,PA,715,1,0,0,67389.0,210535.0
C0104671,Robert Hall,35-44,10,WA,619,1,0,0,7704.0,34185.0
C0104672,Ryan Pierce,25-34,3,FL,771,2,1,0,17738.0,763438.0
C0104673,Shannon Cain,35-44,2,AZ,738,1,0,0,2344.0,139032.0
C0104674,Laura Vaughn,45-54,18,PA,718,3,1,1,5712.0,65633.0
C0104675,Juan Evans,25-34,11,MI,630,3,1,1,2439.0,98825.0
C0104676,Nicole Williams,25-34,15,GA,706,2,1,0,38269.0,49687.0
C0104677,Jennifer Barrett,25-34,15,MI,680,1,0,0,1253.0,237793.0
C0104678,Anthony Jones,25-34,3,VA,665,3,1,1,12669.0,270595.0
C0104679,Leah Rodriguez,55-64,13,FL,713,2,1,0,12196.0,178794.0
C0104680,John Ward,65+,18,IL,695,2,1,0,11284.0,78563.0
C0104681,Deborah Garza,25-34,9,NC,698,2,1,0,486.0,72518.0
C0104682,Rebecca Miller,55-64,18,NY,753,2,1,0,715.0,167809.0
C0104683,Matthew Carroll,55-64,19,IL,731,1,0,0,9325.0,90540.0
C0104684,Lynn Smith,65+,11,AZ,697,2,1,0,2676.0,83950.0
C0104685,Michael Jackson,35-44,3,NY,691,2,1,0,3746.0,68157.0
C0104686,Sharon Hicks,35-44,13,FL,699,2,1,0,4869.0,274070.0
C0104687,Abigail Mills MD,45-54,18,NC,708,2,1,0,2290.0,89003.0
C0104688,Paula Lopez,55-64,12,TX,746,3,1,1,1862.0,208014.0
C0104689,Amy Clark,55-64,17,CA,673,3,1,1,8103.0,138470.0
C0104690,Cheryl Rose,45-54,11,AZ,785,2,1,0,823.0,78410.0
C0104691,Jared Garza,35-44,9,PA,746,1,0,0,4416.0,51859.0
C0104692,Donna Wright,55-64,19,TX,596,3,1,1,3638.0,35727.0
C0104693,Belinda Fisher,55-64,4,MI,723,3,1,1,7876.0,283876.0
C0104694,Kathleen Levine,35-44,9,GA,766,1,0,0,142147.0,69764.0
C0104695,Corey King,45-54,4,OH,737,3,1,1,2494.0,144930.0
C0104696,Cody Davidson,35-44,14,OH,701,4,1,1,13196.0,83865.0
C0104697,Michael Anderson,45-54,19,FL,717,2,1,0,10561.0,70341.0
C0104698,Zachary Mcgee,45-54,20,WA,728,1,0,0,15865.0,189982.0
C0104699,Melinda Anderson,55-64,5,CA,754,2,1,0,6273.0,96909.0
C0104700,Tyler Andrews,65+,15,GA,656,2,1,0,45695.0,50806.0
C0104701,Michelle Greer,35-44,18,PA,692,1,0,0,18441.0,62937.0
C0104702,Brian Clark,35-44,17,MI,793,1,0,0,18797.0,98783.0
C0104703,Nathaniel Floyd,35-44,11,NC,721,3,1,1,1485.0,122797.0
C0104704,Erika Jenkins,25-34,4,IL,788,2,1,0,9096.0,165448.0
C0104705,Melanie Ramos,35-44,10,NC,820,2,1,0,4395.0,167870.0
C0104706,Mark Clark,25-34,16,NY,697,2,1,0,2881.0,56556.0
C0104707,Sergio Hodge,35-44,13,TX,666,2,1,0,3821.0,60584.0
C0104708,Katherine Avery,35-44,8,AZ,708,2,1,0,7577.0,86606.0
C0104709,David Hamilton,35-44,5,MI,769,2,1,0,14018.0,36608.0
C0104710,Richard Bass,55-64,14,MI,775,1,0,0,26316.0,32826.0
C0104711,Kelly Harris,35-44,9,MA,820,2,1,0,24875.0,30740.0
C0104712,Dustin Campbell,45-54,10,AZ,718,1,0,0,11513.0,93331.0
C0104713,Randy Kennedy,65+,19,NC,741,3,1,1,8662.0,76607.0
C0104714,Ana Gibson,45-54,1,VA,687,2,1,0,5490.0,87355.0
C0104715,Danny Harris,35-44,5,GA,607,3,1,1,6020.0,73748.0
C0104716,Sara Stuart,35-44,19,NY,718,2,1,0,3177.0,306569.0
C0104717,John Kim,45-54,19,MI,668,1,0,0,4846.0,77868.0
C0104718,Richard Brewer,45-54,7,AZ,748,1,0,0,12389.0,109487.0
C0104719,William Arnold,25-34,20,AZ,635,1,0,0,51453.0,94607.0
C0104720,Brianna Adams,35-44,5,GA,686,2,1,0,6770.0,69204.0
C0104721,David Garcia,45-54,2,MA,732,3,1,1,3074.0,75606.0
C0104722,Kelli Collins,35-44,7,FL,736,1,0,0,25929.0,315242.0
C0104723,Arthur Krueger,45-54,11,CA,717,2,1,0,733.0,112421.0
C0104724,Steven King,25-34,1,OH,804,1,0,0,28333.0,116292.0
C0104725,Tyler Velazquez,35-44,4,NY,790,2,1,0,1452.0,84812.0
C0104726,Laura Middleton,55-64,16,MA,689,2,1,0,17829.0,132879.0
C0104727,Lori Madden,35-44,13,TX,792,1,0,0,4577.0,82519.0
C0104728,Tyler Murphy,45-54,13,NC,799,1,0,0,11909.0,290386.0
C0104729,Kristen Bradley,35-44,20,VA,714,3,1,1,98694.0,128522.0
C0104730,Corey Rodriguez,35-44,5,TX,722,2,1,0,2965.0,38876.0
C0104731,Phillip King,65+,18,CA,717,2,1,0,2439.0,121847.0
C0104732,Laurie Fuller,35-44,8,NC,690,2,1,0,8900.0,232130.0
C0104733,Toni Cunningham,35-44,19,AZ,695,1,0,0,50534.0,111454.0
C0104734,James Weber,65+,16,CA,779,3,1,1,10047.0,90841.0
C0104735,Erika Hodge,55-64,5,CA,739,3,1,1,8549.0,64277.0
C0104736,Peter Patel,45-54,5,AZ,695,2,1,0,9926.0,83810.0
C0104737,Jeffrey Hart DDS,25-34,11,MI,678,2,1,0,2427.0,114717.0
C0104738,Steven Hall,25-34,11,NJ,685,2,1,0,10047.0,125338.0
C0104739,Christine Gutierrez,45-54,5,PA,712,3,1,1,5057.0,151660.0
C0104740,Angel Becker DVM,35-44,6,PA,761,1,0,0,39615.0,225799.0
C0104741,Chad Rojas,35-44,18,GA,681,2,1,0,21112.0,28317.0
C0104742,Brent Scott,55-64,16,NY,760,1,0,0,1655.0,145766.0
C0104743,Jennifer Esparza,35-44,4,OH,728,3,1,1,5769.0,25887.0
C0104744,Stacy Orozco,25-34,15,MA,726,4,1,1,15269.0,136561.0
C0104745,Thomas Carr,25-34,4,VA,766,1,0,0,2495.0,127157.0
C0104746,David George,35-44,9,AZ,757,2,1,0,2219.0,216724.0
C0104747,Teresa Allen,45-54,1,GA,656,2,1,0,4655.0,70479.0
C0104748,Donald Jackson,55-64,13,VA,671,2,1,0,12251.0,78135.0
C0104749,Monica Howe,25-34,4,OH,709,1,0,0,28130.0,66883.0
C0104750,Willie Flynn PhD,35-44,5,MI,736,2,1,0,10705.0,78981.0
C0104751,Jonathan Perez,45-54,4,NJ,781,3,1,1,155563.0,18817.0
C0104752,April Horton,35-44,4,WA,722,4,1,1,3597.0,383553.0
C0104753,Nicole Hawkins,45-54,2,AZ,796,3,1,1,19701.0,206284.0
C0104754,Patrick Hooper,65+,12,TX,688,2,1,0,2141.0,37782.0
C0104755,Mary Lee,45-54,18,VA,695,1,0,0,56004.0,47632.0
C0104756,Cynthia Williams,35-44,7,NJ,706,1,0,0,41411.0,90547.0
C0104757,Ronald Gonzalez,65+,16,VA,683,2,1,0,19031.0,112976.0
C0104758,Antonio Cole,25-34,11,CA,772,2,1,0,1009.0,83605.0
C0104759,Amanda Swanson,65+,6,GA,595,3,1,1,18820.0,57525.0
C0104760,Holly Sherman,45-54,2,MA,697,2,1,0,3032.0,82160.0
C0104761,Sandy Reynolds,45-54,16,AZ,771,1,0,0,13966.0,211078.0
C0104762,Sandra Moore,65+,1,NY,705,1,0,0,1414.0,59628.0
C0104763,Christopher Johnson,45-54,9,GA,768,2,1,0,11203.0,208211.0
C0104764,Ryan Fisher,35-44,1,WA,818,1,0,0,5301.0,173673.0
C0104765,Christopher Jones,35-44,16,AZ,723,1,0,0,3185.0,104496.0
C0104766,Jeffrey Lyons,45-54,20,PA,772,1,0,0,16500.0,163938.0
C0104767,Miguel Reeves,45-54,7,WA,820,2,1,0,7619.0,68114.0
C0104768,Kiara Santana,35-44,7,WA,738,1,0,0,6336.0,44703.0
C0104769,Tonya Richards,55-64,12,FL,717,4,1,1,19626.0,112143.0
C0104770,Jesse Poole,45-54,11,CA,760,3,1,1,79598.0,109059.0
C0104771,Mary Lewis,35-44,8,CA,773,1,0,0,11280.0,236188.0
C0104772,Christopher Copeland,25-34,8,FL,718,3,1,1,928.0,89331.0
C0104773,Ethan Obrien,35-44,4,VA,698,2,1,0,1249.0,115784.0
C0104774,Rebecca Houston,25-34,6,IL,797,4,1,1,8802.0,60013.0
C0104775,Edward Barton,25-34,12,NJ,707,2,1,0,27771.0,121674.0
C0104776,Brandon Perkins,35-44,15,TX,773,1,0,0,9525.0,72399.0
C0104777,Beth Brown,25-34,16,MI,731,1,0,0,14971.0,182680.0
C0104778,Kim Vincent,35-44,11,VA,802,4,1,1,7551.0,98685.0
C0104779,Jennifer Banks,45-54,16,MA,681,4,1,1,25707.0,73531.0
C0104780,Ruth Brown,35-44,12,PA,681,2,1,0,16982.0,245205.0
C0104781,Shawn Lindsey,65+,8,NC,758,2,1,0,2384.0,66417.0
C0104782,Anthony Garrison,65+,8,GA,669,2,1,0,13868.0,155609.0
C0104783,Angela Ryan,45-54,11,IL,725,3,1,1,1273.0,50943.0
C0104784,Joseph Davis,65+,7,MI,789,2,1,0,13872.0,136068.0
C0104785,Joshua Clayton,55-64,16,NC,639,1,0,0,5773.0,181257.0
C0104786,John Massey,35-44,4,WA,738,1,0,0,9826.0,95182.0
C0104787,Richard Hale,55-64,2,CA,774,2,1,0,11954.0,61861.0
C0104788,Charles Ramos,25-34,10,NY,718,2,1,0,11361.0,65273.0
C0104789,Mark Miller,45-54,2,NC,678,3,1,1,44399.0,123273.0
C0104790,Julia Maldonado,45-54,4,NC,708,4,1,1,8441.0,334322.0
C0104791,Gail Johnson MD,25-34,8,AZ,682,1,0,0,10165.0,232920.0
C0104792,Maurice Johnson,35-44,1,NJ,723,3,1,1,39966.0,199415.0
C0104793,Amanda Morris,65+,5,CA,707,3,1,1,78918.0,65493.0
C0104794,Rhonda Willis,35-44,11,GA,696,2,1,0,7933.0,207146.0
C0104795,Connor Benton,35-44,8,WA,740,1,0,0,4383.0,179649.0
C0104796,Richard Ryan,35-44,18,AZ,791,2,1,0,4652.0,137189.0
C0104797,Richard Goodman,45-54,2,WA,734,4,1,1,13917.0,30740.0
C0104798,Michelle Mcneil,55-64,15,GA,780,2,1,0,6348.0,169675.0
C0104799,Michael Norton,55-64,12,TX,791,2,1,0,993.0,91532.0
C0104800,Donna Carter,35-44,13,NY,693,1,0,0,31184.0,161474.0
C0104801,Joshua Hernandez,35-44,14,WA,732,1,0,0,21557.0,36643.0
C0104802,Kimberly Mitchell,25-34,2,IL,700,2,1,0,32079.0,65508.0
C0104803,Patricia Hernandez,45-54,16,VA,653,2,1,0,40658.0,34744.0
C0104804,Donna Howell,55-64,7,CA,736,3,1,1,10186.0,153490.0
C0104805,James Williams,55-64,14,GA,672,2,1,0,11077.0,60585.0
C0104806,Alexander Greene,35-44,6,MA,741,1,0,0,27119.0,181667.0
C0104807,Dean Sanchez,45-54,8,NY,649,1,0,0,1885.0,206794.0
C0104808,Glenn Ward,35-44,15,CA,727,1,0,0,5308.0,103261.0
C0104809,Kendra Sullivan,45-54,19,PA,649,1,0,0,7546.0,99840.0
C0104810,Cynthia Hernandez,45-54,18,CA,750,1,0,0,24497.0,70373.0
C0104811,Darren Morris,45-54,15,MI,702,3,1,1,4246.0,238860.0
C0104812,Holly Underwood,45-54,11,FL,697,2,1,0,3448.0,71319.0
C0104813,Jaime Williams,65+,11,NY,770,3,1,1,4831.0,27197.0
C0104814,Lori Brown,35-44,20,NC,705,4,1,1,14236.0,155338.0
C0104815,Jason Chase,25-34,5,PA,724,1,0,0,7466.0,55040.0
C0104816,Lisa Buchanan,35-44,20,MI,711,3,1,1,1421.0,131534.0
C0104817,Marcus Fields,45-54,13,AZ,742,1,0,0,1800.0,66626.0
C0104818,Tammy Lopez,45-54,13,AZ,766,1,0,0,9546.0,92449.0
C0104819,Derek Williams,45-54,12,NJ,757,1,0,0,9936.0,125990.0
C0104820,James Davenport,55-64,17,MA,698,1,0,0,8376.0,42017.0
C0104821,Justin Moreno,35-44,14,VA,774,2,1,0,4606.0,230665.0
C0104822,Mario Green,45-54,2,TX,678,3,1,1,20851.0,120942.0
C0104823,Cassandra Fry,55-64,16,MA,686,2,1,0,12617.0,64788.0
C0104824,Dr. Jose Gray DDS,35-44,15,NC,714,2,1,0,12111.0,123793.0
C0104825,Amy Adams,35-44,19,CA,767,3,1,1,12638.0,63025.0
C0104826,Austin Horton,35-44,19,MI,667,3,1,1,55100.0,67650.0
C0104827,Elizabeth Jackson,35-44,19,NY,760,3,1,1,2371.0,98836.0
C0104828,Maureen Cross,55-64,1,NC,717,2,1,0,4889.0,122080.0
C0104829,Christopher Sanchez,65+,13,MI,700,2,1,0,5412.0,68526.0
C0104830,Mitchell Richardson,45-54,19,CA,769,2,1,0,36651.0,248923.0
C0104831,Kelsey Lewis,35-44,20,OH,683,2,1,0,5174.0,140992.0
C0104832,Richard Miller,45-54,11,CA,820,1,0,0,3131.0,26370.0
C0104833,Samantha Carter,55-64,19,TX,712,3,1,1,7137.0,135122.0
C0104834,Mrs. Heather Christensen,35-44,18,NY,726,4,1,1,9186.0,254828.0
C0104835,Sharon Williams,55-64,1,VA,789,4,1,1,34053.0,97531.0
C0104836,Daryl Lowe,25-34,18,OH,727,1,0,0,5138.0,208610.0
C0104837,Michael Carter,25-34,13,CA,773,1,0,0,3551.0,58403.0
C0104838,Susan Johnson,25-34,12,VA,632,1,0,0,2719.0,132015.0
C0104839,James Jenkins,35-44,4,NC,700,3,1,1,5361.0,227778.0
C0104840,Dylan Johnston,55-64,19,FL,737,2,1,0,175674.0,62826.0
C0104841,Kathy Hull,35-44,6,NC,768,3,1,1,12822.0,73263.0
C0104842,Monica Richardson,35-44,9,NY,754,4,1,1,16613.0,121158.0
C0104843,Kathryn White,35-44,6,MI,750,1,0,0,8100.0,49681.0
C0104844,Mrs. Valerie Owens,35-44,20,MA,767,2,1,0,9555.0,144799.0
C0104845,Amy Watts,35-44,10,PA,741,3,1,1,20823.0,128367.0
C0104846,Michael Brown,25-34,3,VA,623,1,0,0,15918.0,107124.0
C0104847,Cynthia Hendricks,45-54,1,CA,784,2,1,0,12320.0,34455.0
C0104848,Phillip Kelly,25-34,20,OH,682,2,1,0,8261.0,62360.0
C0104849,Deanna Edwards,55-64,5,AZ,734,2,1,0,5309.0,71538.0
C0104850,Jennifer Walker,35-44,16,TX,728,4,1,1,13483.0,78687.0
C0104851,Brian Davis,55-64,1,AZ,722,1,0,0,8958.0,70323.0
C0104852,Kelsey Griffith,55-64,18,TX,670,2,1,0,104749.0,50309.0
C0104853,Kimberly Obrien,25-34,14,GA,632,4,1,1,28587.0,163557.0
C0104854,Kevin Mccoy,25-34,5,FL,674,1,0,0,3608.0,344935.0
C0104855,Daniel Sullivan,65+,18,CA,757,3,1,1,1991.0,100683.0
C0104856,Darius Khan,45-54,6,IL,654,4,1,1,5025.0,170373.0
C0104857,Miranda Huber,45-54,20,NC,680,1,0,0,2209.0,37944.0
C0104858,Lisa Wagner,25-34,12,NJ,738,1,0,0,4675.0,129809.0
C0104859,Erin Price,35-44,9,PA,673,1,0,0,2531.0,59848.0
C0104860,Jonathan Russell,45-54,2,GA,695,1,0,0,5473.0,204525.0
C0104861,Sharon Snow,55-64,6,FL,723,2,1,0,5552.0,73949.0
C0104862,Cody Hoover,35-44,2,NJ,732,1,0,0,9668.0,115219.0
C0104863,Alyssa Rodriguez PhD,55-64,18,FL,672,2,1,0,6322.0,248398.0
C0104864,Carl Harper,45-54,3,WA,726,3,1,1,2744.0,161870.0
C0104865,Dana Bennett,25-34,3,FL,737,1,0,0,34818.0,148933.0
C0104866,Michael Baker,35-44,3,MI,662,2,1,0,13142.0,110976.0
C0104867,William Wilson,35-44,20,PA,729,1,0,0,4216.0,42992.0
C0104868,Jennifer Smith,35-44,20,MA,687,2,1,0,2798.0,103562.0
C0104869,Cindy Richardson,45-54,15,PA,725,1,0,0,1393.0,56883.0
C0104870,Brandi Brown,35-44,2,MA,752,1,0,0,1276.0,142465.0
C0104871,Benjamin Martinez,35-44,11,WA,712,4,1,1,28480.0,222004.0
C0104872,Patricia Mitchell,45-54,19,GA,761,3,1,1,25073.0,122550.0
C0104873,Courtney Sanders,45-54,2,GA,755,2,1,0,4019.0,126412.0
C0104874,Ryan Willis,45-54,16,IL,760,3,1,1,41748.0,148043.0
C0104875,Jennifer Jackson,45-54,1,OH,738,2,1,0,16986.0,49189.0
C0104876,Teresa Obrien,35-44,17,OH,769,1,0,0,10341.0,35051.0
C0104877,Angel Hayes,45-54,11,FL,737,2,1,0,22796.0,114039.0
C0104878,Jason Davis,35-44,18,PA,644,3,1,1,17020.0,28084.0
C0104879,Melissa Mathews,35-44,9,AZ,684,4,1,1,9744.0,145759.0
C0104880,Joseph Russell,25-34,16,MA,710,2,1,0,6075.0,41712.0
C0104881,Sandra Mccoy,45-54,17,CA,716,2,1,0,7125.0,198238.0
C0104882,Gail Vasquez,45-54,7,NJ,736,3,1,1,1177.0,136502.0
C0104883,Jeffrey Gibbs,35-44,13,NY,683,2,1,0,3100.0,101824.0
C0104884,Michael Wilson,55-64,10,MI,810,1,0,0,70277.0,153388.0
C0104885,Richard Smith,55-64,9,MI,715,2,1,0,3002.0,141922.0
C0104886,Corey Mooney,25-34,16,AZ,719,1,0,0,879.0,149342.0
C0104887,Christina Myers,45-54,5,NJ,689,2,1,0,23975.0,130143.0
C0104888,Anita Pitts,35-44,3,WA,674,3,1,1,10920.0,69711.0
C0104889,Christian Bryant,65+,10,WA,714,1,0,0,11682.0,255591.0
C0104890,Patrick Garcia,35-44,17,MI,721,2,1,0,6707.0,246523.0
C0104891,Daniel Merritt,35-44,4,OH,716,1,0,0,24171.0,133998.0
C0104892,Robert Hicks,35-44,7,IL,794,1,0,0,50798.0,114609.0
C0104893,Kenneth Washington,35-44,14,IL,714,3,1,1,4334.0,79016.0
C0104894,Jessica Hoffman,45-54,10,IL,716,2,1,0,17317.0,229698.0
C0104895,Lisa Riggs,45-54,13,PA,756,3,1,1,31014.0,302440.0
C0104896,Donna Mccarty,35-44,11,PA,712,2,1,0,4051.0,29302.0
C0104897,Eric Spencer,45-54,17,NC,744,3,1,1,49587.0,79459.0
C0104898,Victoria Deleon,55-64,18,PA,662,1,0,0,30890.0,39449.0
C0104899,David Roy,55-64,9,IL,662,2,1,0,1825.0,50009.0
C0104900,Nancy Rice,45-54,9,NJ,725,2,1,0,54939.0,202597.0
C0104901,Daniel Brewer,35-44,6,PA,709,3,1,1,1944.0,267723.0
C0104902,Becky Garcia,35-44,9,TX,683,2,1,0,3551.0,178207.0
C0104903,Michael Smith,55-64,17,CA,725,1,0,0,18405.0,108693.0
C0104904,Katie Kaiser,55-64,11,VA,729,2,1,0,28276.0,162047.0
C0104905,Amy Roberts,45-54,14,MA,688,3,1,1,9122.0,171293.0
C0104906,Taylor Espinoza,55-64,9,NJ,696,1,0,0,3805.0,176498.0
C0104907,David Aguirre,25-34,15,CA,729,2,1,0,5931.0,257468.0
C0104908,Kyle Armstrong,45-54,15,NC,674,3,1,1,5145.0,197673.0
C0104909,Jennifer Weber,35-44,11,PA,692,1,0,0,22236.0,104709.0
C0104910,Sheila Douglas,25-34,19,PA,744,2,1,0,4979.0,107110.0
C0104911,Maria Malone,45-54,18,AZ,718,3,1,1,3706.0,28217.0
C0104912,Megan Juarez,35-44,4,WA,698,1,0,0,1377.0,143609.0
C0104913,Ann Boyd,65+,5,VA,679,1,0,0,3972.0,46063.0
C0104914,Richard Riley,35-44,20,GA,674,2,1,0,7030.0,331848.0
C0104915,Laura Thomas,55-64,9,NC,714,2,1,0,2087.0,79804.0
C0104916,Elizabeth Barton,55-64,7,AZ,811,3,1,1,999.0,94079.0
C0104917,Laura Sparks,45-54,16,MI,745,2,1,0,26264.0,118053.0
C0104918,Tiffany Zamora,65+,13,NC,660,2,1,0,2439.0,20525.0
C0104919,Ryan Roman,35-44,3,TX,751,2,1,0,1684.0,118417.0
C0104920,Richard Parsons,35-44,2,MA,685,1,0,0,53286.0,119627.0
C0104921,Justin Yu,35-44,17,WA,719,2,1,0,22438.0,301335.0
C0104922,Marcus Johnson,35-44,16,IL,693,1,0,0,27739.0,125800.0
C0104923,Brittney Bowman,55-64,8,NY,811,4,1,1,14857.0,95537.0
C0104924,Jason Snow,45-54,18,MA,668,1,0,0,39091.0,67117.0
C0104925,Carrie Lewis,35-44,3,MA,734,1,0,0,23390.0,332687.0
C0104926,Wendy Perez,35-44,18,OH,689,3,1,1,5360.0,141543.0
C0104927,Erika Bates,45-54,2,NY,753,1,0,0,2257.0,122341.0
C0104928,Marie Roach,55-64,13,VA,733,2,1,0,1738.0,26983.0
C0104929,Mary Hoffman,35-44,17,MI,776,4,1,1,6852.0,163102.0
C0104930,Robert Mitchell,55-64,13,AZ,752,3,1,1,2165.0,100982.0
C0104931,Gregory Russell,45-54,16,NC,688,1,0,0,3111.0,247866.0
C0104932,Vicki Barrera,55-64,7,NC,820,1,0,0,6750.0,162107.0
C0104933,Jessica Johnson,35-44,6,FL,744,2,1,0,43367.0,122267.0
C0104934,Rachel Sullivan,45-54,6,MI,695,2,1,0,1323.0,63195.0
C0104935,Kimberly Thomas,35-44,3,IL,729,1,0,0,8397.0,119243.0
C0104936,Anna Pierce,35-44,6,NY,748,1,0,0,1805.0,44059.0
C0104937,Haley Mccoy,55-64,5,VA,746,3,1,1,4156.0,50088.0
C0104938,Claire Hoffman,45-54,16,IL,742,1,0,0,24731.0,43174.0
C0104939,Annette Rivas,35-44,5,NY,763,3,1,1,2928.0,87471.0
C0104940,Pamela Aguirre,55-64,4,MA,759,1,0,0,5907.0,86948.0
C0104941,George Bradshaw,25-34,15,MA,681,2,1,0,9597.0,172639.0
C0104942,Ryan Waters,45-54,11,GA,814,2,1,0,18796.0,50668.0
C0104943,Chase Matthews,65+,5,PA,808,1,0,0,4199.0,80238.0
C0104944,Sarah Nelson,45-54,15,FL,756,2,1,0,36788.0,262379.0
C0104945,Sarah Wall,55-64,5,MI,721,1,0,0,4750.0,76648.0
C0104946,Paul Smith,45-54,16,MI,722,3,1,1,14490.0,399230.0
C0104947,Kayla Burke,55-64,1,MI,705,3,1,1,6452.0,126369.0
C0104948,Jean Murillo,45-54,12,VA,711,1,0,0,19714.0,34359.0
C0104949,William Hughes,45-54,12,GA,621,2,1,0,92319.0,58535.0
C0104950,Brad Lee,35-44,8,NJ,788,4,1,1,5807.0,163107.0
C0104951,Samantha Morrow,55-64,14,MI,772,2,1,0,7949.0,134853.0
C0104952,Tony Brooks,35-44,8,VA,644,2,1,0,4825.0,81555.0
C0104953,Matthew Miller,65+,14,VA,760,3,1,1,4011.0,90106.0
C0104954,Angel Rojas,35-44,5,CA,719,1,0,0,3501.0,168352.0
C0104955,Jason Thompson,35-44,12,MI,711,2,1,0,7924.0,206382.0
C0104956,Christina Aguilar,55-64,16,MA,742,1,0,0,3190.0,215883.0
C0104957,Jason Thomas,35-44,20,NC,641,2,1,0,3308.0,107425.0
C0104958,Connie Ramirez,35-44,8,GA,719,2,1,0,182.0,135300.0
C0104959,Jon Ramos,55-64,10,MI,723,1,0,0,42699.0,37789.0
C0104960,Christopher Klein,35-44,10,NC,723,3,1,1,58254.0,234874.0
C0104961,Charles Powell,35-44,18,OH,658,2,1,0,17650.0,99742.0
C0104962,Megan Carlson,45-54,20,MA,740,1,0,0,2839.0,96176.0
C0104963,Justin Davis,35-44,13,TX,767,3,1,1,1779.0,133665.0
C0104964,Molly Mckenzie,35-44,17,WA,738,2,1,0,1240.0,51809.0
C0104965,Tammy Hendrix,25-34,2,FL,709,1,0,0,17448.0,72716.0
C0104966,Tara Jones,35-44,16,NY,820,2,1,0,36988.0,113710.0
C0104967,Alison Zuniga,35-44,17,MI,678,4,1,1,9890.0,435542.0
C0104968,Deborah Waller,25-34,15,MI,754,1,0,0,22684.0,87540.0
C0104969,Jesse Davis,45-54,12,AZ,730,3,1,1,13819.0,94458.0
C0104970,Timothy Howard,45-54,18,PA,810,2,1,0,3213.0,211975.0
C0104971,Christina Moon,25-34,14,CA,737,1,0,0,27211.0,158534.0
C0104972,John Ho,35-44,17,NY,747,3,1,1,25202.0,181382.0
C0104973,Daniel Ferrell,55-64,4,NC,742,2,1,0,2469.0,121889.0
C0104974,Megan Miller,45-54,14,IL,672,3,1,1,21344.0,76741.0
C0104975,James Robinson,35-44,9,NY,680,2,1,0,6788.0,421964.0
C0104976,Roger Petty,45-54,18,AZ,707,1,0,0,5925.0,167599.0
C0104977,John Payne,35-44,18,NC,763,1,0,0,12948.0,126078.0
C0104978,Jamie Lee,55-64,17,NJ,730,2,1,0,12477.0,185866.0
C0104979,Steven Gardner,65+,5,VA,710,2,1,0,23539.0,30235.0
C0104980,Kevin Barber,65+,10,OH,781,4,1,1,2924.0,105733.0
C0104981,Kenneth Williams,35-44,1,VA,630,3,1,1,15974.0,34992.0
C0104982,Elizabeth Williams,35-44,20,MA,661,3,1,1,2014.0,126048.0
C0104983,Jessica Mitchell,35-44,6,NJ,607,2,1,0,6539.0,70511.0
C0104984,Jesse Fleming,35-44,13,PA,774,1,0,0,7083.0,187614.0
C0104985,Jennifer Ferguson,35-44,10,VA,715,3,1,1,25953.0,199101.0
C0104986,Susan Figueroa,45-54,19,NY,763,1,0,0,8194.0,229031.0
C0104987,Mr. Thomas Jones PhD,35-44,17,TX,715,1,0,0,5918.0,147174.0
C0104988,Sherry Shannon,65+,16,OH,766,1,0,0,44852.0,62013.0
C0104989,Samantha Garcia,25-34,13,GA,714,4,1,1,4843.0,114086.0
C0104990,Joseph Beltran,25-34,3,GA,738,3,1,1,4604.0,154849.0
C0104991,Joshua Navarro,55-64,19,NY,731,1,0,0,853.0,125332.0
C0104992,Nicholas Obrien II,55-64,2,PA,735,4,1,1,6246.0,44782.0
C0104993,Ronald Baxter,35-44,10,AZ,795,3,1,1,2624.0,80925.0
C0104994,Sherri Charles,45-54,8,PA,646,2,1,0,5998.0,160681.0
C0104995,Michael Flores,35-44,8,VA,716,1,0,0,10807.0,67503.0
C0104996,Darryl Christensen,35-44,20,NY,728,1,0,0,2204.0,78037.0
C0104997,Allison Floyd,45-54,5,TX,722,1,0,0,3018.0,99021.0
C0104998,Michelle Patterson,35-44,12,CA,702,2,1,0,1189.0,37082.0
C0104999,Wendy Chavez,45-54,5,NY,695,2,1,0,4395.0,195204.0
C0105000,Jennifer Hurley,35-44,19,WA,788,1,0,0,2609.0,173063.0
C0105001,Jared Chan,45-54,15,OH,716,1,0,0,106195.0,169962.0
C0105002,Ricky Diaz,55-64,9,NJ,820,2,1,0,49259.0,123711.0
C0105003,Joshua Miller,35-44,2,MA,743,3,1,1,40547.0,39159.0
C0105004,Catherine Soto,25-34,4,CA,706,1,0,0,1713.0,63255.0
C0105005,Christopher Gay,35-44,5,TX,744,3,1,1,6550.0,170871.0
C0105006,Mary Smith,55-64,9,AZ,724,4,1,1,1913.0,155516.0
C0105007,William Giles,45-54,18,NC,780,3,1,1,73968.0,61483.0
C0105008,Jennifer Hernandez,55-64,3,MI,667,2,1,0,21967.0,59539.0
C0105009,Matthew Giles,35-44,12,IL,638,3,1,1,2291.0,127960.0
C0105010,Kenneth Murphy,35-44,7,WA,736,3,1,1,12624.0,56550.0
C0105011,Jesus Wheeler,45-54,1,MI,757,3,1,1,1368.0,189340.0
C0105012,Kevin Barton,35-44,13,NY,732,1,0,0,6879.0,147014.0
C0105013,Jeffrey Lynch,55-64,15,MI,750,1,0,0,6564.0,123133.0
C0105014,Joshua Smith,35-44,20,CA,743,1,0,0,19684.0,201662.0
C0105015,Steven Johnson,35-44,11,NY,653,1,0,0,26513.0,95191.0
C0105016,Andrew Jacobs,45-54,7,NY,732,3,1,1,8303.0,108692.0
C0105017,Mary Daniels,45-54,18,VA,779,1,0,0,6193.0,197242.0
C0105018,Linda Holt,45-54,5,VA,727,3,1,1,167.0,85400.0
C0105019,Dorothy Anderson,35-44,14,TX,661,2,1,0,52815.0,84018.0
C0105020,Gail Moss,65+,19,AZ,704,2,1,0,3681.0,126120.0
C0105021,Lori Holland,55-64,1,WA,745,1,0,0,9160.0,142803.0
C0105022,Jesse Gardner,55-64,19,OH,800,1,0,0,121894.0,74744.0
C0105023,Robert Durham,45-54,5,NY,631,1,0,0,1934.0,55594.0
C0105024,Jessica Kelly,45-54,10,OH,736,4,1,1,8313.0,82588.0
C0105025,Steven Morales,45-54,6,NC,678,1,0,0,14709.0,39649.0
C0105026,Craig Hammond,35-44,3,MI,742,1,0,0,30060.0,88260.0
C0105027,Allison Gilbert,35-44,15,IL,746,1,0,0,8115.0,72402.0
C0105028,Richard Stuart,45-54,10,TX,709,2,1,0,33213.0,36186.0
C0105029,Mark Mcpherson,25-34,11,MI,748,2,1,0,4921.0,81520.0
C0105030,Joseph Cruz Jr.,25-34,10,NJ,771,4,1,1,15556.0,183311.0
C0105031,Suzanne Wagner,55-64,15,PA,712,1,0,0,13316.0,145283.0
C0105032,Brittany Flowers,25-34,20,MI,659,1,0,0,7264.0,132896.0
C0105033,Kenneth Snyder,45-54,11,NC,784,3,1,1,11947.0,280891.0
C0105034,Rachel Patel,45-54,4,GA,757,1,0,0,2837.0,98181.0
C0105035,April Schneider,35-44,7,CA,745,1,0,0,5662.0,78044.0
C0105036,Rebecca Wood,55-64,10,PA,688,4,1,1,1730.0,160196.0
C0105037,Sonya Alvarado,35-44,3,IL,764,2,1,0,4770.0,133600.0
C0105038,Nicole Price,55-64,5,WA,811,2,1,0,31755.0,65011.0
C0105039,Evelyn Bryant,55-64,5,WA,714,4,1,1,13420.0,111209.0
C0105040,Michael Jackson,35-44,20,AZ,724,1,0,0,11725.0,173078.0
C0105041,Casey Francis,35-44,9,OH,672,1,0,0,1190.0,149697.0
C0105042,Debra White,35-44,18,PA,687,1,0,0,11897.0,172889.0
C0105043,Julia Long,35-44,12,GA,671,1,0,0,7515.0,47118.0
C0105044,Ronald Carr,35-44,11,VA,725,2,1,0,15443.0,61053.0
C0105045,David Lynn,65+,19,MI,704,3,1,1,42611.0,66458.0
C0105046,Nancy Bradford,35-44,14,MI,736,4,1,1,4961.0,184425.0
C0105047,Sandra Walker,55-64,5,OH,679,3,1,1,5548.0,230861.0
C0105048,Kimberly Valenzuela,35-44,6,NJ,712,4,1,1,24386.0,114926.0
C0105049,Ashley Sullivan,65+,14,AZ,677,2,1,0,3928.0,270488.0
C0105050,Michael Moon,35-44,1,NJ,728,1,0,0,8999.0,105808.0
C0105051,Philip Bowen,35-44,4,OH,646,1,0,0,738.0,89626.0
C0105052,Cassandra Landry,45-54,2,WA,726,2,1,0,5599.0,51789.0
C0105053,Wayne Jackson,25-34,15,MA,707,1,0,0,38794.0,113698.0
C0105054,Connie Neal,55-64,9,VA,728,1,0,0,12119.0,99964.0
C0105055,Lawrence Parks,35-44,1,AZ,645,4,1,1,23844.0,256416.0
C0105056,Scott Ayers,45-54,15,NY,749,1,0,0,25529.0,230054.0
C0105057,Michael Wood,45-54,14,OH,706,3,1,1,40909.0,151322.0
C0105058,Matthew Stone,45-54,15,NY,729,1,0,0,5342.0,263553.0
C0105059,Tiffany Hansen,25-34,4,IL,635,2,1,0,25103.0,79025.0
C0105060,Frank Freeman,35-44,18,VA,664,2,1,0,120228.0,75350.0
C0105061,Samantha Walker,35-44,4,NJ,702,1,0,0,7851.0,154576.0
C0105062,Mark Wilson,35-44,12,CA,781,1,0,0,1663.0,126971.0
C0105063,Kayla Ray,25-34,12,VA,743,2,1,0,3968.0,22173.0
C0105064,Ashley Olson,65+,5,FL,725,2,1,0,14214.0,159628.0
C0105065,Mr. Joseph Bush,45-54,8,FL,678,1,0,0,1103.0,191702.0
C0105066,Debra Johnson,45-54,2,NC,670,2,1,0,3247.0,37544.0
C0105067,Christine Parker,35-44,10,NY,732,1,0,0,5455.0,167958.0
C0105068,Jesse Murphy,35-44,14,MA,751,1,0,0,9245.0,37267.0
C0105069,Brian Daniel,45-54,7,FL,729,3,1,1,69969.0,66276.0
C0105070,Stephen Roth,35-44,11,FL,796,1,0,0,18497.0,32583.0
C0105071,Ryan Warren,35-44,20,VA,689,2,1,0,2129.0,296524.0
C0105072,Jeffery York,45-54,5,PA,728,2,1,0,500000.0,104675.0
C0105073,Tyler Baker,45-54,6,NJ,643,3,1,1,7944.0,156335.0
C0105074,Melissa Schneider,65+,3,NJ,729,1,0,0,1079.0,73502.0
C0105075,Trevor Sparks,35-44,11,FL,786,2,1,0,2331.0,60333.0
C0105076,Hector Bryant,45-54,5,NC,673,2,1,0,2347.0,125515.0
C0105077,Theresa Martinez,25-34,18,NC,757,1,0,0,1607.0,316641.0
C0105078,Kaitlyn Brown,35-44,6,TX,784,1,0,0,14996.0,78470.0
C0105079,Bonnie Woods,55-64,14,VA,688,3,1,1,330.0,94463.0
C0105080,Carlos Kirk,35-44,4,WA,741,2,1,0,26336.0,221325.0
C0105081,Selena Bailey,45-54,7,MA,791,1,0,0,21532.0,121098.0
C0105082,Chad Rivera,35-44,4,TX,730,2,1,0,4685.0,144084.0
C0105083,Rhonda Patterson,25-34,12,FL,755,2,1,0,24315.0,149527.0
C0105084,Frederick Mejia,65+,1,WA,640,1,0,0,2184.0,39784.0
C0105085,Rebecca Cole,35-44,2,PA,746,1,0,0,2949.0,49600.0
C0105086,Edwin Jackson,55-64,11,MI,743,1,0,0,15669.0,187951.0
C0105087,George Rogers DDS,35-44,11,IL,660,2,1,0,6302.0,139446.0
C0105088,Kimberly Morgan,65+,7,NY,676,2,1,0,3827.0,73320.0
C0105089,Tracey Hogan,35-44,9,MI,747,1,0,0,7071.0,204694.0
C0105090,Micheal Austin,35-44,9,NY,706,2,1,0,39439.0,342605.0
C0105091,Carl Rubio,55-64,16,FL,770,3,1,1,37646.0,219400.0
C0105092,Tracy Burnett,35-44,9,GA,733,2,1,0,13512.0,176915.0
C0105093,Gary Taylor,35-44,17,FL,722,1,0,0,5290.0,69052.0
C0105094,Sonya Williams,65+,5,FL,712,1,0,0,15149.0,145020.0
C0105095,Jacqueline Hall,45-54,4,VA,733,4,1,1,2879.0,164646.0
C0105096,Crystal Mullen,45-54,9,GA,756,1,0,0,32950.0,109918.0
C0105097,Shawn Ware,45-54,2,NC,744,1,0,0,25349.0,108256.0
C0105098,Rebecca Oneill,55-64,14,FL,700,2,1,0,82282.0,28102.0
C0105099,Aaron Morgan,55-64,8,FL,775,3,1,1,3095.0,328431.0
C0105100,Damon Schultz,45-54,8,IL,749,4,1,1,2666.0,62285.0
C0105101,Catherine Garcia,35-44,11,IL,737,2,1,0,15703.0,173070.0
C0105102,Samuel Warren,25-34,2,OH,724,4,1,1,5834.0,55655.0
C0105103,Kevin Carney,45-54,8,FL,742,1,0,0,26881.0,125231.0
C0105104,Jonathan Jefferson DVM,55-64,20,AZ,637,3,1,1,39389.0,112969.0
C0105105,Jerry Walsh,45-54,13,IL,730,1,0,0,62528.0,128426.0
C0105106,Travis Day,35-44,12,WA,793,4,1,1,8691.0,157427.0
C0105107,Aaron Diaz,35-44,11,OH,729,3,1,1,23306.0,184434.0
C0105108,Nancy Jackson,45-54,10,GA,723,3,1,1,4357.0,102254.0
C0105109,Daniel Benjamin,55-64,19,TX,693,2,1,0,10516.0,65684.0
C0105110,Renee Thompson,35-44,19,NJ,742,1,0,0,7600.0,70553.0
C0105111,Rose Mclaughlin,45-54,9,CA,711,2,1,0,7129.0,199679.0
C0105112,Arthur Gonzalez,55-64,19,VA,778,1,0,0,72309.0,113715.0
C0105113,Ryan Smith,65+,2,AZ,681,3,1,1,1619.0,74733.0
C0105114,Brandon Bennett,25-34,7,IL,699,1,0,0,8055.0,96742.0
C0105115,Brandon Sanchez,65+,7,AZ,692,1,0,0,8643.0,50057.0
C0105116,Christopher Robbins,45-54,14,NJ,802,1,0,0,17535.0,62560.0
C0105117,Alexander Martin,55-64,13,CA,711,3,1,1,2172.0,127144.0
C0105118,Joseph Miller,25-34,10,NY,695,2,1,0,5660.0,256188.0
C0105119,Richard Yoder,45-54,6,MI,625,2,1,0,3964.0,130348.0
C0105120,Frank Francis,45-54,11,NJ,678,1,0,0,543.0,26001.0
C0105121,Mark Webb,35-44,6,TX,743,1,0,0,32695.0,197095.0
C0105122,Scott Mcmahon,35-44,10,NJ,743,2,1,0,1389.0,181784.0
C0105123,Luke Dixon,45-54,7,WA,690,1,0,0,1183.0,220502.0
C0105124,Mckenzie Chavez,45-54,18,TX,693,2,1,0,25264.0,110774.0
C0105125,Kristen Blair,25-34,15,AZ,803,2,1,0,5422.0,200351.0
C0105126,Joshua White,35-44,4,GA,820,4,1,1,5651.0,152066.0
C0105127,Bryan Harrison,35-44,19,MI,771,1,0,0,5782.0,477928.0
C0105128,Michael Gonzalez,65+,14,CA,790,2,1,0,29415.0,270666.0
C0105129,Monica Frost,65+,8,MI,799,4,1,1,4179.0,122228.0
C0105130,Tracy Frye,35-44,11,OH,819,3,1,1,16549.0,85348.0
C0105131,Erika Thompson,35-44,4,IL,706,2,1,0,2060.0,82174.0
C0105132,Latasha Mendez,35-44,1,VA,680,1,0,0,12041.0,123467.0
C0105133,Sierra Moses,45-54,9,NY,802,2,1,0,23938.0,105048.0
C0105134,Rebecca Sandoval,55-64,16,CA,676,2,1,0,43744.0,105867.0
C0105135,Margaret Young,45-54,8,GA,673,1,0,0,1263.0,103320.0
C0105136,Cynthia Jackson,25-34,8,VA,674,1,0,0,5676.0,98681.0
C0105137,Michaela Sanchez,25-34,20,FL,714,2,1,0,55162.0,36458.0
C0105138,Stephanie Harris,35-44,20,MA,630,1,0,0,24495.0,148099.0
C0105139,Elizabeth Butler,55-64,10,NJ,655,3,1,1,6382.0,81485.0
C0105140,Matthew Mclaughlin PhD,45-54,1,MA,691,1,0,0,8140.0,111386.0
C0105141,Robert Roberts,45-54,14,GA,666,4,1,1,11573.0,71169.0
C0105142,Laura Green,35-44,15,TX,767,2,1,0,5179.0,123483.0
C0105143,Robert Hampton,65+,19,FL,720,4,1,1,15624.0,116931.0
C0105144,Molly White,35-44,19,GA,745,3,1,1,14598.0,69617.0
C0105145,Roger Valencia,55-64,13,NC,741,1,0,0,2127.0,121182.0
C0105146,Cody Thompson,55-64,3,VA,710,1,0,0,4502.0,119634.0
C0105147,Anthony Wright,45-54,5,VA,764,1,0,0,4699.0,108066.0
C0105148,Julie Rose,55-64,15,VA,740,3,1,1,5963.0,102477.0
C0105149,Mr. John Woodard MD,35-44,13,NC,705,1,0,0,11202.0,51932.0
C0105150,Kristin Herman,45-54,9,CA,644,3,1,1,10062.0,49145.0
C0105151,Chase Burnett,25-34,9,GA,743,3,1,1,3416.0,219509.0
C0105152,Annette Mcguire,45-54,15,WA,663,2,1,0,40471.0,78931.0
C0105153,Richard Roy,35-44,9,WA,737,2,1,0,8152.0,114416.0
C0105154,Carrie Ware,25-34,4,WA,723,3,1,1,46927.0,48356.0
C0105155,Julian Obrien,25-34,20,CA,658,3,1,1,45626.0,126074.0
C0105156,Stacey Stone,35-44,7,OH,731,1,0,0,2273.0,122756.0
C0105157,Laura Bailey,45-54,6,MI,728,1,0,0,4499.0,63493.0
C0105158,Patrick Bush,45-54,2,NY,728,2,1,0,4911.0,142969.0
C0105159,Jose Lopez,35-44,10,OH,726,1,0,0,11801.0,307147.0
C0105160,Jennifer Brown,65+,20,TX,690,2,1,0,19374.0,151407.0
C0105161,Nicole Bright,65+,4,FL,746,4,1,1,9665.0,34809.0
C0105162,Christina Ramirez,25-34,5,CA,689,2,1,0,4184.0,115238.0
C0105163,Thomas Brewer,35-44,4,MA,671,1,0,0,58802.0,37018.0
C0105164,Sarah Berry,45-54,2,WA,750,1,0,0,4788.0,47320.0
C0105165,Austin Conley,55-64,13,OH,762,4,1,1,19736.0,165789.0
C0105166,Daniel Luna,35-44,6,CA,747,1,0,0,7750.0,50974.0
C0105167,Sharon Johnson,55-64,16,IL,710,1,0,0,7494.0,153696.0
C0105168,Kenneth Maxwell,25-34,9,OH,632,2,1,0,18188.0,254294.0
C0105169,Laurie Bailey,35-44,13,FL,786,2,1,0,51617.0,215656.0
C0105170,Eric Woods,55-64,2,MI,632,2,1,0,11684.0,83438.0
C0105171,Nancy Lee,45-54,7,MA,746,2,1,0,4507.0,78028.0
C0105172,Christina Smith,55-64,9,WA,814,2,1,0,47862.0,217283.0
C0105173,John Clark,25-34,2,WA,726,1,0,0,14656.0,144487.0
C0105174,Anna Ponce,35-44,9,WA,733,2,1,0,9941.0,234735.0
C0105175,Anthony Hernandez,25-34,10,TX,737,3,1,1,27812.0,211221.0
C0105176,Daniel Wilson,35-44,9,NC,728,2,1,0,11928.0,147624.0
C0105177,Melody Stevens,25-34,11,NC,820,4,1,1,154561.0,103367.0
C0105178,Matthew Brown,45-54,16,TX,682,1,0,0,8121.0,459376.0
C0105179,Nichole Davis,45-54,16,FL,676,2,1,0,32196.0,45739.0
C0105180,James Anderson,45-54,1,NC,705,2,1,0,13772.0,105799.0
C0105181,Bryan Griffith,35-44,13,NJ,798,2,1,0,13717.0,29097.0
C0105182,Nathan Stanley,25-34,19,NY,694,1,0,0,5248.0,149215.0
C0105183,Olivia Randolph,45-54,18,GA,739,2,1,0,5279.0,161349.0
C0105184,Marcus Blair,25-34,7,TX,768,4,1,1,14705.0,83469.0
C0105185,Kenneth Reynolds,55-64,16,TX,755,2,1,0,2859.0,87963.0
C0105186,Joshua Guerrero,25-34,17,NC,765,1,0,0,4062.0,59832.0
C0105187,Shawn Shepherd,45-54,8,NC,783,1,0,0,8253.0,82809.0
C0105188,Ashley Duran,55-64,18,VA,733,2,1,0,35898.0,111546.0
C0105189,Brian Mitchell,45-54,13,AZ,699,1,0,0,8925.0,136209.0
C0105190,Melanie Garrett,45-54,16,FL,726,3,1,1,8757.0,39118.0
C0105191,George Smith,45-54,15,IL,704,4,1,1,2275.0,146746.0
C0105192,Vicki Hernandez,25-34,16,WA,820,4,1,1,61996.0,199921.0
C0105193,Carl Larsen,45-54,20,CA,696,2,1,0,30593.0,173971.0
C0105194,Mercedes Richardson,55-64,18,WA,741,2,1,0,35019.0,125814.0
C0105195,Mikayla Franco,65+,9,MA,652,1,0,0,1418.0,106945.0
C0105196,Patrick Rios,35-44,12,TX,725,1,0,0,12356.0,165255.0
C0105197,Cindy Estrada,35-44,13,FL,707,2,1,0,2628.0,43515.0
C0105198,Bethany Neal,55-64,18,NJ,750,1,0,0,20454.0,51123.0
C0105199,Alan Davis DVM,45-54,8,GA,751,1,0,0,11921.0,62849.0
C0105200,Donald Coleman,35-44,7,MA,783,3,1,1,15102.0,235729.0
C0105201,Gabriel Richardson,35-44,15,NC,780,3,1,1,3429.0,92118.0
C0105202,Thomas Lewis,35-44,20,MI,717,4,1,1,2327.0,25853.0
C0105203,Todd Beasley,45-54,19,NY,677,1,0,0,3756.0,127608.0
C0105204,Allison Branch,35-44,3,PA,682,3,1,1,11724.0,216901.0
C0105205,Jenny Cox,25-34,19,FL,733,2,1,0,6059.0,196178.0
C0105206,David Simpson,25-34,16,FL,727,1,0,0,10980.0,105662.0
C0105207,Kyle Brown,65+,4,TX,731,2,1,0,2371.0,216271.0
C0105208,Tracey Reynolds,25-34,1,AZ,695,2,1,0,8040.0,46735.0
C0105209,Alison Perez,25-34,5,TX,784,2,1,0,43223.0,55134.0
C0105210,Douglas Santos,45-54,19,GA,653,3,1,1,12074.0,101055.0
C0105211,Grace Green,35-44,16,GA,693,2,1,0,13015.0,162057.0
C0105212,Samantha Cohen,65+,12,CA,671,4,1,1,13141.0,182458.0
C0105213,Courtney Page,65+,13,WA,710,1,0,0,4384.0,149151.0
C0105214,David Martinez,35-44,9,GA,776,3,1,1,57417.0,108925.0
C0105215,Susan Sullivan,35-44,19,TX,707,4,1,1,12437.0,107035.0
C0105216,Thomas Bowman MD,35-44,4,TX,724,2,1,0,10023.0,245191.0
C0105217,Elizabeth Brown,25-34,7,NJ,749,3,1,1,18479.0,143412.0
C0105218,Michael Bolton,35-44,5,MI,704,2,1,0,25055.0,120819.0
C0105219,Jeffery Thompson,25-34,17,OH,737,1,0,0,1818.0,273410.0
C0105220,John Rodriguez,25-34,11,OH,731,2,1,0,8670.0,87482.0
C0105221,Danielle Hamilton,45-54,14,CA,669,2,1,0,118447.0,107143.0
C0105222,Justin Hammond,25-34,19,CA,699,1,0,0,59064.0,186603.0
C0105223,Kayla Williams,25-34,4,NC,735,2,1,0,7132.0,292019.0
C0105224,Thomas Sparks,45-54,20,IL,777,1,0,0,19411.0,107069.0
C0105225,Ashlee Ross,35-44,3,NY,777,1,0,0,5476.0,138021.0
C0105226,Ann Martin,25-34,16,IL,814,4,1,1,12387.0,59425.0
C0105227,Kimberly Black,25-34,15,MI,741,4,1,1,4675.0,223449.0
C0105228,Meagan West,35-44,17,PA,701,2,1,0,4581.0,74069.0
C0105229,Andre Cortez,35-44,4,IL,717,2,1,0,3983.0,87545.0
C0105230,Michele Ford,55-64,20,PA,714,2,1,0,61010.0,135142.0
C0105231,Andrew Chavez,65+,16,MI,701,1,0,0,4553.0,96163.0
C0105232,Joel Perez,35-44,3,CA,737,1,0,0,31892.0,50279.0
C0105233,Anthony Berg,35-44,12,AZ,739,3,1,1,4827.0,27955.0
C0105234,Joseph Hill,55-64,17,NC,667,2,1,0,4208.0,128748.0
C0105235,Robert Thompson,45-54,10,NY,768,2,1,0,12930.0,233032.0
C0105236,Allison Cunningham,35-44,8,VA,637,1,0,0,1705.0,237858.0
C0105237,Joseph Rice,25-34,6,MA,709,4,1,1,17991.0,136378.0
C0105238,Jeffery Jordan,35-44,11,CA,771,1,0,0,6882.0,146199.0
C0105239,Allen Martinez,45-54,20,NY,747,2,1,0,4184.0,89908.0
C0105240,Cristian Lambert,25-34,13,FL,703,1,0,0,3234.0,271184.0
C0105241,Christina Powell,35-44,15,TX,808,1,0,0,86302.0,69258.0
C0105242,Tamara Gonzales,35-44,16,VA,700,2,1,0,7776.0,146201.0
C0105243,Jeffrey Long,35-44,16,FL,629,2,1,0,7393.0,129120.0
C0105244,Angela Richards,45-54,9,IL,740,2,1,0,23099.0,205051.0
C0105245,Sandra Lyons,45-54,16,WA,639,1,0,0,2951.0,62613.0
C0105246,Andrew Whitney,45-54,7,MI,682,4,1,1,31608.0,114007.0
C0105247,Jeffery Collins,35-44,12,NJ,748,3,1,1,7763.0,153136.0
C0105248,Kevin Fischer,25-34,7,TX,699,3,1,1,1540.0,54378.0
C0105249,Amber Chapman,55-64,19,MA,746,1,0,0,4287.0,221655.0
C0105250,Becky King,45-54,15,TX,667,4,1,1,2177.0,104134.0
C0105251,Matthew Richards,25-34,12,NJ,758,3,1,1,8932.0,47767.0
C0105252,Teresa Jones,35-44,10,MI,643,2,1,0,3127.0,88000.0
C0105253,Nicole Hodge,55-64,11,OH,779,1,0,0,2740.0,110885.0
C0105254,Debra Smith,55-64,16,WA,698,1,0,0,11506.0,72913.0
C0105255,Zachary Jones,55-64,6,AZ,788,3,1,1,8542.0,45460.0
C0105256,Amanda Bishop,45-54,17,TX,682,2,1,0,34579.0,105353.0
C0105257,Rhonda Evans,35-44,6,MA,806,2,1,0,32788.0,170866.0
C0105258,Samantha Noble,35-44,3,NY,676,3,1,1,8722.0,218935.0
C0105259,Larry Fritz,35-44,15,VA,639,3,1,1,14759.0,145252.0
C0105260,Maria Gonzalez,45-54,15,WA,721,2,1,0,1497.0,71909.0
C0105261,Melinda Cervantes,45-54,7,NC,775,4,1,1,18681.0,160142.0
C0105262,Justin Carter,35-44,13,WA,755,1,0,0,13264.0,168037.0
C0105263,James Garcia,55-64,15,WA,772,3,1,1,25461.0,32323.0
C0105264,Dustin Williams,35-44,16,GA,756,2,1,0,5611.0,232151.0
C0105265,Derek Hall,25-34,20,FL,683,1,0,0,5670.0,139425.0
C0105266,Frank White,35-44,18,OH,754,1,0,0,5713.0,138901.0
C0105267,Tracy Santiago,55-64,9,AZ,724,3,1,1,45320.0,57208.0
C0105268,Lauren Barr,65+,5,NY,688,2,1,0,11379.0,251637.0
C0105269,Jill Smith DDS,45-54,2,MA,728,1,0,0,1346.0,126999.0
C0105270,Carmen Jordan,65+,12,FL,717,1,0,0,17558.0,202670.0
C0105271,Mary Johnson DDS,55-64,14,MI,783,2,1,0,4647.0,71389.0
C0105272,Sally Fernandez,55-64,14,MI,696,1,0,0,29777.0,143377.0
C0105273,Brandon Brown,55-64,1,FL,694,1,0,0,15468.0,45733.0
C0105274,Maurice Johnson,35-44,15,GA,688,3,1,1,35901.0,129763.0
C0105275,Lori Davis,55-64,16,FL,805,1,0,0,28187.0,61211.0
C0105276,Taylor Acevedo,45-54,15,IL,691,1,0,0,24955.0,50785.0
C0105277,Cynthia Cohen,55-64,11,MA,778,2,1,0,31614.0,69048.0
C0105278,Laura Larson,35-44,1,CA,673,2,1,0,21549.0,85568.0
C0105279,Penny West,55-64,10,AZ,742,2,1,0,3524.0,236853.0
C0105280,Brian Daugherty,65+,13,NJ,731,1,0,0,2054.0,135714.0
C0105281,Monica Medina,35-44,12,VA,775,2,1,0,2992.0,113618.0
C0105282,Tracey Reilly,65+,12,PA,768,2,1,0,19474.0,73051.0
C0105283,Robin York,35-44,11,MA,723,2,1,0,562.0,61986.0
C0105284,Tanya Shannon,35-44,12,NY,695,1,0,0,7955.0,112003.0
C0105285,Charles Chang,25-34,7,GA,793,1,0,0,5890.0,26934.0
C0105286,Spencer Kelly,55-64,13,CA,691,2,1,0,35193.0,191403.0
C0105287,Tammy Duncan,45-54,6,AZ,617,1,0,0,7040.0,198645.0
C0105288,Jonathon Kim,35-44,10,NJ,636,4,1,1,5207.0,85610.0
C0105289,Christopher Cain,45-54,9,FL,647,4,1,1,39309.0,134102.0
C0105290,Anthony Wells,35-44,15,MI,746,2,1,0,7257.0,20245.0
C0105291,Brandon Kirby,35-44,18,FL,819,2,1,0,5978.0,136667.0
C0105292,Jamie Miller,55-64,13,OH,628,2,1,0,4505.0,159049.0
C0105293,Anna Wong,45-54,3,GA,684,1,0,0,11416.0,60008.0
C0105294,Christopher Macdonald,55-64,14,AZ,724,2,1,0,5444.0,51728.0
C0105295,Leslie Moody,45-54,7,PA,789,4,1,1,5467.0,130297.0
C0105296,Jessica Mckee,65+,1,CA,684,1,0,0,46179.0,460910.0
C0105297,Nicholas Myers,35-44,4,OH,746,2,1,0,8593.0,436866.0
C0105298,Meagan Charles,35-44,20,AZ,708,2,1,0,4732.0,47747.0
C0105299,Amber Williams,25-34,9,VA,820,1,0,0,2455.0,99046.0
C0105300,Micheal Green,45-54,5,CA,726,2,1,0,10283.0,43484.0
C0105301,Rachel Henderson,45-54,3,CA,736,4,1,1,4139.0,240840.0
C0105302,Andrew Lam,55-64,14,VA,723,1,0,0,5208.0,54580.0
C0105303,Cassandra Mitchell,35-44,16,NJ,701,1,0,0,2917.0,47046.0
C0105304,Melissa Grant,25-34,8,NC,762,1,0,0,10263.0,60298.0
C0105305,James Rodriguez,45-54,3,TX,667,3,1,1,1696.0,199753.0
C0105306,Lauren Trevino,65+,8,PA,629,2,1,0,13277.0,181178.0
C0105307,Margaret White,35-44,14,WA,713,2,1,0,4206.0,77918.0
C0105308,Stacey Howe,35-44,3,FL,756,3,1,1,19148.0,244673.0
C0105309,Diane Bishop,35-44,6,NY,693,4,1,1,14506.0,119654.0
C0105310,David Baker,35-44,1,OH,728,1,0,0,9180.0,120497.0
C0105311,Allison Chavez,35-44,10,VA,665,3,1,1,22368.0,158376.0
C0105312,Austin Smith,35-44,4,WA,767,2,1,0,52488.0,317306.0
C0105313,Ashley Thomas,45-54,4,NC,749,1,0,0,37130.0,52289.0
C0105314,Mrs. Olivia Petersen,35-44,3,GA,720,1,0,0,1681.0,128103.0
C0105315,Joshua Martinez,35-44,15,IL,727,2,1,0,3919.0,150335.0
C0105316,Laura Clarke,25-34,10,CA,657,3,1,1,4539.0,287109.0
C0105317,Joseph Patel,65+,19,PA,659,2,1,0,17437.0,89217.0
C0105318,Lisa Beard,35-44,8,NY,714,2,1,0,4330.0,99467.0
C0105319,David Mendoza,35-44,5,CA,743,1,0,0,4131.0,101258.0
C0105320,Nicole Wallace DDS,25-34,5,VA,745,1,0,0,3358.0,193382.0
C0105321,Marcus Brown,45-54,20,IL,703,4,1,1,11599.0,93763.0
C0105322,Daniel Gallegos,55-64,12,GA,753,3,1,1,17355.0,181122.0
C0105323,Nicole Hardy,25-34,7,NY,783,2,1,0,1893.0,52564.0
C0105324,Pedro Greene,25-34,14,NC,716,1,0,0,4372.0,111155.0
C0105325,Yvette Marks,25-34,12,FL,733,1,0,0,834.0,106562.0
C0105326,Ashley Lewis,45-54,3,NJ,710,4,1,1,459.0,328441.0
C0105327,Stephanie Peterson,65+,15,VA,714,1,0,0,14496.0,206109.0
C0105328,Mrs. Dawn Hawkins,35-44,3,PA,727,1,0,0,11831.0,98120.0
C0105329,Gary Greer,35-44,4,NY,796,2,1,0,9966.0,106779.0
C0105330,Christopher Knox,55-64,15,VA,761,4,1,1,54414.0,38898.0
C0105331,Eric Thomas,55-64,9,NY,757,1,0,0,1085.0,61633.0
C0105332,Brent Stewart,35-44,5,FL,699,3,1,1,668.0,274268.0
C0105333,Corey Roberts,35-44,2,IL,679,1,0,0,2105.0,73064.0
C0105334,Keith Morales,35-44,12,MA,737,2,1,0,637.0,320256.0
C0105335,Perry Washington,55-64,14,OH,775,1,0,0,3881.0,109423.0
C0105336,Nicole Barton,45-54,5,NY,797,3,1,1,16308.0,104058.0
C0105337,David Medina,45-54,9,GA,609,3,1,1,11567.0,132423.0
C0105338,Lydia Payne,55-64,7,IL,820,4,1,1,27806.0,219121.0
C0105339,Monica Cline,35-44,18,MI,738,2,1,0,12644.0,40769.0
C0105340,Juan Davis,35-44,16,OH,760,3,1,1,4990.0,173986.0
C0105341,Devin Black,25-34,6,NC,641,2,1,0,4311.0,123995.0
C0105342,Rachel Franco DDS,55-64,11,OH,709,2,1,0,13697.0,67634.0
C0105343,Lori Valentine,45-54,19,GA,757,1,0,0,1292.0,41740.0
C0105344,Lisa Ryan,35-44,7,OH,667,3,1,1,179.0,89499.0
C0105345,Danielle Hester,25-34,3,IL,590,2,1,0,12942.0,181151.0
C0105346,Luke Alexander,55-64,6,MA,735,2,1,0,10734.0,54741.0
C0105347,Jane Edwards,55-64,13,NY,717,2,1,0,53272.0,262484.0
C0105348,Ann Peterson,45-54,20,WA,784,3,1,1,18690.0,123102.0
C0105349,Erik Keller,35-44,7,NJ,712,2,1,0,11743.0,80811.0
C0105350,Louis Bowen,65+,2,GA,716,2,1,0,5572.0,136541.0
C0105351,Amy Mcdaniel,55-64,4,PA,751,2,1,0,3061.0,46412.0
C0105352,Isaiah Terry,45-54,9,GA,766,2,1,0,5789.0,123559.0
C0105353,Michael Bell,45-54,2,WA,688,2,1,0,25493.0,141166.0
C0105354,Blake Vega,65+,1,FL,762,3,1,1,14135.0,246291.0
C0105355,Ronnie Medina,65+,14,NC,696,3,1,1,24862.0,137048.0
C0105356,Rhonda Clark,45-54,17,VA,720,2,1,0,9210.0,67942.0
C0105357,Jason Fletcher,35-44,5,MI,750,1,0,0,2753.0,141406.0
C0105358,Jose Green,35-44,11,FL,758,2,1,0,32620.0,186615.0
C0105359,Anthony Washington,55-64,12,GA,734,3,1,1,29264.0,47477.0
C0105360,Kristopher Curtis,45-54,14,FL,671,4,1,1,10124.0,68571.0
C0105361,Chad Moreno,25-34,20,AZ,635,1,0,0,15790.0,358082.0
C0105362,Cassidy Carter,25-34,18,IL,711,4,1,1,14782.0,99970.0
C0105363,James Grimes,65+,7,OH,763,1,0,0,4619.0,101089.0
C0105364,Natalie Hawkins,55-64,20,WA,740,4,1,1,5931.0,35632.0
C0105365,Jonathan Williams,65+,1,OH,730,4,1,1,2720.0,76382.0
C0105366,Deborah Smith,35-44,20,FL,719,2,1,0,5904.0,47796.0
C0105367,Emily Henderson,55-64,3,AZ,733,4,1,1,27918.0,67095.0
C0105368,Peter Morgan,55-64,3,MI,675,2,1,0,22232.0,94344.0
C0105369,Laura Patton,35-44,3,MI,755,2,1,0,15838.0,46123.0
C0105370,Francis Walker,25-34,3,TX,758,3,1,1,25617.0,80759.0
C0105371,Renee Johnson,65+,10,OH,704,1,0,0,5227.0,20240.0
C0105372,Scott Wood,25-34,13,OH,739,1,0,0,1982.0,96604.0
C0105373,Sherri Logan,45-54,15,NY,642,1,0,0,6713.0,212563.0
C0105374,Cathy Barnes,45-54,1,NC,728,2,1,0,7382.0,85207.0
C0105375,Amy Sanders,45-54,6,NY,714,3,1,1,18231.0,111543.0
C0105376,Lee Perez,35-44,3,GA,776,3,1,1,14969.0,286811.0
C0105377,Michael Leonard,55-64,3,WA,711,3,1,1,27247.0,86521.0
C0105378,Cody Thompson,35-44,15,VA,759,3,1,1,722.0,612305.0
C0105379,Victor Yates,55-64,13,PA,702,2,1,0,3110.0,213356.0
C0105380,Stanley Benson,35-44,5,NY,617,4,1,1,7262.0,128377.0
C0105381,James Gallagher,45-54,7,CA,709,1,0,0,14403.0,98944.0
C0105382,Jeanette Garcia,55-64,19,IL,728,3,1,1,100034.0,217723.0
C0105383,Michael Garcia,35-44,12,CA,726,1,0,0,2508.0,90725.0
C0105384,William Gordon,35-44,5,TX,727,1,0,0,3457.0,96257.0
C0105385,Kim Holmes,55-64,19,MA,697,1,0,0,4876.0,298997.0
C0105386,Anthony Hodges,25-34,4,WA,705,1,0,0,3312.0,47182.0
C0105387,Alexis Wells,35-44,6,NC,669,4,1,1,2791.0,98672.0
C0105388,Jennifer Dawson,45-54,14,VA,630,2,1,0,8562.0,90417.0
C0105389,Bethany Baxter MD,65+,11,GA,715,4,1,1,26380.0,44598.0
C0105390,Teresa Wallace,45-54,2,MI,686,2,1,0,9351.0,187712.0
C0105391,Alexis Pham,35-44,17,AZ,768,2,1,0,2888.0,117812.0
C0105392,Zachary Ortiz,65+,5,TX,621,1,0,0,6403.0,238753.0
C0105393,Christopher Burnett,45-54,14,IL,733,4,1,1,2330.0,101505.0
C0105394,Nicholas Calhoun,35-44,7,TX,815,1,0,0,26361.0,99988.0
C0105395,Joseph Perez,35-44,16,VA,711,2,1,0,47353.0,78575.0
C0105396,Karen Perez,35-44,18,WA,719,4,1,1,1195.0,183831.0
C0105397,Kevin Cruz,35-44,16,NJ,739,3,1,1,10666.0,30246.0
C0105398,Amber Spencer,45-54,19,MI,742,3,1,1,3185.0,70599.0
C0105399,Madison Richardson,25-34,11,GA,701,1,0,0,8738.0,122459.0
C0105400,Jose Collins,45-54,2,CA,674,2,1,0,7312.0,65175.0
C0105401,Justin Potter,35-44,11,VA,749,1,0,0,1621.0,95868.0
C0105402,Sherry Cox,35-44,10,AZ,634,2,1,0,34564.0,104637.0
C0105403,Tiffany Williams,25-34,15,MA,757,1,0,0,6754.0,45339.0
C0105404,Jessica Torres,45-54,5,IL,702,3,1,1,4610.0,350874.0
C0105405,Matthew Morgan,55-64,14,NY,720,4,1,1,9317.0,139012.0
C0105406,Craig Beard,35-44,9,MI,696,3,1,1,2851.0,99711.0
C0105407,Tony Moore,35-44,14,CA,784,3,1,1,6500.0,101088.0
C0105408,Jillian Carrillo,35-44,9,CA,731,2,1,0,894.0,105227.0
C0105409,Nancy Rowland,55-64,8,WA,705,1,0,0,479.0,82208.0
C0105410,Lisa Ochoa,35-44,5,MA,704,3,1,1,2530.0,86630.0
C0105411,Jeffrey Ayala,55-64,17,OH,713,1,0,0,4278.0,152671.0
C0105412,Dana Carter,35-44,2,GA,820,2,1,0,984.0,228552.0
C0105413,Natalie Burns,35-44,5,NC,660,4,1,1,4461.0,106471.0
C0105414,Sean Peters,55-64,9,FL,768,2,1,0,4271.0,165834.0
C0105415,Christopher Jones,45-54,4,NY,745,1,0,0,7526.0,75075.0
C0105416,Miguel Pena,25-34,19,PA,789,1,0,0,16932.0,110936.0
C0105417,Ryan Lawson,65+,7,WA,748,3,1,1,63229.0,54880.0
C0105418,David Williams,25-34,5,OH,720,1,0,0,13547.0,71418.0
C0105419,Mark Johnson,35-44,6,NJ,765,2,1,0,2488.0,83235.0
C0105420,Rebecca Perez,35-44,4,FL,730,2,1,0,18030.0,43876.0
C0105421,Kathryn Thomas,45-54,14,MA,753,3,1,1,43509.0,58257.0
C0105422,Crystal Abbott,55-64,10,AZ,784,3,1,1,2113.0,37254.0
C0105423,Alexandra Hodge,25-34,5,GA,724,1,0,0,2258.0,61038.0
C0105424,Rachel Yang,65+,18,NY,700,3,1,1,1473.0,108278.0
C0105425,Michelle Sanders,45-54,14,MA,691,1,0,0,4116.0,89233.0
C0105426,Dustin Stein,65+,9,WA,740,1,0,0,12681.0,40602.0
C0105427,Haley Jackson,55-64,11,GA,680,2,1,0,48043.0,130405.0
C0105428,Thomas Moses,65+,14,PA,704,1,0,0,23624.0,69797.0
C0105429,Jeffrey Petersen,45-54,4,MI,676,4,1,1,12870.0,133713.0
C0105430,Joseph Ward,35-44,17,IL,742,3,1,1,8560.0,364873.0
C0105431,Lance Robinson,35-44,6,NJ,686,3,1,1,12963.0,95332.0
C0105432,Kristen Smith,45-54,1,WA,662,1,0,0,13912.0,111459.0
C0105433,Nicole Mcbride,35-44,11,GA,670,3,1,1,38709.0,132557.0
C0105434,Daisy Larson,55-64,18,CA,694,2,1,0,7903.0,77781.0
C0105435,Jesus Shaw,25-34,15,NC,698,1,0,0,11093.0,94903.0
C0105436,Shelly Moss,55-64,7,WA,731,3,1,1,4963.0,38289.0
C0105437,Laura Coleman,35-44,8,NY,712,3,1,1,9284.0,140959.0
C0105438,Kayla Moore,65+,12,MA,736,4,1,1,5958.0,78964.0
C0105439,Melissa Brown,35-44,5,IL,740,4,1,1,1944.0,172729.0
C0105440,Emily Riley MD,25-34,17,NJ,753,1,0,0,23108.0,72069.0
C0105441,Donald Cole,55-64,6,NJ,634,3,1,1,48335.0,48345.0
C0105442,James Johnson,55-64,5,FL,669,4,1,1,7747.0,128815.0
C0105443,Nicholas George,55-64,2,CA,744,2,1,0,12070.0,113998.0
C0105444,Jane King,65+,14,MA,729,1,0,0,22788.0,117771.0
C0105445,Tanner Decker,35-44,1,NJ,763,2,1,0,6823.0,132681.0
C0105446,Leslie Martin,55-64,17,MI,650,1,0,0,10173.0,265550.0
C0105447,Keith Garcia,35-44,20,PA,698,1,0,0,6246.0,123275.0
C0105448,Victoria Keller,45-54,3,TX,706,4,1,1,4191.0,169850.0
C0105449,Mr. Robert Acevedo MD,35-44,2,PA,727,4,1,1,15152.0,117837.0
C0105450,Ms. Kayla Williams,25-34,19,NC,721,4,1,1,14988.0,63380.0
C0105451,Tammy Jackson,45-54,3,NJ,741,1,0,0,24515.0,93857.0
C0105452,Robert Smith,55-64,9,PA,714,2,1,0,8070.0,114286.0
C0105453,Stephen Smith,35-44,18,NY,781,2,1,0,1920.0,110691.0
C0105454,Jasmin Hamilton,65+,3,NY,796,2,1,0,30613.0,147117.0
C0105455,Thomas Romero,45-54,14,MA,669,2,1,0,3356.0,51644.0
C0105456,Megan Grant,35-44,8,MI,722,4,1,1,3287.0,64907.0
C0105457,Karen Hughes,45-54,9,MA,755,3,1,1,4280.0,245481.0
C0105458,Bradley Phillips,35-44,19,CA,746,3,1,1,1000.0,109040.0
C0105459,Robert Roberts,25-34,13,OH,701,1,0,0,6241.0,51987.0
C0105460,Cynthia Tran,45-54,7,OH,731,2,1,0,17038.0,88954.0
C0105461,Marie Davidson,25-34,19,OH,648,2,1,0,4816.0,33835.0
C0105462,Jordan Williams,25-34,12,IL,719,2,1,0,40370.0,127971.0
C0105463,Mr. Paul Chase,55-64,2,TX,654,3,1,1,37476.0,42971.0
C0105464,Chloe Parker,25-34,8,CA,742,1,0,0,23556.0,160798.0
C0105465,Leah Collier,55-64,5,VA,669,1,0,0,795.0,70522.0
C0105466,Amanda Gonzalez,55-64,13,OH,727,3,1,1,45272.0,42293.0
C0105467,Alice Conley,25-34,18,FL,734,2,1,0,6096.0,105350.0
C0105468,Clarence Wood,45-54,1,IL,723,2,1,0,60724.0,86776.0
C0105469,Terri Cisneros,25-34,16,AZ,691,3,1,1,3925.0,140393.0
C0105470,Jessica Jones,45-54,19,GA,710,3,1,1,6852.0,110866.0
C0105471,Michael Graham,25-34,20,MA,773,3,1,1,9023.0,106233.0
C0105472,Mary Henderson,65+,14,FL,700,1,0,0,2647.0,214949.0
C0105473,Adam Holland,35-44,7,TX,720,2,1,0,1159.0,49345.0
C0105474,Elizabeth Miller,45-54,3,NC,694,2,1,0,456.0,316856.0
C0105475,Ryan Kaiser,25-34,19,NJ,765,2,1,0,280234.0,34523.0
C0105476,Douglas Morton,35-44,9,MA,723,2,1,0,1094.0,112471.0
C0105477,Ashlee Mendez,45-54,7,OH,685,1,0,0,1112.0,64682.0
C0105478,Leslie Barton,45-54,15,NY,720,1,0,0,16097.0,72297.0
C0105479,Joseph Smith,65+,15,NC,709,2,1,0,1468.0,80028.0
C0105480,Paige Jordan,25-34,17,PA,782,2,1,0,1174.0,178000.0
C0105481,Elizabeth Taylor,25-34,18,FL,717,1,0,0,257.0,90574.0
C0105482,Latoya Howell,35-44,18,TX,657,3,1,1,11513.0,71001.0
C0105483,Lawrence Glover,35-44,4,NJ,742,1,0,0,2244.0,157994.0
C0105484,Kimberly Grant,55-64,4,MI,800,2,1,0,17537.0,66900.0
C0105485,Madison Wilson,65+,5,FL,773,2,1,0,7399.0,251857.0
C0105486,Melanie Davidson,55-64,13,NC,670,3,1,1,8979.0,25953.0
C0105487,Angel Johnson,25-34,12,AZ,707,2,1,0,4703.0,119282.0
C0105488,Jessica Cox,35-44,18,WA,718,1,0,0,5820.0,289649.0
C0105489,Laura Mosley,55-64,17,OH,719,1,0,0,2769.0,103746.0
C0105490,Kurt Martinez,35-44,17,CA,737,1,0,0,3102.0,81554.0
C0105491,Brandi Ibarra,45-54,2,MI,704,1,0,0,2178.0,36383.0
C0105492,Heather Sweeney,35-44,14,GA,678,2,1,0,49850.0,139393.0
C0105493,Laura Guerra,35-44,18,AZ,762,2,1,0,5037.0,91228.0
C0105494,Adrian Levine,55-64,20,NC,669,1,0,0,535.0,143304.0
C0105495,Abigail Acevedo,35-44,7,VA,683,2,1,0,11054.0,262040.0
C0105496,Isabella Taylor,65+,16,GA,669,1,0,0,3089.0,49356.0
C0105497,Joel Rogers,35-44,9,NC,747,4,1,1,7682.0,79215.0
C0105498,Tyler Murray,25-34,4,PA,724,2,1,0,5864.0,79589.0
C0105499,Michael Lambert,35-44,7,OH,759,2,1,0,48446.0,76712.0
C0105500,Edward Guzman,35-44,6,PA,684,1,0,0,5114.0,145090.0
C0105501,Anne Chambers,45-54,19,OH,663,2,1,0,21575.0,84033.0
C0105502,Kristen Ramirez,25-34,4,MA,700,2,1,0,19008.0,135338.0
C0105503,Leslie Case,45-54,3,IL,711,4,1,1,1572.0,252563.0
C0105504,Christopher Thomas,55-64,12,OH,729,1,0,0,10151.0,52265.0
C0105505,Felicia Matthews,35-44,12,MA,644,2,1,0,3262.0,155684.0
C0105506,Robert Keith,35-44,12,FL,741,3,1,1,1900.0,113541.0
C0105507,Deborah Simon,35-44,3,NY,679,2,1,0,1909.0,103324.0
C0105508,Carlos Morrow,55-64,10,GA,690,2,1,0,21711.0,70853.0
C0105509,Edward Tucker,45-54,19,OH,772,4,1,1,193229.0,108545.0
C0105510,Emma Chan,25-34,2,IL,621,2,1,0,3083.0,130356.0
C0105511,Ryan Thomas,45-54,16,VA,734,1,0,0,10497.0,99753.0
C0105512,Holly Rivas,45-54,3,GA,734,4,1,1,11761.0,165916.0
C0105513,Alicia Navarro,35-44,5,IL,683,1,0,0,4290.0,70825.0
C0105514,James Schaefer,25-34,18,GA,699,3,1,1,43876.0,54998.0
C0105515,Jennifer Sampson,65+,6,AZ,774,1,0,0,113135.0,51261.0
C0105516,Daniel Taylor,35-44,11,MA,808,1,0,0,3955.0,120915.0
C0105517,Julie Thompson,35-44,8,NY,767,2,1,0,64943.0,179110.0
C0105518,Justin Murphy,25-34,13,CA,804,3,1,1,4205.0,68303.0
C0105519,Rachel Smith,45-54,9,CA,688,1,0,0,2529.0,61710.0
C0105520,Joseph Dougherty,35-44,9,OH,648,1,0,0,6855.0,340314.0
C0105521,Catherine Barker,35-44,17,MI,717,1,0,0,22990.0,205246.0
C0105522,Cynthia Taylor,35-44,12,CA,756,1,0,0,7150.0,124957.0
C0105523,James Peck,45-54,12,GA,636,1,0,0,19641.0,142027.0
C0105524,Rebecca Brooks,35-44,17,IL,678,4,1,1,10635.0,174684.0
C0105525,Mr. Gregory Hart,65+,9,AZ,683,2,1,0,41086.0,90453.0
C0105526,Tiffany Davis,35-44,17,MI,736,1,0,0,15318.0,57411.0
C0105527,Vanessa Bishop,35-44,15,OH,730,1,0,0,50851.0,63900.0
C0105528,Stacey Rodriguez,65+,18,NC,685,1,0,0,2895.0,125218.0
C0105529,Angelica Lopez,55-64,10,FL,728,2,1,0,6348.0,208956.0
C0105530,Spencer Manning,35-44,12,GA,668,1,0,0,8088.0,127666.0
C0105531,Robert Bauer,55-64,3,PA,700,4,1,1,2908.0,69533.0
C0105532,Keith Gonzalez,45-54,3,FL,663,1,0,0,2420.0,63674.0
C0105533,Benjamin Jordan,35-44,3,IL,713,2,1,0,12817.0,51148.0
C0105534,Adrian Krueger,55-64,13,MI,683,2,1,0,18003.0,158366.0
C0105535,Michael Travis,55-64,7,NC,751,1,0,0,9276.0,124556.0
C0105536,Jonathan Glover,35-44,6,MA,718,3,1,1,28878.0,121423.0
C0105537,Erin Carter,45-54,13,PA,709,3,1,1,2156.0,362524.0
C0105538,Brenda Bradley,35-44,8,NJ,799,1,0,0,5068.0,109518.0
C0105539,Kevin Berry,25-34,3,NC,737,3,1,1,1967.0,228004.0
C0105540,Jennifer Anderson,65+,12,AZ,703,2,1,0,9578.0,59342.0
C0105541,Tyler Miranda,45-54,12,AZ,693,1,0,0,14551.0,50587.0
C0105542,Nicholas Chung,45-54,3,NJ,666,2,1,0,40547.0,282550.0
C0105543,Kayla Thomas,45-54,6,OH,717,3,1,1,1973.0,70449.0
C0105544,Robert Shepherd,45-54,5,NC,733,1,0,0,12669.0,108700.0
C0105545,Steven Swanson,35-44,14,MI,633,2,1,0,45403.0,203041.0
C0105546,David Williams,65+,5,WA,658,3,1,1,2436.0,85325.0
C0105547,Justin Bishop,45-54,1,NY,696,2,1,0,1838.0,120067.0
C0105548,Clifford Mcdonald,45-54,6,AZ,670,2,1,0,1381.0,164860.0
C0105549,Wesley Bowers,45-54,10,WA,721,2,1,0,17143.0,80506.0
C0105550,Jessica Warren,35-44,16,TX,728,2,1,0,3393.0,104851.0
C0105551,Dana Savage,25-34,2,PA,714,2,1,0,14381.0,89246.0
C0105552,Joseph Sullivan,35-44,18,NY,744,1,0,0,6252.0,173090.0
C0105553,Joshua Williams,35-44,7,NC,693,1,0,0,70339.0,308556.0
C0105554,Cory Kelley,45-54,7,NY,717,2,1,0,20857.0,67237.0
C0105555,Whitney Macdonald DVM,55-64,1,PA,674,3,1,1,3088.0,138201.0
C0105556,Kimberly Ponce,35-44,6,FL,732,3,1,1,5639.0,106651.0
C0105557,Darren Morse,35-44,10,TX,723,2,1,0,20857.0,139834.0
C0105558,Lydia Horn,45-54,13,OH,666,2,1,0,2248.0,108244.0
C0105559,Chad Williams,25-34,16,PA,713,2,1,0,33477.0,40322.0
C0105560,Jeremy Wallace,65+,11,GA,718,3,1,1,6001.0,84327.0
C0105561,Anthony Ward,35-44,3,NY,732,4,1,1,21390.0,68690.0
C0105562,Heather Diaz,25-34,8,PA,734,3,1,1,6404.0,218960.0
C0105563,Daniel White,35-44,15,AZ,687,3,1,1,4322.0,87792.0
C0105564,Linda Fernandez,65+,13,WA,754,4,1,1,3551.0,30945.0
C0105565,Ralph Rodriguez,35-44,12,NY,743,1,0,0,64786.0,141635.0
C0105566,Michael Cross DDS,45-54,11,FL,687,2,1,0,5687.0,178818.0
C0105567,Stacy Garcia,35-44,11,MA,668,2,1,0,326677.0,93728.0
C0105568,Brett Maxwell,35-44,20,NJ,690,2,1,0,9723.0,23863.0
C0105569,Anna Andersen,55-64,12,GA,653,3,1,1,2919.0,257110.0
C0105570,Gary Phillips,25-34,12,NJ,729,1,0,0,1209.0,146466.0
C0105571,Melanie Brown,25-34,7,NY,773,1,0,0,35573.0,201424.0
C0105572,Carol Johnson,45-54,10,OH,783,1,0,0,6422.0,116788.0
C0105573,Jacqueline Hall,55-64,15,IL,670,1,0,0,21747.0,69196.0
C0105574,Tara Hale,35-44,18,NJ,755,2,1,0,131496.0,102857.0
C0105575,Christopher Smith,25-34,16,FL,723,1,0,0,18081.0,64161.0
C0105576,Chad Kim,65+,14,GA,612,1,0,0,12146.0,104699.0
C0105577,Riley Knight,45-54,16,WA,705,2,1,0,35297.0,84051.0
C0105578,Amy Moore,55-64,1,FL,700,2,1,0,21268.0,112531.0
C0105579,Robert Ellison,55-64,6,TX,774,2,1,0,1781.0,35379.0
C0105580,Brian Lewis,45-54,5,WA,680,1,0,0,40102.0,129230.0
C0105581,Catherine Johns,35-44,14,AZ,745,4,1,1,7668.0,101715.0
C0105582,Mary Parks,35-44,16,OH,715,1,0,0,51515.0,68438.0
C0105583,Mark Williamson,55-64,3,CA,654,2,1,0,14890.0,53310.0
C0105584,Douglas Blanchard,55-64,4,NC,695,3,1,1,33856.0,155363.0
C0105585,Phillip Padilla PhD,65+,10,PA,788,3,1,1,6189.0,139837.0
C0105586,Juan Galvan,45-54,20,NC,712,2,1,0,1312.0,57378.0
C0105587,Leslie Diaz,35-44,1,FL,760,1,0,0,15938.0,272242.0
C0105588,David Potter,45-54,18,WA,758,3,1,1,26166.0,185896.0
C0105589,Adam Long,45-54,4,NJ,699,2,1,0,4153.0,36903.0
C0105590,Lisa Booker,35-44,6,MI,662,3,1,1,6349.0,155105.0
C0105591,Alexandria Vaughn,55-64,13,GA,668,2,1,0,568.0,106191.0
C0105592,April Bailey,45-54,15,NY,785,4,1,1,6725.0,127398.0
C0105593,Sherry Patterson,25-34,18,MA,726,4,1,1,1807.0,72006.0
C0105594,Melissa Wolf,45-54,1,NY,641,3,1,1,15073.0,168980.0
C0105595,Joshua Sims,45-54,1,IL,757,4,1,1,12111.0,261977.0
C0105596,Tina Mooney,65+,10,AZ,639,2,1,0,8252.0,147734.0
C0105597,Luis Mcclain,35-44,12,CA,682,1,0,0,39624.0,149824.0
C0105598,Heather Wolf,45-54,6,TX,723,2,1,0,10820.0,243937.0
C0105599,James Bradley,45-54,13,VA,820,2,1,0,10220.0,47223.0
C0105600,Isaiah Jones,45-54,6,IL,756,2,1,0,11920.0,66286.0
C0105601,Victor Hudson,25-34,19,NC,698,1,0,0,4026.0,185098.0
C0105602,Maria Sanders,55-64,4,NC,721,2,1,0,26626.0,65330.0
C0105603,Thomas Holloway,65+,14,WA,761,1,0,0,2698.0,90420.0
C0105604,Joshua Love,45-54,11,MI,783,3,1,1,13458.0,251271.0
C0105605,Andrew Dominguez,45-54,3,OH,708,4,1,1,34976.0,59494.0
C0105606,John Adams,25-34,13,NC,710,1,0,0,2364.0,151756.0
C0105607,Michelle Huber,45-54,3,VA,682,3,1,1,1618.0,24653.0
C0105608,Laura Roberts,35-44,11,IL,749,1,0,0,2315.0,168373.0
C0105609,Tracey Brooks,55-64,13,FL,766,2,1,0,71716.0,305710.0
C0105610,Aaron Henry,25-34,2,GA,632,4,1,1,3900.0,72153.0
C0105611,Ryan Moore,55-64,5,MA,702,1,0,0,1919.0,12129.0
C0105612,Daniel Chen,35-44,6,TX,665,1,0,0,12577.0,151768.0
C0105613,Angel Lewis,45-54,19,FL,726,4,1,1,308.0,82881.0
C0105614,David Nolan,45-54,5,MA,664,1,0,0,2577.0,119268.0
C0105615,Brian Medina,35-44,19,WA,660,1,0,0,44218.0,126336.0
C0105616,Antonio Lopez,35-44,11,TX,770,2,1,0,2575.0,139505.0
C0105617,Michaela Hernandez,55-64,19,NY,712,1,0,0,5926.0,149952.0
C0105618,Elizabeth Chase,45-54,17,NJ,717,1,0,0,11533.0,58546.0
C0105619,Omar Johnson,25-34,6,VA,739,3,1,1,11540.0,130336.0
C0105620,Steven Fisher,35-44,12,VA,763,2,1,0,4277.0,114409.0
C0105621,Heather Smith,35-44,15,WA,701,2,1,0,15610.0,111744.0
C0105622,Kimberly Mcintyre,45-54,2,GA,702,2,1,0,45957.0,124892.0
C0105623,Dana Hernandez,45-54,14,AZ,702,1,0,0,2267.0,179345.0
C0105624,Anita Long,25-34,10,NC,768,2,1,0,4531.0,92064.0
C0105625,Chad Pennington,45-54,1,GA,716,4,1,1,7143.0,140414.0
C0105626,Michael Rosario,55-64,18,MI,706,3,1,1,18766.0,83138.0
C0105627,Joyce Webster,55-64,6,OH,737,2,1,0,8432.0,84918.0
C0105628,Kristie Hendrix MD,25-34,18,MI,802,2,1,0,6956.0,191395.0
C0105629,Shannon Miller,35-44,5,WA,723,3,1,1,1262.0,132943.0
C0105630,Linda Henderson,35-44,11,MA,707,2,1,0,2080.0,128210.0
C0105631,Anthony Ashley,35-44,8,NC,807,1,0,0,10211.0,75195.0
C0105632,Michael Khan,35-44,18,CA,779,2,1,0,4374.0,105196.0
C0105633,Stacey Thomas,25-34,20,MI,773,1,0,0,5375.0,142811.0
C0105634,Joseph Jones,25-34,16,NY,697,4,1,1,7523.0,52215.0
C0105635,John Johnson,45-54,17,NY,693,2,1,0,134594.0,469309.0
C0105636,April Wallace,35-44,16,AZ,637,2,1,0,4461.0,132736.0
C0105637,Gregory Martin,55-64,6,OH,763,2,1,0,42802.0,85662.0
C0105638,Krista White,25-34,19,VA,723,4,1,1,39207.0,95703.0
C0105639,Tyler Garcia,45-54,11,IL,638,2,1,0,21259.0,29018.0
C0105640,Molly Jackson,35-44,7,MI,774,3,1,1,2931.0,89955.0
C0105641,Thomas Floyd,55-64,4,MI,704,3,1,1,9553.0,141980.0
C0105642,Susan Sharp,55-64,15,AZ,710,4,1,1,5072.0,100635.0
C0105643,Krystal Hamilton,35-44,6,FL,651,2,1,0,90880.0,217722.0
C0105644,Kathy Lewis,45-54,14,NC,742,3,1,1,13264.0,161725.0
C0105645,Joshua Miller,35-44,2,OH,742,1,0,0,6274.0,180676.0
C0105646,Emily Brady,45-54,13,OH,717,4,1,1,69003.0,99026.0
C0105647,Julie Padilla,25-34,13,WA,701,1,0,0,5308.0,211479.0
C0105648,Justin Williams,35-44,11,FL,820,2,1,0,15708.0,186546.0
C0105649,Willie Morgan,35-44,14,NC,665,2,1,0,18824.0,278365.0
C0105650,Joseph Stokes,55-64,20,IL,687,3,1,1,12294.0,87562.0
C0105651,Cindy Kelley,35-44,17,AZ,751,1,0,0,7132.0,44697.0
C0105652,Tommy Romero,45-54,9,NY,674,1,0,0,22137.0,77219.0
C0105653,Stephanie Lara,35-44,18,NY,671,3,1,1,3805.0,155448.0
C0105654,Tyrone Collins,35-44,20,TX,770,2,1,0,30836.0,105384.0
C0105655,Brendan Palmer,35-44,4,OH,747,1,0,0,5781.0,236524.0
C0105656,Paul Martin,65+,8,CA,741,1,0,0,40350.0,119706.0
C0105657,Juan Gilbert,55-64,15,GA,728,4,1,1,28440.0,65284.0
C0105658,Lori Roberson,25-34,11,NY,688,2,1,0,15665.0,134784.0
C0105659,Matthew Moore,55-64,3,OH,708,2,1,0,7272.0,207915.0
C0105660,Donald Freeman,35-44,10,MI,716,3,1,1,30431.0,65807.0
C0105661,Daniel Anderson,25-34,8,NJ,758,3,1,1,16080.0,131965.0
C0105662,Kelly Rodriguez,45-54,15,CA,739,2,1,0,171.0,133728.0
C0105663,Troy Ward,25-34,11,FL,678,1,0,0,3037.0,46626.0
C0105664,Christina Smith,35-44,3,PA,755,2,1,0,9922.0,169970.0
C0105665,Mark Smith,45-54,1,GA,644,2,1,0,11335.0,122875.0
C0105666,Daniel Williams,35-44,6,AZ,705,1,0,0,18932.0,81938.0
C0105667,Melissa Robinson,55-64,4,FL,668,3,1,1,51980.0,161741.0
C0105668,Mitchell Jimenez,45-54,18,TX,681,1,0,0,16383.0,91855.0
C0105669,Bethany Liu,55-64,6,MI,806,2,1,0,664.0,104845.0
C0105670,Mitchell Williams,45-54,13,MA,653,2,1,0,10272.0,130836.0
C0105671,Bianca Davis,55-64,3,WA,683,4,1,1,34855.0,12445.0
C0105672,Anthony King,35-44,9,NC,742,1,0,0,9264.0,41764.0
C0105673,Michael Summers,45-54,19,CA,698,2,1,0,10344.0,165528.0
C0105674,Ricky Hall,45-54,13,NC,727,2,1,0,4478.0,108964.0
C0105675,Joyce Kelly,65+,6,OH,784,4,1,1,25313.0,49156.0
C0105676,Anne Medina,35-44,15,OH,749,2,1,0,5304.0,131336.0
C0105677,Benjamin Johnson,45-54,11,GA,698,2,1,0,16505.0,52813.0
C0105678,Kyle Perry,55-64,5,NC,713,4,1,1,13552.0,103877.0
C0105679,Melissa Newton,35-44,20,NJ,743,2,1,0,8648.0,92087.0
C0105680,James Franklin,55-64,19,FL,748,1,0,0,14486.0,84078.0
C0105681,Caitlin Curry,35-44,12,TX,720,1,0,0,10322.0,165239.0
C0105682,Barbara Glover,35-44,1,CA,736,2,1,0,37525.0,87376.0
C0105683,Ryan Harmon,45-54,9,OH,736,2,1,0,18253.0,168517.0
C0105684,Andrea Hughes,35-44,11,GA,715,1,0,0,28217.0,120964.0
C0105685,Keith Solis,25-34,19,VA,692,2,1,0,3240.0,252335.0
C0105686,Bryan Tucker,25-34,15,OH,753,4,1,1,3005.0,98497.0
C0105687,Holly Grant,35-44,5,GA,733,3,1,1,8736.0,76877.0
C0105688,Ryan Skinner,55-64,11,MA,626,2,1,0,19917.0,148921.0
C0105689,Julia Mullins,55-64,4,VA,682,1,0,0,15333.0,139584.0
C0105690,Janet Graves,45-54,10,NJ,698,1,0,0,3289.0,165067.0
C0105691,Angela Hunt,25-34,11,IL,710,4,1,1,20675.0,200104.0
C0105692,Isaiah Turner,45-54,11,FL,774,2,1,0,3815.0,66839.0
C0105693,Phillip Scott,55-64,9,AZ,820,1,0,0,18190.0,88044.0
C0105694,Jessica Reynolds,55-64,9,NC,609,3,1,1,11428.0,253710.0
C0105695,Melinda Jacobs,35-44,16,TX,733,1,0,0,6185.0,140506.0
C0105696,Danny Butler,25-34,11,GA,723,2,1,0,4259.0,100409.0
C0105697,Matthew Bennett,65+,1,TX,711,1,0,0,9507.0,15814.0
C0105698,Carl Jackson,55-64,15,MA,744,3,1,1,8952.0,64730.0
C0105699,Stephen Wilson,25-34,13,GA,726,3,1,1,2308.0,82670.0
C0105700,Charles Robinson,55-64,14,VA,703,2,1,0,16689.0,102278.0
C0105701,Chad Poole,25-34,15,GA,721,2,1,0,32468.0,134241.0
C0105702,Matthew Dominguez,25-34,4,CA,745,3,1,1,22758.0,62851.0
C0105703,Christian Shelton,55-64,20,MI,740,1,0,0,11826.0,95219.0
C0105704,Makayla Friedman,45-54,20,MI,728,1,0,0,4722.0,61509.0
C0105705,Katherine Downs,35-44,3,NY,693,3,1,1,9459.0,105710.0
C0105706,Lisa Singh,65+,5,NJ,820,3,1,1,6921.0,343494.0
C0105707,Brittany Allen,55-64,5,NY,736,1,0,0,9407.0,219663.0
C0105708,Robert Miller,25-34,20,NJ,754,1,0,0,24928.0,145702.0
C0105709,Melanie Baker,45-54,19,VA,697,3,1,1,7118.0,30948.0
C0105710,Gerald Allen,55-64,6,FL,728,1,0,0,894.0,69008.0
C0105711,Vincent Hays,45-54,13,PA,728,2,1,0,21151.0,131327.0
C0105712,Valerie Lopez,65+,5,FL,633,3,1,1,13051.0,52196.0
C0105713,Anthony Schmidt,45-54,1,NJ,687,2,1,0,9700.0,190813.0
C0105714,Dean Harris,25-34,5,NY,686,2,1,0,1980.0,102516.0
C0105715,Rhonda Allen,35-44,2,MI,692,3,1,1,2985.0,105777.0
C0105716,Ruben Charles,55-64,17,OH,671,4,1,1,3434.0,52707.0
C0105717,Jennifer Brooks,65+,16,TX,721,3,1,1,4022.0,107772.0
C0105718,Jacqueline Owens,25-34,4,AZ,782,2,1,0,4500.0,104165.0
C0105719,Sydney Elliott,25-34,12,NJ,725,4,1,1,1962.0,74791.0
C0105720,Gary Chavez,55-64,5,NY,666,2,1,0,107150.0,135452.0
C0105721,Stephanie Salinas,25-34,12,AZ,673,1,0,0,49144.0,111216.0
C0105722,Raymond Valenzuela,25-34,18,NJ,703,1,0,0,11300.0,160843.0
C0105723,Theresa Ward,55-64,18,WA,656,1,0,0,7782.0,187808.0
C0105724,Jacob Kennedy,55-64,17,FL,733,1,0,0,72536.0,62980.0
C0105725,Jenna Velazquez,55-64,5,CA,780,3,1,1,56870.0,142496.0
C0105726,Kathryn Rivers,45-54,4,CA,694,1,0,0,3335.0,122722.0
C0105727,Daniel Ramirez,35-44,4,NC,723,2,1,0,10908.0,242332.0
C0105728,Greg Wood,65+,3,VA,700,3,1,1,6510.0,192613.0
C0105729,Susan Armstrong,35-44,13,AZ,691,1,0,0,5865.0,96813.0
C0105730,Taylor Stark,35-44,14,MA,728,2,1,0,6644.0,87958.0
C0105731,Brandon Peterson,55-64,18,NC,690,4,1,1,7311.0,147497.0
C0105732,Linda Morris,45-54,2,MI,683,1,0,0,10435.0,69218.0
C0105733,Laura Sanders,55-64,6,PA,647,1,0,0,10506.0,83500.0
C0105734,Catherine Castaneda,35-44,15,CA,722,1,0,0,45516.0,105301.0
C0105735,Jesse Pollard,65+,14,FL,768,2,1,0,3077.0,34904.0
C0105736,Jacob Love,45-54,9,CA,751,2,1,0,25856.0,85254.0
C0105737,Mrs. Janice Fitzpatrick,45-54,4,NJ,787,4,1,1,2231.0,111379.0
C0105738,Zachary Mckay,65+,10,GA,689,2,1,0,10767.0,475112.0
C0105739,Lauren Wright,35-44,4,VA,758,2,1,0,28340.0,96627.0
C0105740,Teresa Velasquez,55-64,11,FL,670,4,1,1,16040.0,175780.0
C0105741,Eugene Parker,45-54,19,AZ,751,1,0,0,5543.0,107845.0
C0105742,Amy Knight,55-64,4,NJ,793,3,1,1,11404.0,134213.0
C0105743,Randy Perez,55-64,3,AZ,742,3,1,1,58850.0,80723.0
C0105744,Melanie Smith,45-54,15,MI,794,2,1,0,3984.0,56168.0
C0105745,Melissa Martinez,25-34,1,IL,693,2,1,0,15992.0,233721.0
C0105746,Samantha Gillespie,35-44,20,MI,713,1,0,0,25799.0,63244.0
C0105747,Bryan Richardson,65+,16,MI,678,3,1,1,5087.0,294526.0
C0105748,Anna Cantu,65+,9,FL,721,2,1,0,65020.0,93475.0
C0105749,Christopher Cox,65+,8,TX,732,3,1,1,97526.0,87760.0
C0105750,Diana Kemp,25-34,8,MI,721,3,1,1,30117.0,105770.0
C0105751,Taylor Salinas,35-44,8,TX,698,2,1,0,30194.0,275770.0
C0105752,Ryan Santos,55-64,17,TX,697,4,1,1,1018.0,94221.0
C0105753,Amber Crawford,55-64,16,TX,735,1,0,0,1661.0,96963.0
C0105754,Carla Wong,25-34,5,MI,712,1,0,0,7322.0,196865.0
C0105755,Allison Rice,45-54,4,AZ,668,1,0,0,3680.0,75660.0
C0105756,Sheri Hoover,25-34,11,GA,634,1,0,0,17172.0,301774.0
C0105757,Jeremy Chavez,45-54,14,FL,693,2,1,0,266.0,193801.0
C0105758,Jennifer Nguyen,35-44,15,GA,657,1,0,0,17039.0,90907.0
C0105759,John Rodriguez,25-34,7,GA,682,2,1,0,6562.0,204816.0
C0105760,Maria Williams,25-34,10,NC,700,4,1,1,4230.0,21033.0
C0105761,Melody Ochoa,65+,3,OH,713,3,1,1,79851.0,180710.0
C0105762,Tara Brown,55-64,10,GA,690,2,1,0,5599.0,86251.0
C0105763,Holly Banks,65+,14,PA,818,4,1,1,1164.0,175606.0
C0105764,Amber Johnson,45-54,7,AZ,663,3,1,1,14022.0,315703.0
C0105765,Scott Thompson,35-44,7,NC,774,3,1,1,12818.0,59274.0
C0105766,Eric Flores,35-44,10,PA,712,1,0,0,6577.0,187588.0
C0105767,Theresa Wilson,45-54,18,CA,690,2,1,0,136155.0,161847.0
C0105768,Eric Ponce,35-44,13,NJ,746,1,0,0,10427.0,178771.0
C0105769,Becky Sellers,55-64,19,IL,699,1,0,0,27385.0,38414.0
C0105770,Kendra Burton,55-64,2,NY,683,1,0,0,11940.0,113998.0
C0105771,Wyatt Kerr,55-64,17,GA,800,3,1,1,37223.0,79781.0
C0105772,Craig Dean,35-44,1,GA,621,1,0,0,5448.0,140136.0
C0105773,Christian Rowe,45-54,7,WA,708,2,1,0,2262.0,67036.0
C0105774,Nathan Burke,35-44,9,NC,728,2,1,0,20310.0,111411.0
C0105775,Nicholas Chase,25-34,5,NJ,783,1,0,0,11604.0,178917.0
C0105776,Hailey Ball,55-64,20,MI,702,2,1,0,21042.0,76266.0
C0105777,Heather Barry,45-54,18,WA,820,3,1,1,3866.0,115718.0
C0105778,Cindy Young,55-64,12,CA,754,4,1,1,14418.0,68785.0
C0105779,Mark Townsend,25-34,10,IL,613,3,1,1,1196.0,151555.0
C0105780,Michael Lee,65+,16,NJ,654,3,1,1,4556.0,122150.0
C0105781,Lisa Smith,65+,15,FL,730,1,0,0,3479.0,78182.0
C0105782,John Steele,45-54,10,OH,668,1,0,0,14693.0,77656.0
C0105783,Sandra Casey,55-64,17,OH,744,2,1,0,4532.0,144464.0
C0105784,Darrell Simmons,35-44,4,WA,699,4,1,1,1560.0,62971.0
C0105785,Valerie Harrison,55-64,6,MA,666,1,0,0,4097.0,110258.0
C0105786,Anthony Cherry,55-64,1,TX,676,1,0,0,16617.0,142737.0
C0105787,Cody Lawson,55-64,3,NY,758,3,1,1,9483.0,56488.0
C0105788,Barbara Wagner,55-64,4,VA,628,2,1,0,3314.0,100657.0
C0105789,Scott James,45-54,13,FL,767,2,1,0,22182.0,87453.0
C0105790,John Moore,55-64,18,GA,768,3,1,1,53023.0,57354.0
C0105791,Matthew Farley,45-54,12,MA,705,2,1,0,24115.0,152496.0
C0105792,Mrs. Tonya Byrd,25-34,9,MA,656,4,1,1,508.0,120836.0
C0105793,Catherine Davis,25-34,6,MA,745,2,1,0,10771.0,57592.0
C0105794,Mary Wilkinson,55-64,3,FL,698,2,1,0,6835.0,263084.0
C0105795,Michael Baker,45-54,12,FL,651,1,0,0,704.0,46501.0
C0105796,Peggy Mendoza,45-54,3,FL,805,2,1,0,1722.0,162585.0
C0105797,Paul Anderson,65+,16,VA,680,1,0,0,21139.0,95105.0
C0105798,Wayne Robinson,45-54,9,FL,653,1,0,0,10125.0,96920.0
C0105799,Brittany Farley,35-44,8,OH,732,1,0,0,8926.0,212058.0
C0105800,Katie Walters,35-44,1,WA,716,2,1,0,3714.0,190132.0
C0105801,Dorothy Osborn,45-54,5,GA,786,1,0,0,29695.0,33776.0
C0105802,William Hodge,55-64,1,MA,702,1,0,0,1852.0,260466.0
C0105803,Michelle Ortega,45-54,15,GA,703,2,1,0,2792.0,63023.0
C0105804,Shannon White,45-54,10,IL,735,1,0,0,5534.0,52439.0
C0105805,Jennifer Bennett,55-64,16,MA,728,1,0,0,1299.0,16503.0
C0105806,Lisa Kaiser,55-64,12,NC,730,4,1,1,2813.0,156033.0
C0105807,Matthew Mccullough,55-64,20,FL,732,2,1,0,28966.0,87629.0
C0105808,Steven Tyler,25-34,16,MI,727,3,1,1,2942.0,33028.0
C0105809,Robert Jones,55-64,3,VA,701,1,0,0,20683.0,191079.0
C0105810,Kim Nelson,45-54,3,WA,757,2,1,0,17360.0,164817.0
C0105811,Katherine Garcia,25-34,18,CA,703,1,0,0,6620.0,76776.0
C0105812,John Stewart,45-54,6,TX,756,2,1,0,1476.0,309940.0
C0105813,Tiffany Barton,55-64,16,MI,782,3,1,1,8744.0,107740.0
C0105814,Erica Smith,45-54,13,VA,689,3,1,1,644.0,107301.0
C0105815,Colleen Cruz,55-64,15,MI,820,2,1,0,4295.0,79559.0
C0105816,Anthony Mueller,35-44,6,IL,687,1,0,0,10850.0,64922.0
C0105817,Crystal Clayton,35-44,7,VA,688,3,1,1,23005.0,142974.0
C0105818,Jacob Brown,35-44,12,NC,744,2,1,0,6754.0,67720.0
C0105819,Rachel Williams,35-44,1,AZ,739,2,1,0,3907.0,132878.0
C0105820,Keith Lloyd,45-54,7,IL,723,2,1,0,3549.0,300446.0
C0105821,Mary Richardson,55-64,11,VA,756,2,1,0,4619.0,199494.0
C0105822,Nathan Jones,55-64,5,FL,731,1,0,0,17136.0,117284.0
C0105823,Tamara Peterson,35-44,6,NJ,812,2,1,0,12334.0,77725.0
C0105824,Alan Mahoney,35-44,20,NJ,717,1,0,0,7892.0,125118.0
C0105825,Nathan Vargas,35-44,6,NY,681,2,1,0,17258.0,25786.0
C0105826,Frank Payne,45-54,19,CA,695,2,1,0,8108.0,123024.0
C0105827,Cody Woods,35-44,19,MA,741,2,1,0,1633.0,90217.0
C0105828,Chad King,45-54,14,TX,741,1,0,0,2138.0,83086.0
C0105829,Christopher Smith,55-64,4,GA,729,2,1,0,16681.0,101096.0
C0105830,Marissa Davis,45-54,5,CA,681,2,1,0,1558.0,87884.0
C0105831,Ann Parker,35-44,19,OH,769,1,0,0,5130.0,120639.0
C0105832,Laura Walton,35-44,1,WA,807,2,1,0,7066.0,282694.0
C0105833,Travis Powell,45-54,11,GA,721,1,0,0,2345.0,129987.0
C0105834,Maria Sullivan,45-54,12,NY,801,2,1,0,1095.0,73371.0
C0105835,Kelly Lewis,25-34,17,IL,758,2,1,0,1979.0,104729.0
C0105836,John Webb,55-64,18,TX,819,2,1,0,924.0,55602.0
C0105837,Lance Townsend,45-54,6,NC,741,1,0,0,16881.0,534554.0
C0105838,Matthew Leonard,45-54,11,CA,726,1,0,0,13056.0,257871.0
C0105839,Tyler Dominguez,35-44,13,IL,757,2,1,0,3257.0,208057.0
C0105840,Kimberly Alvarez,35-44,20,CA,700,1,0,0,1571.0,181089.0
C0105841,Heather Pittman,35-44,12,NY,738,4,1,1,32845.0,105856.0
C0105842,Teresa Cohen,35-44,3,TX,779,2,1,0,13745.0,111292.0
C0105843,Melissa Parker,45-54,19,AZ,756,2,1,0,3846.0,93495.0
C0105844,Brandon Carrillo,45-54,11,VA,718,1,0,0,33676.0,213677.0
C0105845,Colin Mckay,55-64,4,AZ,729,4,1,1,9558.0,102552.0
C0105846,Rachel Walsh,65+,4,NJ,754,2,1,0,11868.0,83111.0
C0105847,Caleb Williams,35-44,5,GA,752,2,1,0,2321.0,133550.0
C0105848,Benjamin Wilkinson,25-34,15,FL,753,3,1,1,1314.0,157563.0
C0105849,Katelyn Gray,55-64,19,MA,735,1,0,0,1231.0,27940.0
C0105850,Kristine Bryant DVM,65+,9,AZ,682,4,1,1,98680.0,133294.0
C0105851,Michael Smith,55-64,2,OH,690,1,0,0,3002.0,38369.0
C0105852,Justin Foster,25-34,18,NY,740,3,1,1,8762.0,272676.0
C0105853,Maurice Graham,35-44,13,IL,757,4,1,1,14066.0,50627.0
C0105854,Kenneth Watkins,25-34,12,IL,751,2,1,0,7903.0,78158.0
C0105855,Stacey Davis,55-64,2,AZ,689,3,1,1,6734.0,51827.0
C0105856,Janice Bailey,45-54,20,TX,713,1,0,0,6556.0,270951.0
C0105857,Amanda Hodge,45-54,2,MI,667,2,1,0,14414.0,49239.0
C0105858,Jason Gomez,45-54,13,VA,657,2,1,0,2327.0,160830.0
C0105859,Julie Johnson,35-44,12,VA,723,2,1,0,4776.0,301865.0
C0105860,Vanessa Cunningham,45-54,11,FL,781,2,1,0,511.0,227371.0
C0105861,Tonya Alexander,25-34,12,OH,724,2,1,0,866.0,64782.0
C0105862,Mark Santos,45-54,8,IL,805,2,1,0,1707.0,135125.0
C0105863,Michael Walker,55-64,12,OH,712,1,0,0,22573.0,268333.0
C0105864,Michael Watkins,45-54,8,TX,721,2,1,0,5842.0,133212.0
C0105865,Cassidy Bailey,35-44,10,TX,675,1,0,0,18711.0,107210.0
C0105866,Christopher Gutierrez,55-64,14,CA,704,2,1,0,12860.0,64912.0
C0105867,Elijah Archer,55-64,15,MA,666,1,0,0,11071.0,168022.0
C0105868,Lisa Hendricks,25-34,4,OH,650,2,1,0,2610.0,60783.0
C0105869,Kristin Hudson,35-44,20,NY,667,4,1,1,8866.0,100936.0
C0105870,James Livingston,45-54,2,VA,723,4,1,1,10997.0,192791.0
C0105871,Jeffrey Evans,35-44,6,GA,686,2,1,0,113643.0,177537.0
C0105872,Dennis Santana,25-34,7,IL,697,1,0,0,5350.0,142856.0
C0105873,Nichole Parker,35-44,7,TX,738,2,1,0,19510.0,93537.0
C0105874,Benjamin Mosley,35-44,8,IL,650,2,1,0,6984.0,120364.0
C0105875,Jennifer Reilly,45-54,7,MI,723,1,0,0,3489.0,82932.0
C0105876,Nicole Sanchez,45-54,9,MI,758,4,1,1,23004.0,126170.0
C0105877,Shannon Hill,35-44,16,IL,762,1,0,0,78425.0,200632.0
C0105878,Darrell Ibarra,55-64,17,MI,743,2,1,0,11097.0,354352.0
C0105879,Deborah Fox,35-44,7,VA,717,2,1,0,3570.0,65882.0
C0105880,Mary Hoffman,35-44,6,AZ,691,3,1,1,14200.0,265378.0
C0105881,Anthony Murphy,35-44,14,GA,716,3,1,1,11331.0,128123.0
C0105882,Larry Woods,55-64,2,NY,794,1,0,0,115821.0,49723.0
C0105883,Virginia Caldwell,65+,9,TX,732,3,1,1,19744.0,120414.0
C0105884,Patricia Boyd,45-54,5,FL,715,3,1,1,2643.0,53233.0
C0105885,Debra Wright,25-34,13,CA,745,3,1,1,37408.0,124890.0
C0105886,Adam Shannon,35-44,2,NC,722,1,0,0,20546.0,189392.0
C0105887,Betty Vazquez,35-44,17,NY,730,2,1,0,24896.0,328309.0
C0105888,John Williams,55-64,6,NY,708,3,1,1,13820.0,256648.0
C0105889,Steven Stone,25-34,11,NJ,701,1,0,0,27172.0,149574.0
C0105890,Mark Mueller,65+,12,PA,764,2,1,0,13749.0,122600.0
C0105891,John Richards,45-54,10,WA,632,2,1,0,5971.0,372387.0
C0105892,Beth Sanchez,45-54,9,FL,741,2,1,0,9519.0,70245.0
C0105893,Donald Reynolds,55-64,6,IL,698,1,0,0,7051.0,214173.0
C0105894,Timothy Hernandez,25-34,16,CA,634,1,0,0,12206.0,34761.0
C0105895,Lacey Morrow,55-64,11,NC,676,2,1,0,8914.0,62784.0
C0105896,Omar Kelly,25-34,5,TX,718,1,0,0,5555.0,176866.0
C0105897,Brian Gross,55-64,6,NY,724,1,0,0,6516.0,51482.0
C0105898,Scott Lin,45-54,9,VA,753,2,1,0,8068.0,90016.0
C0105899,Linda Lee,25-34,17,AZ,756,1,0,0,956.0,251586.0
C0105900,Lori Franco,55-64,20,NC,650,2,1,0,27704.0,82465.0
C0105901,Kristi Jordan,25-34,8,MA,736,4,1,1,12302.0,137265.0
C0105902,Tammy Lynch,25-34,8,VA,752,2,1,0,3890.0,13003.0
C0105903,Debbie Ward,55-64,3,VA,729,1,0,0,16472.0,202428.0
C0105904,David Murphy,45-54,11,MA,742,1,0,0,4404.0,58909.0
C0105905,Bradley Walker,55-64,5,TX,633,2,1,0,4404.0,119944.0
C0105906,Jacqueline Dyer,45-54,17,NY,675,2,1,0,12703.0,49435.0
C0105907,Clifford Poole,45-54,11,OH,781,3,1,1,45105.0,112560.0
C0105908,Michael Taylor,35-44,5,MI,707,2,1,0,11337.0,95141.0
C0105909,Chloe Ellis,25-34,19,MA,820,2,1,0,3194.0,58708.0
C0105910,Jason Douglas,65+,17,TX,662,2,1,0,5313.0,273823.0
C0105911,David Hayes,25-34,7,NY,790,2,1,0,22446.0,62879.0
C0105912,Kathy Steele,45-54,3,PA,692,1,0,0,13163.0,75933.0
C0105913,Jennifer Underwood,35-44,6,NJ,758,2,1,0,25626.0,104451.0
C0105914,Amanda Moody,35-44,8,MA,706,1,0,0,12993.0,88548.0
C0105915,Marilyn Page DVM,45-54,9,MA,725,2,1,0,20435.0,167300.0
C0105916,Diana Mullins,55-64,17,VA,746,2,1,0,90726.0,81671.0
C0105917,Brittany Ballard,55-64,20,VA,692,3,1,1,1599.0,122464.0
C0105918,Matthew Freeman,55-64,15,OH,756,1,0,0,145593.0,145216.0
C0105919,Amy Baker,35-44,17,MI,708,4,1,1,24929.0,224715.0
C0105920,Elizabeth Skinner MD,45-54,3,FL,728,2,1,0,189088.0,99401.0
C0105921,Riley Davenport,25-34,3,GA,600,3,1,1,2490.0,57792.0
C0105922,Carla Briggs,55-64,19,PA,704,2,1,0,12822.0,76503.0
C0105923,Diana Myers,35-44,13,AZ,776,3,1,1,9811.0,118670.0
C0105924,Paul Blair,45-54,5,IL,751,2,1,0,23394.0,135924.0
C0105925,Olivia Gonzalez,35-44,16,IL,759,1,0,0,14239.0,110997.0
C0105926,Xavier Hanson,55-64,4,OH,722,2,1,0,12448.0,140700.0
C0105927,Chad Taylor,55-64,16,AZ,795,4,1,1,20634.0,122439.0
C0105928,William Lewis,55-64,18,AZ,732,2,1,0,7128.0,164227.0
C0105929,Crystal Robinson,25-34,10,OH,690,3,1,1,4363.0,135144.0
C0105930,John Jones,65+,14,MA,758,3,1,1,13959.0,93748.0
C0105931,Meagan Patterson,35-44,15,VA,761,1,0,0,4353.0,75312.0
C0105932,Timothy Smith,35-44,18,WA,748,3,1,1,6970.0,213831.0
C0105933,Brenda Mendoza,35-44,12,AZ,701,2,1,0,1438.0,88233.0
C0105934,Nicole Edwards,35-44,6,PA,732,1,0,0,8666.0,89370.0
C0105935,Amy Ramirez,45-54,5,NC,782,2,1,0,2659.0,391025.0
C0105936,Anthony David,35-44,8,PA,741,3,1,1,7789.0,166546.0
C0105937,David Perkins,35-44,2,PA,653,2,1,0,2201.0,254842.0
C0105938,Rose Jackson,45-54,14,OH,691,1,0,0,7917.0,74352.0
C0105939,Devin Hardin,55-64,8,CA,689,2,1,0,23853.0,83255.0
C0105940,Amber Fernandez,45-54,15,NY,686,3,1,1,3964.0,40400.0
C0105941,Travis Marsh,45-54,2,WA,624,2,1,0,2644.0,73738.0
C0105942,Rebecca Lowery,25-34,7,FL,805,2,1,0,20702.0,150023.0
C0105943,Jesse Martin,55-64,8,MI,680,2,1,0,24244.0,78405.0
C0105944,Robert Carter,25-34,2,VA,683,2,1,0,13477.0,47634.0
C0105945,Amy Olsen,35-44,17,NY,632,1,0,0,4635.0,219516.0
C0105946,Sydney Green,25-34,12,OH,758,3,1,1,3806.0,138574.0
C0105947,Julia Parsons,45-54,17,AZ,715,1,0,0,5444.0,171342.0
C0105948,Thomas May,35-44,17,WA,704,2,1,0,7548.0,274094.0
C0105949,Erica Green,45-54,1,AZ,706,3,1,1,1022.0,250591.0
C0105950,Richard Burke,35-44,18,MI,746,2,1,0,2490.0,119325.0
C0105951,Tammy Williams,45-54,2,AZ,698,3,1,1,36353.0,226453.0
C0105952,Joshua Herrera,45-54,18,IL,630,1,0,0,10393.0,68533.0
C0105953,Brittany Byrd,25-34,14,MI,661,2,1,0,35326.0,43658.0
C0105954,Gina Brennan,35-44,17,NJ,659,3,1,1,27414.0,143624.0
C0105955,Christopher George,45-54,10,MA,732,3,1,1,5569.0,131209.0
C0105956,Lauren Watts,45-54,4,IL,761,2,1,0,5671.0,123491.0
C0105957,Peter Campbell,25-34,3,AZ,785,1,0,0,25845.0,20722.0
C0105958,Jonathon Stevenson,45-54,3,GA,646,1,0,0,20138.0,106933.0
C0105959,Karla Burton,35-44,17,TX,747,3,1,1,26500.0,62947.0
C0105960,Randy Jones,25-34,11,MI,692,2,1,0,7973.0,131063.0
C0105961,Carlos Miller,35-44,5,MA,820,1,0,0,9615.0,58084.0
C0105962,Joseph Church,45-54,3,OH,782,2,1,0,5963.0,174597.0
C0105963,Michael Haas,35-44,2,NC,796,1,0,0,7600.0,36521.0
C0105964,Renee Newton,45-54,6,AZ,756,1,0,0,3559.0,146552.0
C0105965,Thomas Daugherty,35-44,15,AZ,737,4,1,1,7408.0,175031.0
C0105966,Scott Roy,55-64,18,OH,701,2,1,0,6687.0,105411.0
C0105967,Mr. Robert Cantu,35-44,13,VA,693,1,0,0,4673.0,48684.0
C0105968,Heather Matthews,45-54,20,MI,683,3,1,1,20939.0,138826.0
C0105969,Darlene Kelly,55-64,8,MI,747,4,1,1,1492.0,36978.0
C0105970,Nancy Merritt,35-44,7,NJ,790,3,1,1,12148.0,36587.0
C0105971,Brian Thompson,25-34,14,PA,703,3,1,1,2681.0,389115.0
C0105972,Theresa Goodman,45-54,3,PA,687,4,1,1,2929.0,151398.0
C0105973,Justin White,65+,19,CA,653,1,0,0,3247.0,87694.0
C0105974,Scott Hernandez,65+,16,WA,731,3,1,1,14257.0,65909.0
C0105975,Christopher Shelton,35-44,1,PA,775,2,1,0,540.0,200394.0
C0105976,Debbie Koch,55-64,4,NJ,777,1,0,0,9921.0,238084.0
C0105977,Tyler Stout,35-44,13,NJ,782,1,0,0,8557.0,97236.0
C0105978,April Ryan,35-44,15,NJ,738,1,0,0,2530.0,97650.0
C0105979,William Phillips,45-54,5,WA,724,3,1,1,10083.0,84155.0
C0105980,Taylor Smith,45-54,15,AZ,777,3,1,1,1890.0,84529.0
C0105981,Kelly Romero,45-54,10,CA,670,1,0,0,7689.0,102355.0
C0105982,Erin Nelson,55-64,14,WA,700,3,1,1,1806.0,73714.0
C0105983,Christopher Dalton,35-44,9,NY,796,3,1,1,94883.0,114595.0
C0105984,Jamie Romero,45-54,10,MI,671,1,0,0,22781.0,126711.0
C0105985,Logan Golden,35-44,8,NJ,718,3,1,1,10892.0,320218.0
C0105986,Michael Crawford,25-34,4,CA,748,1,0,0,2575.0,21935.0
C0105987,Stephanie Sanders,35-44,4,PA,723,1,0,0,5822.0,129162.0
C0105988,Christine Meza,65+,4,AZ,771,2,1,0,6118.0,59221.0
C0105989,Emily Hall,45-54,17,FL,788,4,1,1,10832.0,55698.0
C0105990,Thomas Wells,25-34,9,NY,741,1,0,0,13072.0,246236.0
C0105991,Caitlin Howard,45-54,8,TX,782,1,0,0,10613.0,72044.0
C0105992,Jason Blackwell,65+,18,FL,678,2,1,0,12219.0,75107.0
C0105993,Bradley Pacheco,65+,18,MI,712,3,1,1,6609.0,162716.0
C0105994,Matthew Armstrong,45-54,5,WA,820,4,1,1,12222.0,91746.0
C0105995,Brittany Mitchell,35-44,8,NC,807,2,1,0,3769.0,253613.0
C0105996,Thomas Friedman,45-54,9,PA,662,3,1,1,2262.0,61325.0
C0105997,Colleen Hernandez,55-64,17,WA,719,2,1,0,74418.0,191409.0
C0105998,Peter Haynes,55-64,14,IL,726,1,0,0,13349.0,404652.0
C0105999,Jeffrey Ford,55-64,11,PA,738,2,1,0,70778.0,137219.0
C0106000,Brittany Ortiz,45-54,5,GA,777,1,0,0,5827.0,89109.0
C0106001,Miranda Beck,25-34,8,FL,802,3,1,1,146219.0,91161.0
C0106002,Amanda Bennett,45-54,1,IL,721,1,0,0,8915.0,126188.0
C0106003,David Robertson,35-44,15,VA,770,1,0,0,32053.0,160444.0
C0106004,Kristen Davis,25-34,19,MI,749,4,1,1,8429.0,52217.0
C0106005,Brian Pena,45-54,16,MA,719,4,1,1,9876.0,95650.0
C0106006,Amanda Nelson,45-54,7,VA,643,2,1,0,7057.0,112312.0
C0106007,Sarah Bush,55-64,10,IL,765,3,1,1,4486.0,234309.0
C0106008,Robert Miller,55-64,20,VA,747,4,1,1,26273.0,339659.0
C0106009,Anna Poole,55-64,9,WA,737,1,0,0,8017.0,106576.0
C0106010,Jacqueline Phillips,55-64,17,MI,675,2,1,0,21950.0,76218.0
C0106011,Sophia Dawson,55-64,12,VA,808,1,0,0,23970.0,122148.0
C0106012,Sheila Stephens,25-34,10,GA,726,3,1,1,44232.0,56258.0
C0106013,Wendy Evans,45-54,12,AZ,668,1,0,0,13432.0,65547.0
C0106014,Phillip Rodriguez,25-34,5,NY,661,3,1,1,1322.0,109653.0
C0106015,Justin Brown,25-34,9,OH,750,1,0,0,5518.0,81667.0
C0106016,Eric Anderson,35-44,7,NY,751,2,1,0,7862.0,117056.0
C0106017,April Norton,55-64,16,TX,699,3,1,1,8225.0,101214.0
C0106018,Timothy Sexton,55-64,13,MI,740,1,0,0,39422.0,90843.0
C0106019,Mr. John Decker MD,65+,8,TX,750,4,1,1,31681.0,69643.0
C0106020,Tina Little,65+,17,NY,726,1,0,0,6810.0,30951.0
C0106021,Seth Curry,55-64,10,VA,688,2,1,0,149659.0,159374.0
C0106022,Barbara Graham,25-34,20,NY,763,3,1,1,5332.0,128636.0
C0106023,Edward White,55-64,13,WA,757,1,0,0,5877.0,71217.0
C0106024,Michelle Graham,55-64,18,CA,745,2,1,0,2184.0,192189.0
C0106025,Benjamin White,55-64,20,OH,682,2,1,0,1248.0,25990.0
C0106026,Austin Mitchell,35-44,7,TX,660,2,1,0,1966.0,103768.0
C0106027,Kim Flynn,25-34,6,CA,723,2,1,0,27344.0,147823.0
C0106028,Nicholas Pace,65+,17,VA,761,2,1,0,19728.0,241971.0
C0106029,Laura Atkins,35-44,5,TX,766,1,0,0,2807.0,100322.0
C0106030,Ann Huffman,35-44,16,AZ,746,1,0,0,9135.0,234937.0
C0106031,Roger Sullivan,45-54,4,NC,699,4,1,1,21328.0,99941.0
C0106032,Vanessa Ramirez,25-34,18,GA,683,2,1,0,706.0,169209.0
C0106033,Anne Martin,25-34,14,AZ,719,1,0,0,67959.0,272976.0
C0106034,Ashley Dunn,65+,11,IL,719,1,0,0,28654.0,82201.0
C0106035,Shaun Henderson,55-64,9,IL,769,3,1,1,21432.0,136043.0
C0106036,Michael Jackson,65+,13,OH,698,2,1,0,34286.0,143709.0
C0106037,Aaron Mayer,35-44,8,MI,702,1,0,0,699.0,70753.0
C0106038,Kimberly Lee,35-44,8,WA,812,3,1,1,6234.0,164352.0
C0106039,Shane Smith,35-44,5,NC,789,4,1,1,36682.0,85913.0
C0106040,Erin White,45-54,4,PA,680,3,1,1,8035.0,82816.0
C0106041,Joseph Young,25-34,18,AZ,786,2,1,0,19756.0,35140.0
C0106042,Taylor Tran,55-64,15,NC,669,2,1,0,46065.0,104780.0
C0106043,Jason Patrick,65+,9,WA,700,1,0,0,18852.0,208503.0
C0106044,Richard Saunders,45-54,17,OH,705,2,1,0,5948.0,120912.0
C0106045,Jerry Ferguson,35-44,13,FL,716,2,1,0,16169.0,395094.0
C0106046,Rodney Avila,35-44,12,MA,747,1,0,0,1091.0,83882.0
C0106047,Shannon Thompson,25-34,3,NJ,724,2,1,0,14595.0,144445.0
C0106048,Stacy Macias,35-44,11,PA,747,2,1,0,19922.0,118705.0
C0106049,Stephanie Nunez,45-54,3,WA,701,3,1,1,9712.0,72482.0
C0106050,Christina Olsen,35-44,14,CA,736,1,0,0,32658.0,267440.0
C0106051,Paul Wagner,45-54,2,AZ,723,3,1,1,11320.0,118241.0
C0106052,Sophia Richmond,55-64,11,NC,657,2,1,0,9666.0,87901.0
C0106053,Nicole Tate,35-44,8,NC,741,2,1,0,73042.0,143786.0
C0106054,Jesse Wright,25-34,3,CA,724,4,1,1,2567.0,233988.0
C0106055,Traci Rodriguez,25-34,10,FL,687,1,0,0,43069.0,74707.0
C0106056,Cheryl Beck,25-34,5,NJ,700,3,1,1,39166.0,112398.0
C0106057,Christina Perez,45-54,5,NC,701,3,1,1,22345.0,221401.0
C0106058,Annette Fernandez,55-64,18,TX,708,4,1,1,4987.0,47110.0
C0106059,Tricia Bailey,55-64,7,MI,799,2,1,0,12225.0,148999.0
C0106060,Omar Chandler,45-54,9,VA,814,1,0,0,3087.0,115442.0
C0106061,John Erickson,35-44,1,PA,597,1,0,0,4128.0,27698.0
C0106062,Teresa Smith,35-44,7,NJ,741,3,1,1,9488.0,111566.0
C0106063,Karen Cruz,35-44,8,MA,762,1,0,0,2806.0,82518.0
C0106064,Jenny Soto,35-44,15,GA,710,1,0,0,6124.0,119957.0
C0106065,Kevin Smith,55-64,3,NY,761,4,1,1,2159.0,101457.0
C0106066,Kimberly Garcia,45-54,19,MA,794,2,1,0,17739.0,141895.0
C0106067,Deborah Townsend,35-44,3,AZ,658,1,0,0,57632.0,48354.0
C0106068,Julie Wallace,35-44,14,OH,726,3,1,1,113131.0,181189.0
C0106069,Joe Gordon,25-34,1,OH,808,1,0,0,2344.0,157505.0
C0106070,Wayne Barnes,65+,17,WA,664,2,1,0,2895.0,82256.0
C0106071,Maria Weaver,25-34,14,CA,714,1,0,0,7631.0,240922.0
C0106072,Matthew Thompson,25-34,17,PA,699,2,1,0,21738.0,85336.0
C0106073,Wanda Short,35-44,19,NC,767,1,0,0,7256.0,73772.0
C0106074,James Richardson,55-64,17,MI,773,3,1,1,29527.0,210199.0
C0106075,Jennifer Cruz,45-54,13,MI,727,2,1,0,17594.0,103235.0
C0106076,Sergio Andrews,45-54,17,IL,721,1,0,0,1114.0,132816.0
C0106077,Franklin Harris,35-44,2,AZ,642,4,1,1,9930.0,58020.0
C0106078,Leslie Vance,25-34,13,MI,784,3,1,1,2100.0,103425.0
C0106079,Gabriel Guzman,55-64,20,NC,704,2,1,0,4714.0,116166.0
C0106080,Lori Smith,35-44,8,MA,713,4,1,1,5665.0,97230.0
C0106081,Edward Taylor,25-34,20,TX,763,1,0,0,22600.0,40820.0
C0106082,Alison Adams,45-54,11,NJ,728,2,1,0,8961.0,127615.0
C0106083,Phillip Jenkins,25-34,10,AZ,765,4,1,1,5306.0,215988.0
C0106084,Yolanda Brown,25-34,7,MI,747,2,1,0,114779.0,70790.0
C0106085,Malik Washington,55-64,3,NC,729,1,0,0,3175.0,33996.0
C0106086,Kristen Larson,45-54,18,IL,733,3,1,1,13101.0,260710.0
C0106087,Michael Scott,35-44,15,PA,669,1,0,0,20650.0,86281.0
C0106088,Luke Duncan,35-44,9,NC,713,1,0,0,11338.0,40778.0
C0106089,Bernard Hicks,55-64,20,AZ,768,3,1,1,3153.0,51246.0
C0106090,Rebecca Boone,25-34,4,OH,679,1,0,0,2965.0,62796.0
C0106091,Joel Roberts,25-34,16,TX,687,1,0,0,19502.0,112899.0
C0106092,Tony Cooper,45-54,10,GA,680,2,1,0,32457.0,116477.0
C0106093,Kevin Stokes,45-54,13,TX,726,2,1,0,8695.0,146317.0
C0106094,James Frank,65+,1,MA,783,2,1,0,1905.0,92434.0
C0106095,Deborah Stewart,35-44,13,NC,744,3,1,1,9371.0,38559.0
C0106096,Carol Bowman,25-34,14,NY,622,2,1,0,57005.0,55884.0
C0106097,Sheri Murphy,45-54,20,MI,749,3,1,1,2768.0,182791.0
C0106098,Russell Downs,45-54,7,NC,700,1,0,0,6322.0,90215.0
C0106099,Charles Ellis,25-34,2,GA,742,1,0,0,9922.0,172967.0
C0106100,Dylan Guzman,45-54,2,NC,713,4,1,1,34160.0,98378.0
C0106101,Ryan White,35-44,3,AZ,681,2,1,0,4902.0,203232.0
C0106102,Dawn Meyer,55-64,6,WA,716,1,0,0,16546.0,133261.0
C0106103,April Wiley,55-64,17,NY,700,4,1,1,49125.0,31861.0
C0106104,Cheryl Wade,35-44,4,NY,733,2,1,0,1564.0,59787.0
C0106105,John Estrada,65+,3,MA,680,2,1,0,1919.0,54945.0
C0106106,Cynthia Larson,65+,1,MI,669,1,0,0,8270.0,217822.0
C0106107,Roy Paul,25-34,8,CA,752,2,1,0,30008.0,69350.0
C0106108,Gregory Joyce,35-44,13,GA,769,1,0,0,13796.0,94696.0
C0106109,Chase Choi,45-54,6,TX,746,2,1,0,33404.0,125498.0
C0106110,Suzanne Williams,25-34,10,CA,690,3,1,1,1200.0,137377.0
C0106111,Michael Cortez,35-44,5,FL,686,2,1,0,14013.0,50341.0
C0106112,Jennifer Vargas,35-44,17,NY,689,1,0,0,304.0,49336.0
C0106113,Linda Newman,65+,1,TX,760,1,0,0,45480.0,75991.0
C0106114,Walter Howard,35-44,5,WA,682,3,1,1,38536.0,81302.0
C0106115,Justin Saunders,55-64,12,OH,759,4,1,1,6239.0,35287.0
C0106116,Jeffrey Weaver,35-44,17,NC,748,1,0,0,579.0,157781.0
C0106117,Wanda Reynolds,25-34,9,WA,775,2,1,0,7201.0,162014.0
C0106118,Kathryn Castillo,55-64,2,WA,767,2,1,0,35325.0,67346.0
C0106119,Alicia Wilson,25-34,12,WA,744,3,1,1,15203.0,223147.0
C0106120,Jason Day,25-34,6,FL,653,4,1,1,85075.0,133715.0
C0106121,Brian Christensen,35-44,7,VA,747,2,1,0,6482.0,97015.0
C0106122,Stephen Martinez,45-54,19,MA,725,1,0,0,105724.0,190514.0
C0106123,Thomas Turner,35-44,19,CA,703,3,1,1,817.0,118739.0
C0106124,Bonnie Larson,25-34,6,AZ,781,3,1,1,3717.0,40661.0
C0106125,John Ortega,35-44,12,WA,713,2,1,0,1953.0,36743.0
C0106126,Kristin Hickman,35-44,11,WA,696,2,1,0,22358.0,170820.0
C0106127,Jacqueline Turner,25-34,20,IL,770,1,0,0,2159.0,83629.0
C0106128,Charles Strickland,45-54,19,FL,701,1,0,0,30927.0,141532.0
C0106129,Thomas Carr,25-34,8,NJ,693,3,1,1,21052.0,32780.0
C0106130,John Stewart,35-44,1,MI,669,1,0,0,11470.0,72983.0
C0106131,Christopher Mcmillan,45-54,1,NJ,683,3,1,1,8060.0,131642.0
C0106132,Lee Rivera,55-64,1,NY,686,1,0,0,2608.0,106453.0
C0106133,Mark Keller,35-44,16,FL,747,1,0,0,18973.0,63109.0
C0106134,Allen Porter,35-44,15,AZ,674,2,1,0,4999.0,38199.0
C0106135,Mr. Joshua Cohen,35-44,17,GA,636,1,0,0,23031.0,93006.0
C0106136,Kyle Burke,65+,3,WA,733,2,1,0,55285.0,60993.0
C0106137,Brent Holloway,35-44,2,AZ,691,1,0,0,6321.0,320001.0
C0106138,Danny Smith,35-44,4,OH,719,3,1,1,44665.0,91658.0
C0106139,Tracy Roberts,35-44,13,NY,777,4,1,1,11502.0,60868.0
C0106140,Colleen Martin,35-44,1,AZ,723,2,1,0,18740.0,76812.0
C0106141,Stephanie Brown,35-44,14,NJ,787,1,0,0,1874.0,131289.0
C0106142,Jennifer Barrett,25-34,18,MI,716,3,1,1,4016.0,154159.0
C0106143,Tara Jones,45-54,3,MA,765,1,0,0,3964.0,179308.0
C0106144,Kaitlyn Leblanc,45-54,15,NY,695,1,0,0,46042.0,202055.0
C0106145,Madeline Ford,45-54,12,IL,724,3,1,1,6009.0,70310.0
C0106146,Raymond Herrera,55-64,19,CA,678,1,0,0,19461.0,117709.0
C0106147,Danielle Reed,35-44,5,IL,683,2,1,0,8357.0,49352.0
C0106148,Michael Spencer,65+,5,OH,709,1,0,0,5966.0,91309.0
C0106149,Kevin Torres,55-64,1,OH,660,3,1,1,1565.0,166551.0
C0106150,Hannah Marquez,55-64,15,FL,727,2,1,0,926.0,88839.0
C0106151,Jared Madden,55-64,18,WA,706,2,1,0,6097.0,342456.0
C0106152,Jacob Miller,35-44,1,GA,730,2,1,0,6538.0,126816.0
C0106153,George Williams,35-44,10,OH,660,1,0,0,3189.0,46725.0
C0106154,Amber Parker,35-44,15,WA,751,1,0,0,10895.0,165196.0
C0106155,Jerome Parker,25-34,16,GA,796,3,1,1,96604.0,417861.0
C0106156,Phillip Fowler,45-54,19,AZ,786,3,1,1,54912.0,43660.0
C0106157,Charles Gonzales,25-34,15,NY,805,3,1,1,8971.0,58015.0
C0106158,Natalie Oconnor,25-34,19,WA,721,3,1,1,9353.0,73406.0
C0106159,Richard Murray,65+,20,MA,704,2,1,0,18810.0,129880.0
C0106160,Eric Shaffer,45-54,19,VA,741,2,1,0,11717.0,56706.0
C0106161,Christina Roberts,45-54,9,AZ,709,2,1,0,18850.0,56880.0
C0106162,Christina Cook,35-44,9,VA,641,1,0,0,12123.0,113244.0
C0106163,Joseph Walker Jr.,45-54,9,MI,756,2,1,0,9748.0,230664.0
C0106164,Bradley Cobb,55-64,20,VA,709,1,0,0,3982.0,79989.0
C0106165,Cynthia Newman,45-54,6,MA,653,2,1,0,13244.0,108211.0
C0106166,Veronica Simmons,45-54,16,MI,697,3,1,1,568.0,35161.0
C0106167,John Nichols,45-54,13,NJ,710,2,1,0,11781.0,476854.0
C0106168,Thomas Jones,35-44,2,TX,720,3,1,1,718.0,366520.0
C0106169,Karen Alvarez,45-54,10,MA,721,4,1,1,11792.0,418494.0
C0106170,Ronald Graham,65+,4,VA,781,4,1,1,2649.0,282155.0
C0106171,Arthur White,35-44,15,FL,662,3,1,1,39736.0,29759.0
C0106172,Eric Murphy,35-44,9,PA,713,3,1,1,9545.0,124392.0
C0106173,Tammy Daniel,35-44,8,NY,680,2,1,0,8592.0,48572.0
C0106174,Dr. Jose Garcia,35-44,2,PA,776,3,1,1,13955.0,129147.0
C0106175,Ashley Coleman,65+,3,AZ,694,2,1,0,3041.0,62046.0
C0106176,Eduardo Booth,55-64,16,OH,704,4,1,1,32958.0,73008.0
C0106177,Nicholas Ramos MD,35-44,18,OH,767,2,1,0,19712.0,61056.0
C0106178,Robert Chapman,35-44,6,VA,779,2,1,0,4429.0,91769.0
C0106179,Eric Clark,35-44,17,IL,786,3,1,1,2408.0,51349.0
C0106180,Kevin Johnston,25-34,12,AZ,646,3,1,1,5176.0,91273.0
C0106181,Lori Jordan,45-54,8,VA,741,1,0,0,7121.0,152474.0
C0106182,Gloria Lynch,55-64,10,NY,732,2,1,0,2205.0,60064.0
C0106183,Rachel Norris,45-54,14,MI,717,2,1,0,4683.0,82667.0
C0106184,Joseph Spencer,35-44,19,GA,722,2,1,0,3984.0,86277.0
C0106185,Kenneth Schmidt,55-64,10,IL,777,4,1,1,6357.0,83388.0
C0106186,Timothy Fletcher,55-64,7,AZ,766,2,1,0,6418.0,134994.0
C0106187,Michael Fernandez,35-44,16,IL,760,3,1,1,14555.0,148364.0
C0106188,Joseph Conway,45-54,11,TX,729,2,1,0,8413.0,82104.0
C0106189,Edward Hill,45-54,8,OH,820,1,0,0,13128.0,134901.0
C0106190,Paula Evans,55-64,10,GA,701,2,1,0,10923.0,83358.0
C0106191,Stephanie Santiago,25-34,11,TX,647,2,1,0,6413.0,72033.0
C0106192,Lauren Kim,35-44,3,VA,708,3,1,1,18407.0,140089.0
C0106193,Sherri Colon,45-54,2,NY,722,2,1,0,301.0,99608.0
C0106194,Erin Mckinney,25-34,14,TX,778,2,1,0,5268.0,131208.0
C0106195,Joseph Dougherty,35-44,4,NC,697,2,1,0,4086.0,35946.0
C0106196,Sarah Williams,55-64,11,FL,742,4,1,1,9351.0,66840.0
C0106197,Jeremy Silva,25-34,16,VA,653,1,0,0,3785.0,89713.0
C0106198,Lisa Prince,45-54,5,TX,768,1,0,0,15657.0,96229.0
C0106199,Sara Wilkins,65+,8,OH,723,2,1,0,19349.0,99305.0
C0106200,Joshua Fowler,45-54,20,CA,707,3,1,1,1539.0,48198.0
C0106201,Jodi Miller,45-54,1,IL,815,2,1,0,10596.0,82101.0
C0106202,Garrett Carpenter,45-54,16,AZ,768,1,0,0,1742.0,167550.0
C0106203,Vincent Schaefer,35-44,4,MI,673,2,1,0,14409.0,133393.0
C0106204,Rachel Norton,25-34,19,NC,715,1,0,0,4629.0,89649.0
C0106205,Jon Russo,45-54,9,FL,820,1,0,0,3087.0,64131.0
C0106206,Jeanne Mills,35-44,1,PA,809,1,0,0,1041.0,45222.0
C0106207,Nicholas Little,35-44,15,IL,761,1,0,0,7255.0,212220.0
C0106208,Jonathan Walton,25-34,3,NC,636,2,1,0,2019.0,232379.0
C0106209,Ashley Miller,55-64,8,NY,779,3,1,1,1366.0,100348.0
C0106210,William Vasquez,25-34,11,MA,691,1,0,0,10129.0,80345.0
C0106211,Denise Hendricks,55-64,15,MI,779,2,1,0,25928.0,140217.0
C0106212,Stacy Johnson,35-44,9,PA,687,2,1,0,13009.0,62576.0
C0106213,Mary Delacruz,45-54,18,TX,741,1,0,0,1455.0,123248.0
C0106214,Laura Singleton,35-44,10,NC,691,3,1,1,6876.0,85611.0
C0106215,Jill Ray,35-44,7,OH,703,1,0,0,18337.0,59637.0
C0106216,Charles Hensley,45-54,7,NJ,747,4,1,1,6880.0,90275.0
C0106217,Lauren Walker,45-54,17,NC,660,2,1,0,11976.0,198241.0
C0106218,Ann Calderon,35-44,14,MI,820,1,0,0,4795.0,93450.0
C0106219,Jonathan Potter,35-44,3,WA,673,4,1,1,5107.0,266248.0
C0106220,Julie Curry,35-44,16,GA,671,2,1,0,3672.0,131812.0
C0106221,Maureen Lee,35-44,9,NJ,748,1,0,0,16889.0,47471.0
C0106222,Alicia Garner,45-54,7,IL,778,2,1,0,18217.0,70289.0
C0106223,David Silva,25-34,2,MA,705,2,1,0,4162.0,52436.0
C0106224,Tyler Patel,45-54,20,OH,671,3,1,1,20047.0,103890.0
C0106225,Victoria Parker,25-34,2,NJ,678,2,1,0,1462.0,128313.0
C0106226,Emily Martinez,45-54,20,MA,673,4,1,1,6599.0,430069.0
C0106227,Amanda Brown,35-44,2,IL,733,4,1,1,1597.0,126377.0
C0106228,Samantha Salinas,45-54,11,TX,716,1,0,0,2083.0,54724.0
C0106229,Michelle Williams,35-44,3,NY,739,4,1,1,1574.0,87568.0
C0106230,Shawn Evans,65+,10,NY,736,1,0,0,3689.0,116001.0
C0106231,Christine Jones,45-54,17,CA,757,4,1,1,17047.0,125584.0
C0106232,Michael Buchanan,55-64,12,NC,701,1,0,0,7376.0,83844.0
C0106233,James Morales DVM,35-44,11,PA,686,1,0,0,4021.0,274928.0
C0106234,Michael Hicks,35-44,3,TX,727,2,1,0,6580.0,121041.0
C0106235,Laura Clark,25-34,19,FL,717,1,0,0,687.0,98791.0
C0106236,Luke Bush,35-44,8,PA,731,3,1,1,16094.0,139757.0
C0106237,Kimberly Cantrell,45-54,11,IL,687,1,0,0,546.0,100270.0
C0106238,Sarah Jordan,55-64,18,MA,748,2,1,0,3468.0,82033.0
C0106239,Tyler Cole,45-54,13,NJ,666,4,1,1,7371.0,115777.0
C0106240,Matthew Valencia,45-54,15,NJ,700,2,1,0,13831.0,80006.0
C0106241,Cynthia Freeman,35-44,4,NJ,770,2,1,0,10794.0,79022.0
C0106242,Gregory Wiley,25-34,10,WA,669,4,1,1,7636.0,165638.0
C0106243,Dylan Long,55-64,11,PA,767,1,0,0,46583.0,101506.0
C0106244,Amanda Anderson,35-44,4,TX,656,1,0,0,90928.0,147422.0
C0106245,Cynthia Tucker,25-34,8,GA,648,1,0,0,8172.0,146511.0
C0106246,Scott Stephens,65+,17,CA,652,1,0,0,7186.0,71809.0
C0106247,Ralph Gray,65+,19,NY,725,1,0,0,6690.0,144036.0
C0106248,Thomas Phillips,45-54,17,VA,752,2,1,0,3893.0,341633.0
C0106249,Jamie Scott,35-44,19,GA,778,1,0,0,12721.0,135025.0
C0106250,Michael Gutierrez,55-64,20,NJ,774,2,1,0,37267.0,205455.0
C0106251,Brian Kidd,35-44,4,GA,758,3,1,1,408.0,121626.0
C0106252,Travis Walters,35-44,18,NC,682,2,1,0,6610.0,170817.0
C0106253,Joseph Meyers,35-44,13,PA,682,2,1,0,48354.0,90154.0
C0106254,Jennifer Baker,65+,18,NY,755,1,0,0,12988.0,98368.0
C0106255,Tracey Johnson,65+,13,NY,783,3,1,1,13314.0,207107.0
C0106256,Kimberly Taylor,45-54,3,VA,673,2,1,0,1187.0,117210.0
C0106257,Alejandra Thomas,25-34,12,MA,778,3,1,1,18818.0,179000.0
C0106258,Jay Peck,45-54,16,TX,633,2,1,0,27199.0,75342.0
C0106259,Ashley Schultz,35-44,3,NC,737,2,1,0,10300.0,113061.0
C0106260,Jody Rice,55-64,11,GA,715,2,1,0,3690.0,95794.0
C0106261,Leslie Bauer,25-34,14,NC,710,2,1,0,13786.0,130949.0
C0106262,Laura Andrews,25-34,10,NY,721,2,1,0,2332.0,92982.0
C0106263,Jon Green,55-64,16,CA,681,2,1,0,1990.0,171641.0
C0106264,Sylvia Dalton,45-54,3,NY,740,2,1,0,21217.0,44461.0
C0106265,Melissa Smith,55-64,7,FL,722,3,1,1,30181.0,59422.0
C0106266,Jonathan Gallagher,25-34,20,CA,762,1,0,0,3324.0,130758.0
C0106267,Louis Gibson,55-64,11,IL,791,4,1,1,2001.0,96124.0
C0106268,Francisco Woodward,25-34,4,NJ,725,4,1,1,2826.0,98921.0
C0106269,Michael Guerra,25-34,3,MA,683,1,0,0,10272.0,110383.0
C0106270,Kimberly Orozco,45-54,12,MI,668,1,0,0,2004.0,102188.0
C0106271,John Chavez,35-44,19,FL,796,2,1,0,37820.0,19296.0
C0106272,Alison Faulkner,45-54,1,IL,790,1,0,0,4638.0,114367.0
C0106273,Toni Galloway,25-34,3,PA,759,1,0,0,12576.0,120565.0
C0106274,Nina Combs,25-34,8,NY,722,2,1,0,3321.0,233592.0
C0106275,Patricia Cannon,55-64,5,MA,756,2,1,0,16331.0,78865.0
C0106276,Eric Clark,35-44,3,MI,778,1,0,0,18017.0,32309.0
C0106277,Kelly Brown,45-54,6,GA,692,4,1,1,1082.0,31721.0
C0106278,Joshua Ramos DDS,55-64,13,OH,721,1,0,0,3585.0,137430.0
C0106279,Courtney Young,25-34,17,PA,670,1,0,0,6715.0,99833.0
C0106280,Philip Cole,55-64,7,OH,714,1,0,0,4315.0,84461.0
C0106281,Anna Love,35-44,15,MI,789,4,1,1,23061.0,82002.0
C0106282,Lisa Rodriguez,35-44,17,AZ,768,3,1,1,3958.0,198640.0
C0106283,Cheryl Petersen,25-34,1,GA,726,1,0,0,19107.0,50093.0
C0106284,Tracy Lopez,55-64,18,FL,598,3,1,1,14496.0,35549.0
C0106285,Casey Baker,45-54,4,MA,690,1,0,0,7119.0,129072.0
C0106286,Andrew Green,45-54,14,PA,724,1,0,0,20083.0,145431.0
C0106287,Carolyn Kane,65+,16,TX,710,1,0,0,1280.0,151281.0
C0106288,Lisa Ramsey,35-44,17,NC,721,3,1,1,7525.0,146878.0
C0106289,Joel Smith,55-64,9,VA,730,2,1,0,3200.0,125631.0
C0106290,Andrea Brown,55-64,14,NY,695,2,1,0,7127.0,100004.0
C0106291,Melissa Combs,65+,1,PA,719,1,0,0,4613.0,210879.0
C0106292,Karl Moore,65+,9,PA,713,4,1,1,8708.0,339377.0
C0106293,Richard Larsen,65+,20,WA,688,4,1,1,8196.0,132650.0
C0106294,Amy Webb,25-34,4,MA,803,1,0,0,9571.0,21214.0
C0106295,Annette Walters,55-64,4,WA,698,2,1,0,10037.0,103455.0
C0106296,Paul Stephens,55-64,15,NY,618,2,1,0,16123.0,111422.0
C0106297,Kevin Moss,45-54,11,WA,800,4,1,1,1789.0,44259.0
C0106298,Patrick Bird,35-44,10,PA,681,2,1,0,14932.0,270930.0
C0106299,Laura Harris,65+,5,AZ,760,1,0,0,1319.0,31091.0
C0106300,Blake Crawford,35-44,4,MA,689,2,1,0,283.0,74603.0
C0106301,Charles Roberts,45-54,15,NJ,745,2,1,0,86418.0,98700.0
C0106302,Steve Brewer,45-54,8,MA,717,2,1,0,2626.0,109974.0
C0106303,Jason Rodriguez,35-44,16,FL,765,1,0,0,4733.0,38169.0
C0106304,Amber Lee,55-64,9,MI,710,3,1,1,866.0,194702.0
C0106305,Jeffrey Watts,25-34,8,CA,690,3,1,1,4697.0,232369.0
C0106306,John Hernandez,45-54,5,MI,731,2,1,0,10385.0,208655.0
C0106307,Michael Jackson,55-64,14,IL,702,2,1,0,10844.0,70582.0
C0106308,Brittany Johnson,35-44,6,MA,633,2,1,0,1904.0,36716.0
C0106309,Peggy Young,55-64,19,GA,692,2,1,0,4758.0,140710.0
C0106310,Jennifer Taylor,35-44,9,VA,820,1,0,0,12613.0,160806.0
C0106311,Christina Mullen,55-64,17,PA,638,2,1,0,10789.0,149134.0
C0106312,Alexandra Marshall,65+,10,TX,730,2,1,0,9451.0,49523.0
C0106313,Amanda Davis,35-44,9,VA,709,4,1,1,20181.0,103709.0
C0106314,Gavin Yates,45-54,10,NY,802,1,0,0,7110.0,204389.0
C0106315,Allison Murray,45-54,9,NJ,670,1,0,0,43075.0,39427.0
C0106316,Ann Goodwin,45-54,10,OH,724,2,1,0,5700.0,176771.0
C0106317,Jerry Martin,55-64,18,MA,750,3,1,1,18647.0,162487.0
C0106318,Joshua James,45-54,15,IL,711,2,1,0,19461.0,284754.0
C0106319,Jordan Wilkerson,45-54,1,OH,685,1,0,0,1133.0,130671.0
C0106320,Kathleen Lopez,35-44,2,VA,719,2,1,0,13754.0,263683.0
C0106321,Rodney Stewart,35-44,1,VA,706,1,0,0,3759.0,103523.0
C0106322,Patricia Paul,55-64,14,TX,705,2,1,0,2415.0,137630.0
C0106323,Yvonne Rodriguez,25-34,5,VA,761,2,1,0,4869.0,52411.0
C0106324,Robert Brandt,45-54,8,GA,738,2,1,0,9838.0,74438.0
C0106325,Aaron Scott,35-44,17,MA,744,2,1,0,1239.0,105627.0
C0106326,Anthony Good,55-64,3,MI,734,1,0,0,8369.0,95910.0
C0106327,Olivia Carter,45-54,4,VA,763,2,1,0,6241.0,109900.0
C0106328,Stephanie White,35-44,2,IL,778,4,1,1,28164.0,98066.0
C0106329,Matthew Smith,35-44,6,PA,707,2,1,0,3789.0,121476.0
C0106330,Daniel Matthews,35-44,2,VA,756,3,1,1,33786.0,55198.0
C0106331,Brenda Oconnor,65+,13,CA,661,2,1,0,12889.0,96088.0
C0106332,Monica Aguilar,45-54,15,NC,618,3,1,1,7784.0,124516.0
C0106333,Rodney Salinas,45-54,4,MA,802,1,0,0,37361.0,86932.0
C0106334,Christopher Jensen,55-64,11,MA,704,4,1,1,81393.0,68028.0
C0106335,Clayton May,35-44,7,NJ,731,1,0,0,6294.0,67308.0
C0106336,Brandon Leblanc,35-44,2,GA,664,1,0,0,3334.0,49219.0
C0106337,Blake Owens,35-44,10,WA,662,1,0,0,13559.0,99502.0
C0106338,Michelle Johnson,35-44,14,CA,687,2,1,0,1469.0,152890.0
C0106339,Brandi Gould,55-64,5,VA,748,2,1,0,1701.0,96588.0
C0106340,Heather Fernandez,55-64,16,FL,696,2,1,0,38880.0,120192.0
C0106341,Andrew Rodriguez,65+,20,VA,704,1,0,0,16094.0,103555.0
C0106342,Ashley Friedman,55-64,2,IL,686,2,1,0,2893.0,306536.0
C0106343,Tammy Davis,45-54,4,VA,772,1,0,0,348731.0,131250.0
C0106344,Kimberly Sullivan,35-44,6,MI,759,3,1,1,1543.0,44756.0
C0106345,Donna Obrien,45-54,17,AZ,698,1,0,0,17046.0,78524.0
C0106346,Jennifer Mendoza,65+,3,VA,750,2,1,0,3116.0,253831.0
C0106347,Shawn Hooper,55-64,10,AZ,708,2,1,0,68685.0,58657.0
C0106348,Beth Ford,45-54,11,FL,704,2,1,0,4285.0,72684.0
C0106349,Dr. Kathryn Adams DDS,45-54,3,IL,717,3,1,1,5759.0,36732.0
C0106350,Paul Gonzales,55-64,1,OH,748,4,1,1,925.0,103952.0
C0106351,Vanessa Davila,65+,3,CA,679,2,1,0,98634.0,141722.0
C0106352,Andrew Carter,55-64,2,CA,742,2,1,0,3860.0,112620.0
C0106353,Bianca Kim,35-44,11,CA,820,1,0,0,14418.0,94749.0
C0106354,Jamie Mclaughlin,35-44,19,VA,728,2,1,0,8149.0,53244.0
C0106355,Taylor Mack,45-54,8,OH,721,2,1,0,4181.0,298908.0
C0106356,Christina Franklin,35-44,6,VA,716,3,1,1,559.0,127822.0
C0106357,Bethany Gonzalez,65+,5,WA,741,2,1,0,6161.0,185555.0
C0106358,David Fernandez,45-54,20,CA,647,2,1,0,5849.0,86037.0
C0106359,Debra Blackburn,45-54,20,WA,796,4,1,1,11879.0,96054.0
C0106360,Christopher Walker,35-44,13,NY,764,1,0,0,106358.0,198863.0
C0106361,Jennifer Hill,45-54,10,OH,690,2,1,0,17560.0,39690.0
C0106362,Miguel Smith,45-54,4,MA,721,2,1,0,22739.0,155649.0
C0106363,Christopher Paul,25-34,19,PA,694,1,0,0,5618.0,116689.0
C0106364,Todd Hernandez Jr.,55-64,1,MA,733,1,0,0,1676.0,137137.0
C0106365,April Clark,35-44,4,GA,722,2,1,0,5796.0,295355.0
C0106366,Antonio Smith,35-44,14,CA,730,1,0,0,3356.0,103132.0
C0106367,Danielle Carter,35-44,4,WA,673,3,1,1,7631.0,28653.0
C0106368,Jennifer Allen,45-54,3,CA,698,1,0,0,4478.0,64171.0
C0106369,Aaron Black,55-64,12,MI,771,1,0,0,1082.0,107133.0
C0106370,Paula Kidd,55-64,1,OH,695,2,1,0,37063.0,285082.0
C0106371,Bryan Yates,25-34,6,FL,601,1,0,0,6844.0,91001.0
C0106372,Troy Jefferson,65+,13,GA,713,1,0,0,5453.0,243201.0
C0106373,Paul Burton,55-64,4,IL,820,2,1,0,2152.0,33848.0
C0106374,Brenda Simpson,35-44,16,TX,758,2,1,0,4580.0,100254.0
C0106375,Natalie Perkins,35-44,2,NC,693,2,1,0,2876.0,205803.0
C0106376,Patricia Acosta,35-44,13,CA,717,2,1,0,1934.0,68001.0
C0106377,Lisa Price,55-64,2,NC,750,2,1,0,9850.0,19653.0
C0106378,Morgan Evans,35-44,15,NY,640,3,1,1,4617.0,68220.0
C0106379,Tiffany Bender DVM,45-54,16,WA,681,2,1,0,19897.0,36340.0
C0106380,Karen Scott,55-64,16,MA,737,3,1,1,5258.0,100641.0
C0106381,Anthony Morse,55-64,6,AZ,791,1,0,0,9300.0,226019.0
C0106382,Valerie Robertson,45-54,5,MA,700,2,1,0,8987.0,121693.0
C0106383,Danielle Wilson,55-64,20,TX,790,2,1,0,12859.0,55528.0
C0106384,Ruben Benton,35-44,15,GA,686,2,1,0,2953.0,152293.0
C0106385,Brendan Khan,55-64,4,NY,580,1,0,0,23836.0,152428.0
C0106386,Matthew Peters,35-44,1,TX,753,1,0,0,1966.0,66559.0
C0106387,David Mason,25-34,8,IL,744,1,0,0,8526.0,86630.0
C0106388,Tonya Parker,65+,14,OH,753,1,0,0,1909.0,89636.0
C0106389,Chelsea Green,35-44,8,PA,751,2,1,0,7010.0,255517.0
C0106390,Alexandria Cox,25-34,17,TX,728,2,1,0,23600.0,121602.0
C0106391,David Gutierrez,45-54,11,OH,708,1,0,0,15781.0,19730.0
C0106392,Frank Harding,35-44,20,FL,710,2,1,0,28862.0,58158.0
C0106393,Danielle Perkins,25-34,18,CA,699,2,1,0,5631.0,195086.0
C0106394,Sharon Reynolds,45-54,10,OH,701,1,0,0,24118.0,104861.0
C0106395,Anthony Brown,55-64,17,CA,638,1,0,0,3531.0,67582.0
C0106396,Stanley Le,55-64,9,MA,665,2,1,0,4674.0,37364.0
C0106397,Michelle Ryan,35-44,1,WA,712,2,1,0,9471.0,217536.0
C0106398,Jonathon Knapp,45-54,7,AZ,619,3,1,1,22471.0,126010.0
C0106399,Kayla Carlson,55-64,9,TX,629,1,0,0,4201.0,134207.0
C0106400,Tracy Hernandez,35-44,20,OH,704,2,1,0,18661.0,177197.0
C0106401,Brenda Schmidt,35-44,17,WA,714,2,1,0,10694.0,126941.0
C0106402,Andrea Baker,25-34,3,NC,705,3,1,1,12140.0,148209.0
C0106403,Chad Perez,45-54,1,PA,612,3,1,1,2906.0,74106.0
C0106404,Mandy Lee,35-44,11,WA,789,1,0,0,5107.0,228023.0
C0106405,Trevor Walker,55-64,11,PA,655,4,1,1,7242.0,88102.0
C0106406,Alicia Phillips MD,65+,15,MA,683,2,1,0,12149.0,35124.0
C0106407,Raymond Clements,35-44,6,TX,663,4,1,1,3075.0,34262.0
C0106408,Evelyn Dunn,45-54,17,NJ,778,1,0,0,1719.0,187323.0
C0106409,Teresa Fuller,35-44,9,CA,738,2,1,0,627.0,83114.0
C0106410,Vanessa Reed,25-34,7,AZ,698,2,1,0,19830.0,123602.0
C0106411,Max Mcclain,55-64,9,IL,695,1,0,0,25157.0,160488.0
C0106412,Andres Marshall,35-44,19,CA,728,3,1,1,727.0,61869.0
C0106413,Anthony Simmons,65+,8,WA,663,1,0,0,8873.0,94770.0
C0106414,Bradley Hoffman,45-54,12,MA,737,1,0,0,5154.0,103105.0
C0106415,Judy Johnson,35-44,18,AZ,695,1,0,0,34907.0,106405.0
C0106416,Nichole Thompson,35-44,1,GA,743,4,1,1,6296.0,28063.0
C0106417,Mrs. Nancy Schaefer,35-44,11,CA,741,4,1,1,15594.0,57844.0
C0106418,Gregory Martinez,55-64,15,NY,693,2,1,0,4864.0,182026.0
C0106419,Deborah Patel,45-54,19,CA,627,2,1,0,3553.0,84982.0
C0106420,Jonathan Jordan,35-44,2,CA,708,1,0,0,20347.0,149491.0
C0106421,Courtney Briggs,45-54,15,FL,654,2,1,0,29556.0,123397.0
C0106422,Susan Molina,45-54,17,NC,723,4,1,1,1767.0,203179.0
C0106423,Nicholas Arellano,55-64,8,VA,708,3,1,1,31918.0,267584.0
C0106424,Christopher Thomas,25-34,15,NC,693,2,1,0,2516.0,188556.0
C0106425,William Christian,25-34,10,NY,661,1,0,0,494.0,120476.0
C0106426,Roger Johnson,25-34,14,MI,773,3,1,1,8209.0,257536.0
C0106427,Faith Smith,35-44,8,NY,699,4,1,1,14892.0,116186.0
C0106428,Dr. Mario Harris DDS,45-54,4,OH,820,4,1,1,1314.0,119076.0
C0106429,Chase Young MD,25-34,17,AZ,721,2,1,0,750.0,97526.0
C0106430,John Ortiz,35-44,5,FL,735,1,0,0,4475.0,125111.0
C0106431,Todd Sherman,35-44,4,AZ,721,4,1,1,3811.0,71708.0
C0106432,Beth Ellis,25-34,18,PA,735,2,1,0,41921.0,83556.0
C0106433,Jennifer Hatfield,65+,19,NJ,769,1,0,0,8222.0,60448.0
C0106434,Sarah Padilla,45-54,13,NY,769,1,0,0,19564.0,73772.0
C0106435,Gregory Hale,35-44,12,FL,640,2,1,0,10422.0,74590.0
C0106436,Christian Anderson,45-54,8,OH,758,3,1,1,53233.0,136616.0
C0106437,Dr. Lisa Ramos,35-44,13,IL,742,4,1,1,2779.0,279731.0
C0106438,Dr. Jessica Chase MD,55-64,13,GA,721,4,1,1,7291.0,40790.0
C0106439,Kara Gallegos,45-54,11,NY,797,2,1,0,1233.0,66090.0
C0106440,Laura Fowler,45-54,14,MA,798,4,1,1,21454.0,261920.0
C0106441,Andrew Proctor,65+,12,NJ,760,1,0,0,30848.0,27012.0
C0106442,Jordan Mason,55-64,18,WA,695,1,0,0,23094.0,148446.0
C0106443,Mr. Charles Young,55-64,14,VA,666,1,0,0,6977.0,64414.0
C0106444,Robin Parker,35-44,8,NJ,753,3,1,1,1357.0,50560.0
C0106445,Jason Stevenson,35-44,14,FL,781,4,1,1,7305.0,98362.0
C0106446,Christian Rodriguez,45-54,5,NC,628,3,1,1,3593.0,57957.0
C0106447,Richard Reynolds,45-54,5,AZ,768,4,1,1,24519.0,358418.0
C0106448,Oscar Kelly,45-54,17,TX,708,2,1,0,4856.0,82732.0
C0106449,Kenneth Jackson,55-64,12,OH,638,3,1,1,4733.0,72626.0
C0106450,Mary Hill,35-44,2,FL,741,1,0,0,110060.0,75628.0
C0106451,Robert Miranda,35-44,8,VA,760,3,1,1,21146.0,44447.0
C0106452,Michael Snyder,45-54,20,AZ,704,3,1,1,29470.0,112863.0
C0106453,Joshua Schmidt,35-44,13,CA,672,2,1,0,4383.0,84191.0
C0106454,Aaron Barnett,45-54,18,WA,797,1,0,0,2164.0,223979.0
C0106455,Darin Byrd,55-64,11,IL,689,1,0,0,29148.0,123958.0
C0106456,Kathryn Shields,45-54,1,MA,772,3,1,1,48558.0,57051.0
C0106457,Misty Rice,55-64,4,CA,651,2,1,0,1731.0,85963.0
C0106458,Robert Herrera,45-54,2,FL,738,2,1,0,4355.0,376254.0
C0106459,Jennifer Cline MD,55-64,15,NJ,737,4,1,1,2705.0,78859.0
C0106460,Rose Kaiser,35-44,16,VA,759,2,1,0,14439.0,181566.0
C0106461,Christopher Humphrey,55-64,10,TX,787,1,0,0,29840.0,26810.0
C0106462,Matthew Ramirez,55-64,15,FL,683,3,1,1,5208.0,25312.0
C0106463,Charlotte Roy,35-44,12,IL,743,2,1,0,5190.0,94117.0
C0106464,James Collins,45-54,15,CA,658,2,1,0,774.0,244674.0
C0106465,Kelsey Smith,55-64,14,VA,657,3,1,1,2578.0,57370.0
C0106466,Kathleen Garcia,35-44,10,NJ,693,2,1,0,49453.0,189649.0
C0106467,Shelia Cruz,55-64,14,VA,738,1,0,0,14635.0,237602.0
C0106468,Mrs. Amy Hale,65+,7,GA,795,1,0,0,24626.0,101502.0
C0106469,Jeremy Clayton,55-64,15,MI,803,3,1,1,5228.0,198157.0
C0106470,Susan Williams,35-44,19,NC,704,2,1,0,5839.0,160088.0
C0106471,Donald Mays,45-54,5,NJ,733,3,1,1,8286.0,76123.0
C0106472,Thomas Wells,65+,14,OH,762,2,1,0,11957.0,72264.0
C0106473,Brian Vaughn,45-54,3,MI,754,1,0,0,42245.0,112794.0
C0106474,Leah Owens,25-34,8,MI,712,2,1,0,3614.0,134456.0
C0106475,Jennifer Norman,25-34,14,MI,723,2,1,0,6866.0,110320.0
C0106476,Mark Hughes,55-64,6,AZ,715,3,1,1,3128.0,142214.0
C0106477,Paige Case,35-44,5,IL,710,2,1,0,764.0,95427.0
C0106478,Lisa Potter,35-44,8,AZ,704,2,1,0,24445.0,22838.0
C0106479,Jordan Garcia,35-44,3,CA,714,3,1,1,65969.0,132916.0
C0106480,Sarah Fields,55-64,13,GA,701,1,0,0,20304.0,124443.0
C0106481,Erin Diaz,45-54,3,OH,668,3,1,1,10682.0,210608.0
C0106482,Bryan Harris,55-64,7,AZ,758,2,1,0,74916.0,134575.0
C0106483,Danny Moreno,55-64,7,CA,743,2,1,0,14054.0,150528.0
C0106484,Alison Livingston,65+,20,NY,804,1,0,0,21233.0,102612.0
C0106485,Megan Hood,55-64,20,GA,736,1,0,0,9597.0,101274.0
C0106486,April Taylor,35-44,2,WA,701,3,1,1,11527.0,102093.0
C0106487,Philip Espinoza,45-54,4,OH,691,2,1,0,6908.0,120671.0
C0106488,Tony Rodriguez,25-34,15,MI,722,3,1,1,22007.0,128217.0
C0106489,Michael Rodriguez,65+,6,FL,744,2,1,0,2187.0,146198.0
C0106490,Vanessa Moore,35-44,13,MA,708,2,1,0,13401.0,115452.0
C0106491,Megan Koch,45-54,19,VA,653,2,1,0,2911.0,36787.0
C0106492,Victoria King,55-64,4,CA,686,4,1,1,14941.0,121995.0
C0106493,Bryan Gonzalez MD,35-44,20,NJ,720,4,1,1,143337.0,149527.0
C0106494,Jermaine Barnes,55-64,2,TX,753,1,0,0,18766.0,175230.0
C0106495,Stephanie Smith,25-34,5,NC,653,2,1,0,33147.0,169746.0
C0106496,Kimberly Nunez,35-44,11,NJ,731,4,1,1,23932.0,110485.0
C0106497,Holly Bell,45-54,18,AZ,729,1,0,0,497.0,171081.0
C0106498,Kathryn Smith,35-44,12,TX,699,1,0,0,6919.0,120511.0
C0106499,Maureen Carter,45-54,3,PA,693,4,1,1,13870.0,65366.0
C0106500,Brandy Walter,65+,5,NJ,686,2,1,0,661.0,87204.0
C0106501,Carla Holloway,35-44,16,NY,726,4,1,1,5764.0,321694.0
C0106502,Andrew Holder,45-54,12,NJ,770,2,1,0,7368.0,248555.0
C0106503,Pamela Arnold,55-64,1,FL,773,2,1,0,1848.0,57754.0
C0106504,Debbie Estrada,55-64,11,FL,669,2,1,0,2531.0,181490.0
C0106505,Robert Fleming,25-34,9,NC,711,2,1,0,40329.0,61281.0
C0106506,Jeffrey Vaughn,65+,1,NJ,621,4,1,1,110.0,295855.0
C0106507,Samuel Rocha,25-34,5,NY,724,2,1,0,11223.0,107302.0
C0106508,Paul Rich,45-54,19,AZ,746,4,1,1,32738.0,38304.0
C0106509,Frank Fitzgerald,45-54,15,AZ,790,1,0,0,7843.0,75978.0
C0106510,Stephanie Colon,55-64,2,TX,639,4,1,1,43930.0,118825.0
C0106511,Aaron Pennington,25-34,1,PA,671,3,1,1,4852.0,33625.0
C0106512,Jack Krause,35-44,7,NC,726,1,0,0,2735.0,144952.0
C0106513,Mariah Wang,55-64,10,GA,647,2,1,0,8012.0,96279.0
C0106514,Brooke Allison,25-34,10,NY,727,1,0,0,5126.0,279135.0
C0106515,Melissa Harvey,45-54,14,GA,748,1,0,0,4080.0,55208.0
C0106516,Laura Roberts,55-64,4,MA,662,4,1,1,6525.0,109326.0
C0106517,Kathy Robinson,45-54,1,PA,725,4,1,1,3133.0,78163.0
C0106518,Thomas Rodgers,35-44,14,NY,665,1,0,0,2965.0,99826.0
C0106519,Rhonda Cervantes,35-44,18,VA,781,1,0,0,2108.0,54779.0
C0106520,Darryl Hernandez,65+,4,NC,729,1,0,0,13358.0,116290.0
C0106521,Benjamin Alvarez,35-44,8,NJ,691,3,1,1,2444.0,65281.0
C0106522,Robert Pierce,25-34,13,MI,664,2,1,0,1825.0,102176.0
C0106523,Earl Marquez,35-44,4,VA,737,2,1,0,2234.0,110337.0
C0106524,Michael Walls,35-44,18,NJ,781,2,1,0,10371.0,145776.0
C0106525,Crystal Pierce,65+,5,MI,685,4,1,1,18093.0,55064.0
C0106526,Gabriel Wilkins,35-44,11,OH,700,1,0,0,19955.0,30590.0
C0106527,Desiree Jimenez,25-34,7,OH,686,1,0,0,10479.0,157336.0
C0106528,Wyatt Henry,45-54,14,NY,789,2,1,0,15408.0,240258.0
C0106529,Lauren Coleman,25-34,4,OH,634,4,1,1,7587.0,35321.0
C0106530,Erica Wright,35-44,2,MI,777,3,1,1,13999.0,348435.0
C0106531,Patrick Rocha,65+,11,NJ,703,3,1,1,13743.0,165750.0
C0106532,Joshua Jones,55-64,18,VA,716,3,1,1,3376.0,51429.0
C0106533,Johnathan Aguirre,25-34,13,IL,704,1,0,0,2229.0,243053.0
C0106534,Kevin Hubbard,35-44,16,NJ,730,2,1,0,41052.0,100635.0
C0106535,Mr. Jack Moore PhD,35-44,9,OH,687,3,1,1,9418.0,62221.0
C0106536,Pamela Burnett,25-34,3,IL,767,1,0,0,28628.0,68907.0
C0106537,Darren Reyes,45-54,9,FL,769,2,1,0,2165.0,179127.0
C0106538,Richard Graham,45-54,20,NY,675,1,0,0,4981.0,99000.0
C0106539,Wanda Ingram,55-64,16,NJ,750,3,1,1,1553.0,176053.0
C0106540,Joel Thomas,55-64,15,NY,703,1,0,0,17599.0,364513.0
C0106541,Jeremy Johnson,35-44,7,TX,722,2,1,0,3876.0,58332.0
C0106542,Ronald Marshall,65+,12,PA,788,2,1,0,4167.0,45590.0
C0106543,Robert Fischer,45-54,13,MA,689,2,1,0,84708.0,99293.0
C0106544,Dr. Paul Olson,35-44,14,FL,761,1,0,0,18025.0,195555.0
C0106545,Cindy Tucker,55-64,18,FL,740,1,0,0,17764.0,150688.0
C0106546,Darren Smith,25-34,14,OH,711,3,1,1,1915.0,252739.0
C0106547,Jeremy Nicholson,45-54,5,IL,736,4,1,1,872.0,146967.0
C0106548,Kathy Nguyen,55-64,5,AZ,731,2,1,0,25972.0,139286.0
C0106549,Christopher Williams,35-44,13,NY,667,1,0,0,551.0,185921.0
C0106550,Evelyn Townsend,55-64,18,OH,692,3,1,1,4439.0,144058.0
C0106551,Joseph Zavala,35-44,19,PA,672,2,1,0,3060.0,165756.0
C0106552,Charlene Black,55-64,13,NY,707,2,1,0,2670.0,91513.0
C0106553,Angel Butler,25-34,11,PA,780,1,0,0,4774.0,160157.0
C0106554,Adam Delgado,35-44,17,NY,746,1,0,0,2283.0,229458.0
C0106555,Daniel Mendoza,35-44,20,NJ,655,1,0,0,1883.0,134479.0
C0106556,Ruben Clark,55-64,1,VA,707,2,1,0,11005.0,148772.0
C0106557,Nicholas Rasmussen,25-34,7,FL,730,1,0,0,29132.0,73296.0
C0106558,Jason Taylor,55-64,7,GA,753,2,1,0,1009.0,181877.0
C0106559,Claudia Rice,35-44,12,NY,690,2,1,0,10246.0,256885.0
C0106560,Sara Lawson,45-54,6,AZ,664,2,1,0,15517.0,47911.0
C0106561,Michael Johnson,35-44,7,TX,717,2,1,0,13847.0,189838.0
C0106562,Thomas Mills,25-34,1,OH,745,2,1,0,6214.0,128637.0
C0106563,Michael Thompson,65+,1,PA,730,1,0,0,3958.0,103258.0
C0106564,Penny Waters,35-44,9,IL,680,1,0,0,20137.0,154915.0
C0106565,Gregory Johnson,45-54,20,MA,798,2,1,0,12117.0,128745.0
C0106566,Sandra Ingram,45-54,6,NC,715,2,1,0,835.0,127075.0
C0106567,Kenneth Harmon,45-54,5,IL,728,2,1,0,6215.0,37070.0
C0106568,Erin Nash,45-54,6,WA,690,2,1,0,8661.0,264316.0
C0106569,David Smith,55-64,20,VA,769,1,0,0,2181.0,104539.0
C0106570,Matthew Morris,45-54,14,FL,745,1,0,0,6050.0,95871.0
C0106571,Norman Porter,45-54,14,OH,734,2,1,0,14616.0,134623.0
C0106572,Kathryn Morgan,45-54,4,OH,668,2,1,0,3002.0,87419.0
C0106573,Jeffrey Jones,45-54,19,OH,769,2,1,0,10717.0,157906.0
C0106574,Alyssa Guerra,35-44,4,IL,754,1,0,0,2471.0,268285.0
C0106575,Bridget White,45-54,20,WA,765,3,1,1,1837.0,137464.0
C0106576,James Hood,35-44,20,MA,721,2,1,0,16962.0,71603.0
C0106577,Daniel Brown,55-64,12,CA,716,2,1,0,33150.0,109266.0
C0106578,Tony Thomas,65+,18,WA,711,2,1,0,1958.0,158554.0
C0106579,Philip Huff,65+,20,WA,820,2,1,0,25429.0,35576.0
C0106580,Marilyn Henry,55-64,12,IL,695,3,1,1,7977.0,177301.0
C0106581,Tracy Rodriguez,45-54,16,GA,666,1,0,0,569.0,93556.0
C0106582,Richard Moore,55-64,12,TX,703,1,0,0,1448.0,101763.0
C0106583,Jacqueline Roberts,35-44,11,IL,696,1,0,0,16813.0,161534.0
C0106584,Jennifer Tran,45-54,7,NY,776,4,1,1,1154.0,266709.0
C0106585,Christopher Garcia,35-44,14,AZ,658,4,1,1,3857.0,106365.0
C0106586,Kenneth Clark,25-34,6,TX,694,3,1,1,7349.0,133665.0
C0106587,Cassidy Johnson,65+,4,IL,728,2,1,0,13872.0,212085.0
C0106588,Jason Woodward,55-64,6,GA,777,1,0,0,10113.0,139010.0
C0106589,Krista Davis,45-54,1,MA,752,3,1,1,53224.0,171286.0
C0106590,Deborah Gregory,35-44,19,WA,792,1,0,0,3044.0,96454.0
C0106591,Ronald Brown,45-54,6,MA,735,1,0,0,9121.0,134018.0
C0106592,Sheena Hayes,35-44,16,PA,710,3,1,1,13949.0,77102.0
C0106593,Olivia Dorsey,55-64,9,PA,758,1,0,0,19052.0,54948.0
C0106594,Angela Bradshaw,65+,7,NC,658,3,1,1,28610.0,80100.0
C0106595,Richard Beasley,35-44,5,IL,643,3,1,1,4813.0,167510.0
C0106596,Teresa Carter,35-44,17,CA,763,3,1,1,17708.0,143393.0
C0106597,Cody Conley,35-44,11,WA,729,2,1,0,2668.0,191065.0
C0106598,Thomas Bennett,25-34,9,TX,763,2,1,0,7382.0,167194.0
C0106599,Brian Stokes,35-44,14,FL,681,2,1,0,14787.0,112078.0
C0106600,Donald Wallace,25-34,17,MA,777,3,1,1,26120.0,44277.0
C0106601,Sydney Smith,25-34,14,NJ,750,3,1,1,16063.0,62961.0
C0106602,Justin Figueroa,35-44,10,MI,718,3,1,1,9033.0,232424.0
C0106603,Erika Brown,35-44,18,TX,729,4,1,1,7366.0,87690.0
C0106604,Lisa Salazar,55-64,18,NY,735,2,1,0,15655.0,55719.0
C0106605,Mrs. Melissa Robinson,25-34,20,NY,681,4,1,1,112090.0,137582.0
C0106606,Bethany Haynes,55-64,2,MI,702,1,0,0,22596.0,24816.0
C0106607,Katherine Weaver MD,35-44,18,GA,734,4,1,1,12808.0,155596.0
C0106608,Bailey Hughes,25-34,4,IL,700,4,1,1,1567.0,296698.0
C0106609,Anthony Proctor,25-34,13,VA,653,1,0,0,2941.0,110601.0
C0106610,Jessica Martinez,55-64,14,VA,733,2,1,0,5492.0,111791.0
C0106611,Jason Foster,35-44,5,VA,757,2,1,0,24150.0,74110.0
C0106612,Christopher Roy,45-54,1,TX,768,3,1,1,2633.0,54120.0
C0106613,Elizabeth Rowland,25-34,19,MI,743,1,0,0,17517.0,145035.0
C0106614,Deborah Curry,65+,18,NY,756,2,1,0,9355.0,117825.0
C0106615,Allison Sharp,25-34,4,PA,764,2,1,0,12406.0,103212.0
C0106616,Kimberly Turner,35-44,13,MA,723,2,1,0,6253.0,63641.0
C0106617,Paul Chaney,55-64,4,OH,624,4,1,1,3960.0,114049.0
C0106618,Sarah Smith,35-44,12,VA,772,2,1,0,2519.0,106339.0
C0106619,Adam Espinoza,35-44,7,NY,679,2,1,0,16880.0,136058.0
C0106620,Tyler Richard,55-64,16,MA,669,3,1,1,7390.0,268597.0
C0106621,Carol Ingram,35-44,12,PA,670,1,0,0,2225.0,114554.0
C0106622,Paula Blackburn,25-34,10,FL,820,1,0,0,10593.0,72665.0
C0106623,Cynthia Johnson,35-44,14,PA,739,1,0,0,492849.0,165153.0
C0106624,Kenneth Johnson,25-34,10,FL,673,4,1,1,6363.0,100939.0
C0106625,Steven Bailey,65+,1,NC,689,3,1,1,58978.0,166518.0
C0106626,Daniel Smith,45-54,12,FL,719,2,1,0,364.0,39738.0
C0106627,Hunter Williams,45-54,16,NY,744,1,0,0,5857.0,106310.0
C0106628,Susan Trujillo,35-44,10,NJ,732,2,1,0,25482.0,106613.0
C0106629,William Wilson,45-54,4,CA,678,2,1,0,8256.0,71403.0
C0106630,Courtney Morgan,45-54,1,OH,734,2,1,0,3747.0,64439.0
C0106631,Mitchell Merritt,25-34,6,NJ,692,1,0,0,7850.0,94066.0
C0106632,Jared Gordon,55-64,16,OH,767,1,0,0,26427.0,63020.0
C0106633,Kristina Neal,45-54,7,CA,722,4,1,1,106099.0,26482.0
C0106634,Cory Parsons,55-64,20,FL,685,2,1,0,29103.0,77028.0
C0106635,Christopher Horn,35-44,7,MA,751,1,0,0,4422.0,67981.0
C0106636,Christopher Simmons,25-34,9,VA,737,4,1,1,6128.0,123642.0
C0106637,Joshua Reed,55-64,16,IL,698,2,1,0,6182.0,61909.0
C0106638,Kimberly Brewer,55-64,13,AZ,752,3,1,1,2862.0,47046.0
C0106639,Ronald Kramer,35-44,1,CA,748,1,0,0,6727.0,31401.0
C0106640,Ann Hobbs,25-34,2,CA,774,4,1,1,5834.0,178649.0
C0106641,Richard Potter,55-64,4,AZ,751,1,0,0,1919.0,143059.0
C0106642,Terry Carr,35-44,18,NJ,710,4,1,1,22154.0,101838.0
C0106643,Tiffany Wilson,35-44,1,NC,643,3,1,1,13428.0,122127.0
C0106644,Jon Gonzalez,45-54,2,IL,728,1,0,0,3755.0,168008.0
C0106645,Mr. Jacob Moore,25-34,16,WA,735,1,0,0,9676.0,122819.0
C0106646,Janet Larson,25-34,13,MI,722,3,1,1,2547.0,67605.0
C0106647,Margaret Knight,25-34,20,OH,584,1,0,0,4177.0,17003.0
C0106648,Gloria Odom,65+,5,IL,750,1,0,0,18494.0,97844.0
C0106649,Casey Foster,35-44,14,IL,678,2,1,0,14261.0,95294.0
C0106650,Daryl Olson,45-54,3,NC,750,1,0,0,4377.0,225459.0
C0106651,James Raymond,65+,12,MI,796,2,1,0,11775.0,86862.0
C0106652,Denise Flores,45-54,3,WA,708,2,1,0,7411.0,85762.0
C0106653,Katie Hardin,45-54,19,OH,739,1,0,0,2449.0,88192.0
C0106654,Brian Bullock,45-54,9,NY,721,2,1,0,6630.0,50601.0
C0106655,Stefanie Simmons,35-44,6,NC,743,1,0,0,13608.0,130927.0
C0106656,Randall Johnson,45-54,20,NC,724,4,1,1,11701.0,43723.0
C0106657,Brooke Harmon,65+,2,PA,696,1,0,0,1063.0,97465.0
C0106658,Debra Baxter,55-64,16,TX,679,2,1,0,9890.0,87140.0
C0106659,Corey Thornton,35-44,11,PA,791,2,1,0,8354.0,242795.0
C0106660,Michael Dalton,35-44,14,TX,739,3,1,1,831.0,101169.0
C0106661,Evan Nelson,55-64,6,TX,757,1,0,0,3073.0,82982.0
C0106662,Brenda Perkins,25-34,18,MA,737,1,0,0,14617.0,100849.0
C0106663,David Skinner,55-64,10,VA,763,2,1,0,42692.0,74705.0
C0106664,Jessica Lowery,35-44,9,CA,679,2,1,0,1132.0,43962.0
C0106665,Charles Owens,55-64,10,IL,723,3,1,1,26243.0,174472.0
C0106666,Jacqueline Figueroa,55-64,6,NY,742,1,0,0,849.0,152878.0
C0106667,Brittany Davis,45-54,7,MA,778,3,1,1,43348.0,105572.0
C0106668,Michelle King,35-44,3,OH,820,1,0,0,6085.0,37985.0
C0106669,Erica Huynh,55-64,10,NY,738,2,1,0,3437.0,277589.0
C0106670,Leslie Fitzgerald,35-44,10,MI,690,2,1,0,12400.0,179462.0
C0106671,Elizabeth Daniels,35-44,8,GA,666,1,0,0,2553.0,74571.0
C0106672,Jeffrey Walters PhD,45-54,20,FL,679,4,1,1,15050.0,125641.0
C0106673,Daniel Young,35-44,3,PA,685,2,1,0,6983.0,219274.0
C0106674,Kevin Grant,45-54,19,TX,589,1,0,0,100.0,170560.0
C0106675,Hunter Williamson,25-34,18,NJ,689,1,0,0,3063.0,152850.0
C0106676,Gerald Moran,35-44,1,MA,752,3,1,1,10192.0,64800.0
C0106677,Toni Hill,55-64,15,WA,723,3,1,1,29137.0,402111.0
C0106678,Felicia Gordon,25-34,5,IL,708,1,0,0,12062.0,153905.0
C0106679,Nancy Moreno,45-54,1,GA,647,1,0,0,28584.0,274947.0
C0106680,Kimberly Kaufman,45-54,18,CA,767,2,1,0,2772.0,153093.0
C0106681,Jeffrey Leon,55-64,3,IL,743,2,1,0,19403.0,114406.0
C0106682,Richard Smith,45-54,6,CA,719,1,0,0,19797.0,85440.0
C0106683,Jennifer Martinez,55-64,2,VA,620,2,1,0,1145.0,175372.0
C0106684,Carol Torres,35-44,3,AZ,697,2,1,0,30316.0,87029.0
C0106685,Richard Golden,35-44,2,FL,739,1,0,0,12002.0,201764.0
C0106686,Angela Richards,65+,17,NJ,718,2,1,0,5780.0,406728.0
C0106687,Christopher White,55-64,2,NC,728,1,0,0,5662.0,142379.0
C0106688,Paul Ferguson,45-54,16,OH,750,1,0,0,2332.0,92982.0
C0106689,Robert Peck,45-54,4,VA,726,4,1,1,17274.0,123297.0
C0106690,Peter Zhang,45-54,19,NJ,749,1,0,0,11643.0,160838.0
C0106691,Juan Lopez,25-34,17,PA,682,1,0,0,16310.0,92103.0
C0106692,Shirley Lucas,55-64,13,VA,664,3,1,1,8909.0,102530.0
C0106693,Tracy Mcguire,55-64,17,MI,741,4,1,1,10373.0,136611.0
C0106694,Donald Roberts,45-54,6,PA,750,3,1,1,5681.0,58449.0
C0106695,Linda French,35-44,16,VA,743,1,0,0,29500.0,147546.0
C0106696,Mary Foster,35-44,5,MI,725,2,1,0,16775.0,68132.0
C0106697,Jill Taylor,25-34,13,TX,705,2,1,0,9971.0,180282.0
C0106698,Dennis Guerra,55-64,19,FL,729,3,1,1,6895.0,89324.0
C0106699,Ryan Mccarty,45-54,15,PA,737,1,0,0,971.0,31779.0
C0106700,Cory Jones,35-44,6,CA,739,2,1,0,749.0,43921.0
C0106701,Maria Smith,45-54,15,OH,820,1,0,0,5208.0,84207.0
C0106702,Benjamin Mclaughlin,65+,18,OH,678,2,1,0,37139.0,145089.0
C0106703,Daniel Wood,25-34,18,VA,820,1,0,0,3478.0,89932.0
C0106704,Manuel Taylor,45-54,15,FL,663,2,1,0,3646.0,139684.0
C0106705,John Miller,45-54,15,NC,737,2,1,0,2523.0,123170.0
C0106706,Janet Smith,35-44,16,MI,666,3,1,1,1723.0,139851.0
C0106707,Vincent Huynh,45-54,15,OH,733,4,1,1,2706.0,142720.0
C0106708,John Johnson,45-54,3,AZ,764,2,1,0,11320.0,233928.0
C0106709,James Mclean,35-44,17,PA,721,1,0,0,4491.0,123243.0
C0106710,Sandra Brown,35-44,4,OH,763,3,1,1,4253.0,70771.0
C0106711,Sheila Myers,55-64,12,CA,700,1,0,0,3822.0,141513.0
C0106712,Joseph Ayers,35-44,7,OH,627,1,0,0,10769.0,191390.0
C0106713,Kenneth Perez,45-54,5,CA,748,2,1,0,12944.0,37526.0
C0106714,Devon Davis,45-54,6,MA,721,2,1,0,860.0,93940.0
C0106715,Mary Mathews,55-64,2,NY,698,1,0,0,3254.0,113522.0
C0106716,Christine Dillon,55-64,9,WA,701,1,0,0,7279.0,34937.0
C0106717,Jason Smith,55-64,9,TX,738,1,0,0,13721.0,137322.0
C0106718,Lisa Campbell,45-54,9,PA,683,2,1,0,9445.0,93285.0
C0106719,Jeffrey Taylor,35-44,2,TX,736,3,1,1,21751.0,215084.0
C0106720,Brett Bailey,35-44,13,IL,773,2,1,0,1489.0,127595.0
C0106721,Donna Sexton,35-44,4,MI,812,2,1,0,13336.0,54464.0
C0106722,Christopher Harrison,35-44,18,OH,783,3,1,1,94993.0,175690.0
C0106723,Kelly Woods,25-34,1,MI,727,2,1,0,8581.0,200953.0
C0106724,Thomas Johnson,35-44,2,WA,731,2,1,0,9011.0,106181.0
C0106725,Christine King,35-44,7,CA,701,2,1,0,15110.0,54430.0
C0106726,Marcus Williams,25-34,9,OH,699,3,1,1,4212.0,179322.0
C0106727,Jeffrey Jones,35-44,20,NC,759,3,1,1,2601.0,74896.0
C0106728,Gerald Hunt,55-64,11,GA,706,1,0,0,8687.0,106937.0
C0106729,Zachary Huff,45-54,8,FL,736,3,1,1,1113.0,100502.0
C0106730,Luis Lopez V,55-64,17,NY,676,2,1,0,13032.0,57217.0
C0106731,Stephen Mitchell,45-54,5,IL,781,4,1,1,15953.0,39932.0
C0106732,Eric Ingram,55-64,18,MI,705,2,1,0,1183.0,129107.0
C0106733,Jon Robinson,55-64,9,MA,768,2,1,0,9854.0,71633.0
C0106734,Richard Flynn,25-34,7,IL,688,1,0,0,6249.0,98995.0
C0106735,Jasmine Scott,65+,7,GA,685,2,1,0,47737.0,72895.0
C0106736,Yolanda Martin,25-34,1,PA,779,2,1,0,39019.0,238851.0
C0106737,Patricia Wood,45-54,14,CA,691,3,1,1,22247.0,73754.0
C0106738,Ryan Taylor,55-64,12,IL,649,3,1,1,34642.0,76119.0
C0106739,Amanda Watts,35-44,13,IL,673,2,1,0,5228.0,160073.0
C0106740,Jose Gross,45-54,14,FL,758,3,1,1,11069.0,139697.0
C0106741,Matthew Krause,35-44,1,NJ,754,3,1,1,5985.0,153259.0
C0106742,Gerald Mason,25-34,18,NY,685,4,1,1,2449.0,106524.0
C0106743,Stephen Olson,25-34,11,NY,691,2,1,0,8948.0,79740.0
C0106744,Carrie Myers,25-34,14,IL,750,1,0,0,7333.0,53025.0
C0106745,Frank Lawrence,25-34,1,MA,779,4,1,1,6356.0,105605.0
C0106746,Robert Perkins,45-54,16,MI,716,2,1,0,7547.0,59515.0
C0106747,Joseph Green,45-54,14,OH,744,2,1,0,8716.0,129149.0
C0106748,Eric Mathis,45-54,8,WA,759,2,1,0,23517.0,51280.0
C0106749,Nancy Carter,45-54,19,CA,816,1,0,0,4018.0,94088.0
C0106750,Tyler Mills,25-34,14,IL,667,1,0,0,1745.0,190488.0
C0106751,Jim Foster,35-44,19,NC,689,1,0,0,18281.0,109105.0
C0106752,Joshua Hayes,55-64,17,GA,697,2,1,0,22650.0,113295.0
C0106753,Savannah Johns,65+,5,NJ,757,2,1,0,12451.0,55990.0
C0106754,Jason Mcdonald,35-44,20,NJ,708,2,1,0,2066.0,48555.0
C0106755,Jasmine Hall,25-34,15,OH,734,1,0,0,6920.0,213339.0
C0106756,Rhonda Oconnell,55-64,4,AZ,725,1,0,0,11408.0,145463.0
C0106757,Matthew Khan,55-64,16,AZ,720,2,1,0,2248.0,154447.0
C0106758,Jake Holmes,35-44,9,GA,724,1,0,0,3238.0,42269.0
C0106759,Amanda Brown,35-44,18,AZ,766,3,1,1,6796.0,157876.0
C0106760,Tim Jackson,25-34,4,MI,676,2,1,0,33508.0,305260.0
C0106761,Alexandra Holmes,45-54,6,FL,713,2,1,0,10617.0,194901.0
C0106762,Michael Santos,65+,7,TX,665,2,1,0,4076.0,215626.0
C0106763,Janice Roberts,45-54,10,TX,730,2,1,0,6361.0,86704.0
C0106764,Jason Khan,35-44,13,NY,711,1,0,0,3643.0,105112.0
C0106765,Steven Perez,45-54,5,PA,768,3,1,1,4942.0,187060.0
C0106766,Derek Coleman,55-64,15,TX,719,1,0,0,19278.0,148066.0
C0106767,Christine Sanders,45-54,1,MI,700,2,1,0,809.0,202727.0
C0106768,Mary Johnson,55-64,7,OH,708,2,1,0,39259.0,76519.0
C0106769,Michael Clay,35-44,14,MI,797,2,1,0,112086.0,92564.0
C0106770,Timothy White,35-44,6,GA,649,2,1,0,9849.0,62367.0
C0106771,Jason Mathews,45-54,9,PA,691,3,1,1,2989.0,133326.0
C0106772,Maria Parsons,45-54,13,MI,721,2,1,0,32725.0,118917.0
C0106773,Patricia Hayes,65+,5,MA,691,1,0,0,11311.0,39323.0
C0106774,Jessica Robinson,45-54,20,PA,742,2,1,0,4311.0,89609.0
C0106775,Megan Stokes,35-44,17,PA,717,2,1,0,2524.0,73873.0
C0106776,John Harris,35-44,20,GA,731,2,1,0,4979.0,121300.0
C0106777,Eric Li,45-54,10,WA,725,2,1,0,10210.0,183114.0
C0106778,Melissa Oneill,35-44,7,GA,715,2,1,0,23733.0,254392.0
C0106779,Karen Ross,55-64,20,WA,661,3,1,1,11396.0,229720.0
C0106780,Emily Gamble,35-44,15,TX,727,2,1,0,13974.0,28353.0
C0106781,Alex Lambert,35-44,16,TX,640,3,1,1,5429.0,73491.0
C0106782,Charles Poole,45-54,4,OH,689,3,1,1,22605.0,199305.0
C0106783,Amy Wong,25-34,18,NY,742,2,1,0,6323.0,102794.0
C0106784,Pamela Hubbard,45-54,11,CA,773,1,0,0,73540.0,145785.0
C0106785,Jennifer Cummings,45-54,16,NY,820,1,0,0,3702.0,118587.0
C0106786,James Lopez,45-54,17,PA,700,1,0,0,13017.0,90195.0
C0106787,Benjamin Hines,55-64,3,AZ,681,1,0,0,112114.0,188680.0
C0106788,Tonya Kemp,55-64,2,VA,743,1,0,0,28292.0,165167.0
C0106789,Corey Pacheco,55-64,2,IL,804,2,1,0,19821.0,154558.0
C0106790,Pamela Hicks,35-44,13,MA,788,1,0,0,11570.0,60573.0
C0106791,Megan Knight,35-44,19,WA,673,1,0,0,8633.0,66386.0
C0106792,Caitlin Wilson,55-64,1,NY,713,2,1,0,6577.0,127732.0
C0106793,Michael Church,45-54,3,GA,758,3,1,1,4129.0,211346.0
C0106794,Patricia Hall,45-54,10,AZ,761,1,0,0,1283.0,184833.0
C0106795,Omar Weeks,45-54,8,OH,746,4,1,1,17479.0,100515.0
C0106796,Samantha Parker,55-64,3,IL,699,3,1,1,1280.0,53763.0
C0106797,Jared Carter,35-44,13,AZ,746,3,1,1,17706.0,221665.0
C0106798,Mitchell Garza,45-54,19,MI,761,2,1,0,5591.0,199526.0
C0106799,Mary Compton,35-44,5,OH,678,3,1,1,2575.0,117818.0
C0106800,Ray Rosario,35-44,1,AZ,779,2,1,0,43775.0,102640.0
C0106801,William Guzman,45-54,5,VA,764,2,1,0,1424.0,93310.0
C0106802,Douglas Hampton,45-54,4,IL,686,1,0,0,3643.0,58414.0
C0106803,Jennifer Johnson,35-44,10,OH,761,1,0,0,4076.0,140943.0
C0106804,Christopher Jensen,55-64,3,CA,756,4,1,1,9696.0,89248.0
C0106805,Jessica Smith,55-64,8,TX,758,2,1,0,3885.0,169242.0
C0106806,Lawrence Martin,45-54,3,MA,790,1,0,0,46820.0,57034.0
C0106807,Mrs. Susan Newton MD,65+,14,CA,719,1,0,0,1563.0,86451.0
C0106808,Robin Terry,35-44,10,WA,734,2,1,0,500000.0,83650.0
C0106809,Melissa Short,55-64,2,NY,601,3,1,1,2274.0,144503.0
C0106810,Nathaniel Rodriguez,35-44,1,NC,770,3,1,1,281262.0,244803.0
C0106811,Scott Smith,35-44,10,NJ,765,1,0,0,30081.0,159439.0
C0106812,Tiffany Nelson,35-44,12,MA,781,1,0,0,7099.0,122194.0
C0106813,Brian Ware,25-34,4,IL,677,1,0,0,10636.0,29635.0
C0106814,Sharon Blake,45-54,7,AZ,763,2,1,0,5143.0,167942.0
C0106815,Ashley Santos,35-44,13,OH,765,2,1,0,12289.0,71625.0
C0106816,Raymond Mccall,45-54,10,AZ,690,3,1,1,3346.0,95830.0
C0106817,Stephanie Valdez,35-44,3,TX,767,2,1,0,18973.0,102968.0
C0106818,Aaron Ayers,25-34,8,PA,740,1,0,0,10081.0,72846.0
C0106819,Ashley Brown,65+,4,MI,643,1,0,0,2472.0,77649.0
C0106820,Brittney Mccoy,45-54,19,NJ,746,1,0,0,13529.0,74202.0
C0106821,Shawn Harris,65+,17,WA,685,3,1,1,12563.0,268985.0
C0106822,Kimberly Holmes,45-54,7,IL,644,2,1,0,3427.0,129367.0
C0106823,Tonya Jones,25-34,5,MI,736,4,1,1,4850.0,56867.0
C0106824,Chris Martin,45-54,3,MI,717,1,0,0,14988.0,161385.0
C0106825,Krista Curtis,45-54,15,MA,783,4,1,1,29998.0,34972.0
C0106826,Sandra Kirby,25-34,19,TX,728,1,0,0,6831.0,153035.0
C0106827,Travis Guerrero,55-64,6,CA,755,1,0,0,24755.0,137750.0
C0106828,Charles Romero,45-54,13,NC,742,1,0,0,32875.0,47646.0
C0106829,Gina Cunningham,55-64,5,CA,765,1,0,0,38713.0,95327.0
C0106830,Julie Hill,45-54,19,FL,680,1,0,0,13365.0,182183.0
C0106831,Joshua Henderson,45-54,6,GA,728,1,0,0,2746.0,58684.0
C0106832,Ashley Greene,35-44,2,PA,713,2,1,0,23613.0,78441.0
C0106833,Shannon Jackson,65+,18,NY,749,3,1,1,6440.0,159070.0
C0106834,James Smith,35-44,19,IL,731,3,1,1,14880.0,46725.0
C0106835,Casey Smith,35-44,8,NJ,692,3,1,1,3809.0,142493.0
C0106836,Joy Reid,25-34,19,IL,704,3,1,1,3943.0,103520.0
C0106837,Wendy Fisher,45-54,5,VA,794,4,1,1,3492.0,131726.0
C0106838,Sonya Ramirez,65+,6,FL,643,1,0,0,1652.0,117863.0
C0106839,Robert James,55-64,11,TX,751,4,1,1,4007.0,148251.0
C0106840,Maria Cook,55-64,13,FL,775,2,1,0,2346.0,72455.0
C0106841,Samantha Washington,65+,8,AZ,746,2,1,0,15987.0,151254.0
C0106842,Christopher Fitzgerald,55-64,16,PA,808,2,1,0,2258.0,185510.0
C0106843,Matthew Barrett,35-44,16,CA,762,1,0,0,3629.0,187280.0
C0106844,Matthew Brooks,45-54,3,PA,737,1,0,0,8134.0,52884.0
C0106845,Albert Davis,25-34,20,NJ,698,2,1,0,71318.0,111968.0
C0106846,Tina Ellis,35-44,4,IL,738,3,1,1,3531.0,140970.0
C0106847,Clayton Blankenship,35-44,11,IL,750,3,1,1,1543.0,142503.0
C0106848,Jennifer Velasquez,35-44,9,TX,720,1,0,0,1679.0,105488.0
C0106849,Danielle Bennett,65+,10,NJ,686,1,0,0,2885.0,70131.0
C0106850,April Hull,65+,3,NY,665,2,1,0,3684.0,67217.0
C0106851,James Anderson,35-44,7,TX,728,2,1,0,128737.0,284165.0
C0106852,Melissa Williams,55-64,1,NJ,653,1,0,0,25851.0,152677.0
C0106853,Michael Coleman,35-44,20,MA,698,2,1,0,5552.0,71549.0
C0106854,Angela Patel,25-34,3,MI,610,3,1,1,74864.0,243865.0
C0106855,Jacob David,35-44,10,MA,757,1,0,0,3885.0,19044.0
C0106856,Tricia Russo,35-44,5,OH,771,1,0,0,4947.0,127999.0
C0106857,Denise Wiley,35-44,4,GA,723,1,0,0,4603.0,119447.0
C0106858,Bridget Bell,35-44,8,IL,802,2,1,0,27784.0,86463.0
C0106859,Jodi Jimenez,25-34,20,GA,780,1,0,0,7450.0,100834.0
C0106860,Destiny Joseph,35-44,10,AZ,741,2,1,0,49454.0,37899.0
C0106861,Zachary Yu,65+,20,MI,714,3,1,1,13641.0,35062.0
C0106862,Andrew Powell,25-34,17,CA,704,1,0,0,24119.0,120283.0
C0106863,Reginald Cordova,35-44,9,NC,745,1,0,0,917.0,133602.0
C0106864,Kevin Anderson,45-54,19,IL,713,1,0,0,1055.0,349432.0
C0106865,Latasha Washington,35-44,7,NC,744,4,1,1,1097.0,255842.0
C0106866,Stacy Stein,45-54,11,NC,748,2,1,0,4848.0,93805.0
C0106867,Anthony Scott,25-34,14,NC,709,3,1,1,1278.0,105823.0
C0106868,Jasmine Martin,45-54,12,WA,769,3,1,1,35896.0,75507.0
C0106869,Manuel Smith,45-54,17,WA,709,4,1,1,6380.0,50673.0
C0106870,Benjamin Chavez,45-54,4,MA,720,3,1,1,16957.0,197878.0
C0106871,Lauren Thompson,45-54,10,MI,676,1,0,0,4489.0,118836.0
C0106872,Jamie Galloway,35-44,14,PA,707,2,1,0,21802.0,106919.0
C0106873,Theresa Sandoval,35-44,7,FL,817,4,1,1,767.0,82487.0
C0106874,Thomas Morrison,35-44,18,WA,679,2,1,0,7641.0,39915.0
C0106875,Kimberly Lewis,45-54,7,AZ,739,3,1,1,14778.0,87802.0
C0106876,Morgan Grimes,25-34,7,CA,699,4,1,1,16350.0,241833.0
C0106877,Jose Mckinney,35-44,7,NY,620,2,1,0,5535.0,230111.0
C0106878,Cody Hendricks,45-54,14,NJ,745,2,1,0,1040.0,267377.0
C0106879,Eric Wright,25-34,3,FL,694,2,1,0,27270.0,75310.0
C0106880,Amber Meza,25-34,3,CA,734,1,0,0,5061.0,58079.0
C0106881,Stephanie Li,45-54,16,MA,764,1,0,0,5617.0,109750.0
C0106882,Curtis Rice,35-44,5,TX,730,2,1,0,116198.0,115707.0
C0106883,Phillip Miller,55-64,3,NY,734,4,1,1,9099.0,72384.0
C0106884,Jennifer Johnson DVM,65+,6,MA,680,4,1,1,4347.0,16936.0
C0106885,Anthony Werner,65+,8,TX,751,1,0,0,4046.0,200008.0
C0106886,Tara Thomas,35-44,1,VA,711,3,1,1,17575.0,176735.0
C0106887,Nicole Jones,35-44,17,NC,630,1,0,0,3026.0,88075.0
C0106888,Natalie Stanley,45-54,3,NC,757,2,1,0,14974.0,177550.0
C0106889,Shelby Simon,45-54,9,WA,770,4,1,1,30382.0,169461.0
C0106890,Claudia Wilson,45-54,5,CA,786,4,1,1,7288.0,42708.0
C0106891,Robert Simpson,35-44,6,CA,817,2,1,0,26513.0,146003.0
C0106892,Mark Stephens,25-34,1,FL,754,2,1,0,7461.0,105846.0
C0106893,Kevin Fernandez,35-44,19,GA,743,2,1,0,3551.0,38910.0
C0106894,Sandra Reyes,35-44,19,MA,769,3,1,1,1099.0,199047.0
C0106895,Richard Case,25-34,3,TX,680,1,0,0,11273.0,121980.0
C0106896,Terry Rivera,65+,4,OH,644,1,0,0,11560.0,47283.0
C0106897,Mariah Brown,25-34,18,OH,698,3,1,1,26307.0,40671.0
C0106898,George Hall,45-54,9,FL,777,1,0,0,23434.0,55228.0
C0106899,Kari Simmons,65+,2,IL,690,2,1,0,96842.0,176594.0
C0106900,Rebecca Dean,35-44,3,NY,740,2,1,0,4035.0,42203.0
C0106901,Taylor Morales,45-54,9,FL,745,1,0,0,12420.0,100107.0
C0106902,Laura Davila,45-54,12,GA,730,1,0,0,3551.0,74497.0
C0106903,Tammy Werner,35-44,13,AZ,662,1,0,0,24738.0,103332.0
C0106904,William Wood,45-54,4,OH,735,1,0,0,2664.0,27512.0
C0106905,Sherry Miller,55-64,8,MI,701,2,1,0,24257.0,78939.0
C0106906,Danielle Mcconnell,55-64,6,NJ,796,2,1,0,3348.0,265337.0
C0106907,Jason Garcia,55-64,11,WA,771,2,1,0,20329.0,225944.0
C0106908,Laura Spence,65+,7,WA,702,3,1,1,34467.0,219540.0
C0106909,Phillip Herman,35-44,5,AZ,799,3,1,1,1255.0,278058.0
C0106910,Patricia Atkinson,55-64,17,WA,735,2,1,0,1609.0,48281.0
C0106911,David Ayers,45-54,12,AZ,644,2,1,0,10742.0,135041.0
C0106912,Bryan Martin II,45-54,10,MA,716,2,1,0,9454.0,47550.0
C0106913,Cory Guerrero,55-64,3,VA,793,1,0,0,5707.0,112968.0
C0106914,Jared Smith,55-64,2,GA,683,1,0,0,4576.0,45535.0
C0106915,Jon Day Jr.,55-64,16,PA,716,1,0,0,2904.0,199266.0
C0106916,Hannah Perez MD,35-44,20,NC,658,3,1,1,12056.0,183689.0
C0106917,Mary Church,45-54,12,WA,665,2,1,0,2547.0,87116.0
C0106918,Gavin Howell,35-44,1,VA,682,4,1,1,12573.0,178795.0
C0106919,Linda Jones,45-54,10,GA,664,1,0,0,4067.0,36758.0
C0106920,John Clark,55-64,6,TX,692,2,1,0,4879.0,170794.0
C0106921,Edward White,55-64,2,PA,798,1,0,0,34854.0,67158.0
C0106922,Zachary Hill,35-44,3,NC,718,3,1,1,25473.0,138211.0
C0106923,Joshua Smith,45-54,10,IL,755,2,1,0,2450.0,122985.0
C0106924,Jeffrey Wallace,35-44,9,OH,769,2,1,0,2843.0,116036.0
C0106925,Jennifer Anderson,35-44,12,PA,670,2,1,0,20607.0,29341.0
C0106926,William Leblanc,35-44,14,TX,682,1,0,0,1450.0,144442.0
C0106927,Melissa Ruiz,65+,6,OH,754,3,1,1,46388.0,157955.0
C0106928,Richard Franklin,35-44,6,OH,691,3,1,1,9530.0,84769.0
C0106929,Lori Madden,65+,14,VA,751,2,1,0,4049.0,167084.0
C0106930,Sarah Proctor,35-44,4,TX,795,1,0,0,8206.0,153414.0
C0106931,Michael Woodward,55-64,2,GA,654,3,1,1,41494.0,136958.0
C0106932,Joshua Reed,45-54,18,WA,703,3,1,1,628.0,113716.0
C0106933,James Bonilla,45-54,5,PA,711,4,1,1,27766.0,44696.0
C0106934,Robert Grant,45-54,3,PA,696,1,0,0,33978.0,54978.0
C0106935,Aaron Reed,55-64,15,TX,692,4,1,1,5513.0,71055.0
C0106936,Monica Morton,65+,11,NC,697,3,1,1,7436.0,23877.0
C0106937,Russell Green,45-54,3,WA,719,1,0,0,9545.0,77127.0
C0106938,Lisa Caldwell,25-34,18,GA,727,3,1,1,19540.0,167079.0
C0106939,Melvin Weeks,35-44,5,OH,762,1,0,0,3376.0,36017.0
C0106940,John Kennedy,55-64,14,VA,718,1,0,0,7963.0,58058.0
C0106941,Adam Sanchez,45-54,14,OH,770,2,1,0,7188.0,174434.0
C0106942,Alexandria Collins,45-54,17,IL,693,1,0,0,18299.0,120787.0
C0106943,Autumn Hill,45-54,15,VA,665,1,0,0,200889.0,41647.0
C0106944,Philip Munoz,35-44,15,PA,706,2,1,0,3359.0,104557.0
C0106945,Kimberly Thompson,55-64,2,WA,740,4,1,1,8907.0,115105.0
C0106946,Allison Clark,55-64,19,PA,758,1,0,0,3252.0,76137.0
C0106947,Randy Wang,55-64,3,GA,785,1,0,0,4507.0,55325.0
C0106948,Amanda Palmer,55-64,6,NY,733,1,0,0,2228.0,46673.0
C0106949,Kimberly Ross,55-64,9,MI,753,1,0,0,1291.0,207640.0
C0106950,Lori Steele,45-54,6,OH,781,4,1,1,33504.0,203505.0
C0106951,Jeremy Fernandez,65+,12,NY,684,2,1,0,12423.0,152925.0
C0106952,Frank Franklin,25-34,2,VA,710,2,1,0,9058.0,250983.0
C0106953,Wesley Reyes,45-54,10,MA,820,2,1,0,2839.0,210981.0
C0106954,Michelle Clark,55-64,7,CA,758,4,1,1,7406.0,51495.0
C0106955,David Le,45-54,13,NC,742,2,1,0,2023.0,215910.0
C0106956,Anthony Lee,35-44,11,NJ,760,4,1,1,7842.0,121451.0
C0106957,Mrs. Sarah Gordon,45-54,16,NJ,659,2,1,0,12094.0,269753.0
C0106958,Amy Mack,35-44,4,NY,690,4,1,1,4226.0,289587.0
C0106959,Andrew Cortez,65+,19,TX,674,2,1,0,3268.0,125202.0
C0106960,Karen Novak,35-44,8,GA,738,3,1,1,4488.0,112621.0
C0106961,Amanda Shelton,35-44,7,MI,703,1,0,0,21542.0,28954.0
C0106962,Michael Davis,45-54,11,PA,724,2,1,0,10321.0,110706.0
C0106963,Samantha Soto,35-44,4,IL,706,2,1,0,1178.0,123122.0
C0106964,Sharon Miller,25-34,17,GA,646,2,1,0,19306.0,174346.0
C0106965,Scott Thomas,45-54,6,OH,759,2,1,0,15551.0,140267.0
C0106966,Brett Rogers,45-54,19,GA,640,1,0,0,10143.0,95020.0
C0106967,George Williams,35-44,3,NJ,687,4,1,1,58381.0,109894.0
C0106968,James Lopez,45-54,18,MA,660,2,1,0,8338.0,72989.0
C0106969,Kirk Powell,45-54,8,VA,680,1,0,0,13587.0,60227.0
C0106970,Jesse Sutton,55-64,13,CA,729,3,1,1,14233.0,105835.0
C0106971,Bridget Edwards DDS,35-44,18,IL,775,3,1,1,23223.0,339896.0
C0106972,Adam Woods,35-44,3,CA,649,1,0,0,6202.0,212937.0
C0106973,Michael Phillips,65+,7,AZ,694,1,0,0,3738.0,93032.0
C0106974,Tina Brown,45-54,19,MI,641,2,1,0,26048.0,140272.0
C0106975,Stephanie Barton,25-34,3,NY,692,3,1,1,24480.0,426508.0
C0106976,Stephanie Miller,55-64,3,WA,723,1,0,0,37414.0,124657.0
C0106977,Donna Reese,35-44,11,NC,754,1,0,0,13342.0,21367.0
C0106978,Laura Daniel,55-64,1,CA,624,3,1,1,1120.0,45752.0
C0106979,Jennifer Sparks,55-64,20,FL,744,1,0,0,9866.0,193472.0
C0106980,Yolanda Anderson,65+,19,WA,676,3,1,1,8437.0,59786.0
C0106981,David Warner,65+,4,PA,665,3,1,1,35431.0,252011.0
C0106982,Tammy Cox,35-44,4,GA,723,3,1,1,28857.0,137415.0
C0106983,Brenda Cruz,55-64,16,AZ,748,2,1,0,16905.0,35554.0
C0106984,Elizabeth Anderson,35-44,11,PA,715,1,0,0,673.0,151199.0
C0106985,Mr. Jerry Robinson,45-54,17,CA,670,2,1,0,3012.0,77006.0
C0106986,James Rivera,45-54,20,TX,715,1,0,0,5234.0,132593.0
C0106987,Jennifer Williams,25-34,9,AZ,687,1,0,0,5380.0,91532.0
C0106988,Jeffrey Smith,25-34,6,NC,747,2,1,0,9900.0,100587.0
C0106989,Nicholas Eaton,25-34,13,PA,768,2,1,0,47870.0,68496.0
C0106990,Mark Adams,25-34,13,TX,765,1,0,0,20643.0,64098.0
C0106991,Joshua Martinez,35-44,9,NJ,719,1,0,0,2690.0,114215.0
C0106992,Laurie Vargas,65+,6,CA,770,1,0,0,2998.0,256891.0
C0106993,Amy Yang DDS,45-54,6,TX,674,2,1,0,2690.0,243748.0
C0106994,Chad Franklin,55-64,11,NC,800,1,0,0,7043.0,152264.0
C0106995,Michael Saunders,55-64,9,MI,673,2,1,0,21304.0,183963.0
C0106996,Jacob Mcdonald,55-64,10,NC,628,3,1,1,25766.0,64832.0
C0106997,Crystal Rodriguez,35-44,2,AZ,781,3,1,1,5159.0,54179.0
C0106998,Chelsea Long,55-64,18,PA,688,4,1,1,7815.0,92726.0
C0106999,Mitchell Jordan,55-64,15,NC,725,4,1,1,60416.0,92495.0
C0107000,Walter Bailey,55-64,19,PA,673,1,0,0,1364.0,220578.0
C0107001,Katherine Phillips,65+,17,IL,820,1,0,0,17423.0,85267.0
C0107002,Robert Jarvis,45-54,13,FL,801,3,1,1,15305.0,81616.0
C0107003,Breanna Flores,45-54,7,VA,789,3,1,1,5676.0,239955.0
C0107004,Tonya Campbell,55-64,14,NJ,723,1,0,0,7926.0,141826.0
C0107005,Gary Palmer,45-54,12,NJ,764,4,1,1,13417.0,40493.0
C0107006,Alan Hoffman,55-64,19,FL,717,3,1,1,5690.0,75314.0
C0107007,Linda Bailey,25-34,5,TX,770,3,1,1,3770.0,79508.0
C0107008,Daniel Mercado,25-34,1,VA,701,1,0,0,3444.0,29232.0
C0107009,Pamela Sanders,45-54,3,MI,791,2,1,0,75705.0,64321.0
C0107010,Sean Harper,25-34,4,CA,699,2,1,0,4777.0,66045.0
C0107011,Brittany Snyder,65+,14,MI,704,2,1,0,10318.0,218391.0
C0107012,Ethan Russell Jr.,25-34,3,MA,699,1,0,0,20792.0,140112.0
C0107013,Jennifer Cochran,55-64,3,VA,728,1,0,0,6287.0,299626.0
C0107014,Emily Henderson,35-44,8,PA,702,3,1,1,8459.0,109022.0
C0107015,Edward Shields,65+,16,PA,741,2,1,0,14813.0,100061.0
C0107016,Javier Dorsey,35-44,9,VA,698,2,1,0,2929.0,159711.0
C0107017,Craig Marsh,25-34,6,OH,755,1,0,0,1282.0,100893.0
C0107018,Jonathan Johnson,25-34,6,VA,788,4,1,1,3372.0,59352.0
C0107019,Cristian Smith,45-54,17,MA,723,4,1,1,64483.0,99579.0
C0107020,Michael Walters,65+,9,OH,819,2,1,0,4064.0,92683.0
C0107021,Jonathan Davis,65+,8,NC,770,1,0,0,9478.0,122199.0
C0107022,Gregory Alexander,35-44,16,GA,816,1,0,0,1651.0,90483.0
C0107023,Carl Scott,45-54,8,GA,717,2,1,0,40561.0,131909.0
C0107024,David Nguyen,25-34,8,TX,645,3,1,1,5646.0,91174.0
C0107025,Derek Mckinney,45-54,16,MA,688,4,1,1,4694.0,59117.0
C0107026,Monique Diaz,45-54,7,NC,692,1,0,0,6904.0,95134.0
C0107027,Robert Benson,35-44,11,NY,677,1,0,0,165321.0,76219.0
C0107028,Mrs. Amy Sharp,45-54,14,NC,621,2,1,0,13764.0,338881.0
C0107029,Timothy Miller,55-64,5,IL,766,2,1,0,6713.0,46203.0
C0107030,Kelly Johnston,25-34,3,WA,636,2,1,0,255.0,67793.0
C0107031,Vincent Zuniga,35-44,18,VA,761,2,1,0,41093.0,120457.0
C0107032,Jennifer Lewis,35-44,6,IL,818,3,1,1,3520.0,350911.0
C0107033,Stephen Spencer,25-34,7,NJ,684,1,0,0,2913.0,56960.0
C0107034,Frank Lawson,35-44,12,CA,737,2,1,0,3243.0,35706.0
C0107035,Michael Stevens,45-54,3,MA,702,2,1,0,47006.0,187228.0
C0107036,Adriana Parks,25-34,1,GA,757,3,1,1,7703.0,87705.0
C0107037,Cody Sanchez,55-64,9,MI,666,3,1,1,1304.0,76390.0
C0107038,Karen Wells,55-64,20,MI,714,3,1,1,6343.0,94618.0
C0107039,Kimberly Sanchez,65+,12,PA,770,2,1,0,2987.0,357227.0
C0107040,Martin Elliott,45-54,12,NJ,717,1,0,0,12475.0,367715.0
C0107041,Larry Reynolds,35-44,13,IL,646,3,1,1,5096.0,142609.0
C0107042,Colton Roth,25-34,18,NJ,775,4,1,1,1233.0,131200.0
C0107043,Lindsey Mendoza,35-44,17,TX,661,1,0,0,7339.0,203505.0
C0107044,Brandi Cunningham,65+,1,FL,723,1,0,0,7569.0,45758.0
C0107045,Donna Williams,65+,11,AZ,746,1,0,0,1800.0,153117.0
C0107046,Tammy Morris,35-44,11,VA,725,2,1,0,771.0,98439.0
C0107047,Robin Donovan,35-44,5,TX,820,2,1,0,11375.0,98135.0
C0107048,Julia Williamson,45-54,20,NY,753,1,0,0,5786.0,172212.0
C0107049,Chelsea Martin,35-44,6,NC,710,1,0,0,6259.0,131081.0
C0107050,David Fitzpatrick,65+,17,CA,747,2,1,0,19831.0,267758.0
C0107051,Nathan Dillon,35-44,3,OH,729,2,1,0,791.0,109022.0
C0107052,Amber Allen,35-44,13,PA,721,1,0,0,8711.0,66755.0
C0107053,Kenneth King,35-44,15,FL,730,2,1,0,17945.0,54241.0
C0107054,Ana Jensen MD,25-34,11,PA,700,1,0,0,6508.0,37713.0
C0107055,Kelli Carter,35-44,3,PA,729,1,0,0,1481.0,59093.0
C0107056,Edward Keller,55-64,3,TX,697,1,0,0,3667.0,225407.0
C0107057,Kelly Preston,25-34,13,MI,634,1,0,0,4714.0,46697.0
C0107058,Michael Rivera,45-54,18,PA,771,1,0,0,1218.0,84137.0
C0107059,Bradley Cameron,35-44,12,CA,694,1,0,0,12653.0,172405.0
C0107060,Beth Price,35-44,3,CA,726,1,0,0,8134.0,155816.0
C0107061,Jessica Graham,25-34,16,MA,685,3,1,1,3746.0,96642.0
C0107062,Lisa Harris,35-44,10,TX,687,3,1,1,26440.0,64433.0
C0107063,Becky Smith,25-34,2,AZ,673,1,0,0,4331.0,94884.0
C0107064,Rachel Rollins,35-44,8,FL,762,2,1,0,47853.0,41448.0
C0107065,Christopher Ayala,55-64,5,TX,773,1,0,0,5868.0,76703.0
C0107066,Mario Maxwell,55-64,20,NC,721,3,1,1,2577.0,83805.0
C0107067,Katherine Mcdonald,65+,19,AZ,695,1,0,0,2673.0,93935.0
C0107068,Todd Perry,35-44,3,TX,643,1,0,0,9039.0,26898.0
C0107069,Melissa Johnson,55-64,12,PA,755,2,1,0,2243.0,362342.0
C0107070,Timothy Blair,45-54,1,VA,689,1,0,0,9636.0,73328.0
C0107071,Robert Smith,35-44,10,TX,669,1,0,0,5011.0,90621.0
C0107072,Amy Gray,35-44,4,FL,721,1,0,0,4875.0,53177.0
C0107073,Lucas Jackson,45-54,15,PA,704,2,1,0,7708.0,170028.0
C0107074,Elizabeth Mccoy,55-64,2,WA,651,1,0,0,27055.0,123634.0
C0107075,Roger Bowman,45-54,19,WA,657,1,0,0,4223.0,107808.0
C0107076,Elizabeth Brown,35-44,5,NJ,735,3,1,1,10107.0,185865.0
C0107077,Debra Leonard,65+,6,MI,690,1,0,0,13810.0,527605.0
C0107078,Kara Blake,25-34,18,CA,742,1,0,0,1897.0,86629.0
C0107079,Jessica Fisher,65+,19,NY,726,2,1,0,15174.0,105233.0
C0107080,Timothy Wilkinson,55-64,2,AZ,767,1,0,0,21557.0,99071.0
C0107081,Christopher Cameron,55-64,3,NJ,682,3,1,1,25832.0,195408.0
C0107082,Jared Ballard,55-64,18,NY,730,1,0,0,2142.0,445204.0
C0107083,Heather Bradford,35-44,20,NJ,748,1,0,0,2329.0,107675.0
C0107084,Jennifer Moses,45-54,10,NJ,691,3,1,1,7591.0,169305.0
C0107085,Jason Jones,55-64,4,VA,770,3,1,1,7090.0,42948.0
C0107086,Debra Larson,55-64,4,MA,645,3,1,1,8293.0,134497.0
C0107087,Christine Mills,35-44,6,NC,682,1,0,0,5282.0,133151.0
C0107088,Kevin Carrillo,35-44,14,CA,643,2,1,0,10127.0,198419.0
C0107089,Nicole Roberson,35-44,2,WA,686,4,1,1,378.0,95591.0
C0107090,Sarah George,45-54,13,CA,713,2,1,0,17849.0,60211.0
C0107091,Kyle Mccarthy,45-54,17,MI,757,4,1,1,47395.0,53469.0
C0107092,Kevin Oliver,55-64,3,VA,713,2,1,0,4173.0,55778.0
C0107093,Erik Delacruz,55-64,20,TX,693,3,1,1,10330.0,41037.0
C0107094,Rebecca Clark,45-54,20,VA,650,1,0,0,60889.0,135009.0
C0107095,Patricia Kim,35-44,6,WA,665,4,1,1,8435.0,42402.0
C0107096,Carlos Walker,45-54,3,MI,733,3,1,1,11690.0,92111.0
C0107097,Stephanie Garcia,35-44,7,PA,759,3,1,1,73869.0,246158.0
C0107098,Nathan Willis,35-44,6,NY,701,4,1,1,93313.0,58584.0
C0107099,Kimberly Curtis,25-34,6,NJ,774,3,1,1,2269.0,36215.0
C0107100,Susan Rivera,35-44,19,FL,677,2,1,0,4945.0,63210.0
C0107101,Timothy Perez,35-44,4,NJ,702,2,1,0,23678.0,87816.0
C0107102,Michael White,45-54,7,FL,706,3,1,1,14714.0,139867.0
C0107103,Patrick Huerta,25-34,16,IL,788,3,1,1,18906.0,31538.0
C0107104,Brenda Lee,35-44,2,GA,726,2,1,0,349.0,291508.0
C0107105,Kiara Sexton,25-34,2,FL,639,2,1,0,777.0,125319.0
C0107106,Elizabeth Serrano,45-54,7,VA,762,3,1,1,68945.0,69070.0
C0107107,Candice Sanders,45-54,20,NJ,803,1,0,0,20510.0,133641.0
C0107108,Jonathan Vasquez,35-44,17,CA,708,3,1,1,12387.0,109845.0
C0107109,Patricia Fox,25-34,19,WA,679,2,1,0,1825.0,104872.0
C0107110,Betty Cole,65+,18,NJ,758,3,1,1,4925.0,56522.0
C0107111,Mariah Brown,45-54,3,WA,808,1,0,0,16052.0,113622.0
C0107112,Valerie Roberts,45-54,9,MI,758,2,1,0,1541.0,150166.0
C0107113,Anthony Terry,45-54,11,MI,646,1,0,0,3476.0,165397.0
C0107114,Mrs. Miranda Johnston,55-64,4,IL,753,2,1,0,12714.0,115500.0
C0107115,Eric Adkins,55-64,20,NY,738,3,1,1,16444.0,110114.0
C0107116,Kimberly Kane,35-44,13,NY,677,2,1,0,4326.0,98109.0
C0107117,Alexander Shelton,45-54,18,PA,777,2,1,0,26337.0,228428.0
C0107118,Melissa Hanson,35-44,6,PA,739,1,0,0,25330.0,72019.0
C0107119,Rebecca Lee,45-54,15,VA,779,2,1,0,943.0,90523.0
C0107120,Dana Smith,35-44,3,GA,672,3,1,1,57847.0,79293.0
C0107121,Tamara Moore,25-34,1,OH,737,3,1,1,32850.0,123066.0
C0107122,Bryan Franco,65+,13,NJ,679,1,0,0,10383.0,216108.0
C0107123,Spencer Butler,55-64,2,NJ,731,2,1,0,6872.0,58046.0
C0107124,Casey Garcia,35-44,6,MA,786,3,1,1,20894.0,156867.0
C0107125,Steven Oconnor,65+,16,PA,655,2,1,0,15374.0,163121.0
C0107126,Jennifer Ramirez,35-44,10,NY,658,2,1,0,5850.0,71024.0
C0107127,Dr. Travis Morris DDS,45-54,8,CA,762,4,1,1,55688.0,111226.0
C0107128,Johnny Garcia,55-64,6,FL,719,3,1,1,648.0,73876.0
C0107129,Dawn Jordan,35-44,14,MI,772,1,0,0,3649.0,120292.0
C0107130,Anthony Mills,45-54,20,WA,683,2,1,0,13868.0,131940.0
C0107131,Richard Perry,45-54,15,MI,722,2,1,0,7612.0,239258.0
C0107132,Brandi Vega,25-34,8,MA,750,3,1,1,18760.0,92018.0
C0107133,Jason Gomez,35-44,9,MI,729,1,0,0,1520.0,107568.0
C0107134,Christian Snow,35-44,3,AZ,639,1,0,0,5971.0,86887.0
C0107135,Debbie Carrillo,45-54,3,PA,820,2,1,0,32223.0,99289.0
C0107136,Kaitlyn Phillips,25-34,6,PA,729,2,1,0,1350.0,99729.0
C0107137,Ryan Harris,35-44,8,WA,659,1,0,0,6072.0,68640.0
C0107138,Susan Bolton,55-64,20,MI,734,4,1,1,4286.0,35454.0
C0107139,Reginald Copeland,35-44,18,GA,739,1,0,0,12532.0,80613.0
C0107140,Sharon Cross,35-44,3,MA,764,1,0,0,12987.0,99808.0
C0107141,Tyler Russell,55-64,7,VA,761,1,0,0,9104.0,79323.0
C0107142,Marcus Patrick,55-64,2,PA,710,1,0,0,5723.0,138926.0
C0107143,Thomas Hunt,25-34,2,MI,642,1,0,0,8742.0,19679.0
C0107144,Christopher Salinas,55-64,8,IL,740,2,1,0,6650.0,157470.0
C0107145,Anthony Carr,55-64,20,OH,646,1,0,0,7793.0,127212.0
C0107146,Amanda Franklin,35-44,4,WA,774,2,1,0,46554.0,254531.0
C0107147,Nicole Lewis,55-64,14,NJ,687,2,1,0,1915.0,149454.0
C0107148,Alexandria Carrillo,55-64,8,CA,748,2,1,0,12210.0,150279.0
C0107149,Samantha Alvarez,45-54,11,NC,690,4,1,1,2616.0,351005.0
C0107150,Dr. Roberto Johnston,45-54,18,MI,697,4,1,1,84625.0,172169.0
C0107151,Dr. George Hernandez,55-64,17,GA,683,2,1,0,9017.0,119066.0
C0107152,Daniel Price,65+,17,PA,752,2,1,0,1770.0,81604.0
C0107153,Adam Stewart,45-54,9,MI,692,2,1,0,6135.0,255162.0
C0107154,Daniel Molina,55-64,1,MA,754,2,1,0,1407.0,63020.0
C0107155,Michael Evans,55-64,20,TX,693,3,1,1,3790.0,72098.0
C0107156,Victoria Berry,55-64,20,MI,709,2,1,0,16965.0,69899.0
C0107157,Mr. Daniel King Jr.,65+,18,AZ,721,1,0,0,41502.0,96098.0
C0107158,Ronald Juarez,35-44,10,OH,726,2,1,0,29638.0,140707.0
C0107159,Matthew Reynolds,35-44,6,IL,678,3,1,1,7145.0,107559.0
C0107160,Luis Nelson,45-54,4,NY,751,2,1,0,16060.0,165973.0
C0107161,Rhonda Williams,35-44,8,NY,707,3,1,1,21380.0,67392.0
C0107162,Brandon Pruitt,45-54,7,IL,744,3,1,1,120532.0,71161.0
C0107163,Pamela Cook,55-64,6,VA,719,2,1,0,3925.0,70752.0
C0107164,Ryan Smith,65+,20,FL,746,1,0,0,49576.0,83085.0
C0107165,Erik Williams,35-44,14,NY,701,2,1,0,2185.0,60449.0
C0107166,Patrick Ortega,55-64,5,MA,684,1,0,0,33387.0,29651.0
C0107167,Joseph Stevens,35-44,13,MA,739,2,1,0,3848.0,125925.0
C0107168,Tina Wilson,45-54,15,NY,697,1,0,0,3567.0,111012.0
C0107169,Jose Coleman,25-34,11,OH,785,4,1,1,5758.0,131924.0
C0107170,Terry Mills,45-54,19,OH,723,3,1,1,3193.0,216226.0
C0107171,Aaron Boyd,45-54,20,PA,658,1,0,0,13511.0,159912.0
C0107172,Sara Flores,55-64,9,FL,693,3,1,1,35307.0,112893.0
C0107173,Shelly Horton,45-54,10,CA,675,3,1,1,643.0,223865.0
C0107174,Destiny Duncan,35-44,5,MI,768,3,1,1,6571.0,106851.0
C0107175,Matthew Robinson,25-34,16,CA,754,1,0,0,2200.0,33317.0
C0107176,Jessica Doyle,25-34,19,MI,717,2,1,0,24007.0,76492.0
C0107177,Joshua Moran,65+,14,TX,733,2,1,0,44555.0,256639.0
C0107178,Carol Fisher,65+,5,FL,716,2,1,0,6571.0,339958.0
C0107179,Dr. Daniel Sweeney,35-44,11,CA,758,2,1,0,3484.0,187629.0
C0107180,Michael Cruz,35-44,16,IL,743,1,0,0,1166.0,146005.0
C0107181,Kevin Sandoval,35-44,1,PA,751,3,1,1,83998.0,121882.0
C0107182,Melanie Watson,45-54,12,PA,711,4,1,1,39447.0,235399.0
C0107183,Ms. Stephanie Duran,35-44,14,PA,691,1,0,0,754.0,66832.0
C0107184,Jonathan Phillips,25-34,11,MA,749,1,0,0,17793.0,258343.0
C0107185,James Cox,35-44,13,OH,789,1,0,0,2133.0,127409.0
C0107186,Erik Dean,35-44,18,WA,769,3,1,1,4402.0,23816.0
C0107187,Allison Fisher,35-44,3,NY,791,1,0,0,1811.0,26084.0
C0107188,Casey Hardy,35-44,12,GA,727,3,1,1,734.0,51040.0
C0107189,John Cole,45-54,16,CA,676,3,1,1,7672.0,160958.0
C0107190,Lauren Hooper,45-54,17,NY,680,1,0,0,78786.0,332220.0
C0107191,Crystal Shelton,35-44,10,TX,782,3,1,1,2667.0,83785.0
C0107192,Amanda Hess,45-54,20,CA,636,2,1,0,23614.0,88088.0
C0107193,Jessica Holloway,45-54,7,FL,787,1,0,0,28508.0,222033.0
C0107194,Michelle Burton,55-64,9,FL,684,3,1,1,19266.0,39391.0
C0107195,Michael Arnold,65+,17,PA,806,2,1,0,88943.0,108365.0
C0107196,Victoria Carpenter,25-34,9,VA,716,1,0,0,25495.0,76768.0
C0107197,Andrea Moody,55-64,7,FL,752,2,1,0,70657.0,158826.0
C0107198,Erik Harris,55-64,12,MI,820,2,1,0,2046.0,154830.0
C0107199,Virginia Johns,45-54,13,IL,705,2,1,0,19820.0,77355.0
C0107200,Lori Williams,35-44,20,OH,704,2,1,0,49666.0,97039.0
C0107201,Daniel Palmer,35-44,13,AZ,688,2,1,0,3209.0,115340.0
C0107202,Austin Snyder,25-34,4,OH,674,1,0,0,124.0,78278.0
C0107203,Kevin Wood,65+,2,NY,705,2,1,0,1771.0,223001.0
C0107204,Dr. Lori Jackson,45-54,20,NY,695,1,0,0,3396.0,77497.0
C0107205,Christine Baker,35-44,9,FL,663,2,1,0,15890.0,474208.0
C0107206,Jennifer Warren,45-54,5,WA,710,3,1,1,4106.0,124008.0
C0107207,Tina Jennings,25-34,5,MI,740,1,0,0,8133.0,86146.0
C0107208,Chris Wheeler,35-44,3,PA,679,1,0,0,3924.0,257208.0
C0107209,Catherine Walls,45-54,4,GA,712,3,1,1,6945.0,133550.0
C0107210,Lindsey Chen,45-54,16,GA,783,1,0,0,7484.0,102390.0
C0107211,Brandon Johns,55-64,14,CA,656,1,0,0,3794.0,82948.0
C0107212,Brittney Bradley,45-54,12,AZ,806,2,1,0,21709.0,337103.0
C0107213,Kelly Hughes,45-54,1,VA,689,2,1,0,42463.0,76246.0
C0107214,Pamela Dixon,55-64,14,NC,729,1,0,0,2041.0,247084.0
C0107215,Robert Banks,25-34,20,NJ,777,3,1,1,10517.0,83621.0
C0107216,Thomas Hughes DDS,45-54,19,TX,791,1,0,0,1458.0,28465.0
C0107217,Amanda Wilson,55-64,8,MA,741,3,1,1,989.0,120047.0
C0107218,Carlos Castillo,35-44,13,MI,688,3,1,1,28109.0,159256.0
C0107219,Justin Hughes,35-44,6,MA,684,1,0,0,90119.0,50299.0
C0107220,Crystal Hill,35-44,18,WA,694,3,1,1,5464.0,25998.0
C0107221,Mary Atkinson,35-44,19,NC,805,2,1,0,73127.0,225936.0
C0107222,Lisa Gibson,45-54,5,PA,702,4,1,1,3723.0,58335.0
C0107223,Miguel Williams,25-34,10,NJ,734,3,1,1,6116.0,110577.0
C0107224,Joe Mendez PhD,45-54,5,GA,673,2,1,0,59951.0,65910.0
C0107225,Sharon Barajas,25-34,13,OH,667,2,1,0,2710.0,145588.0
C0107226,Hector Griffin,25-34,6,NJ,721,2,1,0,24343.0,212586.0
C0107227,Jessica Singh,35-44,14,AZ,705,3,1,1,5335.0,58349.0
C0107228,Sara Barrett,35-44,20,FL,708,2,1,0,3412.0,74163.0
C0107229,Ariel Murphy,65+,18,NC,653,3,1,1,4400.0,93399.0
C0107230,Melanie Saunders,35-44,4,VA,716,1,0,0,601.0,65806.0
C0107231,Taylor Howard,35-44,3,PA,789,4,1,1,36802.0,86807.0
C0107232,Kelly Williamson,35-44,17,IL,681,1,0,0,10631.0,112094.0
C0107233,Nancy Black,35-44,2,CA,760,1,0,0,6785.0,85814.0
C0107234,Diana Williams,45-54,9,PA,580,1,0,0,3528.0,85557.0
C0107235,Jordan Clark,55-64,20,NC,683,4,1,1,11780.0,219950.0
C0107236,Emily Parker,35-44,9,MA,634,3,1,1,23392.0,70648.0
C0107237,Mr. Thomas Garcia,45-54,1,GA,775,2,1,0,5829.0,61028.0
C0107238,Darrell Wong,45-54,20,PA,759,4,1,1,25753.0,202252.0
C0107239,Anthony Morales,55-64,15,WA,673,1,0,0,11272.0,153525.0
C0107240,Ashley Burton MD,45-54,7,FL,733,1,0,0,7244.0,21052.0
C0107241,Kimberly Jones,35-44,13,FL,774,1,0,0,24218.0,181736.0
C0107242,Mark Johns,55-64,13,GA,781,2,1,0,4405.0,28696.0
C0107243,Jeremy Brown,55-64,12,WA,701,2,1,0,1805.0,74909.0
C0107244,Crystal Beltran,45-54,20,NY,620,1,0,0,7603.0,69765.0
C0107245,Lori Howard,65+,16,CA,679,1,0,0,8453.0,101762.0
C0107246,Deborah Cherry,55-64,6,NJ,754,2,1,0,6206.0,154787.0
C0107247,Elaine Herman,35-44,20,NC,814,1,0,0,33788.0,70325.0
C0107248,Sabrina Henderson DVM,55-64,20,NJ,717,2,1,0,14774.0,85080.0
C0107249,Robin Jones,45-54,1,IL,692,2,1,0,7058.0,121033.0
C0107250,Chad Flores,45-54,6,TX,820,1,0,0,8050.0,166741.0
C0107251,Jonathan Stanley,45-54,13,PA,738,1,0,0,8926.0,192903.0
C0107252,Heather Duffy,55-64,18,GA,664,2,1,0,15234.0,137944.0
C0107253,Michael Moore,45-54,15,OH,714,3,1,1,8630.0,175344.0
C0107254,Maureen Bates,45-54,12,AZ,764,2,1,0,6732.0,130413.0
C0107255,Jordan Nixon,25-34,7,NY,716,2,1,0,1634.0,70856.0
C0107256,Christine Johnson,35-44,2,PA,755,4,1,1,3457.0,119994.0
C0107257,Ann Hansen,65+,18,FL,647,3,1,1,11298.0,202323.0
C0107258,Mary Day,55-64,11,NC,655,1,0,0,10154.0,259513.0
C0107259,Cristina Thompson MD,25-34,10,WA,686,3,1,1,1363.0,28741.0
C0107260,Nancy Jones,55-64,20,AZ,707,2,1,0,4129.0,166928.0
C0107261,Patrick Medina,55-64,4,NY,735,2,1,0,2655.0,33474.0
C0107262,Rebecca Johnson,45-54,6,OH,748,2,1,0,41671.0,154565.0
C0107263,Daniel Carter,25-34,18,VA,820,2,1,0,10953.0,23676.0
C0107264,John Scott,45-54,6,CA,686,3,1,1,13581.0,33957.0
C0107265,Bryan Paul,25-34,19,NJ,705,1,0,0,7480.0,54265.0
C0107266,Kimberly Santos,35-44,18,FL,688,2,1,0,3822.0,95945.0
C0107267,Katelyn Yang,45-54,2,CA,768,1,0,0,4748.0,172814.0
C0107268,Lisa Coleman,65+,10,TX,771,3,1,1,14636.0,130219.0
C0107269,George Vaughan,35-44,16,AZ,699,1,0,0,5931.0,391543.0
C0107270,Angela Beck,55-64,10,NJ,812,2,1,0,14820.0,97837.0
C0107271,Juan Brewer,65+,5,VA,688,3,1,1,9620.0,70824.0
C0107272,Stephanie Garcia,25-34,1,NJ,766,1,0,0,11552.0,245728.0
C0107273,Elizabeth Hill,35-44,1,VA,785,1,0,0,12282.0,28585.0
C0107274,Michael Brown,55-64,4,GA,658,2,1,0,4310.0,150901.0
C0107275,Ruth Harris,55-64,6,WA,745,2,1,0,5580.0,47130.0
C0107276,Mr. Alexander Davies,35-44,7,CA,597,1,0,0,24116.0,32942.0
C0107277,Michelle Martinez,45-54,18,NC,757,1,0,0,72521.0,76045.0
C0107278,Matthew Shea,45-54,11,VA,670,1,0,0,24382.0,30075.0
C0107279,Patricia Johnson,55-64,3,MA,745,1,0,0,285.0,199842.0
C0107280,Vernon Walters,55-64,2,IL,753,3,1,1,3263.0,77832.0
C0107281,Nicole Andrews,25-34,3,FL,770,1,0,0,9299.0,123994.0
C0107282,Janice Fuentes,35-44,7,NJ,760,2,1,0,2169.0,61137.0
C0107283,Steven Perry,25-34,15,TX,722,1,0,0,2051.0,85195.0
C0107284,Bryce Francis,65+,1,VA,702,4,1,1,4903.0,70552.0
C0107285,Jennifer Cisneros MD,65+,9,NJ,716,3,1,1,12264.0,123572.0
C0107286,Nicole Herman MD,55-64,9,NJ,669,2,1,0,17001.0,110128.0
C0107287,Tammy Taylor,25-34,3,PA,710,3,1,1,5214.0,279317.0
C0107288,Bethany Frazier,45-54,2,TX,706,1,0,0,4755.0,181603.0
C0107289,Debra Chapman,35-44,5,MI,684,1,0,0,2944.0,47472.0
C0107290,Steven Clark,35-44,4,IL,641,2,1,0,14891.0,221722.0
C0107291,Jay Walker,35-44,16,IL,662,2,1,0,13737.0,194617.0
C0107292,Hunter Yang,55-64,19,FL,580,1,0,0,24064.0,139482.0
C0107293,Sean Mendez,25-34,13,IL,706,2,1,0,9468.0,230569.0
C0107294,Mark Hill,45-54,16,WA,736,3,1,1,1680.0,223016.0
C0107295,Donald Johnson,65+,16,AZ,599,3,1,1,5331.0,101071.0
C0107296,David Garrison,45-54,18,IL,730,3,1,1,22659.0,61627.0
C0107297,Eric Foster,25-34,2,FL,714,2,1,0,1010.0,187052.0
C0107298,Stephen Taylor,65+,20,CA,667,2,1,0,7319.0,92733.0
C0107299,Robin Rodriguez,45-54,10,FL,700,2,1,0,11409.0,122420.0
C0107300,John Anderson,45-54,11,CA,767,2,1,0,89718.0,74278.0
C0107301,Keith Casey,45-54,16,NJ,676,3,1,1,3939.0,177589.0
C0107302,Tanner James,55-64,10,MI,723,1,0,0,7002.0,93789.0
C0107303,Frances Aguilar,45-54,6,VA,735,3,1,1,61397.0,114788.0
C0107304,Clayton Jennings,45-54,1,PA,683,1,0,0,4000.0,100210.0
C0107305,Stanley Cain,45-54,4,WA,765,1,0,0,29426.0,64604.0
C0107306,Andrew Robinson,25-34,2,FL,738,1,0,0,12980.0,227715.0
C0107307,Rebecca Olsen,55-64,8,NY,708,3,1,1,6215.0,120561.0
C0107308,William Paul,25-34,16,AZ,820,1,0,0,13932.0,118730.0
C0107309,Arthur Bowen,35-44,7,AZ,765,2,1,0,6789.0,78239.0
C0107310,Timothy Schmitt,35-44,12,NC,644,1,0,0,121708.0,115920.0
C0107311,Tammy Scott,35-44,4,MI,702,2,1,0,679.0,105826.0
C0107312,Karen White,35-44,12,NJ,820,2,1,0,5774.0,116292.0
C0107313,Crystal Smith,45-54,20,WA,675,4,1,1,5980.0,99012.0
C0107314,David Hall,35-44,7,NY,722,1,0,0,6900.0,33200.0
C0107315,Isaiah Gray,35-44,10,TX,775,1,0,0,29629.0,231059.0
C0107316,Angela Parks,55-64,20,FL,749,1,0,0,4739.0,102129.0
C0107317,Ronald Hernandez,65+,13,IL,755,2,1,0,14624.0,298619.0
C0107318,Dean Harrington,45-54,8,NY,753,3,1,1,10697.0,124690.0
C0107319,Jose Lawrence,35-44,3,GA,721,1,0,0,22163.0,43269.0
C0107320,Arthur Golden,25-34,19,FL,684,4,1,1,6873.0,106094.0
C0107321,Adrian Morris,25-34,13,NC,739,1,0,0,11928.0,113165.0
C0107322,Jon Graham,35-44,2,NJ,701,3,1,1,6987.0,133559.0
C0107323,Cory Hale,65+,12,TX,698,2,1,0,2482.0,146410.0
C0107324,Kathryn Brown,55-64,20,PA,786,4,1,1,55207.0,69308.0
C0107325,Kimberly Hanna,35-44,19,NC,702,2,1,0,3247.0,69150.0
C0107326,Daniel Miller,65+,4,CA,796,2,1,0,4563.0,194472.0
C0107327,Austin Perez,35-44,9,MI,731,1,0,0,2898.0,149132.0
C0107328,Mr. Mark Landry,35-44,20,VA,712,2,1,0,13127.0,25394.0
C0107329,Robert Jones,35-44,16,IL,638,3,1,1,4565.0,59859.0
C0107330,Andrew Powers,35-44,12,CA,815,1,0,0,49926.0,208536.0
C0107331,Erica Turner,55-64,7,GA,719,3,1,1,15379.0,62925.0
C0107332,Jesse Brown,35-44,16,AZ,617,1,0,0,5813.0,26362.0
C0107333,Marissa Smith,45-54,12,PA,764,2,1,0,2720.0,60227.0
C0107334,Samantha Douglas,35-44,11,WA,717,2,1,0,7095.0,111389.0
C0107335,Robert Jones,65+,19,AZ,678,1,0,0,15124.0,357105.0
C0107336,Cassidy Paul,45-54,8,PA,761,2,1,0,7669.0,96015.0
C0107337,Andrew Lopez,45-54,13,NC,605,4,1,1,6847.0,61889.0
C0107338,Tyler Reynolds,25-34,1,CA,687,1,0,0,2381.0,29905.0
C0107339,Matthew Dunlap,65+,15,NC,706,1,0,0,119584.0,93339.0
C0107340,Alicia Nguyen,45-54,11,AZ,758,1,0,0,6366.0,114649.0
C0107341,Carol Yang,35-44,18,MA,820,2,1,0,1557.0,74159.0
C0107342,Richard Johnson,55-64,7,FL,708,3,1,1,2230.0,29832.0
C0107343,Andrew Edwards,25-34,19,MI,740,4,1,1,5362.0,70698.0
C0107344,Parker Knight,35-44,12,CA,820,2,1,0,83594.0,126832.0
C0107345,William Morales,45-54,5,PA,720,1,0,0,6605.0,75716.0
C0107346,Christine Singh,35-44,4,WA,741,1,0,0,5168.0,86285.0
C0107347,Chad Taylor,45-54,4,MI,664,1,0,0,22329.0,279695.0
C0107348,William Hall,35-44,7,IL,808,2,1,0,24373.0,78799.0
C0107349,Bianca Ortega,25-34,12,MA,687,4,1,1,17870.0,152708.0
C0107350,James Pena,25-34,18,VA,732,1,0,0,10300.0,110021.0
C0107351,Matthew Austin,35-44,20,CA,730,3,1,1,2153.0,105084.0
C0107352,Bernard Chang,65+,14,TX,723,2,1,0,3290.0,192515.0
C0107353,Eric Walker,45-54,10,MI,700,3,1,1,1201.0,46012.0
C0107354,Darren Thompson,45-54,13,AZ,730,3,1,1,6193.0,140232.0
C0107355,James Dudley,35-44,7,FL,799,3,1,1,4868.0,105137.0
C0107356,Brooke Quinn,55-64,5,NC,820,2,1,0,4298.0,128449.0
C0107357,Ronnie Jenkins,25-34,11,WA,712,1,0,0,11329.0,108559.0
C0107358,Cameron Torres,35-44,17,WA,699,1,0,0,3683.0,102867.0
C0107359,Elizabeth Brock,45-54,2,MI,683,1,0,0,5385.0,154023.0
C0107360,Jessica Smith,45-54,3,MA,820,2,1,0,4521.0,93424.0
C0107361,Jose Jordan,55-64,4,MA,725,4,1,1,7799.0,146356.0
C0107362,Patrick Blair,55-64,5,WA,770,2,1,0,12551.0,66765.0
C0107363,Heather Kim,55-64,3,NJ,751,2,1,0,1614.0,220036.0
C0107364,Michael Weber,35-44,3,MA,819,1,0,0,13959.0,59273.0
C0107365,Dana Stanley,25-34,1,CA,708,2,1,0,11127.0,117622.0
C0107366,Lori Thompson,35-44,7,TX,670,1,0,0,13391.0,160767.0
C0107367,David Sullivan,55-64,15,GA,803,1,0,0,9508.0,30244.0
C0107368,Felicia Thompson,65+,4,NJ,760,1,0,0,12505.0,69683.0
C0107369,Tyler Watson,65+,7,AZ,740,3,1,1,4921.0,95741.0
C0107370,Ryan Adams,35-44,20,NJ,789,2,1,0,13795.0,173900.0
C0107371,Jeanette Moore,55-64,4,NY,743,4,1,1,32000.0,137015.0
C0107372,Shelia Dixon,45-54,20,AZ,790,2,1,0,4472.0,330084.0
C0107373,Jennifer Evans,55-64,11,TX,731,2,1,0,4671.0,46469.0
C0107374,Richard Wood,45-54,15,TX,760,3,1,1,17268.0,91297.0
C0107375,Samuel Wolfe,25-34,7,NJ,743,3,1,1,4168.0,27113.0
C0107376,Shawn Waters,25-34,7,MA,705,1,0,0,3418.0,61196.0
C0107377,Tammy Long,65+,8,GA,710,1,0,0,13448.0,114354.0
C0107378,Mary Morgan,35-44,3,FL,702,1,0,0,4834.0,53061.0
C0107379,Melissa Lyons,35-44,7,CA,731,2,1,0,35105.0,112289.0
C0107380,Philip Gilmore,35-44,18,MA,699,1,0,0,4631.0,117117.0
C0107381,Stacy Adkins,35-44,1,PA,739,2,1,0,3032.0,121371.0
C0107382,Dale Bartlett,65+,12,MI,738,2,1,0,8057.0,102616.0
C0107383,Jasmine Bradshaw,25-34,14,PA,729,4,1,1,13664.0,280074.0
C0107384,Brian Wells,25-34,3,NY,730,3,1,1,11901.0,124799.0
C0107385,Jimmy Newman,55-64,3,NJ,694,3,1,1,15471.0,127156.0
C0107386,Tiffany Mcgee,45-54,12,VA,707,2,1,0,4172.0,84288.0
C0107387,Courtney Nelson,25-34,5,GA,644,1,0,0,31653.0,124481.0
C0107388,Donna Dunn,25-34,20,GA,714,1,0,0,1112.0,31922.0
C0107389,Jessica Barnett,35-44,4,GA,675,2,1,0,3175.0,285006.0
C0107390,Richard Long,35-44,3,NC,724,4,1,1,8485.0,84542.0
C0107391,Elizabeth Ruiz,25-34,7,WA,687,1,0,0,3510.0,237455.0
C0107392,Lisa Goodwin,35-44,7,NJ,627,2,1,0,5588.0,119225.0
C0107393,Rachel Jones,55-64,4,PA,820,3,1,1,2495.0,217445.0
C0107394,Scott Nunez,55-64,14,NY,709,1,0,0,6312.0,79625.0
C0107395,Ashley Prince,55-64,7,NJ,785,4,1,1,14125.0,158781.0
C0107396,Christina Murray,35-44,11,MI,696,4,1,1,4261.0,77394.0
C0107397,Alexander Drake,35-44,5,IL,796,1,0,0,2822.0,91026.0
C0107398,James Ruiz,65+,2,WA,668,2,1,0,4661.0,37904.0
C0107399,Ronald Smith,55-64,2,OH,727,1,0,0,30474.0,70123.0
C0107400,Joshua Henderson,45-54,2,IL,670,2,1,0,30173.0,59517.0
C0107401,Mr. Michael Peters,35-44,18,NC,820,3,1,1,4565.0,196610.0
C0107402,Nicholas Berry,35-44,6,FL,708,1,0,0,14912.0,57227.0
C0107403,William Werner,45-54,7,NJ,757,4,1,1,7927.0,264566.0
C0107404,Craig Tate,45-54,12,AZ,740,4,1,1,37830.0,77207.0
C0107405,Jessica White,25-34,2,MA,718,2,1,0,10197.0,187070.0
C0107406,Sara Goodman,65+,13,OH,743,2,1,0,6362.0,176460.0
C0107407,Mackenzie Price DDS,45-54,11,PA,781,1,0,0,55263.0,78042.0
C0107408,Jared Stark,45-54,16,GA,750,2,1,0,2674.0,132055.0
C0107409,Brian Taylor,35-44,3,TX,727,1,0,0,11885.0,150515.0
C0107410,Shannon Chapman,55-64,1,NJ,743,1,0,0,41743.0,166080.0
C0107411,Alexandra Foster,55-64,16,OH,806,1,0,0,18023.0,236386.0
C0107412,Kathy Ortega,25-34,8,TX,701,2,1,0,3244.0,160041.0
C0107413,Ashley May DDS,45-54,2,NC,636,1,0,0,3041.0,86429.0
C0107414,Edgar Stevens,45-54,12,NJ,670,1,0,0,1495.0,98703.0
C0107415,Jocelyn Chambers,55-64,10,NY,674,2,1,0,48026.0,88871.0
C0107416,Stephen Walker,35-44,20,OH,680,1,0,0,2081.0,104669.0
C0107417,Kyle Johnson,55-64,19,AZ,681,1,0,0,19074.0,159436.0
C0107418,Ashley Bell,45-54,11,NJ,718,1,0,0,1463.0,165502.0
C0107419,Alyssa Morales,25-34,4,VA,731,1,0,0,174296.0,157669.0
C0107420,Latoya Nelson,25-34,15,OH,730,1,0,0,1598.0,139953.0
C0107421,Pam Miller,35-44,5,GA,687,1,0,0,8527.0,150268.0
C0107422,Dillon Nelson,35-44,17,GA,764,2,1,0,34699.0,102759.0
C0107423,Maxwell Whitaker,45-54,13,OH,744,1,0,0,3485.0,215647.0
C0107424,Christine Jennings,55-64,8,FL,791,1,0,0,15939.0,66467.0
C0107425,Ashlee Williams,35-44,20,CA,758,3,1,1,5778.0,124412.0
C0107426,Rebecca Baker,65+,11,WA,704,2,1,0,12911.0,242698.0
C0107427,Tina Hancock,35-44,8,NC,778,2,1,0,29641.0,96956.0
C0107428,Daniel Jones III,45-54,4,GA,732,4,1,1,4846.0,131961.0
C0107429,Ashley Smith,65+,13,NC,755,3,1,1,48839.0,220643.0
C0107430,Matthew Garza,55-64,6,OH,752,2,1,0,12369.0,60200.0
C0107431,Patricia Williams,45-54,4,AZ,714,2,1,0,83965.0,342310.0
C0107432,Steven Martin,55-64,3,GA,724,1,0,0,2986.0,98361.0
C0107433,Brittany Hoffman,25-34,13,GA,714,2,1,0,3750.0,94176.0
C0107434,Sarah Frost,25-34,19,GA,681,2,1,0,6132.0,137307.0
C0107435,Joshua Johnson,35-44,6,FL,623,4,1,1,1891.0,196624.0
C0107436,Sherri Guzman,25-34,5,FL,688,4,1,1,24614.0,175924.0
C0107437,Charles Blevins,35-44,13,FL,728,1,0,0,7398.0,283509.0
C0107438,Deanna Woodard,35-44,3,NY,768,4,1,1,2048.0,103287.0
C0107439,Elizabeth Green,65+,2,FL,755,3,1,1,3019.0,158766.0
C0107440,Anthony Flores,55-64,13,NY,707,2,1,0,2853.0,53988.0
C0107441,Antonio Woods,55-64,11,MA,689,4,1,1,24548.0,73419.0
C0107442,Mrs. Sara Hebert,55-64,1,IL,711,1,0,0,14025.0,132083.0
C0107443,Thomas Reyes,35-44,5,VA,676,2,1,0,6911.0,166959.0
C0107444,Richard Garcia,25-34,4,IL,624,3,1,1,5227.0,132644.0
C0107445,Angelica Simpson,45-54,14,WA,650,1,0,0,6085.0,145282.0
C0107446,Chad Thornton,45-54,14,VA,781,3,1,1,68688.0,101589.0
C0107447,Emily Abbott,35-44,15,WA,803,3,1,1,6120.0,114927.0
C0107448,Chad Escobar,45-54,2,PA,753,3,1,1,22676.0,433914.0
C0107449,April Arellano,45-54,17,TX,717,1,0,0,5458.0,93423.0
C0107450,Regina Davis,35-44,5,PA,657,2,1,0,61022.0,208270.0
C0107451,Casey Ferguson,35-44,20,NJ,712,1,0,0,1876.0,68271.0
C0107452,Elizabeth Taylor,35-44,18,MI,747,3,1,1,21342.0,50675.0
C0107453,Mr. Raymond Lawson,45-54,10,NJ,757,2,1,0,3258.0,90569.0
C0107454,Karen Hicks,65+,16,MA,750,2,1,0,115377.0,348895.0
C0107455,Edward Patterson DDS,45-54,14,NY,774,3,1,1,18710.0,80760.0
C0107456,Richard Miller,55-64,16,OH,807,2,1,0,1049.0,112112.0
C0107457,Kathryn Mendez,55-64,1,GA,701,2,1,0,2650.0,89045.0
C0107458,William Martinez,25-34,2,FL,820,2,1,0,18438.0,76537.0
C0107459,Donna Wright,45-54,19,MI,629,2,1,0,17843.0,105516.0
C0107460,Gregory Wiley,45-54,16,CA,684,3,1,1,16314.0,146751.0
C0107461,David Mora,45-54,13,AZ,729,3,1,1,9778.0,229860.0
C0107462,Anthony Carlson,25-34,7,TX,744,1,0,0,5526.0,37364.0
C0107463,Matthew Price,65+,9,TX,711,1,0,0,29855.0,90830.0
C0107464,David Cooper,65+,8,FL,697,2,1,0,2873.0,253428.0
C0107465,Frank Todd,25-34,9,AZ,819,1,0,0,8640.0,240972.0
C0107466,Eric Jones Jr.,35-44,13,WA,695,3,1,1,3850.0,134083.0
C0107467,John Stokes,35-44,16,AZ,674,2,1,0,3499.0,170613.0
C0107468,Julie Daniels,55-64,8,WA,796,1,0,0,4671.0,315861.0
C0107469,Desiree Fox,45-54,17,AZ,758,2,1,0,3353.0,525062.0
C0107470,Jessica Munoz,35-44,2,GA,769,1,0,0,15672.0,160341.0
C0107471,Vicki Harper,55-64,17,CA,728,3,1,1,1378.0,191983.0
C0107472,Mrs. Ashley Mooney,35-44,14,OH,658,1,0,0,13592.0,118202.0
C0107473,Gina Hayes,45-54,11,NY,723,1,0,0,3785.0,62295.0
C0107474,Sylvia Clark,35-44,8,NY,651,1,0,0,8404.0,156828.0
C0107475,Jonathan Tanner,45-54,8,NJ,730,2,1,0,6633.0,249232.0
C0107476,Cathy Little,45-54,8,FL,749,3,1,1,4451.0,43951.0
C0107477,Christopher Powell,35-44,19,PA,768,2,1,0,34744.0,45057.0
C0107478,Heidi Richardson,35-44,1,IL,715,1,0,0,5192.0,148635.0
C0107479,Shane Alvarez,65+,13,CA,753,2,1,0,18849.0,27263.0
C0107480,Angela Trevino,45-54,20,NJ,679,2,1,0,19142.0,53442.0
C0107481,Denise Combs,65+,11,VA,763,3,1,1,5842.0,20649.0
C0107482,Robert Hicks,45-54,13,NC,750,1,0,0,1791.0,38229.0
C0107483,Jennifer White,55-64,12,CA,683,3,1,1,2811.0,70621.0
C0107484,Michael Wallace,35-44,11,VA,743,2,1,0,37592.0,115044.0
C0107485,Sherri Smith,55-64,13,OH,769,2,1,0,14633.0,309967.0
C0107486,Robin Ortiz,35-44,19,NY,723,2,1,0,9572.0,170438.0
C0107487,Megan Mcneil,25-34,15,MA,682,1,0,0,4103.0,95667.0
C0107488,Ariel Taylor,35-44,17,WA,727,1,0,0,64743.0,85629.0
C0107489,John Jackson,25-34,12,OH,744,3,1,1,2859.0,132223.0
C0107490,Ashley Bell,65+,16,OH,682,2,1,0,9582.0,65589.0
C0107491,Candace Perez,65+,18,AZ,674,2,1,0,14797.0,119380.0
C0107492,Catherine Hawkins,55-64,5,FL,743,2,1,0,1691.0,238170.0
C0107493,Joshua Ruiz,25-34,18,OH,757,1,0,0,3261.0,131467.0
C0107494,Kelly Howard,55-64,14,NC,816,1,0,0,4679.0,43569.0
C0107495,Linda Johnson,55-64,9,IL,749,2,1,0,22795.0,41581.0
C0107496,Andrew Potter,35-44,16,PA,665,1,0,0,4791.0,116555.0
C0107497,Larry Wilson,45-54,4,TX,811,4,1,1,1446.0,142777.0
C0107498,Richard Bush,45-54,14,PA,767,1,0,0,1289.0,209808.0
C0107499,Hannah Johnson,25-34,12,IL,629,2,1,0,3228.0,91859.0
C0107500,Patricia Lee,45-54,18,WA,673,1,0,0,1355.0,100743.0
C0107501,Terri Pennington,55-64,13,IL,697,3,1,1,20381.0,114841.0
C0107502,Marvin Vargas,35-44,11,FL,757,3,1,1,21363.0,74164.0
C0107503,Adrienne Noble,35-44,11,WA,612,1,0,0,8172.0,98454.0
C0107504,Mark Boyle,45-54,12,IL,714,2,1,0,5909.0,174432.0
C0107505,John Hooper,55-64,18,AZ,755,4,1,1,19730.0,83239.0
C0107506,Julie Allen,65+,16,TX,592,2,1,0,18774.0,254015.0
C0107507,Joshua York,55-64,2,CA,753,1,0,0,2480.0,279567.0
C0107508,Eric Howell,45-54,11,AZ,759,3,1,1,2927.0,153120.0
C0107509,Michelle Rivera,45-54,6,TX,681,2,1,0,18918.0,174938.0
C0107510,Louis Savage,45-54,4,CA,668,1,0,0,11211.0,153411.0
C0107511,Philip Hodges,45-54,18,MI,681,3,1,1,16813.0,182149.0
C0107512,Matthew Roberts,25-34,18,PA,599,4,1,1,2772.0,68271.0
C0107513,Rebecca Roberts,45-54,19,GA,705,1,0,0,3288.0,414574.0
C0107514,Betty Johnson,55-64,8,OH,729,2,1,0,14139.0,79578.0
C0107515,Jordan Peters,45-54,9,PA,665,1,0,0,3575.0,107017.0
C0107516,Alison Walker,55-64,16,GA,763,3,1,1,1308.0,141528.0
C0107517,William Hansen,45-54,4,NY,724,3,1,1,3640.0,67492.0
C0107518,Allison Cowan,35-44,2,NY,731,4,1,1,6335.0,290145.0
C0107519,Kevin Wilson,25-34,9,NY,701,1,0,0,62419.0,65110.0
C0107520,Daniel Guerrero,25-34,13,TX,753,1,0,0,2963.0,139198.0
C0107521,Michelle King,35-44,10,GA,778,2,1,0,7525.0,163945.0
C0107522,Cynthia Le,45-54,5,NC,701,1,0,0,94044.0,100616.0
C0107523,Alexis Olsen,35-44,11,CA,754,1,0,0,2182.0,118138.0
C0107524,Tina Melendez,35-44,19,OH,754,1,0,0,17901.0,162561.0
C0107525,Leslie Torres,35-44,6,VA,738,3,1,1,3452.0,228138.0
C0107526,Kimberly Ramirez,55-64,9,CA,795,2,1,0,13122.0,107410.0
C0107527,Nancy Flowers,55-64,7,PA,687,3,1,1,133462.0,89357.0
C0107528,Jessica Walsh,35-44,6,MA,701,1,0,0,20949.0,114454.0
C0107529,Heather Hernandez,35-44,14,OH,685,3,1,1,9723.0,77466.0
C0107530,Kimberly Smith,25-34,8,CA,752,2,1,0,2588.0,237729.0
C0107531,Anthony Rivera,25-34,13,GA,707,1,0,0,6565.0,353143.0
C0107532,David Avila,35-44,1,OH,688,2,1,0,4112.0,132998.0
C0107533,Steven Miller,25-34,14,NY,794,3,1,1,1421.0,111172.0
C0107534,Jeremy Davis,35-44,3,TX,801,1,0,0,630.0,145068.0
C0107535,Matthew Jones,65+,8,AZ,705,3,1,1,2991.0,90971.0
C0107536,Kristen Taylor,45-54,18,WA,658,2,1,0,7802.0,126241.0
C0107537,Alex Ramirez,55-64,7,NJ,803,2,1,0,31045.0,198637.0
C0107538,James Austin,25-34,14,CA,741,3,1,1,3341.0,195217.0
C0107539,Sarah Phillips,35-44,8,AZ,738,3,1,1,10198.0,104185.0
C0107540,Raymond Porter,65+,19,GA,724,2,1,0,1052.0,50377.0
C0107541,Erica Walter,35-44,20,GA,683,1,0,0,3101.0,114165.0
C0107542,Douglas Lopez,45-54,19,AZ,701,2,1,0,430.0,126357.0
C0107543,Stephanie Thompson,65+,8,OH,750,3,1,1,118296.0,151474.0
C0107544,Aaron Johnson,45-54,7,NY,699,4,1,1,10276.0,357527.0
C0107545,Michael Parker,35-44,13,NY,739,3,1,1,9894.0,103380.0
C0107546,Gloria Dunlap,45-54,17,AZ,720,3,1,1,15402.0,61091.0
C0107547,Brian Nichols,25-34,11,NC,672,2,1,0,169199.0,53938.0
C0107548,Douglas Frye,25-34,15,NC,792,3,1,1,4806.0,166397.0
C0107549,Janet Flowers,25-34,18,NC,746,1,0,0,2498.0,100850.0
C0107550,Jamie Martin,55-64,16,NY,734,2,1,0,89341.0,157959.0
C0107551,Jesse Allen,45-54,8,OH,744,2,1,0,1850.0,41234.0
C0107552,Connie Thomas,35-44,5,MA,639,2,1,0,38475.0,115749.0
C0107553,Megan Carter,35-44,9,FL,697,2,1,0,7416.0,99626.0
C0107554,Daniel Miller,45-54,12,MA,651,4,1,1,13630.0,83247.0
C0107555,Tammy Taylor,65+,17,PA,725,3,1,1,1445.0,260253.0
C0107556,Angel Smith,35-44,7,PA,734,3,1,1,182097.0,205872.0
C0107557,Lisa Long,35-44,4,CA,726,3,1,1,5122.0,171190.0
C0107558,Melissa Greene,55-64,7,MI,773,3,1,1,3493.0,358607.0
C0107559,Brett Phillips,55-64,12,PA,652,2,1,0,15647.0,55374.0
C0107560,Charles Anderson,65+,5,OH,684,1,0,0,3737.0,120607.0
C0107561,Jason Weaver,35-44,8,NC,738,3,1,1,13485.0,94474.0
C0107562,Susan Howard,25-34,6,MI,731,1,0,0,1784.0,48024.0
C0107563,Christopher Sullivan,35-44,20,MA,660,3,1,1,9650.0,68676.0
C0107564,Karen Mooney,35-44,11,NC,773,1,0,0,3929.0,71933.0
C0107565,Daniel Martinez,55-64,15,FL,789,2,1,0,3165.0,58330.0
C0107566,Andrew Lewis,25-34,11,NJ,739,1,0,0,2619.0,55868.0
C0107567,Laurie Porter,45-54,1,CA,652,3,1,1,23460.0,186654.0
C0107568,Richard Nicholson,65+,6,WA,727,3,1,1,5322.0,68156.0
C0107569,Chris Butler,65+,17,PA,735,1,0,0,6499.0,34967.0
C0107570,Amber Ray,45-54,11,NJ,707,1,0,0,13527.0,197698.0
C0107571,Christine Montgomery,65+,15,FL,780,4,1,1,31831.0,237979.0
C0107572,John Munoz Jr.,25-34,16,OH,714,1,0,0,2676.0,54755.0
C0107573,Catherine Perkins,35-44,12,NJ,814,3,1,1,10559.0,144781.0
C0107574,Brett Thomas,25-34,12,MI,755,3,1,1,2720.0,166479.0
C0107575,Jamie Robbins,65+,5,CA,732,3,1,1,6309.0,107223.0
C0107576,Johnathan Palmer,65+,5,CA,761,1,0,0,29089.0,110463.0
C0107577,Wayne Parker,25-34,3,MA,788,3,1,1,485.0,101757.0
C0107578,Lauren Howell,25-34,6,GA,760,4,1,1,2677.0,92135.0
C0107579,Crystal Mitchell,35-44,13,WA,716,2,1,0,6139.0,85972.0
C0107580,Monica Madden,35-44,19,TX,690,3,1,1,12794.0,135546.0
C0107581,David Rivers,55-64,9,GA,669,1,0,0,35021.0,111909.0
C0107582,Julie Moon,35-44,13,NC,610,4,1,1,1057.0,176717.0
C0107583,Angela Rivera,55-64,18,AZ,727,1,0,0,44293.0,103645.0
C0107584,Nicholas Massey,45-54,14,NJ,702,1,0,0,15138.0,107262.0
C0107585,Richard Wilson,35-44,6,MI,704,1,0,0,6071.0,158740.0
C0107586,Peter Gonzalez,25-34,6,PA,766,4,1,1,1390.0,72009.0
C0107587,Susan Mora,65+,13,MA,714,2,1,0,4077.0,67163.0
C0107588,Valerie Patterson,45-54,6,PA,805,1,0,0,27729.0,176900.0
C0107589,Jeffrey Brown,35-44,5,PA,694,1,0,0,8364.0,190967.0
C0107590,John Kemp,35-44,12,NJ,676,3,1,1,6523.0,64648.0
C0107591,Calvin Bowers,65+,13,MA,663,1,0,0,2526.0,104805.0
C0107592,Brandon Graves,55-64,6,WA,752,2,1,0,19566.0,50045.0
C0107593,Joshua Russell,55-64,1,FL,771,2,1,0,6771.0,52799.0
C0107594,Nathan Brown,45-54,16,WA,693,3,1,1,6100.0,118165.0
C0107595,Benjamin Wilson,55-64,8,IL,672,2,1,0,7228.0,188114.0
C0107596,Joshua Ho,35-44,13,NY,788,3,1,1,3736.0,40057.0
C0107597,Mark Woods,55-64,4,MA,654,1,0,0,3046.0,137725.0
C0107598,George Taylor,35-44,7,MA,765,2,1,0,1308.0,203710.0
C0107599,John Ryan,45-54,13,IL,694,1,0,0,3853.0,129203.0
C0107600,Andrea Taylor,65+,3,CA,737,2,1,0,934.0,150607.0
C0107601,Kellie Mitchell,65+,7,NY,768,2,1,0,14514.0,139852.0
C0107602,Jennifer Buck,45-54,15,NC,741,2,1,0,3637.0,383181.0
C0107603,Dustin Hernandez,45-54,16,CA,706,4,1,1,5061.0,27370.0
C0107604,Alex Johnson,55-64,8,NY,782,4,1,1,7750.0,243730.0
C0107605,Jody Rogers,65+,3,FL,733,1,0,0,3094.0,146031.0
C0107606,Laura Medina,55-64,1,MA,820,2,1,0,1978.0,142504.0
C0107607,Brittany Sanchez,25-34,12,IL,643,3,1,1,10574.0,63651.0
C0107608,Christine Green,35-44,14,IL,642,4,1,1,78183.0,249321.0
C0107609,Matthew Shaw,55-64,12,OH,764,1,0,0,24153.0,80418.0
C0107610,Lonnie Martinez,55-64,9,CA,718,2,1,0,37641.0,251944.0
C0107611,Vincent Reeves,55-64,1,NC,755,2,1,0,1706.0,95553.0
C0107612,Matthew Harris,45-54,5,AZ,670,1,0,0,6440.0,96260.0
C0107613,Jennifer Hudson,35-44,1,WA,722,2,1,0,6389.0,91664.0
C0107614,Gina Clark,35-44,10,NY,740,1,0,0,44986.0,88324.0
C0107615,Amanda Garcia,55-64,7,CA,695,1,0,0,24348.0,124807.0
C0107616,Seth Olsen,35-44,2,VA,730,3,1,1,6654.0,31428.0
C0107617,Carla Patterson,45-54,13,WA,658,1,0,0,520.0,95564.0
C0107618,Jeffrey Glenn,55-64,8,AZ,737,1,0,0,2017.0,111288.0
C0107619,Shelby Wood,55-64,20,NC,785,2,1,0,17319.0,97728.0
C0107620,Katherine Holder,35-44,9,GA,664,2,1,0,5514.0,142094.0
C0107621,Gregory Rivers,55-64,2,VA,661,2,1,0,7099.0,319254.0
C0107622,Katherine Davenport,25-34,15,NJ,773,4,1,1,16922.0,154091.0
C0107623,Emily Potter,25-34,15,VA,660,2,1,0,31513.0,229797.0
C0107624,Vanessa Green,35-44,19,PA,757,1,0,0,3182.0,159986.0
C0107625,Edward Simmons,25-34,14,AZ,722,1,0,0,16481.0,200189.0
C0107626,Robert Lane,65+,8,CA,701,2,1,0,56035.0,127675.0
C0107627,Sandra Smith,65+,14,TX,785,2,1,0,44962.0,66572.0
C0107628,Charles Smith,25-34,16,MI,761,4,1,1,4286.0,149159.0
C0107629,Carl Bradley,55-64,11,NC,732,2,1,0,11543.0,120073.0
C0107630,Joseph Cook,45-54,16,NC,623,2,1,0,19948.0,164860.0
C0107631,Robert Brown,55-64,20,AZ,752,3,1,1,8301.0,44672.0
C0107632,Cameron West,55-64,16,AZ,671,3,1,1,6009.0,208100.0
C0107633,Johnathan Harper,45-54,11,NJ,710,3,1,1,1016.0,49812.0
C0107634,Francisco Johnson,25-34,10,FL,720,2,1,0,2870.0,118866.0
C0107635,Richard Scott,25-34,17,TX,805,1,0,0,3518.0,238822.0
C0107636,Sharon Jones,45-54,18,FL,708,2,1,0,1784.0,132397.0
C0107637,Elizabeth Melton,65+,6,MI,655,1,0,0,9241.0,55213.0
C0107638,Stephanie Lopez,45-54,1,NJ,786,2,1,0,22922.0,94406.0
C0107639,Eileen Snyder,35-44,17,VA,752,3,1,1,4900.0,76460.0
C0107640,Shannon Donovan,25-34,5,TX,754,2,1,0,576.0,296660.0
C0107641,Monica Smith,65+,20,PA,786,1,0,0,7030.0,176852.0
C0107642,Valerie Sharp,35-44,1,IL,797,1,0,0,11257.0,183665.0
C0107643,Shawn Brooks,55-64,19,MI,679,3,1,1,10380.0,73255.0
C0107644,Doris Rios,45-54,14,CA,657,1,0,0,3411.0,139432.0
C0107645,Dalton Santos,35-44,7,WA,757,2,1,0,1908.0,298573.0
C0107646,Anna Chavez,25-34,1,TX,708,3,1,1,23475.0,173897.0
C0107647,Theresa Mercer,35-44,17,GA,712,1,0,0,12358.0,99712.0
C0107648,David Wallace,35-44,3,AZ,669,3,1,1,3578.0,102067.0
C0107649,Brittney Brown,55-64,2,FL,746,1,0,0,1338.0,63045.0
C0107650,Michele Stewart,55-64,16,NJ,738,3,1,1,10584.0,83496.0
C0107651,Jennifer Ross,35-44,14,NC,713,1,0,0,2760.0,53766.0
C0107652,Alexandra Gonzalez,45-54,3,WA,657,1,0,0,12826.0,59489.0
C0107653,Megan Allison,25-34,7,NC,774,1,0,0,9793.0,159320.0
C0107654,Rhonda Simmons,35-44,14,WA,731,3,1,1,97958.0,35418.0
C0107655,Austin Taylor,55-64,14,OH,770,2,1,0,7380.0,136685.0
C0107656,Brittany Underwood,55-64,8,FL,625,3,1,1,89403.0,75993.0
C0107657,Stephanie Cortez,55-64,9,NJ,722,2,1,0,8940.0,102193.0
C0107658,Kathy Adams,25-34,2,MA,687,3,1,1,3640.0,63371.0
C0107659,David Oconnell,45-54,1,OH,721,2,1,0,2283.0,88047.0
C0107660,Christine Mullins,35-44,20,WA,762,2,1,0,2829.0,87298.0
C0107661,Jerry Johnston,65+,5,AZ,736,2,1,0,13560.0,103582.0
C0107662,Richard Jackson,45-54,19,MI,720,1,0,0,9462.0,104498.0
C0107663,Kimberly Sullivan,65+,1,VA,720,4,1,1,892.0,138752.0
C0107664,Margaret Terry,25-34,20,NC,649,4,1,1,27562.0,478435.0
C0107665,Samuel Bowman,45-54,9,WA,679,1,0,0,47681.0,238595.0
C0107666,Thomas Macdonald,55-64,17,IL,770,4,1,1,881.0,42864.0
C0107667,Linda Johnson,35-44,17,GA,697,1,0,0,27294.0,159752.0
C0107668,Dr. Diana Espinoza,45-54,8,TX,771,2,1,0,61066.0,178687.0
C0107669,Sean Thomas,45-54,15,FL,757,3,1,1,939.0,268584.0
C0107670,Pamela Davis,65+,7,NC,759,1,0,0,4625.0,193100.0
C0107671,Cindy Williams,35-44,16,NJ,734,1,0,0,2924.0,251436.0
C0107672,Stacy Smith,65+,20,CA,700,3,1,1,26074.0,135185.0
C0107673,Gary Myers,35-44,17,TX,713,2,1,0,4926.0,93716.0
C0107674,Richard Schmidt,45-54,15,CA,748,2,1,0,4696.0,192384.0
C0107675,Michelle Brown,45-54,8,GA,624,3,1,1,13434.0,132124.0
C0107676,Claire Warren,35-44,3,IL,775,1,0,0,52656.0,132484.0
C0107677,Margaret Chandler,65+,11,CA,697,1,0,0,7525.0,57454.0
C0107678,David Jones,65+,3,VA,716,4,1,1,4606.0,96197.0
C0107679,Dillon Brown,65+,11,GA,716,2,1,0,5760.0,89292.0
C0107680,Steven Morgan,65+,18,CA,718,2,1,0,17850.0,162666.0
C0107681,Sandra Lee,45-54,3,NJ,660,1,0,0,1640.0,298141.0
C0107682,Ashley Robertson,45-54,19,AZ,726,4,1,1,7945.0,199857.0
C0107683,Eric Flores,55-64,12,OH,746,1,0,0,2630.0,103680.0
C0107684,Christina Weber,25-34,1,MA,627,1,0,0,1913.0,86183.0
C0107685,Thomas Black,55-64,15,OH,661,1,0,0,786.0,260608.0
C0107686,Douglas Rodriguez,45-54,1,TX,760,3,1,1,4368.0,159369.0
C0107687,Joanne Baker,45-54,13,TX,751,1,0,0,29569.0,26884.0
C0107688,Timothy Johnson,35-44,11,TX,733,1,0,0,750.0,191402.0
C0107689,Rachel Sandoval,35-44,15,PA,689,2,1,0,15541.0,162556.0
C0107690,Larry Benson,25-34,8,IL,752,2,1,0,3720.0,16616.0
C0107691,Christina Miles,35-44,3,OH,665,1,0,0,2262.0,175455.0
C0107692,Brian Black,35-44,8,GA,713,2,1,0,12242.0,50979.0
C0107693,William Holmes,35-44,16,WA,661,2,1,0,39053.0,74683.0
C0107694,Bradley Duncan,35-44,20,CA,712,1,0,0,48903.0,353949.0
C0107695,Janice Kelly,45-54,5,AZ,673,1,0,0,11389.0,157523.0
C0107696,Kelly Beck,35-44,8,NY,754,4,1,1,7448.0,113224.0
C0107697,Austin Kane,55-64,18,MA,739,2,1,0,12963.0,80811.0
C0107698,Sharon Cook,25-34,7,FL,694,1,0,0,158317.0,117883.0
C0107699,Christine Lopez,45-54,5,TX,769,2,1,0,5703.0,124174.0
C0107700,Joshua Chapman,35-44,17,TX,676,1,0,0,31632.0,152633.0
C0107701,Jeremiah Hernandez,45-54,10,PA,718,2,1,0,3980.0,100783.0
C0107702,Jacob Allen,45-54,12,MA,692,3,1,1,2991.0,109318.0
C0107703,Matthew Townsend,45-54,10,OH,753,1,0,0,67689.0,118575.0
C0107704,Diane Hughes,35-44,13,FL,748,4,1,1,8129.0,115828.0
C0107705,Anna Whitehead,45-54,6,MI,778,2,1,0,10609.0,115530.0
C0107706,Frances Williams,35-44,15,GA,723,1,0,0,15620.0,233547.0
C0107707,Kimberly Adams,45-54,8,NJ,586,1,0,0,2776.0,105926.0
C0107708,Joshua Jacobs,35-44,11,VA,700,1,0,0,4789.0,119552.0
C0107709,Robert Frank,45-54,4,VA,790,3,1,1,3750.0,78232.0
C0107710,Richard Peterson,35-44,1,FL,705,2,1,0,12072.0,220997.0
C0107711,Roger White,55-64,12,GA,633,3,1,1,12581.0,55615.0
C0107712,Jessica Castro,35-44,3,MI,740,1,0,0,3942.0,77018.0
C0107713,Dawn Jones,35-44,19,NC,743,1,0,0,92348.0,192696.0
C0107714,Parker Brown,35-44,20,MA,687,2,1,0,7841.0,111281.0
C0107715,Shaun Wood,25-34,7,MA,708,2,1,0,9167.0,202558.0
C0107716,Brian Allen,45-54,6,WA,681,1,0,0,40627.0,117441.0
C0107717,Julie Lee,55-64,11,NY,743,1,0,0,2836.0,88766.0
C0107718,Kimberly Elliott,55-64,5,GA,722,4,1,1,4337.0,39014.0
C0107719,Stephen Kirby,35-44,18,WA,667,2,1,0,11414.0,69328.0
C0107720,Pamela Walker,35-44,3,PA,719,1,0,0,1379.0,76503.0
C0107721,Sarah Clements,55-64,10,NJ,687,3,1,1,6094.0,202107.0
C0107722,Julie Gillespie,25-34,4,NY,785,2,1,0,94945.0,32040.0
C0107723,Audrey Koch,35-44,17,FL,760,3,1,1,72750.0,124146.0
C0107724,Brenda Anderson,55-64,3,NY,714,4,1,1,23781.0,133210.0
C0107725,Marissa Dorsey,35-44,9,AZ,723,1,0,0,33500.0,51517.0
C0107726,Richard Brown,25-34,17,MA,765,4,1,1,14648.0,63854.0
C0107727,Bradley Jones,35-44,9,WA,712,1,0,0,4828.0,132388.0
C0107728,Michelle Ramirez,45-54,4,PA,754,1,0,0,58238.0,104929.0
C0107729,Michael Burns,35-44,4,VA,786,2,1,0,2595.0,98988.0
C0107730,Tracey Bailey,45-54,13,NY,697,3,1,1,25904.0,172724.0
C0107731,Sarah Holt,35-44,3,TX,794,1,0,0,4398.0,83759.0
C0107732,John Todd,35-44,8,NY,780,1,0,0,4728.0,103162.0
C0107733,Rachel Berger,35-44,13,FL,731,1,0,0,15466.0,92831.0
C0107734,Megan Aguilar,55-64,8,MI,700,1,0,0,93039.0,166312.0
C0107735,James Mckinney,35-44,17,NJ,730,1,0,0,44999.0,97862.0
C0107736,Raymond Powell,55-64,14,CA,708,1,0,0,12167.0,86187.0
C0107737,Edward Lawson,35-44,3,TX,684,4,1,1,8738.0,136106.0
C0107738,Jamie Bond,25-34,17,GA,743,3,1,1,20698.0,114701.0
C0107739,Richard Smith,35-44,19,TX,673,4,1,1,41697.0,175831.0
C0107740,Holly Martin,45-54,5,WA,704,1,0,0,980.0,15958.0
C0107741,Diane Taylor,45-54,8,OH,705,1,0,0,6958.0,67244.0
C0107742,Melanie Diaz,55-64,8,OH,658,2,1,0,2292.0,149655.0
C0107743,Lori Krueger,65+,9,CA,749,2,1,0,6233.0,110566.0
C0107744,Ryan Riley,55-64,10,NJ,709,2,1,0,1791.0,101591.0
C0107745,Dana Hanson,45-54,18,NJ,778,1,0,0,928.0,23627.0
C0107746,Alex Steele,45-54,14,VA,708,3,1,1,1664.0,222932.0
C0107747,David Williams,45-54,18,NC,701,2,1,0,4170.0,174262.0
C0107748,Johnathan Davidson,35-44,8,PA,679,2,1,0,16381.0,63558.0
C0107749,Terry Murphy,55-64,11,TX,721,2,1,0,3051.0,157412.0
C0107750,Anne Jones,55-64,3,PA,722,1,0,0,2867.0,116537.0
C0107751,Susan Barnes,35-44,6,NC,753,1,0,0,13028.0,80414.0
C0107752,Andrew Morales,65+,12,TX,723,4,1,1,11432.0,86163.0
C0107753,Michelle Caldwell,55-64,4,CA,814,2,1,0,62481.0,163645.0
C0107754,Susan Harper,35-44,20,NY,740,1,0,0,24875.0,85574.0
C0107755,Tamara Harris,65+,6,TX,675,1,0,0,2366.0,122805.0
C0107756,Jordan Reeves,25-34,4,CA,671,1,0,0,3624.0,107305.0
C0107757,Steven Greene,25-34,16,GA,744,4,1,1,19846.0,196290.0
C0107758,Kelly Kennedy,35-44,2,VA,674,3,1,1,2797.0,86912.0
C0107759,David Sanchez,45-54,7,GA,746,2,1,0,5491.0,86315.0
C0107760,Kathy Gutierrez,35-44,4,TX,760,4,1,1,1041.0,92240.0
C0107761,Sarah Shelton,65+,14,IL,761,2,1,0,1689.0,105405.0
C0107762,Christopher Mcdowell,35-44,17,CA,680,3,1,1,36727.0,298513.0
C0107763,Zachary Simpson,35-44,4,MI,761,2,1,0,9903.0,69635.0
C0107764,Matthew Henderson,45-54,9,NY,734,3,1,1,3809.0,134703.0
C0107765,Joseph Collins,25-34,10,IL,692,4,1,1,4509.0,175359.0
C0107766,Deborah Small,55-64,14,AZ,712,2,1,0,63472.0,57007.0
C0107767,Virginia Jimenez,35-44,8,NC,741,1,0,0,3684.0,126592.0
C0107768,Aaron Cochran,65+,11,VA,689,1,0,0,14300.0,52569.0
C0107769,Morgan Barrett,45-54,11,IL,733,1,0,0,23058.0,133291.0
C0107770,James Williams,25-34,1,AZ,785,1,0,0,45888.0,298292.0
C0107771,Paul Tyler,25-34,12,NJ,763,2,1,0,2918.0,32905.0
C0107772,Kevin Hansen,25-34,12,GA,723,2,1,0,1511.0,33712.0
C0107773,Daniel Thomas,65+,20,NC,730,1,0,0,2155.0,106049.0
C0107774,Jennifer Pearson,45-54,11,MI,695,4,1,1,19482.0,82246.0
C0107775,Sherry Horton,35-44,18,FL,697,1,0,0,88458.0,56183.0
C0107776,David Roach,35-44,7,NY,650,1,0,0,20312.0,228431.0
C0107777,Susan James,55-64,14,NJ,731,1,0,0,3672.0,129967.0
C0107778,Sandra Gonzalez,35-44,19,OH,750,4,1,1,33705.0,45442.0
C0107779,Terry Brown,55-64,4,VA,716,2,1,0,4615.0,87374.0
C0107780,Anthony Hoover,55-64,12,GA,680,1,0,0,2987.0,85633.0
C0107781,Andrea Ramos,35-44,19,CA,722,1,0,0,5444.0,61878.0
C0107782,Aaron Shepard,45-54,12,MI,780,2,1,0,4035.0,124343.0
C0107783,Kim Williams,35-44,18,MI,760,4,1,1,3490.0,136353.0
C0107784,Vickie Hall,35-44,9,IL,718,2,1,0,35105.0,158389.0
C0107785,Diana Rogers,65+,18,VA,812,2,1,0,4364.0,367671.0
C0107786,Lindsay White,45-54,13,IL,820,2,1,0,1206.0,75565.0
C0107787,Lisa Hall,55-64,10,TX,698,1,0,0,16367.0,41088.0
C0107788,Michelle Schultz,45-54,5,TX,708,2,1,0,2577.0,94598.0
C0107789,Brandon Townsend,35-44,4,AZ,751,2,1,0,2679.0,175453.0
C0107790,Joseph Day,55-64,6,IL,678,3,1,1,18798.0,167478.0
C0107791,Rita Taylor,45-54,16,OH,758,1,0,0,3393.0,66887.0
C0107792,Mark Meyer,35-44,10,PA,724,1,0,0,4706.0,233849.0
C0107793,William Juarez,35-44,8,VA,736,2,1,0,8524.0,69015.0
C0107794,Jimmy Terry,45-54,10,MI,694,3,1,1,5747.0,203558.0
C0107795,Jimmy Smith,55-64,7,AZ,684,2,1,0,4841.0,158635.0
C0107796,Mitchell Jones,35-44,17,AZ,630,3,1,1,487.0,150413.0
C0107797,Yolanda Johnson,55-64,8,MA,786,3,1,1,6585.0,90606.0
C0107798,Joshua Lewis,35-44,10,PA,762,4,1,1,56170.0,100481.0
C0107799,Dana Atkins,35-44,12,NC,750,2,1,0,17250.0,160434.0
C0107800,Timothy Jacobs,35-44,13,IL,735,4,1,1,5164.0,181135.0
C0107801,Donna Taylor,55-64,7,NJ,616,3,1,1,14246.0,194678.0
C0107802,Victoria Burgess,35-44,2,VA,686,2,1,0,17203.0,167614.0
C0107803,Jay Hall,45-54,14,NY,708,2,1,0,2950.0,137713.0
C0107804,Dr. Heather Johnson PhD,35-44,12,WA,671,1,0,0,36630.0,126478.0
C0107805,John Mendoza,45-54,13,PA,643,2,1,0,9855.0,79332.0
C0107806,Katrina Mendoza,55-64,11,MA,676,3,1,1,5570.0,56561.0
C0107807,Beth Schmidt,35-44,11,WA,722,4,1,1,54640.0,85079.0
C0107808,Claire Mcintosh,65+,19,CA,722,2,1,0,677.0,380535.0
C0107809,Joseph Ortega,25-34,2,IL,760,4,1,1,1976.0,168001.0
C0107810,Brandon Pena,25-34,2,IL,812,1,0,0,17499.0,177971.0
C0107811,Rachel Martin,45-54,19,WA,750,4,1,1,18195.0,49154.0
C0107812,Carolyn Moore,55-64,18,NJ,712,2,1,0,58463.0,59777.0
C0107813,Jeffrey Robertson,35-44,9,CA,801,2,1,0,541.0,476906.0
C0107814,Alexandra Lyons,45-54,11,WA,648,2,1,0,22707.0,219167.0
C0107815,Mason Miller,35-44,9,NY,626,4,1,1,1818.0,103744.0
C0107816,Robert Jackson,45-54,20,IL,680,1,0,0,13396.0,105767.0
C0107817,Margaret Lowe,45-54,10,FL,756,2,1,0,7495.0,149062.0
C0107818,Tracy Smith,65+,16,FL,727,3,1,1,22469.0,80257.0
C0107819,Kevin Stokes,45-54,8,GA,669,1,0,0,6109.0,97137.0
C0107820,Ashley Morris,45-54,8,TX,687,2,1,0,27261.0,18370.0
C0107821,Karen Hernandez,45-54,14,TX,664,2,1,0,3000.0,38362.0
C0107822,Larry Crawford,35-44,8,VA,664,3,1,1,7349.0,312302.0
C0107823,Joshua Lopez,35-44,1,IL,789,4,1,1,10212.0,101188.0
C0107824,Tina Patel,65+,4,MI,713,1,0,0,60599.0,102249.0
C0107825,Thomas Sellers,35-44,18,MA,799,2,1,0,22016.0,136168.0
C0107826,Donna Mejia,55-64,8,CA,679,2,1,0,10355.0,150356.0
C0107827,Travis Hughes,25-34,3,VA,742,2,1,0,17462.0,179435.0
C0107828,Mr. Kenneth Ashley,55-64,19,TX,730,1,0,0,29833.0,204683.0
C0107829,Tyler Roy,35-44,20,VA,759,1,0,0,12701.0,160838.0
C0107830,Heather Davis,65+,10,PA,731,2,1,0,2368.0,115790.0
C0107831,Angela Wilson,45-54,13,FL,764,1,0,0,17224.0,207392.0
C0107832,Kelly Williams,25-34,16,NY,744,3,1,1,7832.0,119326.0
C0107833,Heather Williams,45-54,2,IL,670,1,0,0,5305.0,60008.0
C0107834,Catherine Nelson,45-54,6,NJ,752,4,1,1,3158.0,50766.0
C0107835,Catherine Gould,35-44,12,NJ,715,3,1,1,16239.0,106977.0
C0107836,Stacy Bailey,35-44,11,NJ,685,2,1,0,14979.0,76894.0
C0107837,Anthony Hall,55-64,7,CA,751,3,1,1,2574.0,62161.0
C0107838,Charles Gonzalez,55-64,1,MA,761,4,1,1,2149.0,70771.0
C0107839,Nicholas Hernandez,35-44,20,OH,698,3,1,1,78429.0,144477.0
C0107840,Amy Hunter,55-64,13,TX,704,2,1,0,22760.0,340743.0
C0107841,Amanda Hill,35-44,16,AZ,657,2,1,0,8992.0,117329.0
C0107842,Tracy Morales,25-34,9,VA,638,3,1,1,16772.0,100849.0
C0107843,Haley Cowan,45-54,11,TX,709,3,1,1,4623.0,166879.0
C0107844,Samuel Russell,25-34,9,OH,755,2,1,0,6589.0,92838.0
C0107845,Bryan Castro,35-44,9,AZ,694,2,1,0,8315.0,108718.0
C0107846,Stephen Smith,45-54,14,NJ,784,1,0,0,25775.0,90895.0
C0107847,Margaret Smith,35-44,20,FL,710,3,1,1,1486.0,369157.0
C0107848,Dennis Thompson,35-44,16,NJ,710,3,1,1,2382.0,115314.0
C0107849,Michael Taylor,55-64,14,FL,706,1,0,0,1864.0,173459.0
C0107850,Laura Cox,45-54,1,IL,764,1,0,0,22556.0,23688.0
C0107851,Ricky Reid,55-64,11,FL,676,4,1,1,7179.0,61934.0
C0107852,Melissa Nguyen DVM,45-54,20,NJ,714,1,0,0,2698.0,150170.0
C0107853,Renee Farmer,45-54,8,AZ,695,3,1,1,6212.0,157392.0
C0107854,Tracy Woodward,35-44,11,CA,694,2,1,0,3796.0,207383.0
C0107855,Jason Waters,55-64,7,MI,721,2,1,0,1449.0,68630.0
C0107856,Anthony James DVM,35-44,4,NY,714,1,0,0,36769.0,54831.0
C0107857,Heidi Torres,35-44,15,VA,767,1,0,0,6774.0,68901.0
C0107858,Colleen Rivera,55-64,7,FL,719,2,1,0,37803.0,34258.0
C0107859,James Patterson,55-64,12,IL,744,2,1,0,1424.0,62565.0
C0107860,Kimberly Carson,45-54,12,NY,727,3,1,1,14841.0,40035.0
C0107861,Shane Gonzalez,25-34,17,AZ,783,4,1,1,1435.0,101503.0
C0107862,Debra Gonzalez,25-34,19,TX,706,3,1,1,152430.0,80885.0
C0107863,Patrick Perez,45-54,12,NC,706,2,1,0,1017.0,87460.0
C0107864,Heather Payne,55-64,2,TX,753,2,1,0,69927.0,101290.0
C0107865,Christopher Butler,45-54,12,NC,705,1,0,0,7913.0,124907.0
C0107866,Jeffrey Myers V,25-34,18,VA,742,2,1,0,6507.0,197833.0
C0107867,Christian Valencia,35-44,10,VA,820,2,1,0,16436.0,68715.0
C0107868,Kaitlyn Warren,45-54,12,CA,675,3,1,1,2629.0,37429.0
C0107869,Jordan Lynch,45-54,16,VA,788,2,1,0,20788.0,145332.0
C0107870,Raymond Santos,25-34,9,PA,697,1,0,0,22697.0,80420.0
C0107871,Lisa Robinson,25-34,9,NJ,780,2,1,0,8220.0,108234.0
C0107872,Darlene Sanchez,35-44,10,MA,750,2,1,0,10939.0,149479.0
C0107873,Jessica Harper,25-34,18,TX,747,3,1,1,82090.0,130679.0
C0107874,Joseph Kelly,45-54,10,IL,713,2,1,0,17702.0,170094.0
C0107875,Rachel Flores,25-34,7,AZ,708,2,1,0,3170.0,118851.0
C0107876,Zachary Johnson,45-54,12,FL,687,1,0,0,19943.0,125882.0
C0107877,Derrick Ford,55-64,14,NY,720,4,1,1,4249.0,271433.0
C0107878,Alejandra Ellis,65+,19,NC,711,2,1,0,3368.0,185572.0
C0107879,Thomas Chang,65+,18,MA,728,3,1,1,14991.0,84180.0
C0107880,Latoya Terry,35-44,16,PA,656,2,1,0,2413.0,35850.0
C0107881,Thomas Burns,25-34,16,IL,721,4,1,1,8567.0,86178.0
C0107882,William Edwards,35-44,9,VA,776,3,1,1,18188.0,64786.0
C0107883,Tammy Estrada,55-64,7,TX,762,1,0,0,80150.0,92590.0
C0107884,Abigail Hart,25-34,12,PA,721,2,1,0,17431.0,120320.0
C0107885,Javier Rogers,35-44,15,PA,820,1,0,0,1389.0,73747.0
C0107886,Ashley Johnson MD,35-44,11,OH,694,3,1,1,1675.0,167182.0
C0107887,Abigail Riddle,35-44,5,NC,716,3,1,1,64319.0,59204.0
C0107888,Cody Hart,55-64,1,NY,654,2,1,0,3785.0,71948.0
C0107889,Greg Dyer,45-54,2,IL,701,1,0,0,1313.0,155493.0
C0107890,John Baker,45-54,9,AZ,800,3,1,1,2427.0,357582.0
C0107891,Megan Hall,65+,16,WA,703,3,1,1,21014.0,142396.0
C0107892,John Garrison,25-34,16,MA,651,2,1,0,9278.0,92141.0
C0107893,Chelsea Salinas,25-34,17,NJ,759,3,1,1,17620.0,61805.0
C0107894,Ashlee Thomas,35-44,15,NC,737,1,0,0,7788.0,106859.0
C0107895,Laura Hill,45-54,1,NY,757,1,0,0,2157.0,249004.0
C0107896,Jennifer Lopez,45-54,18,FL,706,4,1,1,949.0,55486.0
C0107897,Dennis Arnold,25-34,19,NC,674,3,1,1,2976.0,18631.0
C0107898,Jamie White,65+,17,OH,711,1,0,0,9378.0,166913.0
C0107899,Ashley Williams,35-44,9,VA,744,2,1,0,1958.0,222726.0
C0107900,Danny Lee,35-44,5,CA,716,2,1,0,26357.0,227253.0
C0107901,Hayley Carter,45-54,19,AZ,737,1,0,0,2440.0,261245.0
C0107902,Debbie Sherman,65+,4,FL,695,4,1,1,1116.0,206231.0
C0107903,Rebecca Colon,45-54,16,IL,739,1,0,0,8110.0,65794.0
C0107904,Lauren Nguyen,65+,20,IL,719,1,0,0,20188.0,88169.0
C0107905,Max Leblanc,35-44,19,AZ,688,3,1,1,48585.0,314547.0
C0107906,Hunter Campos,45-54,11,NJ,726,1,0,0,1171.0,112646.0
C0107907,Jesse Johnson,55-64,17,CA,702,2,1,0,44731.0,24184.0
C0107908,Brandy Lopez,45-54,17,WA,747,2,1,0,10121.0,151130.0
C0107909,Jennifer Gonzalez,35-44,20,NJ,759,1,0,0,3846.0,214676.0
C0107910,James Cuevas,65+,8,TX,742,2,1,0,18342.0,106979.0
C0107911,Brandon Stewart,25-34,13,VA,646,2,1,0,41211.0,63295.0
C0107912,Victor Ball,35-44,17,CA,676,4,1,1,1080.0,91326.0
C0107913,Nicole Juarez,55-64,5,OH,691,3,1,1,4831.0,100010.0
C0107914,Brian Mullins,65+,5,FL,684,1,0,0,4215.0,56011.0
C0107915,David Wilson,65+,8,CA,695,2,1,0,17175.0,75191.0
C0107916,Mary Myers,55-64,8,NC,761,2,1,0,46725.0,225875.0
C0107917,Marc Brown,25-34,16,NJ,751,1,0,0,8849.0,31299.0
C0107918,Angela Collier,65+,19,GA,700,1,0,0,5707.0,108414.0
C0107919,Richard Young,35-44,4,IL,746,2,1,0,13828.0,103234.0
C0107920,Gabriella Jones,45-54,7,GA,734,2,1,0,6116.0,183072.0
C0107921,Teresa Collins,35-44,19,FL,718,4,1,1,600.0,20465.0
C0107922,Gary Gilbert,55-64,12,CA,771,1,0,0,15070.0,73256.0
C0107923,Brenda Nicholson,45-54,5,FL,690,1,0,0,26445.0,35803.0
C0107924,Michele Barnes,55-64,13,CA,722,3,1,1,29391.0,136569.0
C0107925,Robert Meza,35-44,18,VA,672,3,1,1,2024.0,134383.0
C0107926,Cindy Harrington,35-44,8,MI,674,2,1,0,16791.0,51502.0
C0107927,Kiara Hawkins,35-44,10,FL,658,3,1,1,50987.0,93304.0
C0107928,Elizabeth Cooper,25-34,13,NC,675,3,1,1,168846.0,76151.0
C0107929,Mary Santos,45-54,17,GA,723,1,0,0,14396.0,143219.0
C0107930,Jacob Cabrera,35-44,12,TX,706,2,1,0,26387.0,99645.0
C0107931,Jacob Trevino,45-54,20,MA,707,3,1,1,2462.0,249997.0
C0107932,Christopher Bowen,25-34,16,MA,706,2,1,0,2105.0,90687.0
C0107933,David Ruiz,35-44,9,VA,799,4,1,1,26497.0,97445.0
C0107934,Jessica Owens,45-54,10,WA,668,4,1,1,704.0,105166.0
C0107935,Amy Higgins,35-44,14,NC,664,2,1,0,9764.0,121876.0
C0107936,Alexander Mitchell,35-44,2,WA,681,1,0,0,45104.0,191091.0
C0107937,Steven Boyd,35-44,5,GA,716,4,1,1,19055.0,51791.0
C0107938,Maria Wright,35-44,5,FL,743,2,1,0,18907.0,92648.0
C0107939,Jacqueline Herman,45-54,17,FL,747,1,0,0,7636.0,152633.0
C0107940,Andrew Delgado,35-44,17,WA,762,3,1,1,4955.0,34447.0
C0107941,William Webb,35-44,17,OH,715,2,1,0,107552.0,146503.0
C0107942,Marvin Flores,45-54,3,NJ,702,1,0,0,35610.0,114881.0
C0107943,Michael Wilson,45-54,6,FL,793,1,0,0,22371.0,75780.0
C0107944,Julie Martinez,45-54,7,OH,594,3,1,1,8378.0,47292.0
C0107945,Toni Lamb,35-44,1,TX,722,4,1,1,4020.0,60908.0
C0107946,Cindy Martin,65+,6,NY,739,2,1,0,29601.0,113304.0
C0107947,Jeffery Jennings,35-44,9,TX,804,1,0,0,5607.0,102245.0
C0107948,Anthony Gordon,35-44,18,NY,645,2,1,0,8906.0,100143.0
C0107949,Luke Moore,65+,4,MI,701,2,1,0,16964.0,60221.0
C0107950,Danielle Bradley,45-54,18,CA,658,1,0,0,10419.0,108908.0
C0107951,Frank Robinson,45-54,17,FL,639,2,1,0,52052.0,57560.0
C0107952,Richard Wilson,55-64,4,NJ,710,1,0,0,1662.0,62910.0
C0107953,Chad Palmer,25-34,6,FL,757,3,1,1,8785.0,223195.0
C0107954,Aaron Schneider,55-64,10,NC,774,3,1,1,105417.0,120055.0
C0107955,Kurt Montgomery,45-54,19,AZ,696,3,1,1,23777.0,139804.0
C0107956,Jacqueline Gonzalez,35-44,16,VA,749,1,0,0,6397.0,210945.0
C0107957,Evan Smith,35-44,20,TX,711,2,1,0,21133.0,114387.0
C0107958,Abigail Parsons MD,25-34,7,FL,745,2,1,0,7652.0,204359.0
C0107959,Dana Snyder,65+,19,NJ,771,2,1,0,47082.0,165644.0
C0107960,Stacy Garner,25-34,20,IL,711,3,1,1,21709.0,24031.0
C0107961,Gregory Brown,35-44,12,OH,768,3,1,1,2865.0,97648.0
C0107962,Kathryn Chavez,45-54,4,GA,665,3,1,1,10786.0,89784.0
C0107963,David Maxwell,55-64,6,NC,749,1,0,0,13391.0,53227.0
C0107964,Larry Higgins,35-44,3,OH,766,2,1,0,14210.0,187528.0
C0107965,Jason Norris,55-64,17,CA,761,1,0,0,11879.0,52711.0
C0107966,Elizabeth Jones,45-54,7,TX,666,2,1,0,15958.0,77252.0
C0107967,Brianna Mccormick,55-64,15,CA,710,2,1,0,13398.0,108429.0
C0107968,Anne Jones,25-34,6,NY,733,3,1,1,3410.0,83437.0
C0107969,Joshua Anderson,25-34,20,WA,739,4,1,1,4686.0,98867.0
C0107970,Anthony Christensen,45-54,16,MA,725,1,0,0,5973.0,156992.0
C0107971,David Brooks,35-44,8,GA,784,3,1,1,9087.0,219314.0
C0107972,Eric Hernandez,45-54,10,CA,661,3,1,1,5996.0,84183.0
C0107973,Joseph Payne,25-34,2,TX,709,2,1,0,30438.0,102061.0
C0107974,David Johnson,55-64,3,WA,644,2,1,0,2560.0,143454.0
C0107975,Christina Simon,55-64,20,IL,747,1,0,0,1011.0,125815.0
C0107976,Megan Mills,55-64,17,AZ,744,1,0,0,85838.0,55338.0
C0107977,Mandy Walker,65+,17,GA,820,1,0,0,3038.0,38562.0
C0107978,Cynthia Cunningham,65+,13,AZ,766,3,1,1,30347.0,106418.0
C0107979,Angelica Mays,35-44,5,FL,734,1,0,0,16820.0,196074.0
C0107980,David James,35-44,3,WA,731,2,1,0,3169.0,215606.0
C0107981,Paul Watkins,55-64,15,NC,705,3,1,1,6908.0,67209.0
C0107982,John Olson,65+,7,OH,725,2,1,0,5777.0,37680.0
C0107983,Alexander Anderson,65+,1,GA,732,1,0,0,12427.0,56205.0
C0107984,Mitchell Deleon,55-64,1,PA,631,3,1,1,3226.0,91888.0
C0107985,Susan Bryant,35-44,12,MI,728,1,0,0,6556.0,122239.0
C0107986,Derrick Diaz,65+,17,VA,724,3,1,1,7749.0,38715.0
C0107987,Rebecca Lambert,65+,8,WA,798,1,0,0,30400.0,132012.0
C0107988,Erica White,45-54,20,MA,714,1,0,0,4948.0,95490.0
C0107989,Joseph Miller,55-64,8,OH,685,4,1,1,2513.0,198005.0
C0107990,Richard Molina,45-54,15,VA,732,1,0,0,4215.0,55351.0
C0107991,Rebecca Torres,65+,5,AZ,723,1,0,0,12587.0,110643.0
C0107992,Jack Jacobs,25-34,13,CA,714,1,0,0,967.0,99452.0
C0107993,James Morgan,55-64,6,GA,662,2,1,0,34091.0,51597.0
C0107994,Lindsay Chavez,25-34,16,NJ,712,3,1,1,8296.0,116053.0
C0107995,Mr. Jeremy Cohen Jr.,35-44,10,OH,693,1,0,0,13628.0,172827.0
C0107996,Kathryn Perry,25-34,1,TX,710,1,0,0,10541.0,172654.0
C0107997,Jeffery Richards,45-54,5,MI,752,3,1,1,3638.0,158070.0
C0107998,Chad Morales,35-44,8,OH,689,1,0,0,2211.0,214292.0
C0107999,Tammy Alexander,65+,10,MI,710,1,0,0,3496.0,49878.0
C0108000,Alexander Cox,45-54,6,CA,744,1,0,0,1330.0,89628.0
C0108001,Brett Stephens,55-64,12,CA,707,3,1,1,12307.0,79562.0
C0108002,Karen Mitchell,35-44,20,MI,820,2,1,0,6665.0,72013.0
C0108003,Carol Taylor DDS,25-34,15,MA,731,2,1,0,1285.0,185743.0
C0108004,Pam Roberts,55-64,7,MI,664,2,1,0,3867.0,32795.0
C0108005,Benjamin Phillips,55-64,14,MA,682,2,1,0,17722.0,55983.0
C0108006,James Snyder,45-54,20,WA,677,3,1,1,38240.0,38139.0
C0108007,Daniel Phillips,55-64,5,PA,682,4,1,1,1736.0,71896.0
C0108008,Andrea Bryant,55-64,5,TX,744,2,1,0,108409.0,56087.0
C0108009,Melinda Thompson,45-54,1,NC,670,3,1,1,2562.0,292375.0
C0108010,Jade Phillips,65+,17,MI,705,1,0,0,1048.0,58321.0
C0108011,Kyle Mooney,55-64,17,VA,771,2,1,0,66766.0,199734.0
C0108012,Christine Leblanc,45-54,9,GA,696,2,1,0,2324.0,150840.0
C0108013,Alexander Wright,35-44,18,AZ,750,1,0,0,50443.0,132846.0
C0108014,Joshua Cunningham,25-34,14,WA,644,1,0,0,3649.0,154882.0
C0108015,Stephanie Mcintosh,35-44,20,NC,703,1,0,0,5700.0,61136.0
C0108016,Juan Chan,55-64,19,NC,680,1,0,0,1692.0,74985.0
C0108017,Allen Weaver,55-64,20,CA,733,3,1,1,37531.0,20875.0
C0108018,Mr. Martin Morales,35-44,8,VA,673,1,0,0,31828.0,161259.0
C0108019,Ryan Cannon,45-54,13,NJ,813,2,1,0,3668.0,40505.0
C0108020,Catherine Crane,35-44,4,AZ,646,1,0,0,7407.0,91960.0
C0108021,Michelle Gould,35-44,18,TX,771,2,1,0,17935.0,75176.0
C0108022,Mathew Olson,65+,7,FL,759,1,0,0,4602.0,203644.0
C0108023,Gary Walker,35-44,9,NJ,733,1,0,0,41650.0,74548.0
C0108024,Terry Williams,35-44,12,GA,722,2,1,0,7137.0,67309.0
C0108025,Melissa Riley,45-54,16,NC,803,1,0,0,4344.0,169605.0
C0108026,Jesse Anderson,35-44,15,OH,820,2,1,0,1213.0,116002.0
C0108027,John Stone,55-64,20,MI,710,2,1,0,1716.0,102228.0
C0108028,Joshua Griffin,65+,15,MI,727,4,1,1,16420.0,62324.0
C0108029,Virginia Morales,45-54,16,FL,695,2,1,0,10749.0,120734.0
C0108030,Ronald Cook,45-54,12,VA,667,2,1,0,21566.0,163531.0
C0108031,Louis Tyler,35-44,9,GA,740,2,1,0,4124.0,80438.0
C0108032,Mary Wall,45-54,19,NC,731,2,1,0,1131.0,151407.0
C0108033,Dustin Mendez,35-44,8,MI,647,2,1,0,4467.0,175363.0
C0108034,Amy Martin,25-34,13,VA,740,2,1,0,93481.0,108967.0
C0108035,Ashley Martinez,55-64,6,PA,732,2,1,0,2546.0,68480.0
C0108036,Scott Gibbs,35-44,10,CA,692,3,1,1,7756.0,120416.0
C0108037,Heather Rojas DDS,45-54,8,FL,690,2,1,0,448.0,47461.0
C0108038,Ashley Shepard,25-34,6,MA,739,1,0,0,4342.0,37126.0
C0108039,Jessica Vasquez,55-64,17,NY,792,2,1,0,4931.0,107312.0
C0108040,Melinda Rosario,35-44,16,NY,737,3,1,1,12067.0,244884.0
C0108041,Jennifer Sanchez,35-44,15,WA,755,3,1,1,5533.0,116275.0
C0108042,Christina Davis DDS,55-64,2,NY,682,1,0,0,1310.0,256744.0
C0108043,Mrs. Heather Meyers,45-54,5,OH,701,2,1,0,3653.0,72195.0
C0108044,Nicole Garcia,65+,5,IL,747,4,1,1,6344.0,45133.0
C0108045,Lisa Robinson,35-44,15,MI,658,1,0,0,2452.0,177230.0
C0108046,Katie Davis,55-64,18,NC,729,2,1,0,2919.0,205341.0
C0108047,Christine Farrell,65+,8,GA,742,1,0,0,27071.0,57743.0
C0108048,Mariah Eaton,45-54,7,GA,718,3,1,1,3828.0,178358.0
C0108049,Joseph Gould,45-54,12,WA,734,1,0,0,13738.0,266990.0
C0108050,Ashley Clark,35-44,20,NC,722,3,1,1,6553.0,45858.0
C0108051,Kathryn Simmons,55-64,8,GA,692,1,0,0,1852.0,61629.0
C0108052,Colin Vega Jr.,65+,6,AZ,666,1,0,0,5434.0,209726.0
C0108053,Robert Vazquez,55-64,11,TX,715,1,0,0,11489.0,98145.0
C0108054,Bryan Monroe,65+,19,WA,778,1,0,0,65130.0,232653.0
C0108055,Louis Rose,45-54,15,FL,766,3,1,1,3208.0,189400.0
C0108056,Andrew Abbott,45-54,11,PA,704,1,0,0,7315.0,187465.0
C0108057,Lance Brown,35-44,15,CA,703,1,0,0,24122.0,217526.0
C0108058,Christopher Howard,55-64,1,NC,700,3,1,1,36777.0,35661.0
C0108059,Jose Cook,55-64,16,WA,700,2,1,0,3719.0,104902.0
C0108060,Michael Mckee,45-54,2,IL,732,2,1,0,6721.0,331892.0
C0108061,Cynthia Harper,35-44,8,MI,767,1,0,0,30799.0,84808.0
C0108062,Olivia Martinez,45-54,7,IL,820,4,1,1,14969.0,176985.0
C0108063,Mr. Nicholas Munoz,55-64,14,VA,682,2,1,0,28005.0,94436.0
C0108064,Thomas Waters,65+,5,MA,749,1,0,0,33048.0,71706.0
C0108065,Ashley Stokes,35-44,5,NJ,744,2,1,0,15748.0,76756.0
C0108066,Kyle Singh,25-34,18,IL,705,2,1,0,9626.0,137657.0
C0108067,Spencer Jones,35-44,10,WA,673,2,1,0,3622.0,227201.0
C0108068,Vicki Fry,25-34,15,CA,732,2,1,0,6045.0,165563.0
C0108069,Johnny Fisher,65+,12,MA,815,2,1,0,6546.0,44719.0
C0108070,Timothy Fuentes,35-44,13,WA,732,2,1,0,34159.0,56915.0
C0108071,Michelle Sullivan MD,45-54,14,MI,684,1,0,0,10013.0,36944.0
C0108072,Jennifer Duncan,35-44,14,MI,712,3,1,1,10127.0,147495.0
C0108073,David Summers,35-44,19,NY,668,1,0,0,2458.0,84580.0
C0108074,Kristen Flores,65+,16,OH,720,2,1,0,34385.0,162365.0
C0108075,James Parsons,45-54,7,TX,750,1,0,0,3227.0,71756.0
C0108076,Alexa Ingram,25-34,4,IL,688,2,1,0,5758.0,95337.0
C0108077,James Stanley,35-44,17,NC,580,2,1,0,38999.0,156315.0
C0108078,Tyler Williams,65+,8,IL,732,2,1,0,23481.0,290316.0
C0108079,Melissa Torres,65+,7,VA,697,3,1,1,2923.0,249216.0
C0108080,Lauren Marshall,35-44,3,WA,686,2,1,0,2220.0,113509.0
C0108081,Suzanne Johnson,45-54,12,NC,685,3,1,1,6346.0,154556.0
C0108082,Miss Sharon Park,25-34,11,IL,738,4,1,1,4057.0,57308.0
C0108083,Mark Mcclain,45-54,17,PA,701,4,1,1,1393.0,64353.0
C0108084,Tracy Frost,25-34,15,NC,761,1,0,0,3281.0,141494.0
C0108085,Jordan Jones,55-64,15,NJ,762,1,0,0,300.0,203726.0
C0108086,Victor Ruiz,65+,11,TX,707,3,1,1,23975.0,76104.0
C0108087,Jodi Mendoza,35-44,18,OH,696,1,0,0,22231.0,65321.0
C0108088,John Perez,45-54,20,OH,725,3,1,1,43986.0,154188.0
C0108089,Adam Gillespie,25-34,17,PA,713,1,0,0,12381.0,91375.0
C0108090,Matthew Lucas,35-44,7,NY,641,3,1,1,4732.0,297003.0
C0108091,Theresa Davis,25-34,6,WA,806,1,0,0,27669.0,82995.0
C0108092,Sherry Franco,35-44,1,OH,752,3,1,1,3492.0,190007.0
C0108093,Robert Jenkins,65+,20,NC,699,2,1,0,1649.0,51776.0
C0108094,Cathy Young,25-34,15,CA,633,1,0,0,6791.0,53669.0
C0108095,Steven Davis,55-64,19,PA,711,2,1,0,13270.0,180720.0
C0108096,Mariah Collins,25-34,16,NY,693,2,1,0,3058.0,91445.0
C0108097,Edward Stanton,45-54,9,PA,717,3,1,1,2305.0,396980.0
C0108098,Debra Caldwell,45-54,3,WA,622,2,1,0,4914.0,74510.0
C0108099,Brooke Ramirez,65+,1,NC,698,2,1,0,13284.0,79639.0
C0108100,Nicole Smith,35-44,16,AZ,701,1,0,0,6805.0,39909.0
C0108101,Jessica Bell,35-44,7,OH,711,3,1,1,191721.0,91808.0
C0108102,Ann Barnett,55-64,8,VA,709,1,0,0,6882.0,162498.0
C0108103,Mary Whitney,55-64,17,FL,722,4,1,1,19946.0,67235.0
C0108104,Donald Salazar,45-54,10,WA,788,2,1,0,1424.0,150254.0
C0108105,Ashley Simpson,25-34,20,MI,696,3,1,1,16387.0,53658.0
C0108106,Joshua Mann,35-44,11,CA,678,3,1,1,4653.0,61642.0
C0108107,Julie Flores,55-64,17,NJ,642,1,0,0,8014.0,126006.0
C0108108,Brandi Roberson,45-54,3,GA,696,1,0,0,61339.0,25424.0
C0108109,Melinda Hanson DDS,45-54,8,CA,656,1,0,0,5184.0,174050.0
C0108110,Janice Jones,35-44,4,WA,763,1,0,0,1686.0,48193.0
C0108111,Penny Johnson,35-44,2,NC,715,1,0,0,2033.0,186767.0
C0108112,James Jensen,65+,20,MI,762,3,1,1,9971.0,71324.0
C0108113,Kenneth Branch,55-64,11,NC,785,2,1,0,9343.0,108555.0
C0108114,Tyler Allen,25-34,8,TX,681,2,1,0,8889.0,155943.0
C0108115,James Aguilar,65+,8,PA,704,2,1,0,1733.0,118831.0
C0108116,Jessica Thompson,45-54,5,NJ,779,1,0,0,92191.0,370169.0
C0108117,Gregory Hall,35-44,3,IL,728,2,1,0,46977.0,110149.0
C0108118,Keith Davis,35-44,19,AZ,743,1,0,0,9475.0,50936.0
C0108119,Rodney Patton,55-64,3,PA,766,3,1,1,1306.0,106003.0
C0108120,Michael Houston,35-44,8,OH,760,3,1,1,54249.0,163233.0
C0108121,Rachel Torres,45-54,4,OH,738,1,0,0,31704.0,144113.0
C0108122,Mark Hernandez,55-64,19,CA,782,3,1,1,9167.0,400548.0
C0108123,Jeff Thompson,35-44,5,WA,716,2,1,0,34150.0,70973.0
C0108124,Debra Lee,65+,8,FL,743,1,0,0,4477.0,117941.0
C0108125,Megan Ryan,35-44,16,GA,712,1,0,0,2560.0,70805.0
C0108126,David Clark,35-44,12,AZ,765,1,0,0,9787.0,106498.0
C0108127,Todd Rojas,45-54,8,MA,688,3,1,1,1257.0,64033.0
C0108128,Steven King,45-54,12,NY,644,3,1,1,2138.0,109729.0
C0108129,Jeffrey Stokes,35-44,9,IL,749,2,1,0,15563.0,108056.0
C0108130,Casey Wright,45-54,6,NC,674,1,0,0,10807.0,109164.0
C0108131,Janet Oliver,65+,12,NJ,669,1,0,0,1544.0,33021.0
C0108132,Gary Smith,55-64,8,NY,776,2,1,0,4960.0,190541.0
C0108133,Gerald Wall,55-64,20,NC,763,1,0,0,1627.0,34303.0
C0108134,Hannah Dickson,35-44,10,WA,704,2,1,0,4508.0,449357.0
C0108135,Madeline Boyle,35-44,16,VA,582,1,0,0,3954.0,97815.0
C0108136,Virginia Lynch,45-54,5,WA,743,1,0,0,26653.0,81803.0
C0108137,Tammy Bridges,25-34,13,AZ,749,2,1,0,6713.0,136953.0
C0108138,Danielle Simmons,55-64,12,WA,743,1,0,0,6052.0,73750.0
C0108139,Shelly Henderson,35-44,15,GA,741,2,1,0,5060.0,98290.0
C0108140,Frank Davis,35-44,10,MA,711,3,1,1,1028.0,24362.0
C0108141,Jennifer Williams,35-44,15,GA,701,2,1,0,7199.0,88507.0
C0108142,Robert Mills,35-44,2,NJ,670,4,1,1,14464.0,55803.0
C0108143,Philip Yates,35-44,14,MA,688,2,1,0,10699.0,119656.0
C0108144,Chad Romero,45-54,16,CA,734,3,1,1,18604.0,135450.0
C0108145,Timothy Odom,45-54,10,MA,735,2,1,0,19723.0,66653.0
C0108146,Lisa Morales,35-44,1,WA,755,3,1,1,113290.0,180027.0
C0108147,Victor Jordan,35-44,12,MA,656,2,1,0,2091.0,78617.0
C0108148,Lisa Scott,55-64,16,VA,645,2,1,0,10739.0,55966.0
C0108149,Michael Ellis,25-34,10,FL,702,1,0,0,12285.0,50481.0
C0108150,Maria Brennan,45-54,2,PA,674,2,1,0,5521.0,115741.0
C0108151,Jessica Williams,45-54,8,CA,728,2,1,0,3793.0,104508.0
C0108152,Lisa Odonnell,45-54,20,MI,661,4,1,1,14743.0,184704.0
C0108153,Victor Lewis,55-64,6,OH,773,2,1,0,13139.0,89976.0
C0108154,Rebecca Tapia,45-54,11,GA,683,1,0,0,2290.0,55366.0
C0108155,Joan Rogers,65+,8,VA,791,2,1,0,937.0,88614.0
C0108156,Mr. Jeffrey Nguyen,55-64,15,WA,743,3,1,1,4492.0,130104.0
C0108157,Angela Luna,35-44,9,TX,672,3,1,1,3612.0,136778.0
C0108158,Alejandro Davis,35-44,8,AZ,814,2,1,0,16702.0,39303.0
C0108159,Eduardo Hart DDS,35-44,12,IL,731,1,0,0,2674.0,356383.0
C0108160,Duane Clark,35-44,12,VA,727,3,1,1,6548.0,268926.0
C0108161,Lisa Bowman,45-54,10,NC,717,4,1,1,1045.0,58102.0
C0108162,Jose Smith,35-44,6,OH,740,3,1,1,1259.0,53583.0
C0108163,Tammy Nguyen,35-44,3,NY,743,2,1,0,3218.0,212028.0
C0108164,Maria Harrington,35-44,14,FL,681,1,0,0,5999.0,181902.0
C0108165,Michael Gibbs,45-54,7,NJ,710,4,1,1,3030.0,222699.0
C0108166,Greg Williams,45-54,13,PA,725,1,0,0,9617.0,112360.0
C0108167,Nicole Baker,65+,8,NY,746,1,0,0,1052.0,109040.0
C0108168,Justin Jones,35-44,18,CA,746,2,1,0,6260.0,47796.0
C0108169,Kimberly Jackson,35-44,15,WA,727,2,1,0,6348.0,146638.0
C0108170,Jeremy Turner,65+,9,IL,695,3,1,1,1426.0,84283.0
C0108171,Carlos Brown,45-54,7,IL,692,2,1,0,10658.0,73924.0
C0108172,Shannon Ryan,45-54,15,IL,666,1,0,0,600.0,179582.0
C0108173,Yvonne Patterson,45-54,1,NC,746,2,1,0,3561.0,119405.0
C0108174,James Rivas,25-34,2,GA,692,3,1,1,20847.0,184712.0
C0108175,Rachel Soto,55-64,2,NC,711,3,1,1,561.0,101169.0
C0108176,Danielle Lucas,45-54,7,PA,730,1,0,0,18128.0,171939.0
C0108177,Olivia Russell,45-54,10,PA,720,1,0,0,2000.0,62982.0
C0108178,Amber Cruz,45-54,6,WA,719,1,0,0,3990.0,66968.0
C0108179,Gregory Smith,35-44,4,OH,679,3,1,1,43821.0,153458.0
C0108180,Alison Miller,35-44,7,MA,732,2,1,0,3819.0,147926.0
C0108181,Jessica Lane,55-64,10,WA,705,2,1,0,56191.0,139194.0
C0108182,Angela Drake,45-54,6,NJ,716,1,0,0,5618.0,128801.0
C0108183,April Carter,25-34,12,NC,772,3,1,1,7321.0,268050.0
C0108184,Shannon Hernandez,35-44,8,WA,742,3,1,1,22264.0,98325.0
C0108185,Michelle Stevens,65+,19,CA,694,2,1,0,15567.0,92101.0
C0108186,Olivia Williams,35-44,20,GA,713,1,0,0,9749.0,41276.0
C0108187,Garrett Thomas,35-44,14,NJ,791,2,1,0,4647.0,134694.0
C0108188,Nicole Lewis,45-54,12,TX,706,3,1,1,1260.0,57158.0
C0108189,Douglas Fuller,55-64,1,FL,721,2,1,0,1336.0,138993.0
C0108190,Jordan Harper,45-54,13,CA,749,3,1,1,39175.0,59068.0
C0108191,Michelle Hall,55-64,8,GA,729,1,0,0,62276.0,94445.0
C0108192,Megan Hernandez,25-34,6,NC,703,1,0,0,9466.0,56735.0
C0108193,Jeremiah Fisher,65+,16,GA,686,1,0,0,964.0,105773.0
C0108194,Ryan Barrera,65+,1,CA,719,1,0,0,3208.0,42700.0
C0108195,Daniel Martinez,45-54,6,GA,749,1,0,0,3022.0,132806.0
C0108196,Douglas Howard,45-54,16,AZ,779,2,1,0,4159.0,196428.0
C0108197,Jeffrey Leonard,35-44,19,CA,654,2,1,0,2803.0,87756.0
C0108198,Jasmine Hahn,35-44,11,VA,799,3,1,1,15134.0,226043.0
C0108199,Erik Williams,35-44,11,PA,707,2,1,0,10904.0,142292.0
C0108200,Susan Melendez,25-34,20,TX,761,1,0,0,53964.0,484607.0
C0108201,Robin Baker,65+,2,CA,686,1,0,0,5080.0,76034.0
C0108202,Raymond Brooks III,35-44,10,CA,647,1,0,0,10303.0,87347.0
C0108203,David Mitchell,45-54,5,OH,660,2,1,0,19719.0,124858.0
C0108204,Felicia Matthews,35-44,10,GA,705,2,1,0,27612.0,213205.0
C0108205,Jill Stevens,35-44,19,MI,743,2,1,0,1841.0,180679.0
C0108206,Roger Johnson,35-44,12,TX,721,3,1,1,13172.0,36245.0
C0108207,Cynthia Price,35-44,20,MI,708,1,0,0,9662.0,66872.0
C0108208,John Johnson,45-54,11,VA,770,2,1,0,11653.0,91647.0
C0108209,Alison Delacruz,65+,18,CA,720,1,0,0,8704.0,80565.0
C0108210,Henry Parker,35-44,4,NJ,732,1,0,0,63288.0,106327.0
C0108211,Curtis Davis,65+,7,TX,820,2,1,0,2782.0,131862.0
C0108212,John Clark,45-54,6,OH,719,3,1,1,2592.0,155723.0
C0108213,Amy Chapman,45-54,16,MI,688,3,1,1,3026.0,191999.0
C0108214,Maria Williams,35-44,11,AZ,741,1,0,0,5720.0,208091.0
C0108215,Nancy Hogan,25-34,5,GA,753,2,1,0,11522.0,145273.0
C0108216,Howard Hunter,55-64,4,OH,733,3,1,1,4687.0,60441.0
C0108217,Dylan Baker,45-54,8,WA,727,3,1,1,27108.0,154929.0
C0108218,William Mcbride,35-44,4,NY,786,2,1,0,8069.0,197730.0
C0108219,Jenny Sanchez,55-64,14,NY,781,2,1,0,7218.0,145623.0
C0108220,Suzanne Hancock,35-44,17,OH,714,1,0,0,1642.0,231310.0
C0108221,Jason Riggs,55-64,20,TX,691,3,1,1,72064.0,153994.0
C0108222,Suzanne Lambert,35-44,5,CA,739,1,0,0,7655.0,101190.0
C0108223,Tyler Green,65+,9,IL,690,2,1,0,57787.0,74234.0
C0108224,Zachary Doyle,35-44,11,FL,759,1,0,0,3840.0,353978.0
C0108225,Noah Briggs,25-34,10,MI,739,2,1,0,21955.0,71963.0
C0108226,Nicole Ward,45-54,10,NC,820,2,1,0,4125.0,137637.0
C0108227,Blake Norris,35-44,5,GA,786,1,0,0,71887.0,35244.0
C0108228,Latoya Fitzgerald,65+,3,GA,671,2,1,0,31099.0,64261.0
C0108229,Wendy Miller,45-54,9,TX,696,1,0,0,22459.0,169500.0
C0108230,Stephen Shaw,35-44,2,OH,633,3,1,1,3396.0,169742.0
C0108231,Jo Hickman,35-44,2,TX,623,4,1,1,79857.0,129417.0
C0108232,Billy Cross,65+,11,IL,725,1,0,0,93486.0,94147.0
C0108233,Jeffery Davis,45-54,18,NJ,666,1,0,0,5138.0,161988.0
C0108234,Maria Dixon,55-64,11,MA,793,3,1,1,9838.0,112957.0
C0108235,Diana Murray,25-34,1,PA,772,3,1,1,24641.0,47932.0
C0108236,Jennifer Curtis,65+,17,NY,707,3,1,1,760.0,273047.0
C0108237,Janet Mcclure,45-54,14,NJ,705,2,1,0,32050.0,33620.0
C0108238,Alexis Watson,45-54,7,AZ,786,1,0,0,27678.0,109858.0
C0108239,Jared Spence,35-44,6,PA,797,4,1,1,4123.0,368978.0
C0108240,Alice May,25-34,18,WA,678,2,1,0,584.0,291376.0
C0108241,Nathan Miles,65+,10,PA,672,2,1,0,12086.0,157797.0
C0108242,April White,65+,3,MI,706,3,1,1,2079.0,231279.0
C0108243,Kathleen Odonnell,35-44,6,NY,739,2,1,0,1205.0,88566.0
C0108244,Emily Massey,65+,6,NY,696,1,0,0,12643.0,130525.0
C0108245,Lisa Henderson,35-44,9,MA,740,4,1,1,39401.0,113541.0
C0108246,Andrea Brown,35-44,7,IL,807,2,1,0,6231.0,109981.0
C0108247,Shawn Patel,25-34,11,CA,656,1,0,0,33596.0,223617.0
C0108248,Eric Parker,35-44,7,VA,699,1,0,0,17979.0,110760.0
C0108249,Cindy Garza,25-34,13,TX,657,2,1,0,1560.0,44991.0
C0108250,Jesse Yang,35-44,10,TX,682,2,1,0,4167.0,130321.0
C0108251,Dean Evans,25-34,19,WA,706,1,0,0,29588.0,122500.0
C0108252,Carl Lopez,55-64,17,IL,687,2,1,0,4127.0,149808.0
C0108253,Diane Smith,55-64,7,FL,743,2,1,0,21654.0,92856.0
C0108254,Shelly Jackson,45-54,1,MA,726,2,1,0,4953.0,50772.0
C0108255,Rachel Castillo,35-44,12,PA,733,4,1,1,19255.0,83764.0
C0108256,Hunter Miller,55-64,7,MI,706,1,0,0,13561.0,69147.0
C0108257,Melanie Fischer,35-44,19,NY,710,3,1,1,6015.0,70312.0
C0108258,Eric Camacho,55-64,9,NC,704,1,0,0,18614.0,84352.0
C0108259,Eric Harris DVM,45-54,6,NJ,708,1,0,0,607.0,196351.0
C0108260,Angela Craig,35-44,7,VA,738,1,0,0,2202.0,53043.0
C0108261,Henry Brooks,25-34,18,OH,633,4,1,1,4645.0,198251.0
C0108262,Tony Barnes,55-64,3,MI,732,1,0,0,33098.0,27866.0
C0108263,Robert Bailey,65+,20,WA,680,1,0,0,1429.0,99978.0
C0108264,Taylor Parsons,45-54,5,WA,704,1,0,0,7773.0,137551.0
C0108265,Christopher Wilson,65+,17,VA,649,2,1,0,11860.0,99067.0
C0108266,Erin Mcdowell,65+,11,IL,703,2,1,0,10906.0,179047.0
C0108267,Amy Ray,35-44,12,GA,732,1,0,0,7199.0,115454.0
C0108268,Stephen Leon,55-64,5,MA,740,2,1,0,3848.0,111968.0
C0108269,Christopher Bolton,35-44,15,NY,666,3,1,1,6027.0,12627.0
C0108270,Erin Aguirre,45-54,13,NJ,738,3,1,1,26101.0,135731.0
C0108271,Valerie Rodriguez,35-44,10,VA,771,4,1,1,3548.0,343567.0
C0108272,Peter Thompson,65+,10,GA,697,1,0,0,607.0,86639.0
C0108273,Terri Davis,55-64,12,WA,720,1,0,0,14177.0,61638.0
C0108274,Joseph Blevins,35-44,10,OH,626,1,0,0,48777.0,71201.0
C0108275,Steven Cannon,35-44,20,WA,679,3,1,1,2295.0,206648.0
C0108276,Wendy Horne,35-44,1,MI,732,3,1,1,41477.0,155238.0
C0108277,David Cruz,55-64,6,CA,762,2,1,0,15136.0,112504.0
C0108278,Michael Hendrix,65+,18,WA,693,2,1,0,2023.0,43798.0
C0108279,Thomas Garcia,35-44,16,NJ,820,2,1,0,3483.0,151041.0
C0108280,Jacqueline Ford,45-54,7,NY,734,2,1,0,3304.0,114252.0
C0108281,Vanessa Boone,45-54,11,NJ,662,2,1,0,9925.0,56662.0
C0108282,Nancy Garcia,35-44,1,GA,777,2,1,0,6519.0,50956.0
C0108283,Ernest Kennedy,45-54,4,MA,663,1,0,0,30537.0,177146.0
C0108284,Brandon Miller,25-34,19,PA,734,1,0,0,22455.0,87795.0
C0108285,Anita Wright,35-44,13,NY,678,1,0,0,1269.0,137330.0
C0108286,Martin Cox,35-44,1,CA,658,4,1,1,1476.0,163413.0
C0108287,Tiffany Flores,65+,16,VA,763,4,1,1,16935.0,61774.0
C0108288,Anthony Parker,35-44,9,MA,708,3,1,1,4365.0,23171.0
C0108289,Jeremy Miller,35-44,12,NJ,797,3,1,1,6569.0,234771.0
C0108290,Stephanie Jensen,55-64,18,IL,674,1,0,0,15613.0,104116.0
C0108291,Jennifer Austin,65+,17,AZ,649,1,0,0,22701.0,208335.0
C0108292,Randy Flores,45-54,3,NY,698,1,0,0,1844.0,417524.0
C0108293,Ryan Reynolds,25-34,8,NJ,820,1,0,0,563.0,125561.0
C0108294,Elizabeth Travis,45-54,6,NC,757,3,1,1,7074.0,68369.0
C0108295,Richard Harmon,35-44,19,WA,744,1,0,0,2905.0,65971.0
C0108296,Kevin Thomas,45-54,16,MA,746,4,1,1,8774.0,116253.0
C0108297,Shannon Harper,35-44,13,IL,698,2,1,0,7286.0,136965.0
C0108298,Anthony Parker,25-34,2,TX,820,1,0,0,2514.0,188261.0
C0108299,Luke Gross,35-44,17,FL,740,3,1,1,99135.0,94208.0
C0108300,Jason Garcia,55-64,12,VA,736,3,1,1,8270.0,43622.0
C0108301,Janet Davidson,35-44,6,IL,764,2,1,0,4070.0,210332.0
C0108302,Anna Brown,35-44,9,FL,662,1,0,0,9152.0,58928.0
C0108303,Sara Park,45-54,9,WA,680,2,1,0,15304.0,89153.0
C0108304,Brandi Beck,55-64,6,MI,708,2,1,0,3793.0,166326.0
C0108305,Patrick Sullivan,25-34,19,TX,764,3,1,1,131178.0,69116.0
C0108306,Roger Buckley,45-54,19,NJ,661,1,0,0,1304.0,21086.0
C0108307,Bradley Cochran,45-54,2,MI,716,3,1,1,1417.0,228483.0
C0108308,Mark Jackson,35-44,19,MA,710,1,0,0,1189.0,109202.0
C0108309,Sara Carroll,65+,9,MA,649,4,1,1,8141.0,302714.0
C0108310,Charles Rice,55-64,16,MA,697,1,0,0,14293.0,99504.0
C0108311,Kathleen Marsh,35-44,16,AZ,744,3,1,1,5450.0,139511.0
C0108312,Nichole Smith,25-34,12,VA,653,1,0,0,14242.0,149178.0
C0108313,Brenda Marsh,35-44,15,NJ,783,3,1,1,14015.0,58853.0
C0108314,Taylor Schultz,35-44,14,NC,741,3,1,1,5256.0,142319.0
C0108315,Peter Arnold MD,45-54,18,VA,735,1,0,0,13533.0,157040.0
C0108316,Brooke Johnson,65+,9,MA,720,1,0,0,6401.0,110893.0
C0108317,Mary Durham,55-64,15,TX,670,4,1,1,4960.0,43739.0
C0108318,Gerald Snyder,35-44,20,FL,690,4,1,1,4455.0,213719.0
C0108319,Robert Hawkins,35-44,19,GA,736,3,1,1,10718.0,15891.0
C0108320,Brianna Bailey,25-34,3,PA,690,2,1,0,34939.0,73379.0
C0108321,Cody Love,45-54,10,GA,728,1,0,0,1908.0,76776.0
C0108322,Michael Hunt,25-34,11,PA,679,2,1,0,4553.0,199649.0
C0108323,Maria Mccarthy,65+,13,VA,740,3,1,1,9850.0,35897.0
C0108324,Mark Black,55-64,13,AZ,743,1,0,0,66718.0,352995.0
C0108325,James Roberts,35-44,17,PA,646,1,0,0,13603.0,64017.0
C0108326,Rick Decker,45-54,11,VA,723,4,1,1,3056.0,64026.0
C0108327,Jason Howard,45-54,15,TX,651,2,1,0,2674.0,11705.0
C0108328,John Hayes,55-64,18,VA,636,2,1,0,26426.0,79429.0
C0108329,Melissa Lawson,45-54,3,NJ,693,4,1,1,5562.0,89216.0
C0108330,Mitchell Johnson,35-44,13,NJ,820,2,1,0,1850.0,225154.0
C0108331,Madison Stanton,45-54,8,GA,754,1,0,0,27353.0,85105.0
C0108332,Erin Myers,25-34,19,TX,782,4,1,1,11729.0,145947.0
C0108333,Christina Davis,45-54,12,WA,747,4,1,1,1933.0,98014.0
C0108334,Mark Gomez,35-44,13,TX,729,1,0,0,1622.0,58243.0
C0108335,Connie Hansen,45-54,16,GA,760,1,0,0,601.0,199501.0
C0108336,Tammy Ramos,55-64,5,FL,691,2,1,0,3840.0,77479.0
C0108337,Hannah Terry,25-34,11,WA,741,1,0,0,11678.0,106418.0
C0108338,Lisa Gallegos,35-44,16,NC,772,1,0,0,25659.0,89226.0
C0108339,James Haley,55-64,16,GA,751,1,0,0,13493.0,25572.0
C0108340,Carl Pennington,35-44,5,PA,775,2,1,0,1693.0,200883.0
C0108341,Allison Davis,45-54,17,VA,728,1,0,0,5765.0,82947.0
C0108342,Nicholas Lee,45-54,4,NY,796,3,1,1,45037.0,114630.0
C0108343,Thomas Olson,35-44,6,NJ,710,2,1,0,4383.0,257571.0
C0108344,Mary West,55-64,18,MA,815,2,1,0,20387.0,85743.0
C0108345,Nicole Gilbert,45-54,13,NY,745,3,1,1,17578.0,205599.0
C0108346,Alan Murphy,45-54,11,NJ,702,2,1,0,20167.0,45443.0
C0108347,Monica Vincent,25-34,12,PA,666,3,1,1,13595.0,72063.0
C0108348,Rebecca Hubbard,25-34,20,AZ,683,3,1,1,20092.0,51589.0
C0108349,Kristin Sampson,25-34,5,AZ,676,3,1,1,1369.0,47610.0
C0108350,Elizabeth Lawrence,65+,6,PA,716,3,1,1,49931.0,61947.0
C0108351,Debbie Lamb,55-64,10,NY,662,3,1,1,927.0,142776.0
C0108352,Tina Hall,55-64,17,TX,778,2,1,0,11780.0,73704.0
C0108353,Justin Chapman,35-44,11,NJ,724,2,1,0,7645.0,128115.0
C0108354,Tina Ortiz,45-54,15,AZ,723,2,1,0,3825.0,88570.0
C0108355,Anthony Elliott,55-64,17,FL,667,4,1,1,2514.0,49645.0
C0108356,Beth Cross,45-54,18,WA,685,2,1,0,15673.0,199421.0
C0108357,Robert Scott MD,25-34,10,VA,620,1,0,0,21197.0,121667.0
C0108358,Robin Rice,55-64,10,GA,792,2,1,0,7160.0,21212.0
C0108359,Sandra Rivera,35-44,2,NY,656,2,1,0,5727.0,84988.0
C0108360,Brittany Macdonald,35-44,2,MI,659,2,1,0,37711.0,112425.0
C0108361,Matthew Bates,65+,10,NC,783,2,1,0,4885.0,102562.0
C0108362,Shelia Moore,45-54,15,WA,737,4,1,1,7703.0,107352.0
C0108363,Michelle Santana,35-44,17,NC,725,1,0,0,6347.0,117053.0
C0108364,Ashley Robinson,45-54,9,CA,735,4,1,1,157149.0,147054.0
C0108365,Daniel Kim,65+,12,NY,762,3,1,1,2957.0,220368.0
C0108366,Grace Nichols,25-34,17,IL,724,1,0,0,21976.0,162449.0
C0108367,Tom Henderson,55-64,7,GA,650,1,0,0,1054.0,147230.0
C0108368,Margaret Shaw,35-44,4,IL,752,4,1,1,2567.0,84803.0
C0108369,Jennifer Nguyen,25-34,19,AZ,739,3,1,1,5591.0,52575.0
C0108370,Karen Adams,35-44,11,PA,772,1,0,0,6925.0,64051.0
C0108371,Gabriel Andrews,45-54,4,NJ,663,2,1,0,5830.0,139037.0
C0108372,Bobby Howard,35-44,6,IL,687,1,0,0,7192.0,338421.0
C0108373,Timothy Morris,35-44,7,MA,737,2,1,0,3545.0,191100.0
C0108374,Richard Rivera,45-54,5,AZ,677,1,0,0,37990.0,28538.0
C0108375,Tammy Graves,45-54,9,VA,614,2,1,0,2439.0,88874.0
C0108376,Joshua Ellis III,55-64,17,VA,728,2,1,0,19798.0,173993.0
C0108377,Amy Fields,55-64,15,MI,760,2,1,0,18272.0,63787.0
C0108378,Janice Clay,35-44,19,NC,714,1,0,0,2598.0,102966.0
C0108379,Jessica Morris,35-44,17,NC,744,3,1,1,5217.0,72518.0
C0108380,Paul Wilson,45-54,7,CA,738,3,1,1,8079.0,63616.0
C0108381,Katherine Scott,45-54,2,MA,720,2,1,0,60506.0,84792.0
C0108382,Louis Kelly,25-34,4,MA,726,4,1,1,5203.0,216685.0
C0108383,Randall Osborne,35-44,16,GA,780,3,1,1,500000.0,27750.0
C0108384,Stephen Carr,35-44,7,AZ,676,1,0,0,20363.0,180708.0
C0108385,Kyle Young,35-44,15,OH,754,1,0,0,12237.0,51324.0
C0108386,Susan Williams,65+,10,TX,666,2,1,0,23413.0,104902.0
C0108387,Heather Gordon,45-54,18,WA,684,3,1,1,1030.0,70560.0
C0108388,Russell Foster,35-44,11,GA,773,4,1,1,33066.0,247841.0
C0108389,Andrew Blake,45-54,19,MA,665,1,0,0,1657.0,87078.0
C0108390,John Fowler,45-54,6,NY,709,1,0,0,23008.0,126621.0
C0108391,Douglas Martinez,35-44,16,GA,820,3,1,1,3980.0,54975.0
C0108392,Joshua Mcgee,35-44,11,NJ,766,3,1,1,3105.0,23281.0
C0108393,Matthew Jackson,55-64,4,FL,686,2,1,0,67983.0,61036.0
C0108394,Juan Bradley,25-34,5,MA,694,2,1,0,7190.0,141824.0
C0108395,Dawn Pena,45-54,7,MI,712,3,1,1,1290.0,40396.0
C0108396,Bradley Schultz,45-54,4,FL,779,2,1,0,26101.0,205815.0
C0108397,Amanda Smith,55-64,19,VA,674,3,1,1,1873.0,116471.0
C0108398,Thomas Spencer,65+,5,AZ,672,4,1,1,41477.0,58770.0
C0108399,Scott Harrell,55-64,12,IL,752,1,0,0,7947.0,107218.0
C0108400,David Norton,45-54,12,MI,644,1,0,0,1757.0,70025.0
C0108401,Jennifer Burgess,35-44,11,VA,679,4,1,1,21712.0,89770.0
C0108402,Gregory Green,45-54,13,FL,716,2,1,0,15145.0,40855.0
C0108403,Alan Sanchez,55-64,19,GA,718,1,0,0,634.0,119915.0
C0108404,James Gilbert,65+,20,NC,658,2,1,0,7509.0,201795.0
C0108405,Scott Velazquez,55-64,18,PA,735,2,1,0,11598.0,117056.0
C0108406,Jennifer Graves,35-44,10,PA,744,1,0,0,10814.0,167047.0
C0108407,Anthony Cook II,55-64,15,MI,690,3,1,1,6492.0,171423.0
C0108408,Sarah Evans,55-64,4,VA,794,1,0,0,19811.0,137575.0
C0108409,Ashley Vazquez,45-54,18,IL,735,1,0,0,16038.0,13585.0
C0108410,Samantha Bailey,45-54,4,FL,674,1,0,0,8412.0,62606.0
C0108411,Mark Vega,45-54,3,VA,792,2,1,0,6102.0,64042.0
C0108412,Holly Williams,45-54,17,FL,696,3,1,1,9679.0,53518.0
C0108413,Dr. Tiffany Booker,35-44,16,CA,728,2,1,0,3927.0,54884.0
C0108414,Sarah Banks,25-34,3,PA,698,3,1,1,2376.0,73650.0
C0108415,Kristin Valencia,55-64,20,WA,748,1,0,0,2104.0,295347.0
C0108416,Jordan Baxter,65+,3,VA,698,2,1,0,7187.0,90858.0
C0108417,Ann Moore,55-64,1,PA,701,2,1,0,2895.0,125323.0
C0108418,David Dunlap,35-44,20,GA,712,3,1,1,6697.0,270801.0
C0108419,John Hunt,25-34,5,MA,697,2,1,0,39979.0,123174.0
C0108420,James Griffin,35-44,5,NJ,768,3,1,1,6320.0,198500.0
C0108421,Sandra Guerra,55-64,16,VA,663,1,0,0,9564.0,58402.0
C0108422,Angela Harrington,45-54,13,TX,718,4,1,1,6158.0,96537.0
C0108423,Laura Garcia,65+,11,NY,724,3,1,1,38863.0,104325.0
C0108424,Joy Brooks,35-44,20,TX,714,4,1,1,59240.0,211840.0
C0108425,Kenneth Watts,45-54,2,MA,763,1,0,0,4613.0,117049.0
C0108426,Ricky Munoz,55-64,19,IL,652,1,0,0,19406.0,26879.0
C0108427,Daniel Garcia,35-44,6,GA,745,2,1,0,99646.0,197913.0
C0108428,Lisa Thompson,65+,13,NC,663,2,1,0,2013.0,28129.0
C0108429,Olivia Holmes,45-54,7,GA,697,3,1,1,26275.0,257130.0
C0108430,Mary Alvarez,25-34,6,CA,659,1,0,0,1003.0,117770.0
C0108431,Jeffrey Gray,25-34,7,AZ,705,2,1,0,8396.0,115119.0
C0108432,Steven Olson,55-64,12,IL,693,1,0,0,6849.0,141129.0
C0108433,Eric Salazar,45-54,18,AZ,793,2,1,0,1045.0,209807.0
C0108434,Michelle Fowler,55-64,3,VA,730,1,0,0,29944.0,121552.0
C0108435,William Reynolds,55-64,14,NJ,739,4,1,1,9674.0,129152.0
C0108436,Johnathan Rogers,35-44,18,NJ,670,1,0,0,2663.0,86184.0
C0108437,Justin Sampson,55-64,15,MA,753,2,1,0,12020.0,94384.0
C0108438,Sandra Baker,65+,20,PA,793,1,0,0,23971.0,59250.0
C0108439,Stephanie Tucker,35-44,1,PA,759,1,0,0,970.0,156134.0
C0108440,Melissa Evans,55-64,8,NJ,660,2,1,0,185.0,318835.0
C0108441,Daniel Wheeler,35-44,9,NY,699,1,0,0,7705.0,76378.0
C0108442,Zachary Beck,35-44,11,WA,724,2,1,0,3223.0,27770.0
C0108443,Travis Schneider,35-44,7,CA,694,1,0,0,40384.0,149121.0
C0108444,Scott Miranda,55-64,6,AZ,820,3,1,1,5195.0,125030.0
C0108445,Deborah Alvarado,25-34,18,IL,698,3,1,1,11747.0,26918.0
C0108446,Mary Benson,35-44,5,CA,718,3,1,1,6474.0,100157.0
C0108447,Mr. Tommy Mcdonald,45-54,20,MI,692,1,0,0,1268.0,196370.0
C0108448,Jennifer Garcia,25-34,1,PA,730,2,1,0,8405.0,64007.0
C0108449,Matthew Simon,55-64,9,PA,782,1,0,0,1650.0,60633.0
C0108450,Brandon Ferguson PhD,65+,13,GA,725,2,1,0,1556.0,84633.0
C0108451,Daniel Ortega,25-34,20,NC,710,3,1,1,2171.0,83389.0
C0108452,Scott Herrera,35-44,16,FL,671,1,0,0,1954.0,190941.0
C0108453,Hannah Smith,65+,1,CA,774,1,0,0,6295.0,103288.0
C0108454,Nicole Floyd,35-44,15,OH,713,3,1,1,5062.0,92873.0
C0108455,Katelyn Harper,25-34,7,IL,711,2,1,0,11395.0,74589.0
C0108456,Heidi Mason,65+,18,NC,614,1,0,0,1225.0,77427.0
C0108457,Jennifer Moore,55-64,16,VA,714,4,1,1,5991.0,126337.0
C0108458,Kiara Stout,45-54,4,MI,701,1,0,0,4548.0,139707.0
C0108459,Autumn Lee,45-54,8,TX,637,3,1,1,10318.0,10886.0
C0108460,Daniel Fitzgerald,65+,17,MA,764,1,0,0,10930.0,60269.0
C0108461,Margaret Wallace,45-54,19,NJ,695,4,1,1,9775.0,99413.0
C0108462,John King,45-54,13,CA,805,3,1,1,2469.0,41330.0
C0108463,Yolanda Wallace,55-64,5,VA,783,1,0,0,8347.0,27392.0
C0108464,Dawn Werner,45-54,8,AZ,687,4,1,1,4377.0,27178.0
C0108465,Katherine Pacheco,45-54,16,NC,781,1,0,0,39224.0,149745.0
C0108466,Danielle Carter,35-44,12,WA,792,3,1,1,9250.0,175377.0
C0108467,Michelle Armstrong,45-54,5,AZ,694,2,1,0,8913.0,57623.0
C0108468,Kelly Robinson DVM,45-54,6,MA,673,1,0,0,1742.0,126658.0
C0108469,Randall Johnson,35-44,4,MA,623,2,1,0,3990.0,161218.0
C0108470,Connor Summers,35-44,10,FL,737,1,0,0,11054.0,242100.0
C0108471,Blake Bailey,55-64,9,CA,676,2,1,0,7373.0,220873.0
C0108472,Mary Williams,35-44,11,MI,738,2,1,0,7278.0,164483.0
C0108473,Paul Bentley,25-34,19,NJ,694,2,1,0,988.0,92524.0
C0108474,Richard Nelson,35-44,14,NC,684,3,1,1,3051.0,108031.0
C0108475,Joshua Haynes,35-44,12,NY,694,4,1,1,5826.0,129189.0
C0108476,Joseph Edwards,55-64,8,MA,661,2,1,0,34270.0,93556.0
C0108477,Steven Moore,35-44,13,OH,694,2,1,0,838.0,67420.0
C0108478,Holly Cochran,35-44,20,VA,686,1,0,0,2315.0,107730.0
C0108479,Joshua Moody,55-64,1,MI,719,4,1,1,831.0,163433.0
C0108480,Jill Rhodes,25-34,7,AZ,724,3,1,1,11974.0,201948.0
C0108481,Craig Patterson,35-44,2,NJ,671,4,1,1,33637.0,153237.0
C0108482,Mrs. Megan Kelly DDS,55-64,5,MI,769,3,1,1,12489.0,92095.0
C0108483,John Gibson,45-54,2,WA,712,1,0,0,16198.0,20582.0
C0108484,Joshua Nelson,55-64,12,CA,787,1,0,0,2349.0,200502.0
C0108485,Daniel Owen,55-64,17,NJ,730,2,1,0,12624.0,150543.0
C0108486,Nicole Salazar,65+,19,NC,723,1,0,0,3207.0,122944.0
C0108487,Colton Munoz,25-34,5,VA,697,2,1,0,8705.0,337887.0
C0108488,Emily Vasquez,55-64,14,NY,747,2,1,0,14808.0,94533.0
C0108489,Lucas Reynolds,55-64,7,NC,721,3,1,1,5708.0,118691.0
C0108490,Tammy Edwards,35-44,7,PA,758,2,1,0,21681.0,137108.0
C0108491,Monica Gutierrez,65+,13,TX,792,1,0,0,6659.0,106688.0
C0108492,Stacey Sampson,35-44,14,NC,687,3,1,1,11253.0,103458.0
C0108493,Victor Gonzalez,55-64,12,CA,747,1,0,0,78368.0,190707.0
C0108494,Valerie Contreras,45-54,2,TX,746,1,0,0,14720.0,99928.0
C0108495,Suzanne Nunez,45-54,9,GA,740,2,1,0,3297.0,98182.0
C0108496,Jackson Fuller,35-44,6,AZ,700,1,0,0,4552.0,59027.0
C0108497,Kristina Hernandez,65+,1,NJ,701,1,0,0,23103.0,67901.0
C0108498,Kayla Mccann,45-54,1,CA,693,1,0,0,28318.0,105170.0
C0108499,Travis Caldwell,25-34,9,TX,692,1,0,0,7756.0,117248.0
C0108500,Nicholas Pacheco,25-34,3,OH,682,1,0,0,1297.0,158253.0
C0108501,Michelle Marsh,55-64,15,OH,715,2,1,0,2591.0,169261.0
C0108502,Jonathon Gallagher,35-44,2,CA,685,3,1,1,10066.0,109439.0
C0108503,Todd Garcia,45-54,5,NY,739,1,0,0,16260.0,112143.0
C0108504,Megan Krueger,45-54,20,TX,722,1,0,0,27058.0,117098.0
C0108505,Carol Baker,35-44,15,NC,727,1,0,0,707.0,114739.0
C0108506,Erica Moore,45-54,12,MI,707,1,0,0,23058.0,247340.0
C0108507,Thomas Richards,35-44,1,IL,723,2,1,0,44910.0,138540.0
C0108508,Kimberly Shaffer,65+,1,NC,708,2,1,0,458.0,240232.0
C0108509,Gary Montgomery,55-64,19,NY,755,3,1,1,8052.0,67674.0
C0108510,William Blake,35-44,16,WA,700,3,1,1,20117.0,87194.0
C0108511,Dennis Soto,45-54,20,CA,736,4,1,1,1490.0,42143.0
C0108512,Jaime Lewis,45-54,17,GA,661,4,1,1,4450.0,185929.0
C0108513,Robert Ramirez,65+,1,PA,752,1,0,0,15871.0,51538.0
C0108514,Ashley Davis,35-44,17,OH,694,1,0,0,4327.0,285297.0
C0108515,Kim Horn,45-54,10,GA,678,2,1,0,5238.0,138599.0
C0108516,Grace Lewis,65+,14,MI,668,2,1,0,10561.0,292294.0
C0108517,Chelsea Burch,35-44,9,AZ,665,2,1,0,1991.0,211484.0
C0108518,Brianna Harris,45-54,15,NC,698,2,1,0,2252.0,21705.0
C0108519,Maria Garcia,25-34,17,NY,787,4,1,1,14215.0,298886.0
C0108520,Jill Bean,45-54,20,GA,691,2,1,0,25304.0,149634.0
C0108521,Eric Garcia,35-44,11,GA,620,4,1,1,13072.0,160309.0
C0108522,Diana Crawford,65+,6,WA,736,4,1,1,41501.0,138683.0
C0108523,James Taylor,35-44,13,NC,669,2,1,0,13408.0,99759.0
C0108524,Benjamin Stanley,25-34,10,AZ,756,1,0,0,74343.0,92077.0
C0108525,David Adams,55-64,5,MI,701,1,0,0,8769.0,177141.0
C0108526,Brent Lopez,55-64,15,NC,707,2,1,0,10973.0,75386.0
C0108527,Daniel Price,45-54,2,PA,773,3,1,1,13146.0,140636.0
C0108528,Jordan Johns,55-64,9,NY,747,4,1,1,3814.0,257196.0
C0108529,Eddie Velez,35-44,14,TX,663,1,0,0,3193.0,71801.0
C0108530,Kenneth Esparza,45-54,19,NC,670,1,0,0,2751.0,94873.0
C0108531,Karen Rodriguez,25-34,13,AZ,639,3,1,1,4159.0,214838.0
C0108532,Patricia Bennett,35-44,20,CA,820,2,1,0,97237.0,70796.0
C0108533,Jacqueline Webb,65+,17,MA,681,3,1,1,72098.0,43214.0
C0108534,Melissa Jones,55-64,5,WA,772,1,0,0,5467.0,15526.0
C0108535,Tyler Porter,35-44,17,OH,696,1,0,0,4892.0,105954.0
C0108536,Joshua Singleton,25-34,7,PA,671,1,0,0,616.0,320706.0
C0108537,Anthony Evans,65+,13,NC,720,1,0,0,2457.0,90747.0
C0108538,Robin Walker,25-34,5,WA,705,2,1,0,3068.0,95376.0
C0108539,Ronald Martin,35-44,11,CA,756,1,0,0,4781.0,109637.0
C0108540,Martha Flynn,35-44,14,OH,756,2,1,0,4090.0,199296.0
C0108541,Jeffrey Evans,25-34,19,CA,693,3,1,1,10485.0,166033.0
C0108542,Angela Johnson,35-44,19,MI,655,1,0,0,20536.0,59944.0
C0108543,Melinda Hall,65+,17,TX,666,3,1,1,3383.0,144691.0
C0108544,Jasmine Buck,35-44,12,PA,617,1,0,0,45447.0,232823.0
C0108545,Laura Sanford,45-54,18,VA,707,2,1,0,12269.0,26740.0
C0108546,Nicole Brewer,55-64,3,VA,719,1,0,0,23528.0,31793.0
C0108547,Carlos Olsen,45-54,20,NY,668,3,1,1,4782.0,19200.0
C0108548,Dr. Linda Fleming MD,55-64,5,GA,663,1,0,0,15611.0,93970.0
C0108549,Scott Hansen,45-54,9,FL,719,2,1,0,13964.0,177418.0
C0108550,James Gardner,45-54,19,NC,691,4,1,1,47151.0,60784.0
C0108551,Julie Smith,45-54,15,CA,710,1,0,0,17734.0,384898.0
C0108552,Bruce Rivera,55-64,17,WA,703,3,1,1,22572.0,174698.0
C0108553,Kyle Walsh,55-64,14,CA,731,3,1,1,4295.0,92439.0
C0108554,Charles Baxter,55-64,13,MI,694,1,0,0,34034.0,121467.0
C0108555,Jennifer Smith,25-34,4,OH,698,1,0,0,1752.0,54909.0
C0108556,Jay Moss,45-54,20,NY,635,3,1,1,4074.0,57932.0
C0108557,Krista Hicks,55-64,13,NC,717,4,1,1,11357.0,108098.0
C0108558,Donald Smith,35-44,14,FL,723,1,0,0,2032.0,206969.0
C0108559,Tanya Hall,55-64,9,NC,712,3,1,1,2676.0,17130.0
C0108560,Isabel Hall,35-44,20,MI,806,3,1,1,2678.0,256715.0
C0108561,Elizabeth Fleming,35-44,10,OH,727,2,1,0,12764.0,96276.0
C0108562,Angela Russell,55-64,4,IL,712,3,1,1,6696.0,118588.0
C0108563,Stephen Nguyen,35-44,4,OH,742,1,0,0,25757.0,111129.0
C0108564,Eric Hull,35-44,14,MA,815,2,1,0,77397.0,199997.0
C0108565,Daniel Vaughn,35-44,15,VA,731,4,1,1,11210.0,220470.0
C0108566,Alexander Martin,55-64,5,CA,619,3,1,1,4386.0,97606.0
C0108567,Anthony Morton,45-54,14,PA,739,1,0,0,12607.0,163843.0
C0108568,Thomas Sanchez,45-54,20,CA,680,2,1,0,2766.0,98474.0
C0108569,Gary Palmer,55-64,11,NY,633,1,0,0,7507.0,89913.0
C0108570,Michelle Knight,45-54,20,VA,796,1,0,0,155547.0,42574.0
C0108571,Daniel Morton,65+,4,WA,786,1,0,0,6350.0,111483.0
C0108572,Jordan Vasquez,55-64,9,OH,679,1,0,0,11651.0,76583.0
C0108573,Scott Lyons Jr.,35-44,12,NJ,679,2,1,0,6675.0,326462.0
C0108574,Jonathan Solomon,65+,8,IL,727,1,0,0,4957.0,74530.0
C0108575,Elizabeth Anderson,45-54,3,GA,680,3,1,1,14430.0,57978.0
C0108576,Melissa Smith,25-34,10,WA,713,3,1,1,1763.0,91164.0
C0108577,James Fernandez,35-44,7,PA,687,2,1,0,6638.0,100828.0
C0108578,Mark Peters,45-54,5,PA,701,1,0,0,1589.0,270116.0
C0108579,David Cruz,35-44,8,FL,656,4,1,1,51708.0,96353.0
C0108580,Peter Chavez,45-54,9,NY,757,1,0,0,26493.0,162664.0
C0108581,Judith Glenn,35-44,18,CA,774,2,1,0,3223.0,86785.0
C0108582,Antonio Hughes,45-54,10,WA,715,1,0,0,874.0,52382.0
C0108583,Frederick Finley,25-34,9,WA,718,4,1,1,14595.0,238572.0
C0108584,Tara Lloyd,55-64,8,OH,748,1,0,0,7689.0,201720.0
C0108585,Mark Wilkinson,35-44,12,NC,720,4,1,1,119674.0,35729.0
C0108586,Margaret Kennedy,25-34,6,NY,797,4,1,1,43568.0,113550.0
C0108587,Darren Thompson,35-44,18,CA,660,4,1,1,17364.0,63002.0
C0108588,Jennifer Poole,45-54,9,GA,758,3,1,1,4299.0,67801.0
C0108589,Felicia Fischer,45-54,9,FL,714,3,1,1,5920.0,142786.0
C0108590,Dr. Zachary Peterson DDS,45-54,2,WA,669,4,1,1,11644.0,129083.0
C0108591,Douglas Ferguson,25-34,18,PA,820,1,0,0,12407.0,109642.0
C0108592,Eric Marks,55-64,10,VA,820,3,1,1,3466.0,137372.0
C0108593,Robert Anthony,45-54,3,NY,710,1,0,0,1577.0,125253.0
C0108594,Wanda Hughes,25-34,4,TX,740,2,1,0,81951.0,92463.0
C0108595,Sarah Martin,55-64,8,NC,698,2,1,0,8439.0,69238.0
C0108596,Kristopher Allison,45-54,16,FL,706,4,1,1,13481.0,76427.0
C0108597,Heather Riley,45-54,2,IL,669,1,0,0,2896.0,40191.0
C0108598,Rebekah Gutierrez,35-44,3,PA,662,2,1,0,41749.0,166905.0
C0108599,Brian Webb,35-44,12,AZ,802,2,1,0,28229.0,176873.0
C0108600,Kaitlyn Parker MD,45-54,10,GA,718,2,1,0,8713.0,40580.0
C0108601,Patrick Barnes,25-34,20,NJ,722,1,0,0,10427.0,141106.0
C0108602,Jorge Tyler,35-44,16,NC,683,2,1,0,11407.0,152523.0
C0108603,James Ray,65+,14,AZ,728,2,1,0,9116.0,105112.0
C0108604,George Harding,45-54,7,OH,652,4,1,1,15827.0,102609.0
C0108605,Olivia Carpenter,35-44,13,WA,685,4,1,1,12732.0,178255.0
C0108606,Deanna Jennings,35-44,12,AZ,666,1,0,0,6561.0,318882.0
C0108607,Hannah Butler,55-64,6,AZ,778,1,0,0,1994.0,174844.0
C0108608,Jamie Lawrence,35-44,8,NJ,645,2,1,0,7860.0,208287.0
C0108609,Tammy Finley,35-44,19,MA,666,2,1,0,19937.0,350732.0
C0108610,Jennifer Robinson,35-44,11,VA,627,3,1,1,18153.0,90909.0
C0108611,Jason Kelley,55-64,10,PA,679,3,1,1,39140.0,178878.0
C0108612,Randall Ramos,45-54,16,FL,699,1,0,0,44439.0,271926.0
C0108613,Jesus Carlson,25-34,6,NY,764,3,1,1,18806.0,197306.0
C0108614,Peter Harris,25-34,5,NC,710,1,0,0,10147.0,85895.0
C0108615,Samantha Thomas,45-54,20,FL,701,4,1,1,12237.0,77132.0
C0108616,John White,45-54,17,NY,733,2,1,0,4067.0,315252.0
C0108617,Olivia Wallace,45-54,9,MI,700,3,1,1,21144.0,170752.0
C0108618,Angela Potts,35-44,19,PA,820,1,0,0,39672.0,136808.0
C0108619,Virginia Martinez,55-64,8,NJ,693,2,1,0,28281.0,122119.0
C0108620,Jennifer Lopez,65+,14,MA,738,1,0,0,15798.0,295012.0
C0108621,Jennifer Rasmussen,45-54,1,TX,757,3,1,1,6071.0,171248.0
C0108622,Carol Harris,35-44,14,MI,692,4,1,1,5286.0,95573.0
C0108623,Michael Parsons,45-54,4,WA,727,3,1,1,6689.0,102513.0
C0108624,Charles Jensen,35-44,5,FL,697,2,1,0,3374.0,153997.0
C0108625,Darlene Gray,25-34,17,VA,732,1,0,0,11267.0,212918.0
C0108626,Robin Preston,35-44,5,GA,724,4,1,1,283.0,87231.0
C0108627,Tiffany Gray,65+,10,MI,713,1,0,0,4245.0,197060.0
C0108628,Mrs. Cristina Stark,35-44,19,CA,667,2,1,0,8794.0,52653.0
C0108629,Gregg Anderson,55-64,20,OH,803,1,0,0,163079.0,142659.0
C0108630,Joshua Myers,45-54,9,IL,746,3,1,1,8146.0,278071.0
C0108631,Linda Davis,45-54,2,FL,648,2,1,0,8515.0,98327.0
C0108632,Dana Baldwin,25-34,6,VA,701,2,1,0,2980.0,332061.0
C0108633,Richard Hensley,45-54,13,GA,649,1,0,0,63796.0,169188.0
C0108634,Joseph Clayton,25-34,7,AZ,754,2,1,0,3053.0,53720.0
C0108635,Joseph Chan,45-54,15,FL,719,1,0,0,92907.0,90341.0
C0108636,Brian Nixon,35-44,20,NJ,720,4,1,1,3334.0,63407.0
C0108637,Pamela Meyer,35-44,13,MI,682,3,1,1,25083.0,220970.0
C0108638,Christopher Bell,45-54,13,MI,705,4,1,1,7570.0,160815.0
C0108639,Charles Pham,25-34,11,PA,755,2,1,0,4126.0,111271.0
C0108640,William Ortiz,35-44,4,NJ,767,2,1,0,27215.0,288414.0
C0108641,Tracy Diaz PhD,65+,12,NY,758,2,1,0,39903.0,50971.0
C0108642,Scott Bean,25-34,19,VA,650,4,1,1,6486.0,93103.0
C0108643,Marcia Griffin,35-44,14,OH,711,1,0,0,7871.0,241238.0
C0108644,Michael Williams,35-44,16,GA,731,1,0,0,4939.0,185065.0
C0108645,Tiffany Jackson,35-44,18,NC,686,2,1,0,10603.0,98939.0
C0108646,Benjamin Castillo,45-54,8,TX,645,2,1,0,2179.0,76152.0
C0108647,Anna Novak,35-44,7,IL,662,3,1,1,320.0,118991.0
C0108648,Kristin Brandt,45-54,20,NY,787,1,0,0,859.0,168072.0
C0108649,Tiffany Rowe,45-54,10,MA,666,2,1,0,6215.0,48575.0
C0108650,Kimberly Kennedy,35-44,15,OH,722,1,0,0,2244.0,132818.0
C0108651,Karen Gillespie,65+,13,CA,712,1,0,0,7037.0,151349.0
C0108652,Christina Salinas,65+,3,CA,713,4,1,1,4381.0,103854.0
C0108653,Robert Shaffer,25-34,7,AZ,705,3,1,1,3472.0,100604.0
C0108654,Rebecca Thompson,35-44,7,FL,755,4,1,1,3720.0,76852.0
C0108655,Kara Estrada,35-44,4,CA,721,2,1,0,25865.0,119562.0
C0108656,Eric Simmons,35-44,16,NY,691,3,1,1,10747.0,138216.0
C0108657,Philip Weaver,45-54,20,NY,722,2,1,0,52994.0,69953.0
C0108658,Kaitlin Smith,45-54,20,TX,662,2,1,0,9172.0,156270.0
C0108659,Andrew Rose,35-44,4,MA,741,1,0,0,819.0,253982.0
C0108660,Michael Hernandez,35-44,9,CA,689,1,0,0,2316.0,45142.0
C0108661,Michael Cross,35-44,5,NJ,691,1,0,0,9304.0,81070.0
C0108662,April Cummings,65+,2,WA,743,3,1,1,10833.0,184472.0
C0108663,Edward Valentine Jr.,65+,13,MI,701,3,1,1,4011.0,119953.0
C0108664,Jonathan Taylor,25-34,18,TX,704,2,1,0,3119.0,221699.0
C0108665,Andrea Oneill,45-54,2,NJ,772,1,0,0,3907.0,18495.0
C0108666,Jason Baxter,45-54,13,PA,676,3,1,1,6813.0,78831.0
C0108667,Patrick Chan,45-54,1,OH,742,1,0,0,7640.0,74895.0
C0108668,Jared Becker,45-54,17,NY,762,3,1,1,2170.0,259178.0
C0108669,Donald Bryan,55-64,2,VA,772,2,1,0,10889.0,167647.0
C0108670,Nathan Brown,25-34,9,NC,817,3,1,1,10769.0,76334.0
C0108671,Pamela Carter,35-44,3,FL,691,1,0,0,7102.0,81502.0
C0108672,Teresa Lopez,65+,9,OH,680,1,0,0,3536.0,67185.0
C0108673,Walter Romero,35-44,9,VA,756,2,1,0,18140.0,159426.0
C0108674,Steven Barker II,25-34,11,MA,762,2,1,0,39670.0,151262.0
C0108675,Maria Simmons,55-64,17,MA,684,1,0,0,4732.0,106997.0
C0108676,Sharon Rogers,55-64,20,FL,741,2,1,0,3812.0,76658.0
C0108677,Brittany Taylor,45-54,7,WA,820,1,0,0,14173.0,129588.0
C0108678,Mr. Matthew Peterson,55-64,19,NC,724,4,1,1,1989.0,530959.0
C0108679,Lisa Stevens,45-54,9,VA,761,2,1,0,1751.0,123979.0
C0108680,Andrew Rodriguez,25-34,3,IL,790,2,1,0,3720.0,264595.0
C0108681,Lee Boone,45-54,13,MI,820,2,1,0,11747.0,122717.0
C0108682,Mr. Luis Bell,55-64,15,NY,731,3,1,1,2817.0,70258.0
C0108683,Amber Allison,55-64,7,GA,776,1,0,0,7923.0,169672.0
C0108684,Nathaniel Gomez,35-44,12,NY,684,3,1,1,727.0,56844.0
C0108685,Michael Montes,25-34,9,IL,721,4,1,1,16986.0,205631.0
C0108686,Aaron Adams,55-64,3,OH,699,2,1,0,45640.0,107029.0
C0108687,Christina Woods,35-44,8,WA,635,1,0,0,2719.0,143532.0
C0108688,Christopher Blankenship,25-34,9,MI,647,1,0,0,13807.0,118576.0
C0108689,Vincent Welch,55-64,7,MI,739,4,1,1,6313.0,184269.0
C0108690,Frank Martinez,45-54,19,PA,740,1,0,0,9204.0,322578.0
C0108691,Daniel Munoz,35-44,8,OH,673,1,0,0,6033.0,66186.0
C0108692,Douglas Martin,25-34,13,GA,790,4,1,1,5630.0,35611.0
C0108693,Richard Cook,25-34,1,VA,670,3,1,1,2982.0,141493.0
C0108694,Elizabeth Villarreal,55-64,7,FL,731,2,1,0,2183.0,86719.0
C0108695,Tracey Melendez MD,45-54,18,CA,701,1,0,0,30311.0,215276.0
C0108696,Samantha Aguilar,25-34,18,GA,724,2,1,0,1080.0,79293.0
C0108697,Carlos Burke,35-44,20,WA,760,3,1,1,7923.0,115868.0
C0108698,Kimberly Steele,35-44,2,VA,754,1,0,0,7503.0,206640.0
C0108699,Matthew Farley,25-34,18,WA,751,1,0,0,7659.0,166610.0
C0108700,Suzanne Luna,35-44,6,IL,746,4,1,1,17995.0,76036.0
C0108701,Thomas Hamilton,45-54,1,NY,662,3,1,1,5193.0,149590.0
C0108702,Karen Macias,35-44,2,MI,771,2,1,0,17740.0,79899.0
C0108703,Corey Torres,35-44,16,CA,672,4,1,1,87821.0,177836.0
C0108704,Grace Torres,45-54,12,AZ,715,2,1,0,6750.0,119061.0
C0108705,Kelly Martin,35-44,12,NJ,704,4,1,1,707.0,135058.0
C0108706,Jamie Woods,25-34,18,GA,735,1,0,0,6829.0,105326.0
C0108707,Jared Dawson,25-34,2,FL,698,2,1,0,6070.0,62912.0
C0108708,Steven Delacruz,25-34,2,NY,712,2,1,0,13127.0,81341.0
C0108709,Sandy Austin,35-44,19,MA,792,2,1,0,740.0,56578.0
C0108710,Pamela Perez,55-64,13,CA,661,1,0,0,11961.0,173864.0
C0108711,Maria Davidson,25-34,16,CA,719,2,1,0,4887.0,73945.0
C0108712,John Lin,55-64,11,IL,669,2,1,0,21232.0,251750.0
C0108713,Lori Le,55-64,3,NY,750,1,0,0,4350.0,151861.0
C0108714,Alexandra Jones,25-34,11,NJ,687,2,1,0,22962.0,158418.0
C0108715,Karen Woods,25-34,20,CA,721,3,1,1,1322.0,67553.0
C0108716,Shawn Sullivan,35-44,3,VA,660,2,1,0,8278.0,350499.0
C0108717,Tracy Whitaker,25-34,3,VA,778,2,1,0,2525.0,153098.0
C0108718,Dennis Moore,45-54,7,NY,723,1,0,0,4511.0,266493.0
C0108719,Jason Greene,25-34,10,NC,726,1,0,0,211950.0,37384.0
C0108720,Philip Robbins,55-64,13,NJ,757,3,1,1,2593.0,47656.0
C0108721,Ronald Villegas,45-54,4,WA,663,3,1,1,5182.0,71822.0
C0108722,Meghan Hernandez,55-64,19,NJ,692,2,1,0,2054.0,245054.0
C0108723,Tony Wilson,55-64,4,MA,727,2,1,0,5606.0,75217.0
C0108724,Robert Foster,45-54,5,TX,640,1,0,0,6769.0,300962.0
C0108725,Deanna Choi,65+,20,MI,645,2,1,0,3356.0,39274.0
C0108726,Kenneth French,65+,8,VA,683,2,1,0,53725.0,165422.0
C0108727,Madison Boyd,35-44,12,NY,668,2,1,0,32409.0,138170.0
C0108728,Leroy Walker,25-34,9,NY,704,1,0,0,2601.0,108305.0
C0108729,Lisa Mercer,35-44,6,TX,743,1,0,0,21591.0,104768.0
C0108730,Robert Martin,35-44,11,MA,753,4,1,1,4555.0,75254.0
C0108731,Marcia Flowers,45-54,16,WA,801,2,1,0,1853.0,365397.0
C0108732,Maria Morris,35-44,1,TX,718,3,1,1,3424.0,162709.0
C0108733,Jason Steele,45-54,18,NY,726,2,1,0,1795.0,58486.0
C0108734,Rebecca Miller,55-64,4,OH,718,3,1,1,25070.0,65925.0
C0108735,Scott Smith,35-44,19,AZ,734,1,0,0,2831.0,186486.0
C0108736,Jeffrey Durham,45-54,20,WA,737,1,0,0,38016.0,139490.0
C0108737,Julie Chan,35-44,19,AZ,761,2,1,0,9595.0,59094.0
C0108738,Adam Cortez,55-64,14,WA,761,2,1,0,4993.0,516041.0
C0108739,Justin Andrews,45-54,19,MI,743,1,0,0,4436.0,33924.0
C0108740,Makayla Reynolds,25-34,18,PA,787,2,1,0,66381.0,114033.0
C0108741,Jennifer Hancock,45-54,13,MI,721,1,0,0,8204.0,132650.0
C0108742,Elizabeth Hayes,35-44,18,GA,692,1,0,0,4424.0,32038.0
C0108743,Ryan Thornton MD,55-64,7,MA,699,4,1,1,22564.0,101114.0
C0108744,Amy Morse,45-54,17,OH,715,2,1,0,16361.0,184431.0
C0108745,David Morales,35-44,19,VA,671,1,0,0,2476.0,155446.0
C0108746,Charles Thornton Jr.,45-54,13,FL,692,1,0,0,8154.0,114929.0
C0108747,Trevor Shepherd,55-64,3,NJ,668,4,1,1,925.0,88402.0
C0108748,Kenneth Howell,55-64,5,OH,735,4,1,1,7784.0,103298.0
C0108749,David Andrews,45-54,4,OH,735,1,0,0,11814.0,18706.0
C0108750,Destiny Nash,55-64,11,VA,640,2,1,0,13869.0,220314.0
C0108751,Megan Grimes,35-44,9,GA,690,2,1,0,2442.0,296762.0
C0108752,Melissa Thompson,55-64,17,CA,802,1,0,0,3340.0,149919.0
C0108753,Michael Cook,55-64,6,IL,748,2,1,0,10904.0,153389.0
C0108754,Ronald Mckenzie,25-34,4,MA,740,1,0,0,36337.0,122730.0
C0108755,Daniel Smith,35-44,13,MA,690,1,0,0,9050.0,64357.0
C0108756,Mr. David Villanueva,35-44,3,MI,732,2,1,0,4148.0,105875.0
C0108757,Amber Odom,35-44,19,MI,719,1,0,0,25959.0,196694.0
C0108758,Brian White,35-44,2,NY,684,2,1,0,9461.0,148133.0
C0108759,John King,35-44,10,VA,697,1,0,0,10041.0,303400.0
C0108760,Kimberly Lee,45-54,19,NC,698,2,1,0,21105.0,203402.0
C0108761,Brooke Allen,25-34,12,CA,653,4,1,1,7219.0,96829.0
C0108762,Frederick Jones,35-44,17,MA,660,2,1,0,2644.0,178049.0
C0108763,David Anderson,45-54,9,WA,711,2,1,0,6731.0,48756.0
C0108764,Allen Erickson,35-44,16,TX,681,2,1,0,30778.0,57597.0
C0108765,Herbert Ferguson,35-44,15,OH,706,3,1,1,78528.0,236727.0
C0108766,Dr. Tyler Adams DVM,55-64,11,VA,647,2,1,0,1877.0,177799.0
C0108767,Christian Woodard,65+,3,VA,756,1,0,0,57797.0,524256.0
C0108768,Megan Shah,45-54,20,FL,813,1,0,0,5217.0,111880.0
C0108769,Benjamin Wheeler,25-34,1,CA,766,2,1,0,8304.0,209799.0
C0108770,Robert Foley,25-34,8,MA,770,3,1,1,62308.0,100085.0
C0108771,David Owen,65+,13,AZ,748,1,0,0,4956.0,74740.0
C0108772,John Black,45-54,16,VA,731,2,1,0,5830.0,383174.0
C0108773,Sarah Short,55-64,11,MI,723,2,1,0,3747.0,40752.0
C0108774,Stacey Berger,45-54,9,NJ,678,2,1,0,8480.0,136529.0
C0108775,Patrick Daniel,35-44,9,OH,751,2,1,0,11779.0,328884.0
C0108776,Tyler Huynh,35-44,20,NJ,748,1,0,0,3553.0,28312.0
C0108777,Lisa Baxter,55-64,7,PA,699,2,1,0,46186.0,33569.0
C0108778,Michael Garrison,55-64,18,TX,743,3,1,1,3305.0,68692.0
C0108779,Jon Martinez,35-44,2,PA,688,4,1,1,14736.0,20939.0
C0108780,Jessica Hall,45-54,14,PA,691,2,1,0,8365.0,164837.0
C0108781,Lynn Anderson,35-44,14,PA,754,2,1,0,36043.0,77270.0
C0108782,David Larsen,65+,14,GA,739,3,1,1,3088.0,221556.0
C0108783,Patrick Anderson,35-44,9,TX,709,3,1,1,16107.0,281382.0
C0108784,Megan Salas,55-64,14,OH,704,2,1,0,148049.0,108431.0
C0108785,Stephanie Moran,35-44,9,OH,727,2,1,0,1437.0,34443.0
C0108786,Carlos Sawyer,45-54,12,FL,637,1,0,0,2750.0,145608.0
C0108787,Jeffrey Jones,45-54,18,OH,685,2,1,0,98792.0,219298.0
C0108788,Christian Edwards,35-44,14,NJ,663,2,1,0,6898.0,196199.0
C0108789,Janice Stokes,55-64,15,OH,720,1,0,0,9286.0,157222.0
C0108790,Jennifer Griffin,55-64,20,CA,768,2,1,0,5439.0,164651.0
C0108791,Elizabeth Jennings,55-64,5,NJ,741,4,1,1,58984.0,115948.0
C0108792,Jenny Durham,35-44,12,NC,696,1,0,0,1169.0,87497.0
C0108793,Natasha Watkins,55-64,14,OH,688,2,1,0,35755.0,70569.0
C0108794,Blake Mitchell,45-54,14,CA,686,4,1,1,1376.0,101883.0
C0108795,Morgan Atkinson,45-54,3,TX,809,4,1,1,1236.0,187225.0
C0108796,Lindsay Washington,45-54,16,TX,723,1,0,0,2199.0,81167.0
C0108797,Kathryn Garcia,45-54,4,WA,728,1,0,0,6951.0,111534.0
C0108798,Amanda Lloyd,25-34,9,PA,624,2,1,0,3439.0,123799.0
C0108799,Mary Cruz,35-44,15,OH,666,1,0,0,3202.0,89671.0
C0108800,Joseph Russell,35-44,6,NJ,718,2,1,0,2662.0,63760.0
C0108801,Michelle Gross,35-44,3,MI,697,2,1,0,2718.0,190003.0
C0108802,Robert Gomez,25-34,14,CA,725,3,1,1,2645.0,73705.0
C0108803,Kyle Kaiser,35-44,6,AZ,725,2,1,0,10741.0,143860.0
C0108804,Mary Reyes,55-64,17,NY,747,3,1,1,3778.0,76475.0
C0108805,Olivia Herrera MD,45-54,18,VA,635,3,1,1,331.0,254363.0
C0108806,Joseph Smith,25-34,7,WA,670,2,1,0,7748.0,395903.0
C0108807,Michelle Moore,55-64,15,NC,715,1,0,0,19916.0,259247.0
C0108808,Mark Spencer,65+,5,FL,690,3,1,1,5799.0,100440.0
C0108809,Terri Roberts,55-64,19,NC,706,3,1,1,1785.0,120300.0
C0108810,Corey Clark,55-64,5,NY,724,1,0,0,19812.0,160016.0
C0108811,Albert Black,65+,18,WA,686,1,0,0,1561.0,128403.0
C0108812,Michelle Johnson,45-54,16,VA,728,2,1,0,5511.0,127901.0
C0108813,Amber Ross,65+,7,WA,744,1,0,0,7893.0,257003.0
C0108814,Stephen Wolf,65+,17,WA,722,3,1,1,29584.0,126909.0
C0108815,Virginia Watson,35-44,13,FL,752,1,0,0,16208.0,230082.0
C0108816,Hannah Campbell,55-64,14,CA,622,2,1,0,10787.0,69482.0
C0108817,Jennifer Snow,55-64,8,MI,693,1,0,0,24753.0,59858.0
C0108818,John Elliott,55-64,5,MI,760,2,1,0,2019.0,50565.0
C0108819,Jamie Robertson,55-64,14,WA,681,3,1,1,53958.0,214859.0
C0108820,Jaime Oneill,35-44,2,MI,674,1,0,0,205.0,53290.0
C0108821,John Garcia,35-44,7,WA,714,1,0,0,44951.0,67735.0
C0108822,Hector Williams,45-54,3,IL,719,1,0,0,2953.0,100781.0
C0108823,Rebecca Nicholson,55-64,1,TX,695,1,0,0,12787.0,140376.0
C0108824,Eric Howe,55-64,1,CA,802,2,1,0,46081.0,68732.0
C0108825,Anthony Garrett,55-64,2,OH,732,1,0,0,15885.0,75222.0
C0108826,Kevin Thomas,55-64,19,CA,679,2,1,0,12669.0,28935.0
C0108827,Brandy Moreno,65+,16,GA,655,2,1,0,22916.0,170801.0
C0108828,Jessica Chang,35-44,20,OH,738,3,1,1,1372.0,53200.0
C0108829,Randy Warner,65+,2,NY,678,1,0,0,1643.0,162228.0
C0108830,Mr. Michael Garcia,25-34,20,NC,816,3,1,1,11222.0,109060.0
C0108831,Justin Rodriguez DDS,45-54,12,NJ,739,4,1,1,6392.0,216935.0
C0108832,Ashley Campbell,25-34,16,CA,745,2,1,0,5567.0,151864.0
C0108833,Mr. Samuel Thomas,45-54,18,GA,731,3,1,1,35805.0,237403.0
C0108834,Brenda Brooks,35-44,6,MA,770,2,1,0,32266.0,75685.0
C0108835,Gabrielle Johnson,25-34,15,PA,612,1,0,0,2684.0,67708.0
C0108836,Glenn Lawrence,45-54,13,VA,665,4,1,1,13779.0,150528.0
C0108837,Wyatt Cortez,55-64,9,IL,766,4,1,1,1240.0,154502.0
C0108838,Laurie Pierce,35-44,10,PA,787,1,0,0,1205.0,34180.0
C0108839,Ryan Morales,45-54,5,WA,664,1,0,0,2775.0,40934.0
C0108840,Joseph Mendoza,35-44,4,IL,638,1,0,0,7604.0,39583.0
C0108841,Brent Lewis,25-34,19,WA,727,2,1,0,3701.0,204255.0
C0108842,Ricky Campbell,25-34,15,MI,741,4,1,1,13925.0,108808.0
C0108843,Patricia Brown,45-54,12,WA,726,1,0,0,7955.0,86291.0
C0108844,Bobby Walker,55-64,14,WA,717,2,1,0,30850.0,65392.0
C0108845,Eric Giles,45-54,9,AZ,636,3,1,1,15596.0,102350.0
C0108846,Mrs. Valerie Ramirez,55-64,5,NC,703,2,1,0,2330.0,171083.0
C0108847,Keith Nixon,45-54,19,MA,709,2,1,0,23879.0,133867.0
C0108848,William Gutierrez,55-64,20,CA,695,2,1,0,2880.0,103706.0
C0108849,Jose Crawford,65+,5,GA,633,1,0,0,13277.0,70867.0
C0108850,Brett Obrien,35-44,17,IL,746,2,1,0,4488.0,111384.0
C0108851,Charles Moore,25-34,9,TX,758,1,0,0,39692.0,83289.0
C0108852,Lynn Brown,25-34,15,AZ,684,2,1,0,19485.0,115314.0
C0108853,David Anderson,45-54,3,WA,711,1,0,0,3529.0,164006.0
C0108854,Donna Watson,45-54,10,VA,697,3,1,1,5099.0,89180.0
C0108855,Jocelyn Charles,35-44,3,MI,698,2,1,0,409698.0,282876.0
C0108856,Cathy Miller,55-64,17,MI,742,4,1,1,1784.0,88582.0
C0108857,Justin Williams,65+,8,IL,743,3,1,1,3416.0,58734.0
C0108858,Thomas Rosales,35-44,6,NJ,768,3,1,1,3622.0,118182.0
C0108859,Scott Khan,35-44,14,MA,767,1,0,0,2017.0,100019.0
C0108860,Benjamin Powell,35-44,20,NY,712,2,1,0,2288.0,626018.0
C0108861,Joshua Wilson,35-44,7,IL,820,3,1,1,7112.0,49349.0
C0108862,Kent Freeman,55-64,15,TX,789,3,1,1,14355.0,51866.0
C0108863,Patricia Tucker,45-54,14,AZ,690,2,1,0,1198.0,122035.0
C0108864,Lauren James,25-34,10,GA,725,1,0,0,4439.0,123909.0
C0108865,Bradley Taylor,45-54,17,NC,630,1,0,0,3088.0,70406.0
C0108866,Frank Arnold,25-34,3,NY,721,1,0,0,1989.0,166466.0
C0108867,Shannon Turner,35-44,18,CA,795,1,0,0,26768.0,174656.0
C0108868,Charles Lloyd,35-44,9,WA,820,3,1,1,3236.0,123150.0
C0108869,Justin King,45-54,1,WA,714,2,1,0,1566.0,122047.0
C0108870,Jenna Ramsey,45-54,20,IL,735,2,1,0,23299.0,101122.0
C0108871,Joel Murray,55-64,16,VA,747,1,0,0,36370.0,82113.0
C0108872,Andrew Hahn,25-34,17,NC,809,3,1,1,10777.0,69532.0
C0108873,Shelby Gentry,55-64,3,MI,675,1,0,0,2620.0,292393.0
C0108874,Christian Shelton,25-34,16,FL,820,1,0,0,5807.0,398252.0
C0108875,Robin Mora,35-44,14,MI,705,3,1,1,3692.0,31909.0
C0108876,Lindsey Wright,55-64,19,FL,667,2,1,0,7637.0,92525.0
C0108877,Abigail Miller,45-54,8,NY,705,1,0,0,19132.0,29618.0
C0108878,Timothy French,35-44,19,IL,683,1,0,0,7861.0,185528.0
C0108879,Laura Garner,45-54,15,NY,738,2,1,0,8069.0,74276.0
C0108880,Robin Brock,55-64,6,AZ,645,2,1,0,4378.0,183946.0
C0108881,Morgan Boone,65+,5,CA,726,1,0,0,17995.0,168265.0
C0108882,Matthew Greene,45-54,19,AZ,749,2,1,0,12606.0,97325.0
C0108883,Molly Ortiz,25-34,13,FL,786,2,1,0,893.0,225351.0
C0108884,Paula Roberts,45-54,3,AZ,750,2,1,0,955.0,36756.0
C0108885,Connie Miller,35-44,3,IL,783,3,1,1,5443.0,132396.0
C0108886,Perry Black,25-34,17,AZ,692,3,1,1,25973.0,76392.0
C0108887,Scott Bond,45-54,4,NC,737,1,0,0,32859.0,34911.0
C0108888,Emily Rush,55-64,5,GA,619,1,0,0,20242.0,182865.0
C0108889,Brady Padilla,25-34,13,TX,714,1,0,0,6763.0,93104.0
C0108890,Mark Wallace,55-64,18,OH,737,1,0,0,46999.0,243194.0
C0108891,April Collins,55-64,7,NC,741,1,0,0,3405.0,101859.0
C0108892,Isaac Smith,55-64,14,MA,649,1,0,0,5382.0,99048.0
C0108893,Rebecca Roman,35-44,15,NY,702,3,1,1,1473.0,137068.0
C0108894,Jody Phillips,35-44,13,TX,708,3,1,1,5354.0,97616.0
C0108895,Judy Lewis,25-34,14,NY,700,3,1,1,2881.0,47256.0
C0108896,Brian Pacheco,35-44,5,NY,752,2,1,0,51300.0,85335.0
C0108897,Thomas Nelson,35-44,13,MA,710,3,1,1,40506.0,79866.0
C0108898,Travis Hernandez,35-44,1,FL,724,2,1,0,8742.0,129521.0
C0108899,William Greene,35-44,15,MA,697,2,1,0,14191.0,236628.0
C0108900,Jordan Adams,35-44,16,TX,767,1,0,0,3924.0,75177.0
C0108901,Scott Pineda,65+,16,WA,771,3,1,1,386.0,121126.0
C0108902,Luke Carpenter,55-64,1,OH,706,1,0,0,3246.0,125136.0
C0108903,Kelly Smith,35-44,19,CA,820,1,0,0,19882.0,82202.0
C0108904,Danielle Rodriguez,65+,9,MI,685,2,1,0,13709.0,137667.0
C0108905,Paul Duarte,35-44,2,NJ,765,1,0,0,5062.0,240380.0
C0108906,Cody Mccoy,35-44,11,WA,677,4,1,1,19681.0,145569.0
C0108907,Andrea Bass,55-64,12,FL,754,2,1,0,4606.0,104349.0
C0108908,Christopher Blake,35-44,9,MI,751,3,1,1,2059.0,21829.0
C0108909,David Jones,35-44,15,NC,674,4,1,1,19683.0,125707.0
C0108910,Amber Burns,35-44,11,OH,714,2,1,0,3889.0,76920.0
C0108911,Dana Jennings,45-54,5,AZ,804,3,1,1,27776.0,26448.0
C0108912,Alexander Ferguson,45-54,13,OH,683,4,1,1,737.0,39006.0
C0108913,Gary Russell,35-44,6,IL,738,1,0,0,4091.0,112854.0
C0108914,Frank Foster,35-44,3,GA,735,1,0,0,16591.0,227587.0
C0108915,Dylan Brown,35-44,6,AZ,718,2,1,0,14656.0,89639.0
C0108916,Trevor Ross,45-54,19,AZ,642,2,1,0,6214.0,170476.0
C0108917,Sherri Gray,35-44,12,NJ,757,3,1,1,11439.0,91592.0
C0108918,Lauren Stone,55-64,7,TX,720,1,0,0,9587.0,79769.0
C0108919,David Jones,55-64,8,PA,769,3,1,1,1357.0,187913.0
C0108920,Matthew Sullivan,35-44,18,CA,730,2,1,0,5238.0,141188.0
C0108921,William Morse,55-64,14,TX,722,2,1,0,10645.0,92930.0
C0108922,John Molina,25-34,16,WA,736,2,1,0,14875.0,11910.0
C0108923,Travis Hubbard,35-44,13,WA,675,3,1,1,7494.0,99545.0
C0108924,John Andrews,35-44,20,TX,790,1,0,0,4178.0,183472.0
C0108925,Craig Harris,45-54,14,OH,703,2,1,0,1634.0,239403.0
C0108926,Amanda Rose MD,55-64,9,PA,703,2,1,0,19997.0,245009.0
C0108927,Jessica Berry,65+,6,TX,778,2,1,0,17526.0,116660.0
C0108928,Sandra Haney,35-44,1,IL,731,1,0,0,26494.0,89282.0
C0108929,Alexander Weeks,35-44,16,TX,709,3,1,1,2222.0,55188.0
C0108930,Edward Duffy,45-54,19,VA,738,1,0,0,9381.0,144508.0
C0108931,Felicia Vargas,35-44,14,MA,748,1,0,0,3531.0,95177.0
C0108932,Darren Hall,25-34,10,OH,714,3,1,1,8568.0,81252.0
C0108933,Elizabeth Cunningham,65+,3,NY,761,2,1,0,265135.0,27305.0
C0108934,Michael Peterson,55-64,13,GA,662,2,1,0,23966.0,62373.0
C0108935,Crystal Duke,65+,5,MA,731,2,1,0,3272.0,53522.0
C0108936,Michael Cardenas,35-44,13,FL,756,1,0,0,5984.0,191782.0
C0108937,Heather Meadows,25-34,7,NJ,747,1,0,0,5247.0,187498.0
C0108938,Nicole Collins,35-44,18,TX,619,4,1,1,9402.0,85339.0
C0108939,Laurie White,65+,19,PA,714,1,0,0,1301.0,123903.0
C0108940,Veronica Lewis,25-34,5,OH,665,1,0,0,11949.0,66839.0
C0108941,Brian Singh,25-34,7,IL,777,3,1,1,638.0,230551.0
C0108942,Ronald Young,25-34,19,FL,702,3,1,1,1089.0,184027.0
C0108943,Cindy Bradley MD,55-64,1,VA,772,3,1,1,89501.0,184559.0
C0108944,Thomas Nelson,55-64,11,NJ,665,1,0,0,5256.0,130076.0
C0108945,Nathan Hickman Jr.,45-54,3,OH,737,1,0,0,44869.0,85927.0
C0108946,Kristin Bailey,25-34,9,OH,720,4,1,1,3065.0,67861.0
C0108947,Shannon Booker,55-64,1,TX,820,3,1,1,651.0,43039.0
C0108948,Marc Glenn,35-44,3,MI,773,3,1,1,2297.0,108781.0
C0108949,Jasmine Chavez,35-44,9,NY,770,2,1,0,203944.0,477648.0
C0108950,Michael Ritter,35-44,2,PA,811,3,1,1,1491.0,193723.0
C0108951,Denise Gonzalez,45-54,16,WA,732,4,1,1,68308.0,74507.0
C0108952,Phillip Lowery,35-44,12,MI,715,2,1,0,12262.0,126600.0
C0108953,Timothy Jordan,65+,10,NJ,710,1,0,0,9356.0,109662.0
C0108954,Justin Garcia,45-54,10,NY,734,1,0,0,3300.0,105813.0
C0108955,Samantha Ford,35-44,17,GA,595,3,1,1,2748.0,56490.0
C0108956,Stanley Martinez,45-54,17,CA,720,1,0,0,15945.0,165094.0
C0108957,Alexander Terry,45-54,1,NY,730,1,0,0,39463.0,102311.0
C0108958,Lisa Michael,25-34,14,WA,712,2,1,0,10255.0,157641.0
C0108959,Dennis Turner,45-54,10,GA,651,3,1,1,19682.0,98569.0
C0108960,Kevin Benson,35-44,16,MI,713,2,1,0,4862.0,85533.0
C0108961,Brian Phillips,35-44,16,VA,650,4,1,1,109941.0,187382.0
C0108962,Maria Ward,55-64,15,MA,799,1,0,0,10789.0,38767.0
C0108963,Shane Greene,45-54,14,TX,708,2,1,0,92952.0,193861.0
C0108964,Matthew Alvarez,35-44,5,NC,627,2,1,0,2545.0,221293.0
C0108965,Annette Weaver,35-44,18,MA,710,2,1,0,7677.0,238094.0
C0108966,Troy Aguilar,45-54,15,FL,760,2,1,0,29313.0,94277.0
C0108967,Frank Munoz,35-44,6,WA,727,2,1,0,9609.0,134269.0
C0108968,Amy Johnson,65+,5,NC,678,3,1,1,15082.0,90374.0
C0108969,Jean Brown,45-54,11,PA,689,3,1,1,2507.0,58301.0
C0108970,Bobby Mullen,55-64,7,VA,707,4,1,1,4981.0,124322.0
C0108971,Mary Brady,35-44,14,AZ,700,4,1,1,2834.0,60806.0
C0108972,Gabriel Jones,55-64,9,FL,663,2,1,0,7313.0,77308.0
C0108973,Kevin Lee,25-34,4,NJ,716,3,1,1,6463.0,177473.0
C0108974,David Wise,35-44,8,MA,659,2,1,0,4295.0,232449.0
C0108975,Kayla Taylor,25-34,17,MI,762,2,1,0,17306.0,180387.0
C0108976,David Williams,25-34,17,NC,768,1,0,0,2257.0,91880.0
C0108977,Kayla Rios,65+,7,FL,674,2,1,0,615.0,119989.0
C0108978,Scott Wade,55-64,16,OH,687,4,1,1,4081.0,148358.0
C0108979,Kenneth Williams,45-54,2,AZ,700,2,1,0,107246.0,272877.0
C0108980,Tiffany Gentry,45-54,20,VA,718,1,0,0,14941.0,225100.0
C0108981,Sarah Woods,45-54,16,OH,731,2,1,0,2935.0,107317.0
C0108982,Timothy Jones,45-54,1,PA,740,2,1,0,13822.0,204343.0
C0108983,Dennis Martinez,55-64,15,WA,739,3,1,1,6898.0,39573.0
C0108984,Terry Owens,45-54,10,MA,789,1,0,0,12902.0,155448.0
C0108985,Lori Gutierrez,55-64,18,PA,722,2,1,0,23316.0,116915.0
C0108986,Heidi Stewart,35-44,5,WA,661,3,1,1,10221.0,143755.0
C0108987,Larry Martinez,65+,18,PA,647,2,1,0,9364.0,24069.0
C0108988,William Payne,25-34,18,WA,793,1,0,0,48233.0,57666.0
C0108989,Alisha Lewis,35-44,6,MA,742,3,1,1,15485.0,67842.0
C0108990,Nicholas Sanders,55-64,9,MI,729,3,1,1,10237.0,140410.0
C0108991,John Brown,35-44,13,GA,740,2,1,0,8524.0,79336.0
C0108992,Vanessa Walker,25-34,5,PA,727,1,0,0,4109.0,31278.0
C0108993,Colton Green,35-44,20,CA,739,2,1,0,1818.0,195176.0
C0108994,Mark Lawson,35-44,4,CA,703,2,1,0,18115.0,213366.0
C0108995,Collin Gentry,65+,5,WA,767,1,0,0,37493.0,64825.0
C0108996,Andrea Abbott,55-64,11,MI,696,2,1,0,13540.0,31991.0
C0108997,Adrian Sanchez,45-54,10,NY,679,2,1,0,15980.0,74237.0
C0108998,Kenneth Jones,65+,2,NC,643,3,1,1,2795.0,133306.0
C0108999,Crystal White,45-54,19,AZ,709,4,1,1,3962.0,166013.0
C0109000,Richard Ferguson,55-64,5,MI,777,3,1,1,1740.0,59433.0
C0109001,Madison Morales,35-44,3,AZ,699,1,0,0,6006.0,46317.0
C0109002,Brian James,45-54,11,TX,657,1,0,0,26366.0,82211.0
C0109003,Julia Green,25-34,19,TX,732,1,0,0,3509.0,93696.0
C0109004,Latoya Singleton,25-34,1,MI,690,2,1,0,7409.0,314302.0
C0109005,Cody Lopez,55-64,10,NC,789,2,1,0,18825.0,117529.0
C0109006,Pamela Scott,25-34,19,NJ,768,4,1,1,34536.0,179102.0
C0109007,Diana Ali,45-54,18,MA,662,2,1,0,1123.0,190082.0
C0109008,Nicole Patterson,45-54,4,TX,712,1,0,0,4573.0,37609.0
C0109009,Kimberly Hunter,25-34,13,AZ,686,2,1,0,3341.0,134872.0
C0109010,Stacey Jones,35-44,17,CA,667,2,1,0,2830.0,138899.0
C0109011,Courtney Williams,45-54,14,GA,717,1,0,0,5118.0,167885.0
C0109012,Larry Stone,55-64,14,WA,756,2,1,0,783.0,129484.0
C0109013,Jonathan Miller,35-44,16,NJ,716,1,0,0,5213.0,99190.0
C0109014,Michael Wheeler,65+,10,NY,696,1,0,0,8451.0,236046.0
C0109015,Melissa Wise,55-64,2,MI,620,2,1,0,2317.0,99796.0
C0109016,Melissa Jackson,45-54,13,AZ,690,3,1,1,4546.0,183035.0
C0109017,Mr. Leonard Jackson,35-44,13,NY,744,3,1,1,8296.0,165279.0
C0109018,Brent Hernandez,55-64,18,MA,659,1,0,0,9356.0,174529.0
C0109019,Deborah Price,55-64,19,MI,777,2,1,0,1140.0,192940.0
C0109020,Christopher Gutierrez,35-44,7,TX,693,3,1,1,18775.0,140663.0
C0109021,Tracy Foster,65+,20,PA,728,4,1,1,19325.0,79205.0
C0109022,Charles Nguyen,65+,1,WA,702,3,1,1,3325.0,20097.0
C0109023,Joseph Smith,45-54,20,IL,667,2,1,0,60690.0,65765.0
C0109024,Haley Harvey,55-64,3,MA,739,3,1,1,14003.0,59713.0
C0109025,Katherine Hammond,45-54,13,OH,693,3,1,1,11773.0,146394.0
C0109026,Tracy Hogan,55-64,14,IL,682,1,0,0,18392.0,48768.0
C0109027,Ronald Davila,55-64,13,WA,613,1,0,0,2346.0,83718.0
C0109028,Emily Reed,25-34,20,VA,778,4,1,1,5302.0,192158.0
C0109029,Maria Thomas,25-34,12,NY,720,4,1,1,17003.0,34034.0
C0109030,Debra Miller,35-44,3,VA,769,2,1,0,3111.0,123486.0
C0109031,Michael Huerta,65+,13,NY,747,2,1,0,5309.0,81216.0
C0109032,Joy Robinson,35-44,6,AZ,769,1,0,0,16668.0,121061.0
C0109033,Brittany Kelly,55-64,13,CA,694,3,1,1,11752.0,160775.0
C0109034,Julie Jordan,45-54,8,MI,658,2,1,0,8309.0,80099.0
C0109035,Jacob Peters,35-44,1,FL,754,1,0,0,8735.0,111107.0
C0109036,Caitlyn Clark,65+,13,NJ,725,2,1,0,6569.0,139738.0
C0109037,Kimberly Ward,45-54,2,MA,699,2,1,0,22546.0,106515.0
C0109038,Amanda Gould,35-44,7,NJ,753,4,1,1,99516.0,181857.0
C0109039,Laura Martin,25-34,13,OH,733,3,1,1,11513.0,150558.0
C0109040,Mark Taylor,25-34,18,WA,748,1,0,0,37738.0,117019.0
C0109041,Tyrone Roberson,25-34,7,FL,673,1,0,0,4798.0,47988.0
C0109042,Brian Barron,35-44,6,NC,763,1,0,0,3576.0,194547.0
C0109043,Kelly Harris,45-54,7,MA,719,1,0,0,3147.0,30861.0
C0109044,Jeremy Moran,35-44,12,IL,768,2,1,0,2692.0,311450.0
C0109045,Dr. Donna Bailey,25-34,4,CA,763,2,1,0,5697.0,84771.0
C0109046,John Smith,35-44,11,OH,750,1,0,0,23467.0,41653.0
C0109047,Sarah Pierce,35-44,17,GA,714,4,1,1,26998.0,66029.0
C0109048,John Gallegos,65+,2,WA,751,3,1,1,4396.0,95218.0
C0109049,Michael Moore,35-44,20,WA,769,1,0,0,5493.0,135011.0
C0109050,Jessica Barron,25-34,11,IL,747,3,1,1,8083.0,103629.0
C0109051,Erika Moore,45-54,13,VA,729,1,0,0,10731.0,356921.0
C0109052,Erin Rivera,65+,13,FL,752,2,1,0,16384.0,125833.0
C0109053,Alicia Krueger,55-64,19,FL,696,2,1,0,5019.0,115798.0
C0109054,Amanda Wilson,55-64,14,MI,788,1,0,0,6371.0,154741.0
C0109055,Joshua Scott,65+,18,NJ,644,2,1,0,41177.0,225262.0
C0109056,Jeffrey Thompson,45-54,6,WA,721,4,1,1,5800.0,150507.0
C0109057,Alexandria Barnes,65+,5,MI,701,3,1,1,4066.0,117868.0
C0109058,Brandy Allen MD,25-34,13,TX,691,2,1,0,7313.0,57206.0
C0109059,Kendra Smith,55-64,4,NJ,733,3,1,1,8900.0,225119.0
C0109060,Mckenzie Vega,55-64,3,OH,669,3,1,1,1275.0,124755.0
C0109061,Margaret Gonzalez,65+,5,NY,816,3,1,1,4758.0,93561.0
C0109062,Robert Andrews,45-54,6,IL,659,1,0,0,13413.0,123833.0
C0109063,Dr. Brenda Frye,55-64,2,WA,677,1,0,0,89805.0,248240.0
C0109064,Larry Pitts,35-44,15,FL,672,3,1,1,4296.0,53776.0
C0109065,Connie Henderson,45-54,12,NC,728,4,1,1,20289.0,296203.0
C0109066,Jessica Cruz,35-44,5,TX,765,2,1,0,10047.0,64955.0
C0109067,Monica Torres,45-54,6,NJ,743,4,1,1,32598.0,40603.0
C0109068,Scott King,45-54,19,FL,786,2,1,0,3856.0,225964.0
C0109069,David Hahn,35-44,19,MA,682,1,0,0,30449.0,26791.0
C0109070,Jeffrey Baker,35-44,3,AZ,749,4,1,1,43586.0,248862.0
C0109071,Andre Payne,35-44,13,WA,706,3,1,1,45868.0,218268.0
C0109072,Nicholas Tran,45-54,7,IL,730,2,1,0,44931.0,303690.0
C0109073,Nicholas Davis,45-54,8,VA,769,3,1,1,10189.0,143060.0
C0109074,Charles Dougherty,55-64,12,FL,643,2,1,0,16349.0,156820.0
C0109075,Carolyn Smith,25-34,20,PA,809,2,1,0,4898.0,83189.0
C0109076,Brendan Howard,55-64,12,TX,713,2,1,0,563.0,24909.0
C0109077,Albert Bishop,45-54,20,CA,647,2,1,0,11015.0,122463.0
C0109078,Lisa Good,25-34,17,IL,688,2,1,0,6680.0,102421.0
C0109079,Nicholas Mejia,35-44,16,NC,724,1,0,0,25737.0,100619.0
C0109080,Russell Erickson,45-54,16,WA,688,1,0,0,22797.0,87336.0
C0109081,Michael Horton,35-44,16,CA,627,1,0,0,2265.0,44423.0
C0109082,Ricky Tran,25-34,6,OH,724,2,1,0,134187.0,170653.0
C0109083,Jonathan Kelley,35-44,20,NJ,687,2,1,0,12910.0,89263.0
C0109084,Miss Makayla Young,25-34,19,NY,749,2,1,0,1735.0,97060.0
C0109085,Natalie Blevins,25-34,13,VA,671,2,1,0,2053.0,104477.0
C0109086,Elizabeth Carney,35-44,15,NC,820,1,0,0,594.0,26179.0
C0109087,Gerald Berg,55-64,18,NC,743,3,1,1,20259.0,267759.0
C0109088,Jackson Ingram,45-54,4,TX,728,3,1,1,4306.0,70099.0
C0109089,Thomas Parsons,35-44,2,FL,748,2,1,0,2956.0,133926.0
C0109090,Emma Jennings,45-54,20,AZ,638,1,0,0,3741.0,43882.0
C0109091,Julie Padilla,45-54,12,AZ,697,2,1,0,5649.0,205766.0
C0109092,Cassandra Williams,25-34,15,OH,800,2,1,0,16168.0,85364.0
C0109093,Jeremy Schmidt,35-44,11,NC,705,3,1,1,1126.0,177325.0
C0109094,David Scott,35-44,11,NC,717,1,0,0,2245.0,269397.0
C0109095,Rebekah Ferguson,45-54,1,GA,699,3,1,1,14158.0,118255.0
C0109096,Adriana Malone,45-54,6,NJ,785,4,1,1,3972.0,83138.0
C0109097,Russell Reynolds,35-44,2,NC,708,3,1,1,16297.0,54790.0
C0109098,Sarah Collins,45-54,9,TX,663,3,1,1,4461.0,267269.0
C0109099,Cassandra Frey,65+,1,TX,820,1,0,0,53625.0,96357.0
C0109100,Tyler Murphy,35-44,17,WA,658,2,1,0,10409.0,104177.0
C0109101,Elizabeth Simon,45-54,6,VA,715,1,0,0,35296.0,397086.0
C0109102,Catherine Nguyen,45-54,15,FL,682,2,1,0,15083.0,180220.0
C0109103,Kristy Ramos,55-64,2,CA,688,3,1,1,16219.0,235214.0
C0109104,Kyle Haas,55-64,1,NY,672,3,1,1,3285.0,311595.0
C0109105,Michael Glover,55-64,9,NC,695,4,1,1,32888.0,54736.0
C0109106,Rebecca Walker DDS,35-44,16,NC,764,4,1,1,10498.0,112958.0
C0109107,Julie Mata,35-44,17,FL,634,1,0,0,2580.0,301451.0
C0109108,David Wang,55-64,11,FL,776,4,1,1,644.0,106464.0
C0109109,Anita Price,35-44,13,NY,768,3,1,1,9585.0,54079.0
C0109110,Veronica Sweeney,65+,14,OH,742,3,1,1,49486.0,223681.0
C0109111,Laura Buck,35-44,14,NY,725,1,0,0,2728.0,95349.0
C0109112,Peter Humphrey,45-54,15,OH,732,1,0,0,2620.0,202505.0
C0109113,Tracey White,45-54,1,CA,784,2,1,0,5544.0,96997.0
C0109114,Christina Fletcher,35-44,9,MA,641,1,0,0,30378.0,506601.0
C0109115,Jamie Smith,55-64,17,AZ,752,1,0,0,894.0,142746.0
C0109116,Denise Reynolds,35-44,9,IL,686,1,0,0,3714.0,168655.0
C0109117,Beverly Romero,45-54,3,WA,757,2,1,0,2424.0,55084.0
C0109118,Kelli Williamson,45-54,14,NC,692,2,1,0,15907.0,148146.0
C0109119,Michael Mccall,55-64,7,CA,751,1,0,0,6828.0,250026.0
C0109120,Steven Yang,45-54,11,PA,650,3,1,1,5346.0,67078.0
C0109121,Monica Armstrong,65+,11,CA,643,1,0,0,6528.0,92327.0
C0109122,Karen Henson,55-64,14,NJ,714,2,1,0,20781.0,88442.0
C0109123,Beth Garcia,35-44,19,VA,784,2,1,0,31130.0,23407.0
C0109124,Erin Long,55-64,14,MI,744,2,1,0,27710.0,55553.0
C0109125,Richard Sweeney,65+,20,CA,743,1,0,0,16163.0,235367.0
C0109126,Michael Goodman,35-44,1,NY,758,3,1,1,42646.0,64825.0
C0109127,Megan Khan,45-54,16,GA,702,1,0,0,2649.0,44180.0
C0109128,Jacob Day,35-44,9,FL,747,1,0,0,12903.0,101286.0
C0109129,Shannon Hunt,45-54,15,TX,693,2,1,0,135714.0,112201.0
C0109130,Ashley Mejia,25-34,2,PA,705,1,0,0,894.0,158739.0
C0109131,David Johnston,55-64,11,NC,711,4,1,1,4268.0,89277.0
C0109132,David Joseph,35-44,1,TX,695,2,1,0,2338.0,80800.0
C0109133,Alexa Smith,45-54,14,MA,717,1,0,0,11458.0,181913.0
C0109134,Kevin Gilbert,25-34,5,OH,708,3,1,1,45497.0,179405.0
C0109135,Dr. Terri Valdez,45-54,3,FL,688,3,1,1,15445.0,221838.0
C0109136,Donald Ford,45-54,2,CA,713,2,1,0,6243.0,141997.0
C0109137,Mary Kane,45-54,6,MA,726,4,1,1,15597.0,56266.0
C0109138,Brian Mccarty,35-44,20,NC,670,2,1,0,5724.0,88411.0
C0109139,Kevin Clayton,25-34,20,WA,738,1,0,0,10231.0,229293.0
C0109140,Brandy Bowman,35-44,2,VA,697,3,1,1,17023.0,274015.0
C0109141,Dominique Hall,65+,20,MA,728,4,1,1,66396.0,114863.0
C0109142,Sandra Holder,35-44,12,AZ,690,1,0,0,13896.0,126140.0
C0109143,James Zuniga,45-54,7,VA,767,1,0,0,10522.0,71226.0
C0109144,Danielle Riley,25-34,19,WA,763,2,1,0,93198.0,256586.0
C0109145,Christine Carr,55-64,5,WA,672,3,1,1,775.0,66972.0
C0109146,Mark Page,35-44,4,NY,743,1,0,0,7256.0,284482.0
C0109147,Amy Burnett,45-54,5,NC,785,4,1,1,3329.0,104762.0
C0109148,Laura Patterson,35-44,3,MA,677,1,0,0,6087.0,67877.0
C0109149,Emily Romero,25-34,10,AZ,680,3,1,1,16727.0,48452.0
C0109150,Michael Rivera,35-44,3,TX,753,3,1,1,26286.0,99548.0
C0109151,Rebecca Jones,35-44,5,TX,661,1,0,0,4340.0,128736.0
C0109152,Eric Colon,45-54,8,NY,685,2,1,0,18087.0,114276.0
C0109153,Megan Burns DVM,65+,13,VA,674,1,0,0,2760.0,136453.0
C0109154,Zachary Pearson,45-54,18,IL,753,2,1,0,1743.0,227183.0
C0109155,Michael Owens,65+,2,MI,688,2,1,0,8822.0,160758.0
C0109156,Anna Morse,45-54,13,FL,707,3,1,1,6234.0,117747.0
C0109157,Cheryl Sandoval,25-34,3,CA,686,2,1,0,48467.0,202737.0
C0109158,April Romero,35-44,20,VA,771,2,1,0,104208.0,23661.0
C0109159,Kevin Hernandez,35-44,6,PA,681,1,0,0,3904.0,58148.0
C0109160,Michael Morris,35-44,18,CA,656,1,0,0,922.0,165894.0
C0109161,Tanner Ortiz,55-64,16,NY,654,2,1,0,1571.0,256967.0
C0109162,Gina Finley,45-54,7,PA,751,4,1,1,2973.0,68653.0
C0109163,Ralph Luna,45-54,7,OH,754,3,1,1,10392.0,77033.0
C0109164,Phillip Hayden,45-54,7,AZ,776,2,1,0,5923.0,32187.0
C0109165,Melinda Long,35-44,10,FL,663,4,1,1,1790.0,133096.0
C0109166,Jimmy Edwards,45-54,9,MI,709,1,0,0,69104.0,120059.0
C0109167,Erin Wilson,25-34,14,PA,820,4,1,1,17952.0,169207.0
C0109168,Brittney Wheeler,35-44,10,GA,706,1,0,0,66891.0,46615.0
C0109169,Charles Anderson,35-44,16,PA,694,1,0,0,933.0,123932.0
C0109170,John Carter,35-44,10,IL,719,3,1,1,37317.0,137795.0
C0109171,Erin Johnson,45-54,7,NC,743,2,1,0,6776.0,138816.0
C0109172,Howard Richardson,25-34,7,NC,743,3,1,1,5063.0,44663.0
C0109173,Victoria Williams,35-44,15,FL,692,3,1,1,8343.0,77919.0
C0109174,Mrs. Jennifer Ruiz,65+,3,FL,693,1,0,0,3500.0,171402.0
C0109175,Jason Parker,65+,6,NY,706,1,0,0,6825.0,69734.0
C0109176,Rebecca Elliott,45-54,7,AZ,687,2,1,0,25228.0,119300.0
C0109177,Rebecca Rodriguez,45-54,13,PA,664,2,1,0,768.0,160802.0
C0109178,Juan Wright,55-64,3,NC,801,2,1,0,48863.0,117041.0
C0109179,Anna Reid,25-34,10,OH,701,1,0,0,12976.0,21051.0
C0109180,Nicholas Floyd,35-44,14,IL,704,1,0,0,7099.0,95233.0
C0109181,Erika Kim,25-34,19,CA,705,2,1,0,24903.0,302870.0
C0109182,Terrance Jackson,35-44,9,OH,716,1,0,0,12539.0,89619.0
C0109183,William Banks,65+,20,MA,739,2,1,0,4556.0,146627.0
C0109184,Mackenzie Diaz,55-64,13,MA,699,1,0,0,3205.0,74421.0
C0109185,Jason Neal,65+,16,PA,771,3,1,1,48994.0,403620.0
C0109186,Aaron Scott,55-64,5,GA,746,2,1,0,1374.0,97153.0
C0109187,Robert Peterson,45-54,19,PA,711,1,0,0,6398.0,64693.0
C0109188,Cameron Russell,55-64,6,AZ,690,3,1,1,1491.0,183565.0
C0109189,Jessica Porter,45-54,3,NC,768,2,1,0,14550.0,88009.0
C0109190,Mr. Robert Collins,45-54,2,AZ,712,2,1,0,7212.0,134712.0
C0109191,Crystal Taylor,35-44,14,WA,664,1,0,0,1809.0,177791.0
C0109192,William Ray,45-54,13,PA,765,2,1,0,2856.0,99516.0
C0109193,Deborah Colon,35-44,4,OH,687,3,1,1,8547.0,122335.0
C0109194,Joseph Benson,45-54,18,NC,759,1,0,0,11408.0,81890.0
C0109195,Jennifer Bennett,25-34,6,NY,606,2,1,0,793.0,196472.0
C0109196,Sally Thomas,45-54,13,WA,703,1,0,0,3475.0,141907.0
C0109197,Stacy Hart,35-44,11,NC,772,2,1,0,9824.0,119540.0
C0109198,Michael Hernandez,35-44,12,NY,720,2,1,0,34606.0,32849.0
C0109199,Jade Rogers,45-54,15,GA,746,1,0,0,22184.0,120664.0
C0109200,Brian Mejia,35-44,19,WA,679,1,0,0,4694.0,111127.0
C0109201,Mason Moon,65+,15,OH,735,2,1,0,26874.0,141586.0
C0109202,Nathan Blanchard,35-44,19,NJ,720,2,1,0,5552.0,75404.0
C0109203,Carrie Brown,35-44,18,MA,730,4,1,1,191.0,60200.0
C0109204,Christine Parker,25-34,8,IL,811,2,1,0,45663.0,235326.0
C0109205,Jeffrey Alvarez,55-64,12,MA,778,3,1,1,14033.0,115813.0
C0109206,Brian White,45-54,4,OH,755,4,1,1,10154.0,109133.0
C0109207,Matthew Jennings,35-44,19,NC,756,1,0,0,8183.0,37329.0
C0109208,Sabrina Chapman,35-44,20,VA,679,3,1,1,11652.0,127700.0
C0109209,Sara Yang,55-64,18,TX,698,4,1,1,8174.0,310334.0
C0109210,Thomas Logan,65+,15,NJ,651,2,1,0,5728.0,36390.0
C0109211,Ashley Horn,35-44,17,NC,662,2,1,0,3701.0,46765.0
C0109212,John Moore,25-34,16,MI,680,1,0,0,8887.0,118918.0
C0109213,Amanda Brown,25-34,5,MA,718,1,0,0,2814.0,164356.0
C0109214,Stacey Dixon,25-34,6,GA,664,1,0,0,2057.0,170009.0
C0109215,Jill Ramirez,55-64,11,AZ,718,1,0,0,11201.0,149685.0
C0109216,Anthony Mitchell,65+,9,NC,713,2,1,0,26265.0,59096.0
C0109217,Katherine Weaver,65+,15,NY,668,2,1,0,3117.0,164836.0
C0109218,Rachel Macdonald,55-64,15,MI,788,1,0,0,3840.0,102573.0
C0109219,Amy Lee,35-44,20,FL,660,1,0,0,1059.0,169691.0
C0109220,Matthew Rivas,65+,16,AZ,770,1,0,0,1670.0,78113.0
C0109221,Allison Miller,35-44,1,FL,618,4,1,1,1748.0,58951.0
C0109222,Jennifer Ray MD,35-44,7,GA,713,3,1,1,26085.0,85357.0
C0109223,Jason Barnes,45-54,7,WA,666,1,0,0,1009.0,143572.0
C0109224,Erica Yang,25-34,13,CA,690,3,1,1,14059.0,150128.0
C0109225,Jason Kirk,55-64,7,GA,801,3,1,1,5894.0,112797.0
C0109226,Michael Smith,65+,20,GA,704,3,1,1,16754.0,76555.0
C0109227,Ronald Baker,55-64,6,IL,670,3,1,1,32841.0,131113.0
C0109228,Mark Rangel,55-64,9,NJ,741,2,1,0,7817.0,248209.0
C0109229,Mrs. Julia Chavez DDS,35-44,17,PA,703,1,0,0,31586.0,414438.0
C0109230,Johnny Escobar,25-34,8,IL,726,3,1,1,52043.0,134524.0
C0109231,Jeremy Cochran,55-64,1,PA,678,3,1,1,40766.0,204967.0
C0109232,Denise Stewart,45-54,7,MI,681,1,0,0,3617.0,89107.0
C0109233,Reginald Brown,65+,8,AZ,684,2,1,0,763.0,262192.0
C0109234,Charles Mendez,25-34,13,FL,755,2,1,0,6976.0,105284.0
C0109235,Jordan Morse,35-44,15,OH,709,2,1,0,10037.0,66611.0
C0109236,Brittney Boyd,35-44,11,NY,672,2,1,0,777.0,195799.0
C0109237,Brandy Hogan,45-54,9,NY,727,1,0,0,8719.0,114100.0
C0109238,James Ball,55-64,11,MA,723,2,1,0,370.0,244531.0
C0109239,Nicole Scott,65+,3,NJ,745,1,0,0,51791.0,173897.0
C0109240,Aaron Gonzalez,35-44,4,MA,698,1,0,0,14370.0,59599.0
C0109241,Matthew David Jr.,45-54,13,MI,716,2,1,0,3036.0,128402.0
C0109242,Mitchell Daniels,25-34,18,MI,738,2,1,0,9434.0,72294.0
C0109243,Dakota Vaughn,35-44,11,NJ,674,2,1,0,10940.0,259844.0
C0109244,Jennifer Torres,35-44,2,MI,759,1,0,0,14465.0,128785.0
C0109245,Sergio Massey,45-54,20,WA,720,2,1,0,8807.0,83545.0
C0109246,Brianna Aguilar,45-54,7,PA,670,1,0,0,25184.0,43979.0
C0109247,Bryce Thompson,35-44,15,TX,670,1,0,0,1770.0,201761.0
C0109248,Deborah Hawkins,45-54,18,GA,715,3,1,1,6940.0,108816.0
C0109249,William Chambers,55-64,20,CA,695,2,1,0,69147.0,93238.0
C0109250,Ryan Conner,35-44,3,CA,753,2,1,0,5313.0,173836.0
C0109251,Larry Rowland,35-44,4,CA,707,2,1,0,10826.0,71680.0
C0109252,Deborah Smith,55-64,13,TX,733,1,0,0,2455.0,52915.0
C0109253,Timothy Wilson,55-64,16,NJ,681,1,0,0,107822.0,152422.0
C0109254,Jose Ramsey,55-64,17,NC,718,2,1,0,11411.0,82773.0
C0109255,Shane Garcia,35-44,12,MA,779,3,1,1,1789.0,102217.0
C0109256,John Banks,45-54,4,PA,713,2,1,0,29985.0,74810.0
C0109257,Amy Wilcox,65+,15,PA,695,3,1,1,2235.0,56579.0
C0109258,Darrell Coleman,35-44,14,GA,681,4,1,1,18408.0,48277.0
C0109259,Jacqueline Ramos,35-44,10,VA,719,1,0,0,27889.0,148391.0
C0109260,Michael Wong,65+,13,AZ,783,4,1,1,92228.0,189246.0
C0109261,Bradley Brown,25-34,5,NJ,658,2,1,0,10600.0,186017.0
C0109262,Anna House,55-64,17,GA,717,2,1,0,8592.0,133245.0
C0109263,April Rhodes,55-64,1,MA,642,2,1,0,712.0,264054.0
C0109264,Brian Peters,35-44,17,FL,701,2,1,0,4684.0,96409.0
C0109265,Nicholas Smith,55-64,17,GA,731,1,0,0,3439.0,178051.0
C0109266,Gregory Roberts,45-54,14,NY,648,1,0,0,6523.0,44713.0
C0109267,Michael Conrad,55-64,17,FL,699,1,0,0,4341.0,90619.0
C0109268,Michael Thompson,65+,19,IL,733,1,0,0,20815.0,181004.0
C0109269,William Jackson,55-64,4,VA,725,1,0,0,4140.0,51628.0
C0109270,Julie Conway,25-34,11,PA,735,1,0,0,14338.0,170954.0
C0109271,Kara Wong,55-64,13,WA,676,4,1,1,7054.0,63664.0
C0109272,Martha Dalton,65+,19,MI,733,1,0,0,3838.0,228233.0
C0109273,David Greene,45-54,15,NJ,692,4,1,1,3442.0,154087.0
C0109274,Sean Huerta,45-54,12,NY,752,2,1,0,10717.0,100181.0
C0109275,Dawn Wolf,25-34,12,WA,616,1,0,0,41977.0,185304.0
C0109276,James Gregory,55-64,3,NY,706,1,0,0,3371.0,219772.0
C0109277,Natalie Caldwell,25-34,7,IL,724,1,0,0,8579.0,97177.0
C0109278,Douglas Sullivan,35-44,9,VA,780,2,1,0,14481.0,92714.0
C0109279,Richard Clark,65+,18,NJ,723,1,0,0,7913.0,54076.0
C0109280,Todd Buchanan,65+,18,PA,728,3,1,1,980.0,35252.0
C0109281,Anna Villanueva,65+,13,NY,736,2,1,0,14398.0,149294.0
C0109282,Jimmy Norman,45-54,3,OH,776,2,1,0,1329.0,212103.0
C0109283,Crystal Wallace,35-44,15,OH,702,2,1,0,1351.0,154641.0
C0109284,Paul Figueroa,45-54,10,CA,656,2,1,0,1693.0,132271.0
C0109285,Melissa West,25-34,14,NY,648,4,1,1,6673.0,83261.0
C0109286,Natasha Lester,55-64,9,FL,749,2,1,0,2550.0,57549.0
C0109287,Abigail Moreno,45-54,15,FL,730,1,0,0,1447.0,55738.0
C0109288,Randall Stokes,35-44,5,IL,708,4,1,1,12784.0,125806.0
C0109289,Kyle Williams,25-34,3,CA,693,4,1,1,7845.0,208438.0
C0109290,Edward Cummings,35-44,5,NJ,728,3,1,1,20114.0,162703.0
C0109291,Angela Nelson,55-64,19,NJ,729,3,1,1,3376.0,99337.0
C0109292,Kaylee Lewis,55-64,2,NY,741,2,1,0,7508.0,206750.0
C0109293,Gail Morales,25-34,6,AZ,670,2,1,0,21171.0,147852.0
C0109294,Andrew Kelly,35-44,7,NC,640,2,1,0,1676.0,125791.0
C0109295,Gary Cunningham,35-44,17,PA,678,2,1,0,3663.0,132772.0
C0109296,Jessica White,25-34,8,FL,659,3,1,1,26671.0,104517.0
C0109297,David Thomas,65+,18,OH,656,2,1,0,8296.0,142492.0
C0109298,Kevin Davis,45-54,20,MA,790,2,1,0,6764.0,85439.0
C0109299,Michael Brown,25-34,14,CA,617,3,1,1,7736.0,155585.0
C0109300,Jacqueline Steele,55-64,7,CA,741,1,0,0,35159.0,184270.0
C0109301,Joseph Jenkins,35-44,12,OH,760,2,1,0,7872.0,152087.0
C0109302,Jorge Spencer,35-44,14,AZ,764,3,1,1,8558.0,156967.0
C0109303,Erica Walker MD,45-54,3,PA,732,1,0,0,7942.0,126390.0
C0109304,Ronald Jenkins,25-34,17,VA,779,1,0,0,1165.0,76257.0
C0109305,Christine Cardenas,45-54,9,NC,800,1,0,0,14811.0,96780.0
C0109306,Michael Curtis,55-64,17,FL,706,1,0,0,3025.0,59946.0
C0109307,Sarah Smith,65+,13,AZ,740,2,1,0,1782.0,89356.0
C0109308,Stacey Hernandez,35-44,18,FL,777,3,1,1,997.0,115719.0
C0109309,Deborah Reed,45-54,2,GA,681,2,1,0,1279.0,13779.0
C0109310,Kathleen Randolph,35-44,1,MI,708,2,1,0,532.0,121670.0
C0109311,Samuel Phillips,45-54,3,NJ,691,1,0,0,2368.0,177125.0
C0109312,Samantha Holmes,35-44,18,WA,740,3,1,1,4810.0,114760.0
C0109313,Kari Conner,45-54,20,NJ,634,2,1,0,28955.0,185033.0
C0109314,Michelle Thomas,35-44,20,MI,784,3,1,1,8716.0,242522.0
C0109315,Peter Campbell,65+,7,FL,744,1,0,0,10984.0,60472.0
C0109316,Dawn Daniel,55-64,6,PA,746,3,1,1,37619.0,77355.0
C0109317,Eric Smith,35-44,7,IL,613,2,1,0,265.0,187688.0
C0109318,David Bryant,55-64,17,IL,673,4,1,1,12965.0,178826.0
C0109319,Nathan Ellison,25-34,6,TX,787,2,1,0,11824.0,159505.0
C0109320,Victoria Hobbs,55-64,11,TX,712,3,1,1,21772.0,82759.0
C0109321,Jeffrey Ellis,35-44,13,OH,642,2,1,0,939.0,161639.0
C0109322,Mr. Robert Cooper Jr.,25-34,8,NJ,729,1,0,0,4069.0,115009.0
C0109323,Catherine Griffin,45-54,10,AZ,750,2,1,0,2651.0,97165.0
C0109324,Jessica Calhoun,45-54,14,MA,743,1,0,0,1728.0,164591.0
C0109325,Lisa Lawrence,45-54,16,GA,713,3,1,1,129985.0,79315.0
C0109326,Julia Ruiz,45-54,4,AZ,771,1,0,0,4108.0,203127.0
C0109327,Gary Scott,25-34,11,OH,688,3,1,1,24654.0,145703.0
C0109328,Edward Jones,25-34,4,GA,744,2,1,0,18898.0,131188.0
C0109329,Brian Bishop,45-54,1,NY,726,2,1,0,1439.0,136673.0
C0109330,Miranda Perkins DDS,45-54,13,MI,714,3,1,1,4315.0,69851.0
C0109331,Zachary Stark,25-34,10,PA,702,2,1,0,8711.0,72246.0
C0109332,Tonya Graham,35-44,6,GA,704,2,1,0,13024.0,264836.0
C0109333,Faith Ritter,45-54,2,MA,721,2,1,0,12050.0,114969.0
C0109334,Lauren King DVM,45-54,19,NC,706,2,1,0,66421.0,53400.0
C0109335,Alyssa Hernandez,55-64,17,PA,752,3,1,1,24161.0,193717.0
C0109336,William Mitchell,35-44,19,NJ,695,1,0,0,17824.0,78173.0
C0109337,Larry Henderson,45-54,3,NJ,790,1,0,0,25899.0,83328.0
C0109338,Hannah Wilson,45-54,1,MI,693,3,1,1,41083.0,255960.0
C0109339,Veronica Ortiz,35-44,5,CA,761,2,1,0,3837.0,113561.0
C0109340,Brandy Anderson,25-34,3,NY,763,4,1,1,1218.0,217232.0
C0109341,Shawna Brown,25-34,10,TX,727,4,1,1,3913.0,151714.0
C0109342,Julie Sandoval,55-64,13,MA,723,3,1,1,1559.0,305759.0
C0109343,David Johnson,35-44,4,PA,687,2,1,0,2491.0,72577.0
C0109344,David Gray,45-54,8,GA,696,3,1,1,9134.0,104685.0
C0109345,Carlos Reid,45-54,11,AZ,729,1,0,0,4171.0,13883.0
C0109346,David Lewis,35-44,7,MA,717,1,0,0,17636.0,81410.0
C0109347,Michael Stokes,55-64,10,NY,773,3,1,1,11665.0,106273.0
C0109348,Michelle Kerr,45-54,12,WA,699,3,1,1,12553.0,182628.0
C0109349,Jason Wong,25-34,20,NJ,702,1,0,0,1776.0,250329.0
C0109350,Jesus Sawyer,55-64,7,MI,645,3,1,1,2827.0,64832.0
C0109351,Scott Marsh,45-54,2,FL,748,3,1,1,819.0,192170.0
C0109352,Mario Clark,35-44,18,NJ,744,1,0,0,16021.0,82712.0
C0109353,Katherine Boone,55-64,12,MI,763,1,0,0,81355.0,77173.0
C0109354,Katherine Chang,45-54,10,OH,766,3,1,1,10042.0,70288.0
C0109355,James Jones,35-44,15,NC,755,1,0,0,11173.0,137354.0
C0109356,Elizabeth Dean,65+,20,NY,757,1,0,0,4282.0,101409.0
C0109357,Kayla Bennett,45-54,3,MI,747,2,1,0,6249.0,240897.0
C0109358,Gabriel Whitaker,45-54,18,FL,754,3,1,1,37406.0,77295.0
C0109359,Timothy Martin,25-34,13,PA,637,3,1,1,9035.0,162453.0
C0109360,Melanie Thompson,35-44,12,GA,670,2,1,0,17451.0,60990.0
C0109361,Todd Melendez,35-44,18,FL,663,3,1,1,38599.0,178795.0
C0109362,Kimberly Reynolds,45-54,7,AZ,777,2,1,0,30350.0,119866.0
C0109363,Timothy Flowers,45-54,16,AZ,684,2,1,0,8424.0,159512.0
C0109364,Jeanette Nielsen,55-64,12,GA,691,1,0,0,9200.0,96446.0
C0109365,Paige Thompson,35-44,19,NC,720,2,1,0,5097.0,49345.0
C0109366,Brooke Schwartz,55-64,10,PA,664,2,1,0,14746.0,135479.0
C0109367,Donna Stephenson,55-64,15,NY,737,1,0,0,4935.0,268850.0
C0109368,Andrew Miller,55-64,10,MA,624,2,1,0,12334.0,33057.0
C0109369,Michael Olsen,55-64,8,OH,667,1,0,0,28168.0,116248.0
C0109370,Sharon Stevens,55-64,8,MA,728,1,0,0,1071.0,78888.0
C0109371,Nicole Jackson,25-34,19,TX,664,2,1,0,872.0,59757.0
C0109372,Tabitha Clark,45-54,17,TX,778,1,0,0,7680.0,17537.0
C0109373,James Kim,65+,5,GA,722,1,0,0,18081.0,95647.0
C0109374,Richard Noble,45-54,18,VA,770,3,1,1,11433.0,107685.0
C0109375,Kimberly Taylor,35-44,12,OH,736,3,1,1,1895.0,254406.0
C0109376,Michaela Strickland,65+,3,WA,719,2,1,0,23853.0,222940.0
C0109377,Charles Ford,35-44,16,TX,675,1,0,0,80013.0,82320.0
C0109378,Allen Sanchez,35-44,4,WA,761,2,1,0,2857.0,156868.0
C0109379,Xavier Webb,35-44,18,OH,739,3,1,1,3395.0,90307.0
C0109380,Sandra Kim,45-54,10,PA,813,1,0,0,8356.0,49697.0
C0109381,Patrick Russell,35-44,19,MI,757,1,0,0,6968.0,162081.0
C0109382,Crystal Walker,45-54,10,VA,702,2,1,0,34327.0,125909.0
C0109383,Hannah Berg,65+,2,AZ,733,2,1,0,11388.0,59363.0
C0109384,Tina Padilla,45-54,16,TX,738,1,0,0,5711.0,58511.0
C0109385,Mr. Jeffery Lee,45-54,15,NJ,772,1,0,0,3993.0,176288.0
C0109386,Shannon York,55-64,7,PA,779,2,1,0,1296.0,205435.0
C0109387,Matthew Wang,55-64,5,GA,712,2,1,0,41915.0,176715.0
C0109388,Gary Morgan,35-44,18,OH,665,2,1,0,17209.0,63856.0
C0109389,Kevin Robinson,25-34,16,VA,636,4,1,1,7269.0,121005.0
C0109390,Patty Walker,45-54,6,IL,668,1,0,0,9232.0,37683.0
C0109391,Samantha Jackson,55-64,15,PA,693,3,1,1,7121.0,334868.0
C0109392,Tim West,45-54,5,GA,787,2,1,0,974.0,85602.0
C0109393,Emily Martin,35-44,4,NJ,788,3,1,1,1472.0,293228.0
C0109394,Phillip Maddox,55-64,14,WA,763,3,1,1,6342.0,95356.0
C0109395,George Odonnell,45-54,17,CA,775,2,1,0,6214.0,98292.0
C0109396,Molly Graves,45-54,19,NC,688,2,1,0,7986.0,83605.0
C0109397,Kent Cole,55-64,10,TX,651,2,1,0,62134.0,193669.0
C0109398,Judith Johnson,55-64,3,MI,674,3,1,1,5747.0,216373.0
C0109399,Jason Maddox,45-54,11,MI,628,1,0,0,3244.0,132744.0
C0109400,Tiffany Ward,45-54,14,WA,669,2,1,0,8635.0,125527.0
C0109401,Marcia Lin,45-54,20,FL,697,3,1,1,1516.0,130203.0
C0109402,Matthew Hall,45-54,3,VA,727,2,1,0,9766.0,19722.0
C0109403,Richard Russo,45-54,14,NJ,726,1,0,0,3396.0,104497.0
C0109404,Adam Maynard,55-64,11,MI,688,4,1,1,10615.0,98926.0
C0109405,Michael Hurst,45-54,12,MI,745,4,1,1,6527.0,135189.0
C0109406,Jessica Reese,45-54,2,NC,689,2,1,0,6838.0,100495.0
C0109407,Michael Hanson,25-34,1,CA,720,2,1,0,17185.0,89809.0
C0109408,Michael Campbell,55-64,13,WA,670,1,0,0,19560.0,15107.0
C0109409,Heather Marshall,45-54,4,IL,768,2,1,0,92945.0,169262.0
C0109410,Alyssa Hopkins,35-44,13,TX,720,4,1,1,18642.0,67255.0
C0109411,Christopher Byrd,35-44,1,MI,750,1,0,0,6039.0,189877.0
C0109412,Erik Pittman,35-44,17,MA,665,1,0,0,3793.0,157928.0
C0109413,Diana Moore,65+,7,NJ,727,3,1,1,12286.0,212950.0
C0109414,John Johnson,55-64,10,NY,745,2,1,0,46804.0,73476.0
C0109415,Erica Brown,45-54,7,WA,628,4,1,1,22642.0,268495.0
C0109416,Nathan Perez,35-44,9,WA,772,1,0,0,3447.0,412316.0
C0109417,Laura Johnson,55-64,11,PA,663,1,0,0,13948.0,118170.0
C0109418,Nathan Wagner,45-54,13,GA,729,4,1,1,10577.0,146884.0
C0109419,Peter Thomas,65+,14,WA,800,1,0,0,28536.0,105057.0
C0109420,Henry Dunn,25-34,20,FL,762,2,1,0,11634.0,175023.0
C0109421,Steven Kelley,25-34,4,IL,652,1,0,0,11124.0,177892.0
C0109422,Mrs. Megan Potts MD,45-54,18,OH,711,3,1,1,1964.0,44535.0
C0109423,Jim Monroe,35-44,13,CA,775,1,0,0,20962.0,88134.0
C0109424,Jamie Smith,45-54,7,FL,683,3,1,1,1527.0,144588.0
C0109425,Joanna Martin,55-64,19,MI,703,4,1,1,9023.0,198258.0
C0109426,Andrea Flores,25-34,15,NY,702,1,0,0,4184.0,150953.0
C0109427,Lee Keller,35-44,4,NY,745,2,1,0,3898.0,47987.0
C0109428,Michael Perkins,45-54,4,PA,650,3,1,1,16303.0,158268.0
C0109429,Heather Simpson,55-64,14,TX,748,4,1,1,8072.0,168382.0
C0109430,Lisa Wood,45-54,15,MI,691,2,1,0,458.0,35163.0
C0109431,Steven Nguyen,35-44,1,NY,719,4,1,1,6391.0,59373.0
C0109432,Melissa Hughes,45-54,13,MI,709,3,1,1,5085.0,314810.0
C0109433,Lynn Ramos,45-54,11,WA,746,3,1,1,36641.0,224108.0
C0109434,Jacob Wu,55-64,20,GA,719,2,1,0,1825.0,124672.0
C0109435,Stephanie Hansen,45-54,15,AZ,784,2,1,0,80847.0,185068.0
C0109436,Teresa Norris,35-44,19,FL,764,3,1,1,22653.0,133302.0
C0109437,Samuel Prince,55-64,1,MA,684,2,1,0,5804.0,165728.0
C0109438,Timothy Dunlap,45-54,16,PA,781,1,0,0,4902.0,138621.0
C0109439,Patricia Brewer,35-44,7,PA,734,2,1,0,3767.0,125058.0
C0109440,Patricia Jones,45-54,12,MA,727,3,1,1,11887.0,91039.0
C0109441,Anne Jones,65+,18,OH,758,2,1,0,3148.0,88701.0
C0109442,Cathy Evans,55-64,18,VA,673,2,1,0,7039.0,126618.0
C0109443,Katherine Page,35-44,5,WA,657,1,0,0,2200.0,99879.0
C0109444,Anthony Harris,55-64,5,OH,721,1,0,0,19060.0,48977.0
C0109445,Mary Wells,35-44,15,PA,692,1,0,0,9931.0,613570.0
C0109446,Marcus Baker,45-54,18,GA,813,2,1,0,4621.0,89128.0
C0109447,Jose Hampton,45-54,13,IL,685,2,1,0,6063.0,104052.0
C0109448,Trevor Lopez,35-44,2,OH,721,3,1,1,3528.0,108975.0
C0109449,Melinda Allen,35-44,4,NY,728,1,0,0,11801.0,127220.0
C0109450,Anna Jackson,65+,15,AZ,775,1,0,0,1797.0,84266.0
C0109451,Sherry Mitchell PhD,35-44,15,NC,675,3,1,1,23917.0,220710.0
C0109452,Curtis Mejia,55-64,18,VA,647,1,0,0,9976.0,50226.0
C0109453,Mathew Bauer,45-54,11,MI,782,4,1,1,4730.0,65622.0
C0109454,David Thompson,45-54,9,IL,723,2,1,0,16403.0,31603.0
C0109455,Samantha Santana,25-34,3,PA,756,4,1,1,12918.0,233398.0
C0109456,Ronald Martin,35-44,16,MA,758,3,1,1,2311.0,90102.0
C0109457,Evan Carroll,35-44,19,CA,766,4,1,1,38904.0,77230.0
C0109458,Diane Roth,45-54,1,PA,702,2,1,0,405.0,70687.0
C0109459,Dawn Taylor,65+,10,VA,690,1,0,0,29955.0,111802.0
C0109460,Cynthia Moore,55-64,8,NC,630,3,1,1,6662.0,133523.0
C0109461,Adam Spencer,25-34,15,MI,675,1,0,0,26600.0,188243.0
C0109462,Tina Harrington,35-44,16,CA,722,2,1,0,45638.0,146686.0
C0109463,Eric Richmond,35-44,5,NY,688,2,1,0,4852.0,70491.0
C0109464,Deborah Shaw,65+,20,NC,668,3,1,1,5133.0,409904.0
C0109465,Barry Lewis,35-44,3,PA,722,3,1,1,11820.0,171524.0
C0109466,Loretta Holt,35-44,16,GA,780,3,1,1,2079.0,83335.0
C0109467,Jessica Perry,45-54,15,MA,717,1,0,0,5442.0,132536.0
C0109468,David Weiss,45-54,4,MI,669,4,1,1,4915.0,133570.0
C0109469,Bruce Johnson,35-44,14,MI,777,3,1,1,1952.0,166560.0
C0109470,Brandon Dominguez,45-54,6,FL,685,2,1,0,4615.0,131409.0
C0109471,Bradley Walker,25-34,6,NC,786,1,0,0,20003.0,151628.0
C0109472,Kevin Torres,25-34,2,MA,708,1,0,0,18344.0,222117.0
C0109473,Luke Sampson,25-34,15,MI,724,1,0,0,6551.0,181613.0
C0109474,Joshua Rice,35-44,17,VA,790,2,1,0,8733.0,204467.0
C0109475,James Jenkins,65+,11,MA,659,1,0,0,5625.0,57534.0
C0109476,Brooke Wilson,45-54,16,AZ,672,2,1,0,979.0,54366.0
C0109477,Megan Melton,55-64,7,IL,705,2,1,0,2392.0,30875.0
C0109478,Christian Lambert,35-44,12,PA,713,2,1,0,25611.0,92819.0
C0109479,James Hoffman,55-64,16,PA,820,3,1,1,34087.0,80628.0
C0109480,Christine Ramos,65+,9,VA,680,1,0,0,2893.0,26106.0
C0109481,Philip Ibarra,35-44,13,IL,661,2,1,0,31036.0,129753.0
C0109482,Katherine Frey,65+,3,WA,677,4,1,1,1918.0,78531.0
C0109483,Michelle Dominguez,45-54,11,WA,730,2,1,0,4357.0,42516.0
C0109484,John Smith,55-64,18,MI,742,2,1,0,7026.0,64814.0
C0109485,Melissa Winters,35-44,16,TX,688,4,1,1,5838.0,99132.0
C0109486,Brian Hunter,45-54,7,NJ,720,2,1,0,3531.0,105112.0
C0109487,Donna Morris,45-54,11,NY,807,3,1,1,9434.0,63016.0
C0109488,Ashley Bowen,65+,13,NC,721,4,1,1,20573.0,155066.0
C0109489,Allison Clay,65+,19,NY,734,1,0,0,1416.0,43750.0
C0109490,Troy Baker,35-44,17,CA,805,3,1,1,9428.0,242419.0
C0109491,Alexis Snyder,65+,17,MI,688,2,1,0,25794.0,127507.0
C0109492,Joseph Carrillo,55-64,16,OH,685,4,1,1,4938.0,116904.0
C0109493,Ronald Crawford,45-54,8,MI,698,2,1,0,4204.0,120628.0
C0109494,Michael Howard,25-34,8,GA,696,3,1,1,2919.0,68710.0
C0109495,Judy Perez,35-44,10,IL,638,1,0,0,89360.0,166059.0
C0109496,Nicole Clark,25-34,9,CA,726,2,1,0,48622.0,39855.0
C0109497,Russell Bates,25-34,20,PA,729,3,1,1,5688.0,256586.0
C0109498,Kathy Jones,65+,18,AZ,711,4,1,1,33401.0,138034.0
C0109499,Sarah Garner,35-44,18,VA,731,1,0,0,4310.0,135249.0
C0109500,Emily Oneal,45-54,13,OH,731,1,0,0,6723.0,158861.0
C0109501,Vanessa Maddox,45-54,4,CA,660,4,1,1,2271.0,102153.0
C0109502,Olivia Berry,45-54,3,MA,732,2,1,0,887.0,225263.0
C0109503,Raymond Brown,35-44,6,VA,745,1,0,0,4039.0,86118.0
C0109504,Joel Smith,45-54,14,CA,648,2,1,0,4866.0,38890.0
C0109505,Diana Sloan,45-54,8,NY,785,4,1,1,13520.0,117697.0
C0109506,Tracy Sanders,45-54,14,FL,664,4,1,1,17782.0,56631.0
C0109507,Shannon Taylor,35-44,18,AZ,668,1,0,0,6994.0,102259.0
C0109508,Colleen Murray,55-64,7,MA,729,3,1,1,2467.0,151104.0
C0109509,Brian Maldonado,25-34,19,OH,744,2,1,0,3679.0,172872.0
C0109510,Alexa Johnson,45-54,11,FL,754,2,1,0,54684.0,121769.0
C0109511,Thomas Hill Jr.,35-44,17,MI,745,3,1,1,17240.0,87416.0
C0109512,David Robinson,35-44,2,PA,696,1,0,0,44686.0,107891.0
C0109513,Andre Goodwin,55-64,6,TX,724,2,1,0,68347.0,24269.0
C0109514,Joseph Henry,35-44,19,NY,705,1,0,0,3681.0,123827.0
C0109515,Michael Steele,65+,18,NY,727,1,0,0,21681.0,94583.0
C0109516,Lisa Curtis,55-64,12,CA,723,2,1,0,2745.0,67793.0
C0109517,George Oconnor,35-44,1,NJ,697,4,1,1,28000.0,20785.0
C0109518,Katherine Thomas,35-44,2,IL,704,2,1,0,21881.0,53644.0
C0109519,Erika Weaver,25-34,9,NC,636,2,1,0,641.0,218156.0
C0109520,Melissa Pierce,65+,18,NC,757,1,0,0,13139.0,156986.0
C0109521,Donald Stewart,45-54,8,VA,733,3,1,1,2899.0,20526.0
C0109522,Christine Hammond,25-34,18,VA,616,2,1,0,5386.0,73161.0
C0109523,Tina Harrington,45-54,11,NC,755,4,1,1,3672.0,115035.0
C0109524,Tamara Stone,25-34,3,WA,717,1,0,0,24090.0,67901.0
C0109525,Paul Patterson,45-54,12,NC,677,2,1,0,3568.0,78442.0
C0109526,Susan Kelley,45-54,8,CA,673,1,0,0,1746.0,98353.0
C0109527,James Hart DDS,25-34,5,WA,689,1,0,0,3075.0,64209.0
C0109528,David Smith,55-64,14,VA,678,2,1,0,6264.0,53633.0
C0109529,David Scott,35-44,5,OH,684,3,1,1,13257.0,100872.0
C0109530,Eric Fisher,45-54,19,IL,796,1,0,0,34031.0,176604.0
C0109531,Kelly Rojas,45-54,17,AZ,736,3,1,1,15008.0,61403.0
C0109532,Deborah Long,65+,16,OH,811,2,1,0,16327.0,79375.0
C0109533,Brandon Johnson II,45-54,2,IL,730,2,1,0,19657.0,90996.0
C0109534,Gregory Jackson,65+,20,NJ,746,3,1,1,21608.0,131052.0
C0109535,James Martinez,35-44,10,PA,680,2,1,0,28003.0,147442.0
C0109536,Eric Hunt,55-64,15,OH,712,4,1,1,163751.0,65154.0
C0109537,Ricardo King,35-44,4,VA,716,3,1,1,21185.0,47037.0
C0109538,Jeffrey Stephens,55-64,16,NY,747,3,1,1,11428.0,179618.0
C0109539,Michelle Warner,25-34,7,CA,717,2,1,0,4637.0,38908.0
C0109540,Angel Ryan,65+,15,IL,735,3,1,1,11754.0,107054.0
C0109541,Eric Lowery,65+,6,FL,734,4,1,1,32359.0,65990.0
C0109542,Sherry Jones,35-44,19,IL,706,1,0,0,1878.0,140913.0
C0109543,Carol Goodman,45-54,15,TX,701,2,1,0,36692.0,75461.0
C0109544,Gary Morgan,45-54,10,NC,689,3,1,1,4856.0,66987.0
C0109545,Jamie Bell,35-44,10,GA,768,2,1,0,6135.0,83557.0
C0109546,Patrick Mason,45-54,1,PA,706,2,1,0,15156.0,125524.0
C0109547,Jonathon Scott,45-54,6,MI,734,3,1,1,4307.0,260874.0
C0109548,Peggy Singleton,45-54,16,FL,712,3,1,1,14053.0,40041.0
C0109549,Jesse Hinton,25-34,17,CA,767,1,0,0,2033.0,114417.0
C0109550,Christina Wiley,65+,20,GA,630,2,1,0,23182.0,201346.0
C0109551,Lynn Edwards,25-34,2,FL,733,2,1,0,10251.0,97896.0
C0109552,Sarah Gomez MD,45-54,6,WA,663,1,0,0,8067.0,35690.0
C0109553,Adam Riddle,25-34,16,PA,737,1,0,0,11267.0,113164.0
C0109554,Anna Moses,25-34,8,OH,713,3,1,1,7910.0,180758.0
C0109555,Brenda Crawford,25-34,5,PA,653,3,1,1,13765.0,220046.0
C0109556,Daniel Mills,35-44,6,OH,735,4,1,1,6319.0,82908.0
C0109557,Kaitlyn Adams,45-54,19,TX,730,4,1,1,5716.0,100136.0
C0109558,Brett Vincent,45-54,18,MA,709,4,1,1,971.0,159334.0
C0109559,Jill Brennan,45-54,1,FL,715,1,0,0,41683.0,432740.0
C0109560,Robert Hall,45-54,17,IL,727,2,1,0,2007.0,122269.0
C0109561,Richard Brown,25-34,12,WA,773,1,0,0,56305.0,213023.0
C0109562,Sara Mccoy,25-34,17,OH,705,2,1,0,6058.0,125870.0
C0109563,Richard Lee,45-54,13,NJ,765,4,1,1,34927.0,63032.0
C0109564,Mike Berry,45-54,14,TX,718,1,0,0,28302.0,232980.0
C0109565,Thomas Ward,45-54,12,PA,778,2,1,0,25711.0,113968.0
C0109566,Andrea Jenkins,35-44,15,VA,709,2,1,0,8567.0,129935.0
C0109567,Debbie Snow,55-64,17,NY,690,1,0,0,1932.0,104601.0
C0109568,Alicia Hill,25-34,11,OH,670,3,1,1,6513.0,142384.0
C0109569,Darlene Nelson,45-54,3,TX,718,2,1,0,5556.0,254189.0
C0109570,Tonya Hess,25-34,2,GA,684,2,1,0,7168.0,244014.0
C0109571,Michael Thompson,45-54,9,IL,783,4,1,1,1857.0,248011.0
C0109572,Mr. Micheal Ray,35-44,10,WA,680,1,0,0,5747.0,106691.0
C0109573,Becky Shepherd,55-64,18,IL,688,2,1,0,243.0,98289.0
C0109574,Heather Mitchell,25-34,1,WA,746,3,1,1,5651.0,93101.0
C0109575,Jessica Murphy,45-54,18,AZ,773,2,1,0,9423.0,123689.0
C0109576,Bradley Harmon,25-34,2,WA,752,2,1,0,3171.0,180694.0
C0109577,Sarah Wolfe,45-54,10,VA,767,2,1,0,5860.0,87969.0
C0109578,Jeffrey Wells,25-34,9,NC,716,1,0,0,9849.0,112990.0
C0109579,Adam Smith,25-34,12,GA,717,1,0,0,27320.0,82637.0
C0109580,Timothy Small,55-64,1,TX,810,3,1,1,28726.0,100377.0
C0109581,Michelle Jones,25-34,16,FL,796,1,0,0,11690.0,104323.0
C0109582,Christine Torres DDS,35-44,3,IL,752,4,1,1,7822.0,231867.0
C0109583,Melissa Flores,55-64,16,MI,769,1,0,0,12409.0,132045.0
C0109584,Erik Wilson,55-64,12,CA,758,3,1,1,70259.0,76554.0
C0109585,Daniel Perez,55-64,18,MA,665,4,1,1,14791.0,121530.0
C0109586,Donald Oconnor,35-44,20,MA,718,1,0,0,11078.0,151827.0
C0109587,Michelle Mcdaniel,45-54,17,TX,787,2,1,0,29362.0,195334.0
C0109588,Amber Davis,55-64,10,TX,752,3,1,1,8584.0,283483.0
C0109589,Justin Bautista,25-34,9,WA,717,2,1,0,2910.0,655183.0
C0109590,Michael Campbell,55-64,14,FL,787,3,1,1,14059.0,63441.0
C0109591,Joan Crane,25-34,13,FL,736,1,0,0,9941.0,99105.0
C0109592,Cynthia Gates,65+,16,FL,754,4,1,1,6233.0,260272.0
C0109593,Paula Case,45-54,10,NJ,736,2,1,0,15560.0,34331.0
C0109594,Douglas Hale,45-54,10,TX,744,1,0,0,921.0,34959.0
C0109595,Carrie Thornton,45-54,3,FL,747,2,1,0,4235.0,168751.0
C0109596,Stacy Sanchez,35-44,4,IL,778,1,0,0,2823.0,49976.0
C0109597,Patricia Cobb,35-44,17,MI,784,2,1,0,3198.0,71874.0
C0109598,Stephanie Harris,55-64,20,MA,699,1,0,0,6736.0,67953.0
C0109599,Christopher Nichols,45-54,13,NY,735,3,1,1,2719.0,57540.0
C0109600,Ian Sullivan,45-54,7,NY,777,2,1,0,60619.0,64377.0
C0109601,Wyatt Martinez II,35-44,2,NC,714,2,1,0,13933.0,173982.0
C0109602,Jennifer Nguyen,45-54,1,OH,661,4,1,1,3124.0,31746.0
C0109603,Jesus Dawson,35-44,14,MI,679,4,1,1,1004.0,84040.0
C0109604,Bradley Holmes,35-44,13,NY,682,3,1,1,4023.0,154838.0
C0109605,Nicholas Rollins,65+,6,MI,699,1,0,0,5455.0,137636.0
C0109606,Sharon Choi,45-54,4,AZ,686,4,1,1,3782.0,156056.0
C0109607,Megan Boyd,45-54,2,NJ,766,1,0,0,171268.0,148555.0
C0109608,Angel Griffith,65+,14,VA,707,2,1,0,1113.0,102902.0
C0109609,Nicholas Martinez,35-44,13,TX,776,4,1,1,8615.0,165092.0
C0109610,Barbara Turner MD,65+,7,AZ,669,1,0,0,6933.0,58898.0
C0109611,Micheal Miller,45-54,15,NJ,704,1,0,0,6009.0,346442.0
C0109612,Kevin Wagner,45-54,17,MI,724,2,1,0,791.0,75904.0
C0109613,Kenneth Cox,35-44,11,FL,756,2,1,0,7698.0,110610.0
C0109614,Nicholas Turner,25-34,6,NC,771,2,1,0,10062.0,500423.0
C0109615,Christy Dennis,35-44,1,NJ,695,3,1,1,18989.0,179610.0
C0109616,Kelli Payne,25-34,16,MI,764,3,1,1,14470.0,91086.0
C0109617,Gabrielle Page,25-34,12,TX,644,4,1,1,34958.0,152414.0
C0109618,Zachary Caldwell,45-54,7,CA,759,1,0,0,695.0,177651.0
C0109619,Kristin Roberson,55-64,1,GA,659,2,1,0,6112.0,58880.0
C0109620,Judy Brown,35-44,17,NJ,740,3,1,1,163637.0,100880.0
C0109621,Stacy Chen,55-64,19,IL,770,1,0,0,28915.0,21245.0
C0109622,Christopher Velazquez,65+,10,NJ,759,2,1,0,1416.0,70623.0
C0109623,Paul Acosta,55-64,6,MA,646,1,0,0,9007.0,22926.0
C0109624,Amanda Novak,55-64,13,AZ,699,1,0,0,2306.0,257810.0
C0109625,Jennifer Armstrong,55-64,18,MI,752,1,0,0,4828.0,72872.0
C0109626,Lisa Wade,35-44,12,NJ,750,3,1,1,89285.0,120216.0
C0109627,Alejandro Weaver,35-44,1,TX,732,2,1,0,25596.0,273370.0
C0109628,Nathan Harris,65+,4,TX,620,1,0,0,1308.0,175895.0
C0109629,Sandra Lucas MD,45-54,2,NJ,773,2,1,0,3235.0,239406.0
C0109630,Eric Chang,55-64,9,WA,781,1,0,0,8111.0,80246.0
C0109631,Brandi Rodriguez,65+,10,FL,727,1,0,0,5901.0,181913.0
C0109632,Sandra Lopez,35-44,11,NC,730,4,1,1,11800.0,101902.0
C0109633,Kaitlyn Collier PhD,35-44,16,PA,742,2,1,0,3200.0,224689.0
C0109634,Alisha Williams,45-54,3,TX,785,3,1,1,5221.0,195797.0
C0109635,Joseph Brown,25-34,19,IL,731,1,0,0,3155.0,72631.0
C0109636,Nicole Butler,45-54,6,OH,711,1,0,0,5213.0,181230.0
C0109637,Pamela Walton,55-64,11,VA,737,3,1,1,18858.0,168528.0
C0109638,Courtney Johnson,45-54,5,WA,719,1,0,0,11569.0,96627.0
C0109639,Rebecca Mccarthy,35-44,8,MA,720,1,0,0,3493.0,88844.0
C0109640,Stacy Robertson,55-64,17,TX,640,3,1,1,31532.0,153433.0
C0109641,Devon Moore,25-34,1,AZ,743,2,1,0,29042.0,75503.0
C0109642,Jessica Sharp,55-64,10,GA,772,4,1,1,8092.0,95641.0
C0109643,Sharon Peck,25-34,12,FL,765,4,1,1,5945.0,205981.0
C0109644,Jason Brown,55-64,12,MI,762,1,0,0,67174.0,228284.0
C0109645,Dustin Boyer,45-54,8,CA,717,1,0,0,55732.0,72261.0
C0109646,Jennifer Alexander,35-44,8,OH,726,2,1,0,1316.0,101971.0
C0109647,James Rhodes,45-54,19,WA,773,1,0,0,33967.0,74915.0
C0109648,Kyle Moore,35-44,5,MA,759,2,1,0,64122.0,41998.0
C0109649,Zachary Nelson,45-54,10,PA,786,2,1,0,17818.0,207393.0
C0109650,Gregory Villarreal,55-64,8,FL,689,3,1,1,4627.0,137112.0
C0109651,Cheryl Cook,55-64,16,NC,689,4,1,1,5352.0,116954.0
C0109652,Chase Lopez,35-44,17,FL,705,1,0,0,63117.0,117276.0
C0109653,Jennifer Frey,45-54,17,MA,677,1,0,0,22082.0,153948.0
C0109654,Daniel Bruce,55-64,2,PA,660,4,1,1,15626.0,78644.0
C0109655,Tristan Scott,55-64,2,FL,741,1,0,0,133164.0,81981.0
C0109656,Timothy Farley,35-44,8,NY,738,1,0,0,2418.0,172520.0
C0109657,Adam Lozano,25-34,9,IL,731,1,0,0,7267.0,137735.0
C0109658,Yvonne Murray,65+,2,VA,735,1,0,0,10178.0,184778.0
C0109659,Deanna Hodges,35-44,18,AZ,654,1,0,0,6286.0,155465.0
C0109660,Crystal Miller,35-44,18,VA,698,1,0,0,890.0,72359.0
C0109661,Bridget Hernandez,55-64,9,MI,706,1,0,0,27028.0,32814.0
C0109662,Patrick Richardson,35-44,16,PA,722,3,1,1,3290.0,153070.0
C0109663,Michael Gonzalez,55-64,12,MA,654,1,0,0,3220.0,76616.0
C0109664,Laura Lucero,25-34,14,MA,678,3,1,1,5267.0,167701.0
C0109665,Robert Pittman,55-64,18,MI,700,2,1,0,6147.0,257367.0
C0109666,Jennifer Glass,65+,2,VA,767,2,1,0,7004.0,80894.0
C0109667,Timothy Lee,65+,5,PA,731,4,1,1,25757.0,182102.0
C0109668,David Haney Jr.,65+,9,OH,765,2,1,0,32946.0,171756.0
C0109669,Heather Ross,55-64,18,WA,714,1,0,0,5936.0,54979.0
C0109670,Patricia Hall,35-44,12,OH,720,2,1,0,3953.0,130958.0
C0109671,Richard Bond,65+,8,VA,742,1,0,0,6946.0,37999.0
C0109672,Michael Lopez,65+,1,WA,712,1,0,0,2773.0,109947.0
C0109673,Christine Johnson,45-54,12,MA,691,4,1,1,7832.0,104266.0
C0109674,Michelle Summers,35-44,6,PA,652,3,1,1,2604.0,195380.0
C0109675,Michelle Brown,25-34,7,GA,693,2,1,0,104054.0,195508.0
C0109676,Lauren Thomas,45-54,20,IL,757,2,1,0,9447.0,90619.0
C0109677,Timothy Johnson,55-64,11,GA,776,2,1,0,4250.0,44038.0
C0109678,Alexandra Gonzalez,35-44,3,VA,685,1,0,0,18902.0,49015.0
C0109679,Philip Vega,35-44,1,PA,641,1,0,0,1847.0,239047.0
C0109680,Kimberly Cochran,45-54,8,NY,761,2,1,0,3450.0,44774.0
C0109681,Douglas Ross,25-34,2,PA,723,1,0,0,13474.0,60447.0
C0109682,Angela Ward,65+,9,VA,659,1,0,0,9532.0,56932.0
C0109683,Mr. Thomas Adams,35-44,9,MA,580,2,1,0,28524.0,143388.0
C0109684,Brian Mills,25-34,18,TX,676,2,1,0,306.0,136081.0
C0109685,Lori Mullins,25-34,7,MA,699,1,0,0,21628.0,269463.0
C0109686,Ashley Herring,55-64,6,CA,668,4,1,1,4222.0,43058.0
C0109687,Janice Smith,55-64,13,GA,751,3,1,1,1990.0,155524.0
C0109688,Lori Phillips,25-34,13,FL,683,2,1,0,1025.0,137897.0
C0109689,Heather Turner,35-44,1,MA,720,1,0,0,4160.0,170371.0
C0109690,Brianna Richardson,35-44,2,VA,820,2,1,0,54610.0,331849.0
C0109691,Kimberly Walker,35-44,4,IL,725,2,1,0,25924.0,218283.0
C0109692,Brooke Roberts,55-64,16,NJ,714,2,1,0,57598.0,367116.0
C0109693,Micheal Soto,25-34,5,WA,715,2,1,0,7069.0,149628.0
C0109694,Matthew Ewing,45-54,20,NY,750,1,0,0,9211.0,18401.0
C0109695,Kelly Cox,35-44,9,MI,744,1,0,0,1218.0,80732.0
C0109696,Nicholas Anderson,45-54,19,PA,674,3,1,1,1218.0,96392.0
C0109697,Cindy Lang MD,35-44,5,NJ,701,1,0,0,6796.0,122636.0
C0109698,Lisa Lawson,35-44,9,NC,689,2,1,0,1554.0,119738.0
C0109699,Megan Holmes,35-44,3,NJ,707,3,1,1,2897.0,25386.0
C0109700,Daniel Steele,25-34,17,MI,802,1,0,0,8535.0,236182.0
C0109701,Christopher Wheeler,25-34,12,MI,747,4,1,1,37302.0,258862.0
C0109702,Kevin Craig,65+,2,TX,716,3,1,1,8199.0,108436.0
C0109703,Rebecca Chan,35-44,15,WA,776,3,1,1,1584.0,101753.0
C0109704,Monica Anderson,35-44,18,FL,728,3,1,1,910.0,251417.0
C0109705,Jeffrey Mcdowell,25-34,14,IL,646,3,1,1,9357.0,106219.0
C0109706,Kelly Little,55-64,17,GA,794,1,0,0,3809.0,56533.0
C0109707,Jennifer Ellis,65+,6,WA,712,2,1,0,9315.0,189581.0
C0109708,Kathleen Ruiz DVM,55-64,9,MI,618,1,0,0,6342.0,167391.0
C0109709,Laura Patel,45-54,18,FL,648,3,1,1,7446.0,119002.0
C0109710,Justin Howard,55-64,13,PA,770,2,1,0,34265.0,78961.0
C0109711,Stephanie Smith,35-44,13,FL,648,3,1,1,28692.0,80776.0
C0109712,Cathy Thomas,55-64,16,NC,780,1,0,0,12615.0,27681.0
C0109713,Christopher Garcia,55-64,13,NJ,723,1,0,0,2768.0,40614.0
C0109714,Peter Allen,25-34,3,NJ,752,3,1,1,4182.0,42846.0
C0109715,Elizabeth Armstrong,45-54,5,VA,708,2,1,0,20250.0,37048.0
C0109716,Mrs. Lindsey Gilbert,35-44,16,NJ,743,2,1,0,38626.0,145902.0
C0109717,Donna Harris,25-34,5,AZ,734,3,1,1,1757.0,70844.0
C0109718,Erica Manning,55-64,14,AZ,718,1,0,0,50667.0,207724.0
C0109719,Jeffrey Bates,25-34,10,PA,672,1,0,0,3179.0,278701.0
C0109720,Benjamin Brown,55-64,13,PA,736,1,0,0,18080.0,153461.0
C0109721,Andre Hernandez PhD,65+,5,CA,638,4,1,1,233578.0,181245.0
C0109722,Charles Roman,45-54,7,PA,761,1,0,0,1203.0,50521.0
C0109723,Damon Powers,35-44,14,GA,728,2,1,0,14857.0,132555.0
C0109724,Patrick Jackson,45-54,4,MI,740,4,1,1,5559.0,55315.0
C0109725,Mary Murray,55-64,7,AZ,602,3,1,1,13859.0,54059.0
C0109726,Samantha Jackson,35-44,20,NC,669,2,1,0,3855.0,61918.0
C0109727,Dominique Wagner,35-44,4,MA,697,2,1,0,413.0,124691.0
C0109728,Daniel Petty,45-54,12,NC,750,3,1,1,3279.0,103237.0
C0109729,James Robles,65+,4,WA,677,4,1,1,12288.0,111028.0
C0109730,Amanda Smith,35-44,15,WA,820,4,1,1,40907.0,65389.0
C0109731,Jessica Cortez,35-44,3,GA,708,2,1,0,13183.0,143678.0
C0109732,Nicole Clark,65+,12,AZ,674,3,1,1,47444.0,76065.0
C0109733,Brittany Collins,35-44,9,WA,711,3,1,1,4482.0,139423.0
C0109734,Jillian Mack,25-34,14,PA,677,3,1,1,4065.0,121133.0
C0109735,Lori Gonzalez,45-54,1,NY,666,3,1,1,12231.0,20141.0
C0109736,Hunter Cox,25-34,11,TX,765,1,0,0,5167.0,74992.0
C0109737,Anna Frey,35-44,11,AZ,743,3,1,1,31164.0,163832.0
C0109738,Rachel Jensen,45-54,5,OH,743,2,1,0,1500.0,214023.0
C0109739,Craig Davis,45-54,6,NC,777,1,0,0,22816.0,58061.0
C0109740,Thomas Wise,45-54,15,PA,741,1,0,0,34532.0,79458.0
C0109741,Holly Herring,35-44,12,IL,671,1,0,0,12558.0,93268.0
C0109742,Dustin Potter,45-54,12,OH,751,2,1,0,24228.0,215263.0
C0109743,Michelle Barnes,45-54,19,NC,669,1,0,0,3718.0,175017.0
C0109744,Sara Scott,55-64,9,FL,698,2,1,0,2988.0,60723.0
C0109745,Daniel Horne II,55-64,18,VA,717,4,1,1,12365.0,79222.0
C0109746,Joshua Brown,45-54,20,IL,713,1,0,0,3406.0,251342.0
C0109747,Stephanie Dawson,55-64,12,NY,639,1,0,0,11622.0,132368.0
C0109748,Tony Johnson,55-64,5,CA,676,1,0,0,11637.0,82050.0
C0109749,Jeffrey Hull,25-34,9,TX,718,3,1,1,7473.0,90075.0
C0109750,Corey Daniels,65+,1,PA,692,1,0,0,11370.0,152243.0
C0109751,Natalie Ramos,55-64,14,NJ,770,1,0,0,17355.0,117770.0
C0109752,Tammy Fernandez,35-44,6,WA,778,1,0,0,7187.0,217364.0
C0109753,Jeremy Sanchez,25-34,19,MA,669,1,0,0,4572.0,104230.0
C0109754,Andrew Weiss,45-54,14,PA,722,3,1,1,21746.0,143675.0
C0109755,Lisa Gordon,35-44,10,MI,791,3,1,1,11248.0,175624.0
C0109756,Paul Brown,55-64,4,PA,713,1,0,0,13923.0,98640.0
C0109757,Jorge Duncan,45-54,2,FL,701,2,1,0,16303.0,31638.0
C0109758,Megan Ramirez,25-34,14,NC,758,2,1,0,9684.0,165754.0
C0109759,Tiffany Martin,35-44,16,MI,707,4,1,1,5361.0,305371.0
C0109760,Elizabeth Golden,55-64,6,VA,777,3,1,1,3865.0,33248.0
C0109761,Joseph Larson,25-34,1,TX,693,3,1,1,7287.0,160428.0
C0109762,Brian Wilkins,55-64,7,VA,698,4,1,1,14445.0,132459.0
C0109763,Jasmine Carson,35-44,16,PA,755,2,1,0,15277.0,35749.0
C0109764,Amy Boyd,45-54,12,PA,724,1,0,0,9630.0,77764.0
C0109765,Gary Collins,45-54,2,CA,724,3,1,1,12365.0,202960.0
C0109766,Jane Smith,35-44,3,NY,634,1,0,0,2153.0,147874.0
C0109767,Robert Lewis,45-54,3,GA,704,2,1,0,4641.0,28829.0
C0109768,Jeremy Stevens,45-54,16,FL,758,3,1,1,18126.0,144211.0
C0109769,Lauren Sandoval,25-34,16,PA,684,2,1,0,2981.0,214071.0
C0109770,Jessica Lopez,35-44,9,GA,751,2,1,0,9600.0,175399.0
C0109771,George Mercer,55-64,14,TX,732,2,1,0,8620.0,60217.0
C0109772,Kenneth Becker,55-64,1,AZ,711,1,0,0,7068.0,187182.0
C0109773,Veronica Arnold,45-54,12,PA,781,1,0,0,18298.0,61087.0
C0109774,Jonathan Howe,55-64,6,VA,704,2,1,0,10643.0,131069.0
C0109775,Justin Fowler,25-34,17,MI,707,1,0,0,1926.0,75079.0
C0109776,Ronald Martinez,25-34,10,VA,710,4,1,1,15054.0,73373.0
C0109777,Connie Robinson,45-54,18,PA,723,2,1,0,4409.0,34724.0
C0109778,Joshua Espinoza,45-54,12,FL,754,3,1,1,1577.0,75271.0
C0109779,April Briggs,55-64,10,FL,653,4,1,1,19746.0,123497.0
C0109780,Emily Smith,35-44,19,NY,759,2,1,0,1953.0,117859.0
C0109781,Carol Morgan,45-54,20,NC,723,2,1,0,5294.0,199211.0
C0109782,Cheryl Stone,45-54,10,MI,744,3,1,1,11524.0,86679.0
C0109783,Shawn Johnson,35-44,8,VA,820,1,0,0,7421.0,53475.0
C0109784,Edward Gomez,45-54,13,MA,696,2,1,0,3831.0,176808.0
C0109785,Victor Davis,45-54,4,WA,664,1,0,0,2459.0,257585.0
C0109786,Anthony Adkins,35-44,8,IL,728,3,1,1,3255.0,98893.0
C0109787,Ann Phillips,35-44,17,GA,735,3,1,1,2224.0,161307.0
C0109788,Laura Lopez,35-44,18,MA,759,2,1,0,6962.0,117233.0
C0109789,Richard Brooks,65+,9,NJ,695,2,1,0,4211.0,307932.0
C0109790,Gabriella Johnston,35-44,8,OH,682,2,1,0,1549.0,37623.0
C0109791,Nancy Watkins,25-34,18,WA,651,2,1,0,5727.0,44543.0
C0109792,Laura Patel,25-34,5,FL,658,2,1,0,3745.0,38370.0
C0109793,Jeffrey Keller,25-34,2,NJ,701,4,1,1,11178.0,278955.0
C0109794,Adam Smith,35-44,2,MA,714,1,0,0,12513.0,104268.0
C0109795,Travis Harper,45-54,3,GA,812,1,0,0,40553.0,242789.0
C0109796,Christopher Houston,25-34,18,MI,643,1,0,0,17630.0,91283.0
C0109797,Kristin Baldwin,35-44,1,CA,735,2,1,0,2195.0,118147.0
C0109798,Taylor Diaz,25-34,7,MI,687,4,1,1,597.0,74161.0
C0109799,Thomas Garcia MD,35-44,13,PA,730,1,0,0,1310.0,65098.0
C0109800,Kevin Clark,25-34,13,MA,695,2,1,0,4434.0,101135.0
C0109801,Phillip Ramirez,45-54,17,PA,766,4,1,1,1177.0,103671.0
C0109802,Vernon Williams,45-54,20,PA,766,1,0,0,3869.0,108248.0
C0109803,Shannon Stokes,55-64,9,IL,714,3,1,1,8423.0,25222.0
C0109804,Anthony Braun,35-44,5,NJ,784,4,1,1,4122.0,124696.0
C0109805,Shane Jones,55-64,2,MA,754,3,1,1,11322.0,47518.0
C0109806,Kathleen Boyd,45-54,18,IL,782,1,0,0,3904.0,45448.0
C0109807,Christopher Cole,25-34,8,NY,718,2,1,0,3248.0,48996.0
C0109808,Jasmine Rodriguez,35-44,18,VA,762,1,0,0,62919.0,174362.0
C0109809,Stephanie Jarvis,55-64,7,NC,685,1,0,0,7788.0,73796.0
C0109810,Rachel Yang,35-44,16,OH,680,1,0,0,9269.0,152829.0
C0109811,Marie Rangel,35-44,13,MA,818,1,0,0,22317.0,91473.0
C0109812,Leslie Greer DVM,45-54,15,GA,671,4,1,1,23213.0,32780.0
C0109813,John Davis,25-34,14,MI,700,2,1,0,5222.0,100619.0
C0109814,Julian Williams,65+,7,MA,634,1,0,0,28429.0,136294.0
C0109815,Kimberly Nolan,35-44,3,NY,681,2,1,0,4728.0,82829.0
C0109816,Bonnie Barnett,25-34,1,AZ,675,2,1,0,27433.0,132687.0
C0109817,Crystal Frazier,25-34,9,MA,689,1,0,0,1844.0,23089.0
C0109818,Tammy Gonzalez,35-44,18,GA,733,1,0,0,5608.0,61621.0
C0109819,Howard Golden,55-64,13,IL,744,2,1,0,10584.0,156501.0
C0109820,Kathleen Le,55-64,14,FL,674,3,1,1,12493.0,27912.0
C0109821,Jeffrey Hernandez,65+,6,CA,684,1,0,0,2944.0,76000.0
C0109822,Duane Bates,45-54,10,MA,768,3,1,1,1120.0,133663.0
C0109823,Kristen Watts,35-44,9,OH,796,2,1,0,14078.0,125139.0
C0109824,Whitney Ochoa,35-44,3,NJ,776,2,1,0,6323.0,60478.0
C0109825,Sierra Padilla,25-34,13,NY,645,1,0,0,5070.0,114985.0
C0109826,Laura Sullivan,65+,8,PA,773,2,1,0,58999.0,144953.0
C0109827,Tracy Howard,45-54,9,WA,803,2,1,0,5701.0,166024.0
C0109828,Brandon Thomas,45-54,12,MI,643,1,0,0,4358.0,98690.0
C0109829,Daniel Henderson,45-54,1,NY,768,3,1,1,934.0,47296.0
C0109830,Jennifer Hill,55-64,19,CA,730,2,1,0,2210.0,50329.0
C0109831,Michael Hawkins,35-44,5,WA,705,1,0,0,23179.0,48721.0
C0109832,David Hogan,55-64,14,TX,724,1,0,0,3393.0,76767.0
C0109833,Andrew Weaver,55-64,16,CA,739,1,0,0,17227.0,53011.0
C0109834,Levi Meadows,55-64,4,PA,772,4,1,1,1718.0,74066.0
C0109835,Robert Arnold,25-34,5,AZ,769,1,0,0,2855.0,77243.0
C0109836,Jeffery Nguyen,35-44,9,MI,652,2,1,0,2769.0,178131.0
C0109837,Shaun Johnson,45-54,17,CA,690,3,1,1,14359.0,77859.0
C0109838,Kevin Cain,55-64,13,AZ,724,1,0,0,6284.0,51048.0
C0109839,Sandra Buck,65+,10,MA,790,2,1,0,2137.0,90529.0
C0109840,Ronald Schwartz,45-54,17,NJ,597,2,1,0,19099.0,56362.0
C0109841,Gilbert Reynolds,35-44,10,TX,692,3,1,1,14664.0,120472.0
C0109842,Melinda Little,35-44,18,CA,651,2,1,0,12192.0,27411.0
C0109843,Hannah Valdez,45-54,16,AZ,658,1,0,0,11548.0,203468.0
C0109844,Mr. William Miller,35-44,4,WA,764,1,0,0,2908.0,30777.0
C0109845,Luke Smith,45-54,8,WA,696,2,1,0,36691.0,63876.0
C0109846,Jordan Villarreal,55-64,1,GA,614,2,1,0,7178.0,98733.0
C0109847,Susan White,35-44,5,NC,712,4,1,1,11177.0,178236.0
C0109848,Megan Burton,35-44,1,FL,811,1,0,0,12829.0,24831.0
C0109849,Jared Myers,25-34,3,CA,638,1,0,0,2607.0,25998.0
C0109850,Kyle Reed,35-44,1,NY,743,2,1,0,78879.0,120988.0
C0109851,James Gates,45-54,14,MI,790,1,0,0,7844.0,76324.0
C0109852,Charles Baird,35-44,9,OH,717,2,1,0,8434.0,71972.0
C0109853,John Carter,35-44,10,MI,806,1,0,0,4939.0,121230.0
C0109854,Stefanie Flores,25-34,16,OH,690,3,1,1,32208.0,95259.0
C0109855,Brandy Casey,25-34,17,NC,785,1,0,0,33881.0,114578.0
C0109856,Beverly Roman,45-54,11,MA,774,2,1,0,9798.0,128595.0
C0109857,Angela Blake,45-54,10,MI,718,2,1,0,1396.0,111809.0
C0109858,Randy Fernandez,45-54,13,MA,653,1,0,0,6652.0,110533.0
C0109859,Randy Parker,45-54,9,MA,674,2,1,0,7495.0,99741.0
C0109860,Debra Pugh,35-44,9,MI,614,2,1,0,4713.0,257657.0
C0109861,Linda Welch,45-54,6,MA,746,3,1,1,2490.0,84402.0
C0109862,Jennifer Santos,25-34,4,NY,741,2,1,0,1255.0,51296.0
C0109863,Jacob Moore,65+,4,GA,723,2,1,0,47352.0,138985.0
C0109864,Mr. Michael Williams Jr.,25-34,14,TX,714,2,1,0,19730.0,86549.0
C0109865,Timothy Crane,35-44,17,TX,781,2,1,0,8445.0,68654.0
C0109866,Mitchell Hernandez,25-34,9,TX,733,3,1,1,3716.0,26277.0
C0109867,Christopher Harris,55-64,2,FL,695,1,0,0,12483.0,108297.0
C0109868,Ronald Myers,35-44,13,OH,726,2,1,0,10352.0,107271.0
C0109869,Joseph Mcgee,65+,19,NJ,812,4,1,1,5007.0,78270.0
C0109870,Lisa Greene,25-34,11,MA,747,2,1,0,12934.0,59823.0
C0109871,Jodi Rodriguez,55-64,1,MA,702,2,1,0,14986.0,166997.0
C0109872,Amy Mejia,45-54,2,FL,717,3,1,1,18487.0,168221.0
C0109873,Ian Dennis,35-44,11,OH,740,2,1,0,2791.0,165081.0
C0109874,Curtis Miller,35-44,18,OH,701,2,1,0,13596.0,166583.0
C0109875,Kayla Watson,35-44,2,TX,697,1,0,0,33292.0,212222.0
C0109876,Gary Yu,55-64,16,CA,719,1,0,0,11564.0,66823.0
C0109877,Donna Hernandez,55-64,16,IL,788,1,0,0,114674.0,104292.0
C0109878,Nicholas Dawson,35-44,2,WA,755,3,1,1,6526.0,81129.0
C0109879,Bradley Thomas,35-44,5,IL,701,2,1,0,1031.0,96302.0
C0109880,Denise Scott,35-44,1,IL,759,4,1,1,2926.0,116441.0
C0109881,Molly Mcguire,25-34,12,MA,720,1,0,0,3629.0,256787.0
C0109882,Michael Lindsey,45-54,4,IL,735,1,0,0,15840.0,207740.0
C0109883,Andre Berger,35-44,19,NJ,731,2,1,0,21987.0,241036.0
C0109884,Karla Walker,35-44,2,MA,625,1,0,0,9541.0,40384.0
C0109885,Rebecca Gonzalez,55-64,13,TX,582,2,1,0,11512.0,103702.0
C0109886,Julie Davenport,55-64,16,GA,730,1,0,0,80667.0,179501.0
C0109887,Kimberly Norris,55-64,4,IL,681,1,0,0,2989.0,130318.0
C0109888,Peter Davis,25-34,6,TX,646,2,1,0,7425.0,172946.0
C0109889,Timothy Thomas,65+,16,CA,683,2,1,0,4708.0,373836.0
C0109890,Johnathan Bentley,45-54,2,MI,761,1,0,0,1981.0,167351.0
C0109891,Stephanie Holmes,45-54,9,MI,736,1,0,0,713.0,90991.0
C0109892,Marissa Choi,25-34,6,NC,754,1,0,0,38400.0,78917.0
C0109893,Latasha Hernandez,55-64,1,NJ,740,1,0,0,3239.0,214461.0
C0109894,William Cooper,45-54,10,NJ,678,4,1,1,6000.0,190662.0
C0109895,Raymond Fischer,55-64,10,CA,754,2,1,0,13585.0,204586.0
C0109896,Daniel Cook,45-54,7,CA,746,1,0,0,1943.0,149130.0
C0109897,Jocelyn Campbell,55-64,17,IL,714,2,1,0,2977.0,78856.0
C0109898,Hannah Anderson,45-54,2,NC,722,1,0,0,7894.0,300166.0
C0109899,Michael Shaw,65+,9,AZ,755,1,0,0,4789.0,219393.0
C0109900,Briana Curry,35-44,4,MA,686,4,1,1,1753.0,113622.0
C0109901,Samantha Hernandez MD,35-44,16,WA,768,1,0,0,16791.0,148084.0
C0109902,Bethany Morris,55-64,12,PA,745,3,1,1,4642.0,127134.0
C0109903,Austin Owens,45-54,15,NC,720,3,1,1,9548.0,97358.0
C0109904,Kristin Lopez,45-54,3,TX,788,3,1,1,8676.0,77169.0
C0109905,Angel Wright,55-64,10,GA,661,2,1,0,25940.0,157508.0
C0109906,David Fitzgerald,45-54,2,TX,699,1,0,0,12378.0,66580.0
C0109907,Victor Moore,55-64,7,MA,689,3,1,1,2878.0,103806.0
C0109908,Mrs. Kaitlyn James,35-44,19,OH,736,3,1,1,32684.0,310900.0
C0109909,Andrew Anderson,55-64,15,NJ,773,2,1,0,4592.0,141187.0
C0109910,Kathleen Flores,25-34,2,TX,675,1,0,0,3051.0,161095.0
C0109911,Kathryn Miller,45-54,8,MA,820,1,0,0,2554.0,95014.0
C0109912,Amy Kennedy,55-64,18,GA,690,1,0,0,487.0,62292.0
C0109913,Michael Underwood,35-44,4,TX,736,1,0,0,3904.0,151602.0
C0109914,Jean Ward,35-44,16,IL,720,2,1,0,13043.0,157811.0
C0109915,Jacob Brady,35-44,7,NY,722,3,1,1,1581.0,177296.0
C0109916,Carl Douglas,45-54,10,TX,684,2,1,0,62964.0,104050.0
C0109917,Ryan Joseph,35-44,18,CA,768,2,1,0,551.0,50364.0
C0109918,Dawn Blevins,25-34,14,NJ,681,3,1,1,3166.0,55251.0
C0109919,Mark Martinez,55-64,6,AZ,640,2,1,0,1360.0,23446.0
C0109920,Angela Weeks,35-44,1,MI,669,2,1,0,24384.0,174629.0
C0109921,Kevin Camacho,45-54,5,NJ,785,3,1,1,17730.0,98385.0
C0109922,Eric Zimmerman,45-54,9,CA,776,1,0,0,5888.0,125056.0
C0109923,Timothy Lewis,25-34,3,FL,629,4,1,1,1471.0,361972.0
C0109924,Lisa Mendoza,25-34,18,CA,756,1,0,0,1923.0,108576.0
C0109925,Melinda Cox,65+,2,MA,630,2,1,0,10938.0,150533.0
C0109926,David Hill,45-54,11,VA,718,2,1,0,3600.0,134872.0
C0109927,Joanne Dean,25-34,20,MA,665,2,1,0,4128.0,20813.0
C0109928,Julie Davis,55-64,7,AZ,760,2,1,0,7417.0,76455.0
C0109929,Nicole Conner,45-54,11,NY,744,1,0,0,4939.0,32910.0
C0109930,Edward Greene,25-34,2,GA,764,3,1,1,993.0,202532.0
C0109931,Patrick Daniels MD,45-54,15,MI,706,2,1,0,1641.0,81753.0
C0109932,Jennifer Jones,45-54,20,VA,711,2,1,0,1689.0,85176.0
C0109933,Katie Massey,35-44,16,NJ,652,3,1,1,3384.0,54382.0
C0109934,Jamie Gould,55-64,3,OH,673,2,1,0,9028.0,58478.0
C0109935,Rhonda Anderson MD,35-44,8,CA,762,3,1,1,8593.0,111723.0
C0109936,Kathryn Scott,35-44,15,MA,736,1,0,0,33655.0,21937.0
C0109937,William Robinson,35-44,16,NJ,724,1,0,0,1498.0,70773.0
C0109938,Steven Aguilar,55-64,9,WA,776,1,0,0,11704.0,117230.0
C0109939,Thomas Lewis,55-64,20,NY,661,3,1,1,3153.0,196701.0
C0109940,Cody Pitts,65+,5,TX,752,3,1,1,86736.0,156043.0
C0109941,Justin Noble,35-44,15,AZ,666,3,1,1,7136.0,96014.0
C0109942,Dylan Clark,55-64,10,WA,786,2,1,0,4130.0,115646.0
C0109943,Erik David,45-54,15,WA,744,1,0,0,11262.0,102198.0
C0109944,Stephanie Robinson,35-44,12,OH,763,2,1,0,10265.0,75909.0
C0109945,Joel Stevens,25-34,9,AZ,688,2,1,0,5136.0,81902.0
C0109946,Kathleen Smith,55-64,17,NY,818,1,0,0,16527.0,160548.0
C0109947,James Jenkins,35-44,17,VA,809,2,1,0,49635.0,45957.0
C0109948,Dr. Jennifer Smith DVM,45-54,17,GA,739,3,1,1,24387.0,123214.0
C0109949,Mitchell Martin,45-54,2,FL,772,1,0,0,6777.0,70229.0
C0109950,Sarah Wilson DVM,25-34,9,NJ,706,2,1,0,68323.0,66017.0
C0109951,Maria Martinez,65+,15,IL,662,2,1,0,14451.0,158499.0
C0109952,Tanya Trevino,55-64,18,FL,755,1,0,0,2171.0,254062.0
C0109953,Sharon Medina,45-54,8,NJ,678,1,0,0,8655.0,229530.0
C0109954,Dr. Phillip Anderson,45-54,15,VA,778,2,1,0,6247.0,33676.0
C0109955,Richard George,45-54,12,PA,767,3,1,1,4232.0,83953.0
C0109956,Adam Evans,55-64,5,MA,730,2,1,0,11816.0,149086.0
C0109957,Maria Murillo,25-34,18,NJ,728,1,0,0,850.0,71542.0
C0109958,Christopher Hodges,35-44,9,CA,764,1,0,0,55478.0,136123.0
C0109959,Jennifer Levy,35-44,13,IL,732,3,1,1,16887.0,32029.0
C0109960,Donald Gomez,45-54,6,MA,701,2,1,0,889.0,203127.0
C0109961,Christopher King,45-54,1,FL,651,2,1,0,16649.0,189896.0
C0109962,Christine Peterson,25-34,10,MA,763,1,0,0,13793.0,100065.0
C0109963,Destiny Johns,65+,15,GA,736,3,1,1,47021.0,47214.0
C0109964,Ashley Meyer,25-34,7,NJ,820,1,0,0,64142.0,227320.0
C0109965,Scott Hamilton,25-34,19,NJ,715,1,0,0,78515.0,98563.0
C0109966,Walter White,35-44,16,GA,733,2,1,0,5806.0,116292.0
C0109967,James Young,45-54,13,GA,734,3,1,1,15506.0,101916.0
C0109968,Anita Sherman,35-44,17,NC,749,4,1,1,4553.0,148767.0
C0109969,Justin Swanson,45-54,18,MI,676,4,1,1,26216.0,100942.0
C0109970,James Garrett,55-64,15,VA,716,2,1,0,606.0,61849.0
C0109971,Angela Jenkins,25-34,17,OH,757,2,1,0,1754.0,120041.0
C0109972,Gregory Ward,65+,15,OH,705,2,1,0,4814.0,167122.0
C0109973,Ms. Lori Watson,35-44,18,VA,755,2,1,0,7538.0,117278.0
C0109974,Carol Dean,45-54,3,VA,724,1,0,0,9859.0,41652.0
C0109975,Dr. Thomas Clark PhD,25-34,7,MI,738,2,1,0,37392.0,75947.0
C0109976,Michael Rogers,55-64,18,OH,771,4,1,1,3714.0,181315.0
C0109977,John Murray MD,55-64,10,NC,709,1,0,0,1719.0,87128.0
C0109978,Jacob Clark,25-34,1,NC,654,1,0,0,5090.0,118465.0
C0109979,Jessica Clark,25-34,17,OH,708,1,0,0,3916.0,64064.0
C0109980,Ann Scott,35-44,14,FL,682,2,1,0,15738.0,144931.0
C0109981,Lauren Robinson,25-34,19,NC,624,2,1,0,50514.0,130231.0
C0109982,Kristi Choi,65+,1,OH,715,2,1,0,45343.0,110341.0
C0109983,Rebecca White,45-54,3,CA,728,2,1,0,29951.0,72574.0
C0109984,Sarah Lee,45-54,11,MA,765,3,1,1,4091.0,157846.0
C0109985,Alexandria Shepherd,65+,4,NJ,668,1,0,0,6674.0,115986.0
C0109986,Ashley Glenn,55-64,11,TX,723,3,1,1,13488.0,132797.0
C0109987,Benjamin Walker,55-64,7,NY,770,3,1,1,3214.0,115375.0
C0109988,Eric Rasmussen,35-44,5,NC,694,2,1,0,3594.0,72232.0
C0109989,Clifford Gonzalez,35-44,16,WA,744,1,0,0,12700.0,37960.0
C0109990,Kathryn Moore,35-44,1,GA,791,4,1,1,1576.0,234053.0
C0109991,Willie Munoz,35-44,18,WA,636,2,1,0,30065.0,42058.0
C0109992,Sean Warren,35-44,4,TX,732,1,0,0,5005.0,64453.0
C0109993,Robert Cruz,25-34,12,GA,772,1,0,0,15501.0,171869.0
C0109994,Samantha Petersen,35-44,20,WA,704,3,1,1,10386.0,114256.0
C0109995,Alicia Combs,35-44,3,WA,782,1,0,0,36499.0,109940.0
C0109996,Miss Laura Davis,35-44,19,NY,748,2,1,0,630.0,227055.0
C0109997,Mrs. Kerri Weeks,35-44,7,NJ,799,2,1,0,36773.0,56424.0
C0109998,Louis Armstrong,35-44,15,CA,746,2,1,0,35801.0,52308.0
C0109999,David Hayes,45-54,18,FL,803,2,1,0,11356.0,105315.0
