mortgage_id,customer_id,origination_date,original_balance,current_balance,mortgage_rate,original_term_years,remaining_term_months,monthly_payment,ltv,property_value,delinquency_flag
M0100000,C0100000,2020-03-19,254000,235000,5.832,30,283,1495.53,0.589,399000,0
M0100001,C0100001,2022-06-01,343000,309000,6.454,15,129,2979.23,0.593,521000,0
M0100002,C0100002,2024-07-31,158000,154000,5.659,30,335,912.93,0.55,280000,0
M0100003,C0100003,2025-05-13,435000,428000,3.024,30,345,1839.61,0.551,777000,0
M0100004,C0100004,2024-05-22,278000,271000,4.432,30,333,1397.38,0.566,479000,0
M0100005,C0100005,2022-06-06,337000,320000,4.114,30,309,1631.12,0.566,565000,0
M0100006,C0100006,2021-10-07,335000,316000,3.426,30,301,1490.5,0.621,509000,0
M0100007,C0100007,2025-08-18,215000,212000,5.313,30,348,1195.64,0.545,389000,0
M0100008,C0100008,2024-02-02,322000,312000,6.062,30,329,1943.41,0.508,614000,0
M0100009,C0100009,2020-10-12,166000,155000,6.568,30,290,1056.67,0.695,223000,0
M0100010,C0100010,2023-04-29,258000,248000,6.046,30,320,1554.48,0.495,501000,0
M0100011,C0100011,2021-03-18,188000,176000,4.886,30,295,996.17,0.657,268000,0
M0100012,C0100012,2023-06-17,211000,195000,6.691,15,142,1860.26,0.684,285000,0
M0100013,C0100013,2023-12-30,106000,99000,5.269,15,148,853.17,0.532,186000,0
M0100014,C0100014,2021-07-20,264000,248000,5.567,30,299,1510.08,0.595,417000,0
M0100015,C0100015,2024-02-15,418000,405000,4.772,30,330,2186.03,0.488,830000,0
M0100016,C0100016,2021-09-27,358000,337000,5.23,30,301,1972.46,0.603,559000,0
M0100017,C0100017,2024-07-22,564000,550000,5.037,30,335,3040.44,0.56,982000,0
M0100018,C0100018,2021-03-09,204000,191000,3.98,30,294,971.58,0.687,278000,0
M0100019,C0100019,2019-12-26,258000,238000,6.201,30,280,1580.34,0.589,404000,0
M0100020,C0100020,2020-04-04,518000,479000,5.684,30,283,3001.22,0.525,912000,0
M0100021,C0100021,2020-08-16,314000,270000,6.374,15,108,2713.57,0.641,421000,0
M0100022,C0100022,2025-08-21,360000,356000,4.726,30,348,1872.73,0.588,605000,0
M0100023,C0100023,2020-09-03,943000,877000,6.276,30,288,5822.17,0.473,1854000,0
M0100024,C0100024,2021-12-17,289000,273000,3.774,30,304,1342.34,0.641,426000,0
M0100025,C0100025,2022-11-25,257000,246000,6.096,30,315,1556.74,0.563,437000,0
M0100026,C0100026,2020-11-12,199000,172000,6.243,15,111,1705.51,0.501,343000,0
M0100027,C0100027,2020-10-30,284000,265000,4.358,30,290,1415.12,0.497,533000,0
M0100028,C0100028,2020-02-05,546000,504000,6.728,30,281,3533.36,0.677,745000,0
M0100029,C0100029,2022-02-24,437000,391000,7.214,15,126,3980.35,0.501,781000,0
M0100030,C0100030,2021-06-28,671000,630000,4.868,30,298,3548.14,0.564,1117000,0
M0100031,C0100031,2023-11-26,393000,380000,7.094,30,327,2639.5,0.583,652000,0
M0100032,C0100032,2021-08-29,107000,94000,3.628,15,120,771.67,0.508,185000,0
M0100033,C0100033,2023-02-12,449000,430000,5.35,30,318,2507.28,0.519,828000,0
M0100034,C0100034,2021-11-01,345000,306000,2.8,15,122,2349.46,0.496,617000,0
M0100035,C0100035,2023-03-31,328000,315000,6.523,30,319,2078.15,0.745,423000,0
M0100036,C0100036,2024-08-20,603000,574000,3.817,15,156,4405.22,0.592,970000,0
M0100037,C0100037,2023-08-03,286000,276000,3.354,30,323,1261.07,0.551,501000,0
M0100038,C0100038,2023-09-08,438000,423000,5.789,30,324,2566.91,0.769,550000,0
M0100039,C0100039,2024-03-30,191000,180000,6.64,15,151,1678.55,0.638,282000,0
M0100040,C0100040,2025-01-25,153000,150000,5.055,30,341,826.49,0.735,204000,0
M0100041,C0100041,2023-04-23,243000,233000,5.65,30,320,1402.68,0.645,361000,0
M0100042,C0100042,2022-09-03,280000,267000,7.438,30,312,1945.93,0.525,509000,0
M0100043,C0100043,2022-02-07,431000,408000,4.454,30,305,2172.05,0.515,793000,0
M0100044,C0100044,2022-01-03,189000,179000,4.42,30,304,948.67,0.541,331000,0
M0100045,C0100045,2024-07-09,696000,678000,6.694,30,334,4488.37,0.721,941000,0
M0100046,C0100046,2024-10-28,202000,198000,5.747,30,338,1178.43,0.547,362000,0
M0100047,C0100047,2024-11-05,314000,307000,7.067,30,338,2103.2,0.544,564000,0
M0100048,C0100048,2021-08-10,330000,310000,4.075,30,299,1589.77,0.733,423000,0
M0100049,C0100049,2021-07-23,381000,358000,3.532,30,299,1717.67,0.565,634000,0
M0100050,C0100050,2022-08-12,411000,391000,3.922,30,312,1943.74,0.584,669000,0
M0100051,C0100051,2022-07-17,1016000,967000,6.277,30,311,6273.54,0.548,1764000,0
M0100052,C0100052,2021-11-13,242000,228000,6.821,30,303,1581.05,0.533,428000,0
M0100053,C0100053,2023-08-02,383000,355000,6.678,15,143,3373.93,0.713,498000,0
M0100054,C0100054,2021-03-23,314000,294000,6.111,30,295,1905.06,0.652,451000,0
M0100055,C0100055,2020-04-02,536000,496000,6.878,30,283,3522.21,0.495,1002000,0
M0100056,C0100056,2024-04-09,410000,398000,4.832,30,331,2159.07,0.592,672000,0
M0100057,C0100057,2022-12-06,366000,350000,3.316,30,315,1606.14,0.514,681000,0
M0100058,C0100058,2023-10-20,155000,145000,3.721,15,146,1124.97,0.65,223000,0
M0100059,C0100059,2023-09-16,261000,252000,3.901,30,325,1231.2,0.494,510000,0
M0100060,C0100060,2023-05-13,201000,193000,3.371,30,321,888.17,0.601,321000,0
M0100061,C0100061,2024-05-26,262000,255000,4.003,30,333,1251.28,0.603,423000,0
M0100062,C0100062,2023-08-09,217000,209000,4.482,30,323,1097.19,0.655,319000,0
M0100063,C0100063,2023-10-05,253000,244000,6.167,30,325,1544.13,0.522,467000,0
M0100064,C0100064,2020-10-25,267000,249000,5.824,30,290,1570.71,0.526,473000,0
M0100065,C0100065,2024-01-21,269000,261000,7.159,30,329,1818.48,0.511,511000,0
M0100066,C0100066,2025-02-11,283000,278000,4.136,30,342,1373.37,0.626,444000,0
M0100067,C0100067,2020-07-01,206000,191000,5.91,30,286,1223.18,0.497,384000,0
M0100068,C0100068,2020-04-14,334000,309000,6.948,30,284,2210.46,0.585,528000,0
M0100069,C0100069,2020-05-07,209000,194000,4.938,30,284,1114.05,0.628,309000,1
M0100070,C0100070,2024-08-06,243000,237000,5.01,30,335,1305.96,0.49,484000,0
M0100071,C0100071,2023-03-23,320000,307000,7.02,30,319,2133.27,0.66,465000,0
M0100072,C0100072,2023-12-15,90000,84000,5.109,15,148,716.83,0.667,126000,0
M0100073,C0100073,2024-02-18,1139000,1105000,7.077,30,330,7636.79,0.574,1924000,0
M0100074,C0100074,2020-03-13,426000,394000,3.87,30,283,2001.99,0.507,777000,0
M0100075,C0100075,2024-11-30,385000,377000,7.281,30,339,2634.48,0.724,521000,0
M0100076,C0100076,2022-01-27,252000,238000,6.883,30,305,1656.81,0.511,466000,0
M0100077,C0100077,2021-05-27,344000,323000,4.448,30,297,1732.38,0.475,680000,0
M0100078,C0100078,2025-04-15,179000,176000,5.161,30,344,978.6,0.601,293000,0
M0100079,C0100079,2020-06-04,419000,358000,4.135,15,105,3127.71,0.433,827000,0
M0100080,C0100080,2024-05-05,141000,137000,4.957,30,332,753.22,0.717,191000,0
M0100081,C0100081,2023-03-26,174000,167000,3.78,30,319,808.79,0.572,292000,0
M0100082,C0100082,2022-06-14,230000,219000,3.542,30,310,1038.2,0.498,440000,0
M0100083,C0100083,2020-06-13,697000,646000,4.121,30,286,3376.39,0.582,1110000,1
M0100084,C0100084,2019-10-10,189000,174000,6.641,30,277,1212.19,0.493,353000,0
M0100085,C0100085,2024-03-18,387000,376000,3.454,30,331,1727.88,0.558,674000,0
M0100086,C0100086,2023-04-01,117000,108000,7.01,15,139,1052.28,0.639,169000,0
M0100087,C0100087,2022-01-17,332000,314000,6.506,30,305,2099.78,0.491,639000,0
M0100088,C0100088,2023-03-26,780000,748000,6.949,30,319,5162.67,0.628,1192000,0
M0100089,C0100089,2025-03-18,421000,414000,5.879,30,343,2491.45,0.765,541000,0
M0100090,C0100090,2021-01-07,116000,108000,7.314,30,292,796.37,0.655,165000,0
M0100091,C0100091,2022-04-27,335000,318000,3.922,30,308,1584.31,0.513,620000,0
M0100092,C0100092,2024-12-03,260000,255000,7.005,30,339,1730.66,0.548,465000,0
M0100093,C0100093,2021-11-13,605000,571000,8.0,30,303,4439.28,0.539,1059000,0
M0100094,C0100094,2020-04-06,312000,289000,5.21,30,283,1715.15,0.703,411000,0
M0100095,C0100095,2021-10-31,160000,151000,5.439,30,302,902.35,0.517,292000,0
M0100096,C0100096,2022-11-02,306000,292000,4.486,30,314,1547.91,0.558,523000,0
M0100097,C0100097,2021-01-10,231000,216000,5.573,30,292,1322.19,0.695,311000,0
M0100098,C0100098,2024-01-26,111000,108000,5.705,30,329,644.6,0.614,176000,0
M0100099,C0100099,2025-02-16,300000,295000,2.901,30,342,1248.85,0.661,446000,0
M0100100,C0100100,2022-10-04,328000,313000,6.173,30,313,2003.16,0.535,585000,0
M0100101,C0100101,2024-01-10,397000,385000,6.721,30,328,2567.29,0.62,621000,0
M0100102,C0100102,2022-10-04,545000,495000,4.531,15,133,4177.85,0.516,960000,0
M0100103,C0100103,2021-07-17,285000,268000,5.033,30,299,1535.69,0.486,552000,0
M0100104,C0100104,2020-08-14,155000,144000,6.433,30,288,972.89,0.593,243000,0
M0100105,C0100105,2022-02-23,216000,205000,4.478,30,306,1091.62,0.498,412000,0
M0100106,C0100106,2022-01-17,325000,307000,6.318,30,305,2015.48,0.624,492000,0
M0100107,C0100107,2020-01-02,602000,555000,5.815,30,280,3538.01,0.62,895000,0
M0100108,C0100108,2020-04-01,328000,279000,8.0,15,103,3134.54,0.623,448000,0
M0100109,C0100109,2020-12-29,307000,287000,5.359,30,292,1716.05,0.521,551000,0
M0100110,C0100110,2020-03-30,291000,269000,4.913,30,283,1546.71,0.511,526000,1
M0100111,C0100111,2022-11-15,326000,311000,5.772,30,315,1907.01,0.707,440000,0
M0100112,C0100112,2021-02-04,852000,741000,5.627,15,113,7019.1,0.447,1658000,0
M0100113,C0100113,2022-07-01,314000,283000,7.295,15,130,2874.36,0.588,481000,0
M0100114,C0100114,2022-01-04,287000,271000,7.237,30,304,1955.32,0.543,499000,0
M0100115,C0100115,2021-09-28,334000,315000,4.697,30,301,1731.65,0.498,633000,0
M0100116,C0100116,2025-03-24,234000,230000,5.289,30,343,1297.81,0.604,381000,0
M0100117,C0100117,2025-08-20,150000,146000,4.736,15,168,1165.66,0.509,287000,0
M0100118,C0100118,2019-12-25,137000,126000,4.541,30,280,697.5,0.506,249000,0
M0100119,C0100119,2023-07-07,228000,220000,2.8,30,322,936.84,0.63,349000,0
M0100120,C0100120,2025-05-23,592000,583000,7.358,30,345,4081.94,0.621,939000,0
M0100121,C0100121,2024-12-19,587000,575000,4.763,30,340,3066.67,0.566,1016000,0
M0100122,C0100122,2025-06-18,188000,185000,5.009,30,346,1010.26,0.515,359000,0
M0100123,C0100123,2024-04-05,303000,294000,8.0,30,331,2223.31,0.488,603000,0
M0100124,C0100124,2021-04-28,350000,328000,4.796,30,296,1835.48,0.685,479000,0
M0100125,C0100125,2020-09-21,228000,212000,5.299,30,289,1265.95,0.542,391000,0
M0100126,C0100126,2025-04-27,631000,611000,5.794,15,164,5254.77,0.502,1218000,0
M0100127,C0100127,2022-05-29,480000,456000,5.872,30,309,2838.46,0.652,699000,0
M0100128,C0100128,2021-09-25,393000,370000,4.819,30,301,2066.45,0.579,639000,0
M0100129,C0100129,2020-07-15,339000,290000,6.736,15,107,2997.21,0.482,602000,0
M0100130,C0100130,2020-04-08,150000,139000,5.677,30,283,868.42,0.579,240000,0
M0100131,C0100131,2020-05-14,646000,598000,5.624,30,285,3718.33,0.672,890000,0
M0100132,C0100132,2021-05-25,438000,411000,4.759,30,297,2287.19,0.674,610000,0
M0100133,C0100133,2020-11-11,402000,375000,5.356,30,291,2246.33,0.55,682000,0
M0100134,C0100134,2021-03-26,227000,213000,6.572,30,295,1445.56,0.471,452000,0
M0100135,C0100135,2021-02-16,237000,222000,6.576,30,294,1509.87,0.703,316000,0
M0100136,C0100136,2020-04-15,420000,389000,5.028,30,284,2261.84,0.572,680000,0
M0100137,C0100137,2024-09-13,569000,543000,4.649,15,157,4396.27,0.725,749000,0
M0100138,C0100138,2025-03-07,776000,762000,6.466,30,342,4887.51,0.54,1411000,0
M0100139,C0100139,2024-01-31,227000,220000,5.831,30,329,1336.41,0.521,422000,0
M0100140,C0100140,2019-12-29,303000,256000,6.465,15,100,2633.63,0.476,538000,0
M0100141,C0100141,2021-06-23,115000,108000,4.434,30,298,578.19,0.537,201000,0
M0100142,C0100142,2022-11-16,96000,87000,5.476,15,135,783.18,0.486,179000,0
M0100143,C0100143,2023-11-22,426000,412000,6.467,30,327,2683.37,0.541,762000,0
M0100144,C0100144,2024-07-02,214000,209000,4.717,30,334,1112.07,0.573,365000,0
M0100145,C0100145,2023-06-13,122000,117000,7.576,30,322,859.4,0.537,218000,0
M0100146,C0100146,2019-12-29,183000,169000,7.293,30,280,1253.72,0.693,244000,0
M0100147,C0100147,2020-01-31,389000,359000,5.276,30,281,2154.34,0.612,587000,0
M0100148,C0100148,2019-11-12,397000,365000,5.284,30,279,2200.62,0.527,693000,0
M0100149,C0100149,2021-06-19,145000,136000,5.853,30,298,855.69,0.507,268000,0
M0100150,C0100150,2022-03-08,608000,576000,5.687,30,306,3523.83,0.673,856000,0
M0100151,C0100151,2025-01-21,231000,227000,6.836,30,341,1511.49,0.656,346000,0
M0100152,C0100152,2022-02-22,376000,356000,4.531,30,306,1912.07,0.597,596000,0
M0100153,C0100153,2021-05-16,334000,313000,4.543,30,297,1700.87,0.485,646000,0
M0100154,C0100154,2023-03-06,326000,313000,5.798,30,318,1912.4,0.629,498000,0
M0100155,C0100155,2020-12-08,205000,191000,6.044,30,291,1234.88,0.687,278000,0
M0100156,C0100156,2022-02-28,324000,307000,5.461,30,306,1831.72,0.498,617000,0
M0100157,C0100157,2020-03-21,375000,347000,6.485,30,283,2366.56,0.598,580000,0
M0100158,C0100158,2025-01-20,297000,291000,7.004,30,341,1976.75,0.517,563000,0
M0100159,C0100159,2021-08-03,345000,324000,6.322,30,299,2140.41,0.715,453000,0
M0100160,C0100160,2023-08-19,569000,549000,5.908,30,324,3377.86,0.492,1115000,0
M0100161,C0100161,2025-02-14,259000,250000,5.262,15,162,2083.68,0.491,509000,0
M0100162,C0100162,2023-11-14,454000,439000,5.583,30,327,2601.45,0.66,665000,0
M0100163,C0100163,2021-02-09,295000,276000,3.997,30,293,1407.86,0.732,377000,0
M0100164,C0100164,2024-08-02,668000,652000,4.191,30,335,3263.13,0.629,1036000,0
M0100165,C0100165,2021-10-05,162000,153000,6.885,30,301,1065.31,0.662,231000,0
M0100166,C0100166,2024-06-27,629000,597000,7.429,15,154,5805.56,0.519,1151000,0
M0100167,C0100167,2022-12-18,251000,240000,3.997,30,316,1197.88,0.745,322000,0
M0100168,C0100168,2024-10-28,942000,921000,6.101,30,338,5709.08,0.732,1259000,0
M0100169,C0100169,2021-02-19,407000,381000,3.823,30,294,1901.78,0.537,710000,0
M0100170,C0100170,2020-06-20,501000,465000,7.313,30,286,3439.14,0.498,933000,0
M0100171,C0100171,2022-07-19,302000,287000,5.482,30,311,1711.31,0.745,385000,0
M0100172,C0100172,2023-05-07,461000,443000,8.0,30,320,3382.65,0.667,664000,0
M0100173,C0100173,2020-02-09,461000,426000,4.8,30,281,2418.71,0.541,787000,0
M0100174,C0100174,2020-01-09,305000,281000,4.939,30,280,1625.95,0.63,446000,0
M0100175,C0100175,2020-02-10,480000,443000,5.94,30,281,2859.35,0.531,834000,0
M0100176,C0100176,2020-12-31,80000,75000,6.494,30,292,505.34,0.547,137000,0
M0100177,C0100177,2024-05-06,238000,231000,6.392,30,332,1487.46,0.595,388000,0
M0100178,C0100178,2024-09-25,331000,323000,6.571,30,337,2107.62,0.531,608000,0
M0100179,C0100179,2023-01-21,421000,403000,5.251,30,317,2325.04,0.734,549000,0
M0100180,C0100180,2022-04-17,533000,506000,6.584,30,308,3398.42,0.714,709000,0
M0100181,C0100181,2024-07-04,289000,274000,7.946,15,154,2752.83,0.704,389000,0
M0100182,C0100182,2024-10-28,270000,264000,6.381,30,338,1685.51,0.493,535000,0
M0100183,C0100183,2023-09-18,507000,489000,4.6,30,325,2599.11,0.662,739000,0
M0100184,C0100184,2023-08-05,583000,541000,5.97,15,143,4910.24,0.6,901000,0
M0100185,C0100185,2024-05-11,474000,461000,3.347,30,332,2088.2,0.67,688000,0
M0100186,C0100186,2022-12-05,304000,291000,6.273,30,315,1876.33,0.531,548000,0
M0100187,C0100187,2022-08-17,1172000,1116000,3.666,30,312,5372.0,0.657,1698000,0
M0100188,C0100188,2025-02-11,341000,335000,6.29,30,342,2108.47,0.587,571000,1
M0100189,C0100189,2025-09-10,365000,361000,5.456,30,348,2062.36,0.743,486000,0
M0100190,C0100190,2025-06-24,742000,731000,6.605,30,346,4741.3,0.53,1380000,0
M0100191,C0100191,2020-12-13,704000,657000,5.553,30,292,4020.68,0.475,1384000,0
M0100192,C0100192,2020-11-10,467000,435000,7.055,30,290,3124.23,0.614,708000,0
M0100193,C0100193,2024-09-28,209000,204000,6.13,30,337,1270.58,0.736,277000,0
M0100194,C0100194,2020-01-18,347000,320000,6.712,30,281,2241.88,0.61,525000,0
M0100195,C0100195,2024-01-20,425000,412000,5.077,30,329,2301.53,0.707,583000,0
M0100196,C0100196,2020-04-30,870000,805000,5.02,30,284,4680.99,0.483,1668000,0
M0100197,C0100197,2024-08-24,1432000,1398000,3.967,30,336,6809.37,0.495,2826000,0
M0100198,C0100198,2020-10-17,243000,210000,4.249,15,110,1827.91,0.587,358000,0
M0100199,C0100199,2023-07-29,502000,484000,5.607,30,323,2884.09,0.53,913000,0
M0100200,C0100200,2021-01-03,218000,204000,5.572,30,292,1247.65,0.514,397000,0
M0100201,C0100201,2025-03-27,308000,303000,5.942,30,343,1835.15,0.536,565000,0
M0100202,C0100202,2022-04-07,212000,201000,4.742,30,307,1104.87,0.718,280000,0
M0100203,C0100203,2020-07-18,755000,701000,5.687,30,287,4375.81,0.492,1424000,0
M0100204,C0100204,2024-12-07,369000,361000,6.981,30,339,2450.26,0.619,583000,0
M0100205,C0100205,2023-03-18,380000,365000,5.977,30,319,2272.68,0.515,709000,0
M0100206,C0100206,2020-05-07,336000,311000,5.544,30,284,1917.06,0.617,504000,0
M0100207,C0100207,2020-02-26,396000,336000,5.815,15,102,3302.22,0.438,767000,0
M0100208,C0100208,2022-09-12,402000,365000,6.868,15,133,3583.69,0.641,569000,0
M0100209,C0100209,2025-06-01,233000,230000,5.691,30,345,1351.0,0.712,323000,0
M0100210,C0100210,2020-01-15,141000,130000,4.929,30,281,750.81,0.73,178000,0
M0100211,C0100211,2024-08-30,169000,165000,4.94,30,336,901.04,0.665,248000,0
M0100212,C0100212,2023-03-28,146000,140000,4.901,30,319,774.95,0.611,229000,0
M0100213,C0100213,2020-09-07,361000,336000,4.874,30,288,1910.22,0.51,659000,0
M0100214,C0100214,2025-01-14,218000,214000,6.369,30,341,1359.18,0.756,283000,0
M0100215,C0100215,2022-12-01,535000,511000,7.371,30,315,3693.65,0.673,759000,0
M0100216,C0100216,2021-12-18,370000,350000,5.051,30,304,1997.79,0.556,629000,0
M0100217,C0100217,2025-05-04,131000,129000,4.508,30,344,664.38,0.54,239000,0
M0100218,C0100218,2022-10-17,267000,255000,4.103,30,314,1290.6,0.54,472000,0
M0100219,C0100219,2025-06-01,113000,111000,7.399,30,345,782.31,0.539,206000,0
M0100220,C0100220,2021-10-27,185000,174000,6.563,30,302,1177.0,0.513,339000,0
M0100221,C0100221,2020-05-01,256000,218000,4.751,15,104,1991.38,0.619,352000,0
M0100222,C0100222,2024-06-23,204000,199000,5.654,30,334,1178.08,0.666,299000,0
M0100223,C0100223,2024-02-16,841000,816000,7.043,30,330,5619.5,0.504,1618000,0
M0100224,C0100224,2024-12-02,477000,467000,5.43,30,339,2687.44,0.545,857000,0
M0100225,C0100225,2023-03-27,278000,267000,6.449,30,319,1747.84,0.487,548000,0
M0100226,C0100226,2025-09-03,669000,661000,5.328,30,348,3726.63,0.5,1322000,0
M0100227,C0100227,2020-04-26,201000,186000,5.175,30,284,1100.61,0.738,252000,0
M0100228,C0100228,2025-02-14,278000,273000,2.8,30,342,1142.29,0.58,471000,0
M0100229,C0100229,2021-09-10,502000,473000,5.055,30,300,2711.74,0.51,928000,1
M0100230,C0100230,2023-10-10,188000,182000,4.91,30,325,998.91,0.557,327000,0
M0100231,C0100231,2021-01-28,462000,432000,6.072,30,293,2791.35,0.719,601000,0
M0100232,C0100232,2025-05-22,379000,373000,5.775,30,345,2217.76,0.559,667000,0
M0100233,C0100233,2022-11-14,440000,420000,5.718,30,315,2558.78,0.595,706000,0
M0100234,C0100234,2025-02-20,805000,790000,6.548,30,342,5113.59,0.584,1352000,0
M0100235,C0100235,2021-07-12,412000,387000,2.929,30,299,1721.27,0.509,760000,0
M0100236,C0100236,2024-07-17,349000,340000,5.446,30,335,1969.78,0.708,480000,0
M0100237,C0100237,2022-03-12,155000,147000,4.213,30,306,759.15,0.626,235000,0
M0100238,C0100238,2023-04-04,364000,349000,4.123,30,319,1763.7,0.744,469000,0
M0100239,C0100239,2024-09-04,258000,246000,5.18,15,156,2064.52,0.568,433000,0
M0100240,C0100240,2024-07-17,308000,293000,5.524,15,155,2520.54,0.723,405000,0
M0100241,C0100241,2022-04-06,259000,246000,6.053,30,307,1561.67,0.66,373000,1
M0100242,C0100242,2024-05-28,419000,397000,5.98,15,153,3531.23,0.522,760000,0
M0100243,C0100243,2020-02-23,200000,185000,4.591,30,282,1024.21,0.693,267000,0
M0100244,C0100244,2021-02-12,364000,340000,5.283,30,294,2017.47,0.618,550000,0
M0100245,C0100245,2023-08-17,195000,188000,7.081,30,324,1307.97,0.531,354000,0
M0100246,C0100246,2023-05-07,133000,128000,7.275,30,320,909.55,0.527,243000,0
M0100247,C0100247,2022-09-26,276000,263000,5.162,30,313,1509.07,0.526,500000,0
M0100248,C0100248,2020-11-19,413000,385000,5.602,30,291,2371.47,0.549,701000,0
M0100249,C0100249,2023-03-15,222000,213000,4.514,30,319,1126.69,0.541,394000,0
M0100250,C0100250,2023-03-27,351000,337000,6.63,30,319,2248.65,0.549,614000,0
M0100251,C0100251,2021-07-26,273000,257000,8.0,30,299,2003.18,0.567,453000,0
M0100252,C0100252,2024-02-27,195000,189000,4.911,30,330,1036.22,0.63,300000,0
M0100253,C0100253,2021-12-08,433000,409000,6.794,30,303,2821.11,0.709,577000,0
M0100254,C0100254,2023-05-23,237000,228000,6.31,30,321,1468.51,0.514,444000,1
M0100255,C0100255,2022-11-02,395000,377000,5.315,30,314,2197.13,0.588,641000,0
M0100256,C0100256,2021-01-20,158000,148000,4.734,30,293,822.68,0.51,290000,0
M0100257,C0100257,2025-05-31,351000,346000,8.0,30,345,2575.51,0.616,562000,0
M0100258,C0100258,2021-10-15,448000,422000,6.343,30,302,2785.57,0.545,775000,0
M0100259,C0100259,2024-02-10,391000,379000,6.554,30,329,2485.29,0.488,777000,0
M0100260,C0100260,2025-08-22,512000,506000,5.267,30,348,2832.68,0.747,677000,0
M0100261,C0100261,2023-10-24,453000,438000,5.567,30,326,2591.16,0.659,665000,0
M0100262,C0100262,2021-01-10,381000,356000,4.162,30,292,1854.71,0.647,550000,0
M0100263,C0100263,2021-04-21,500000,469000,6.337,30,296,3106.93,0.489,960000,0
M0100264,C0100264,2024-02-27,272000,256000,5.088,15,150,2163.45,0.701,365000,0
M0100265,C0100265,2023-04-28,425000,408000,4.371,30,320,2120.96,0.511,799000,0
M0100266,C0100266,2020-06-24,331000,307000,4.56,30,286,1688.95,0.698,440000,0
M0100267,C0100267,2023-06-06,827000,795000,8.0,30,321,6068.23,0.484,1643000,0
M0100268,C0100268,2024-03-03,376000,365000,5.173,30,330,2058.39,0.714,511000,1
M0100269,C0100269,2023-01-09,172000,165000,5.905,30,316,1020.75,0.75,220000,0
M0100270,C0100270,2020-12-31,372000,323000,4.186,15,112,2786.44,0.449,720000,0
M0100271,C0100271,2023-02-08,204000,195000,5.292,30,317,1131.81,0.491,397000,0
M0100272,C0100272,2022-08-11,472000,450000,3.992,30,311,2251.22,0.598,752000,0
M0100273,C0100273,2021-05-24,476000,447000,5.909,30,297,2826.07,0.548,816000,0
M0100274,C0100274,2020-07-14,242000,225000,4.498,30,287,1225.89,0.666,338000,0
M0100275,C0100275,2021-09-05,195000,184000,6.378,30,300,1216.93,0.479,384000,0
M0100276,C0100276,2023-04-06,350000,336000,3.531,30,319,1577.72,0.511,658000,0
M0100277,C0100277,2021-02-14,209000,195000,4.805,30,294,1097.18,0.488,400000,0
M0100278,C0100278,2021-01-08,216000,202000,6.794,30,292,1407.3,0.496,407000,0
M0100279,C0100279,2024-06-14,254000,241000,7.186,15,154,2309.52,0.57,423000,0
M0100280,C0100280,2021-07-11,448000,421000,5.507,30,298,2545.66,0.626,672000,0
M0100281,C0100281,2021-04-02,156000,146000,5.073,30,295,844.42,0.469,311000,1
M0100282,C0100282,2023-11-20,225000,218000,5.628,30,327,1295.65,0.626,348000,0
M0100283,C0100283,2023-12-03,1087000,1052000,7.757,30,327,7792.66,0.489,2151000,0
M0100284,C0100284,2021-08-27,871000,769000,5.205,15,120,6981.18,0.62,1241000,0
M0100285,C0100285,2025-09-11,600000,593000,5.504,30,349,3408.24,0.581,1020000,0
M0100286,C0100286,2023-12-15,335000,324000,4.342,30,328,1666.09,0.582,557000,0
M0100287,C0100287,2021-11-11,477000,423000,4.755,15,123,3711.49,0.612,691000,0
M0100288,C0100288,2022-12-21,270000,258000,5.985,30,316,1616.18,0.662,390000,0
M0100289,C0100289,2025-08-17,85000,84000,6.482,30,348,536.25,0.538,156000,0
M0100290,C0100290,2024-12-07,246000,241000,5.833,30,339,1448.59,0.653,369000,0
M0100291,C0100291,2025-02-09,259000,254000,6.414,30,341,1622.44,0.559,454000,0
M0100292,C0100292,2022-07-07,332000,316000,4.399,30,310,1662.33,0.579,546000,0
M0100293,C0100293,2025-06-13,417000,411000,4.29,30,346,2061.17,0.709,580000,0
M0100294,C0100294,2021-02-14,748000,699000,6.374,30,294,4666.06,0.64,1093000,0
M0100295,C0100295,2022-01-23,333000,315000,4.976,30,305,1782.73,0.634,497000,0
M0100296,C0100296,2022-09-03,198000,189000,4.208,30,312,969.18,0.656,288000,0
M0100297,C0100297,2024-06-13,297000,289000,5.723,30,334,1728.12,0.734,394000,0
M0100298,C0100298,2024-07-31,452000,441000,5.594,30,335,2593.13,0.776,568000,0
M0100299,C0100299,2020-11-04,310000,289000,5.291,30,290,1719.71,0.504,573000,0
M0100300,C0100300,2022-01-02,219000,207000,7.246,30,304,1493.37,0.653,317000,0
M0100301,C0100301,2023-07-24,426000,410000,7.562,30,323,2996.76,0.5,820000,0
M0100302,C0100302,2024-06-10,185000,180000,6.556,30,333,1176.15,0.766,235000,0
M0100303,C0100303,2023-09-08,211000,196000,5.972,15,144,1777.35,0.505,388000,0
M0100304,C0100304,2023-11-22,404000,391000,7.018,30,327,2692.71,0.656,596000,0
M0100305,C0100305,2022-08-11,221000,200000,5.674,15,131,1826.22,0.517,387000,0
M0100306,C0100306,2024-02-11,275000,267000,5.287,30,330,1524.87,0.548,487000,0
M0100307,C0100307,2021-01-18,330000,308000,4.858,30,293,1742.98,0.661,466000,0
M0100308,C0100308,2025-05-08,321000,316000,4.64,30,344,1653.27,0.702,450000,0
M0100309,C0100309,2021-07-09,202000,190000,6.521,30,298,1279.57,0.499,381000,0
M0100310,C0100310,2025-08-29,386000,381000,3.848,30,348,1809.16,0.695,548000,0
M0100311,C0100311,2024-06-16,207000,202000,4.846,30,334,1091.82,0.727,278000,0
M0100312,C0100312,2020-01-28,748000,632000,5.111,15,101,5958.48,0.478,1322000,0
M0100313,C0100313,2021-02-12,268000,233000,3.952,15,114,1975.92,0.615,379000,0
M0100314,C0100314,2019-10-22,444000,373000,5.069,15,98,3527.1,0.469,796000,0
M0100315,C0100315,2022-08-29,473000,451000,5.603,30,312,2716.29,0.598,754000,0
M0100316,C0100316,2024-11-14,274000,262000,6.63,15,159,2406.46,0.628,417000,0
M0100317,C0100317,2019-10-11,202000,186000,4.943,30,277,1077.35,0.71,262000,0
M0100318,C0100318,2021-02-20,472000,411000,5.611,15,114,3884.49,0.592,694000,0
M0100319,C0100319,2022-08-07,161000,153000,3.856,30,311,755.33,0.657,233000,0
M0100320,C0100320,2021-02-02,174000,163000,4.162,30,293,847.04,0.517,315000,0
M0100321,C0100321,2023-12-25,444000,430000,3.406,30,328,1970.53,0.596,722000,0
M0100322,C0100322,2020-12-18,296000,276000,6.577,30,292,1885.94,0.482,573000,0
M0100323,C0100323,2021-02-18,230000,215000,5.139,30,294,1254.3,0.712,302000,0
M0100324,C0100324,2024-11-11,255000,244000,5.743,15,159,2116.59,0.587,416000,0
M0100325,C0100325,2025-07-09,220000,217000,6.076,30,346,1329.78,0.689,315000,0
M0100326,C0100326,2020-08-15,975000,906000,6.389,30,288,6091.66,0.582,1557000,0
M0100327,C0100327,2021-05-09,545000,477000,7.706,15,116,5116.23,0.626,762000,0
M0100328,C0100328,2023-12-09,217000,210000,5.455,30,327,1225.98,0.654,321000,0
M0100329,C0100329,2022-06-10,280000,266000,4.717,30,309,1455.05,0.54,493000,0
M0100330,C0100330,2025-07-09,442000,436000,6.268,30,346,2726.65,0.529,824000,0
M0100331,C0100331,2024-08-23,201000,196000,8.0,30,336,1474.87,0.585,335000,0
M0100332,C0100332,2025-03-02,248000,244000,4.907,30,342,1317.26,0.661,369000,0
M0100333,C0100333,2025-07-21,282000,278000,4.626,30,347,1450.04,0.647,430000,0
M0100334,C0100334,2024-11-14,211000,207000,2.8,30,339,866.99,0.6,345000,0
M0100335,C0100335,2025-06-01,567000,550000,3.226,15,165,3977.52,0.583,943000,0
M0100336,C0100336,2020-01-15,229000,211000,7.061,30,281,1532.94,0.494,427000,0
M0100337,C0100337,2025-03-16,309000,304000,5.309,30,343,1717.62,0.5,608000,0
M0100338,C0100338,2024-11-28,347000,340000,4.248,30,339,1706.63,0.7,486000,0
M0100339,C0100339,2022-10-09,724000,691000,5.503,30,313,4112.16,0.491,1407000,0
M0100340,C0100340,2022-02-02,314000,297000,8.0,30,305,2304.02,0.561,529000,0
M0100341,C0100341,2021-06-15,954000,896000,5.505,30,298,5419.7,0.619,1447000,0
M0100342,C0100342,2025-02-10,273000,268000,7.606,30,342,1928.71,0.705,380000,0
M0100343,C0100343,2024-11-22,293000,281000,4.469,15,159,2236.79,0.551,510000,0
M0100344,C0100344,2025-08-07,524000,517000,7.106,30,347,3523.57,0.561,922000,0
M0100345,C0100345,2024-09-28,856000,837000,4.883,30,337,4534.18,0.508,1648000,0
M0100346,C0100346,2024-07-20,287000,280000,4.653,30,335,1480.39,0.653,429000,0
M0100347,C0100347,2020-10-25,608000,566000,4.466,30,290,3068.38,0.563,1005000,0
M0100348,C0100348,2022-02-25,501000,474000,5.144,30,306,2733.74,0.547,867000,0
M0100349,C0100349,2024-04-30,224000,212000,6.573,15,152,1960.28,0.516,411000,0
M0100350,C0100350,2024-12-27,325000,319000,4.97,30,340,1738.72,0.52,614000,0
M0100351,C0100351,2020-09-24,321000,299000,6.677,30,289,2066.45,0.516,579000,0
M0100352,C0100352,2021-06-03,196000,184000,4.711,30,297,1017.83,0.637,289000,0
M0100353,C0100353,2025-02-15,356000,349000,5.41,30,342,2001.27,0.603,579000,0
M0100354,C0100354,2022-05-06,341000,306000,4.916,15,128,2681.71,0.544,562000,0
M0100355,C0100355,2020-09-05,395000,367000,7.493,30,288,2760.0,0.468,784000,0
M0100356,C0100356,2024-01-29,339000,329000,6.069,30,329,2047.54,0.588,560000,0
M0100357,C0100357,2021-04-21,235000,220000,5.813,30,296,1380.82,0.731,301000,0
M0100358,C0100358,2023-05-17,1114000,1071000,5.193,30,321,6112.28,0.53,2019000,0
M0100359,C0100359,2024-10-23,365000,357000,4.859,30,338,1928.07,0.633,564000,0
M0100360,C0100360,2024-01-01,628000,608000,4.393,30,328,3142.18,0.591,1029000,0
M0100361,C0100361,2023-09-02,408000,379000,6.954,15,144,3656.73,0.515,736000,0
M0100362,C0100362,2025-06-17,696000,686000,3.724,30,346,3213.02,0.5,1373000,0
M0100363,C0100363,2023-09-13,222000,214000,5.101,30,325,1205.48,0.519,412000,0
M0100364,C0100364,2019-11-27,313000,288000,6.471,30,279,1972.41,0.639,451000,0
M0100365,C0100365,2024-11-22,262000,256000,3.657,30,339,1199.58,0.692,370000,0
M0100366,C0100366,2025-08-17,246000,243000,5.696,30,348,1427.16,0.498,488000,0
M0100367,C0100367,2023-06-09,375000,361000,4.542,30,321,1909.44,0.682,529000,0
M0100368,C0100368,2019-12-06,290000,267000,5.529,30,279,1651.87,0.681,392000,0
M0100369,C0100369,2021-08-19,161000,151000,5.315,30,300,895.54,0.489,309000,0
M0100370,C0100370,2022-08-14,282000,269000,3.02,30,312,1191.97,0.602,447000,0
M0100371,C0100371,2021-04-26,270000,253000,6.202,30,296,1654.02,0.729,347000,0
M0100372,C0100372,2025-08-21,509000,503000,4.413,30,348,2552.78,0.583,863000,0
M0100373,C0100373,2024-06-24,159000,155000,4.896,30,334,843.47,0.638,243000,0
M0100374,C0100374,2020-08-24,254000,236000,5.556,30,288,1451.12,0.589,401000,0
M0100375,C0100375,2021-05-15,225000,211000,5.913,30,297,1336.43,0.552,382000,0
M0100376,C0100376,2022-12-07,476000,434000,5.992,15,135,4014.7,0.457,949000,0
M0100377,C0100377,2024-02-06,250000,235000,6.37,15,149,2159.94,0.706,333000,0
M0100378,C0100378,2024-05-01,553000,523000,2.8,15,152,3765.95,0.663,789000,0
M0100379,C0100379,2025-06-10,320000,315000,6.031,30,345,1924.94,0.524,601000,0
M0100380,C0100380,2020-05-28,419000,388000,5.512,30,285,2382.19,0.684,567000,0
M0100381,C0100381,2024-07-12,570000,541000,4.891,15,155,4475.23,0.479,1129000,0
M0100382,C0100382,2020-10-24,180000,168000,5.789,30,290,1054.89,0.625,269000,0
M0100383,C0100383,2023-08-24,290000,280000,6.513,30,324,1835.48,0.56,500000,0
M0100384,C0100384,2020-03-31,405000,375000,4.536,30,283,2060.75,0.663,566000,0
M0100385,C0100385,2025-06-25,362000,357000,7.042,30,346,2418.61,0.664,538000,0
M0100386,C0100386,2022-08-06,171000,163000,6.761,30,311,1110.35,0.572,285000,0
M0100387,C0100387,2025-02-15,464000,447000,5.907,15,162,3892.22,0.488,916000,0
M0100388,C0100388,2025-09-08,336000,332000,4.155,30,348,1634.28,0.645,515000,0
M0100389,C0100389,2023-07-24,349000,323000,7.87,15,143,3309.09,0.48,673000,0
M0100390,C0100390,2021-11-16,293000,277000,5.813,30,303,1721.61,0.672,412000,1
M0100391,C0100391,2020-02-26,80000,74000,5.663,30,282,462.45,0.725,102000,0
M0100392,C0100392,2024-10-15,431000,421000,5.625,30,338,2481.08,0.52,810000,0
M0100393,C0100393,2021-11-19,440000,415000,6.108,30,303,2668.65,0.531,782000,0
M0100394,C0100394,2020-11-20,265000,229000,6.52,15,111,2311.35,0.647,354000,0
M0100395,C0100395,2020-02-04,156000,144000,5.472,30,281,883.01,0.731,197000,0
M0100396,C0100396,2024-01-10,251000,243000,4.133,30,328,1217.64,0.519,468000,0
M0100397,C0100397,2025-06-22,539000,531000,6.638,30,346,3455.91,0.715,743000,0
M0100398,C0100398,2019-12-18,267000,246000,4.603,30,280,1369.24,0.572,430000,0
M0100399,C0100399,2020-06-28,331000,307000,4.395,30,286,1656.54,0.491,625000,0
M0100400,C0100400,2024-03-05,277000,269000,5.43,30,330,1560.63,0.578,465000,0
M0100401,C0100401,2024-11-18,384000,376000,4.999,30,339,2061.16,0.509,739000,0
M0100402,C0100402,2022-06-30,170000,162000,5.918,30,310,1010.29,0.747,217000,0
M0100403,C0100403,2024-04-11,296000,288000,6.127,30,331,1798.91,0.621,464000,0
M0100404,C0100404,2022-04-26,567000,538000,4.983,30,308,3037.89,0.679,792000,0
M0100405,C0100405,2025-02-04,207000,199000,5.633,15,161,1706.01,0.62,321000,0
M0100406,C0100406,2020-02-20,286000,264000,4.966,30,282,1529.37,0.507,521000,0
M0100407,C0100407,2023-03-26,555000,510000,6.344,15,139,4787.18,0.479,1065000,0
M0100408,C0100408,2024-11-07,476000,466000,6.039,30,338,2865.81,0.719,648000,0
M0100409,C0100409,2024-06-25,411000,400000,6.289,30,334,2541.03,0.645,620000,0
M0100410,C0100410,2021-09-17,398000,375000,5.187,30,301,2182.27,0.595,630000,0
M0100411,C0100411,2021-04-06,395000,370000,5.784,30,295,2313.65,0.653,567000,0
M0100412,C0100412,2025-01-22,292000,286000,6.061,30,341,1762.16,0.701,408000,0
M0100413,C0100413,2021-03-03,569000,532000,6.324,30,294,3530.86,0.501,1062000,0
M0100414,C0100414,2020-02-02,259000,239000,6.229,30,281,1591.17,0.486,492000,0
M0100415,C0100415,2023-12-15,199000,193000,5.365,30,328,1113.1,0.763,253000,0
M0100416,C0100416,2021-12-31,164000,146000,4.235,15,124,1232.49,0.459,318000,0
M0100417,C0100417,2020-11-25,241000,225000,6.052,30,291,1452.98,0.507,444000,0
M0100418,C0100418,2020-01-19,239000,220000,5.997,30,281,1432.46,0.629,350000,0
M0100419,C0100419,2024-09-18,230000,225000,4.29,30,337,1136.85,0.565,398000,0
M0100420,C0100420,2020-05-15,182000,169000,6.431,30,285,1142.12,0.581,291000,0
M0100421,C0100421,2025-06-15,395000,389000,5.672,30,346,2285.58,0.701,555000,0
M0100422,C0100422,2022-05-17,204000,194000,5.358,30,309,1140.18,0.713,272000,0
M0100423,C0100423,2024-09-15,431000,421000,5.735,30,337,2511.09,0.577,730000,0
M0100424,C0100424,2025-01-06,470000,461000,6.524,30,340,2978.14,0.77,599000,1
M0100425,C0100425,2024-03-22,1186000,1152000,7.214,30,331,8061.67,0.525,2196000,0
M0100426,C0100426,2024-10-03,261000,255000,5.441,30,337,1472.28,0.56,455000,0
M0100427,C0100427,2025-05-24,303000,298000,5.247,30,345,1672.61,0.567,526000,0
M0100428,C0100428,2023-11-24,226000,219000,6.169,30,327,1379.64,0.584,375000,0
M0100429,C0100429,2025-01-14,182000,178000,4.026,30,341,871.63,0.571,312000,0
M0100430,C0100430,2023-05-26,266000,256000,6.449,30,321,1672.39,0.496,516000,0
M0100431,C0100431,2023-11-19,222000,215000,4.01,30,327,1061.14,0.581,370000,0
M0100432,C0100432,2022-07-30,181000,172000,3.988,30,311,862.87,0.652,264000,0
M0100433,C0100433,2020-08-02,369000,343000,7.209,30,287,2506.98,0.519,661000,0
M0100434,C0100434,2024-11-09,192000,184000,3.209,15,158,1345.3,0.639,288000,0
M0100435,C0100435,2020-07-26,435000,404000,6.938,30,287,2875.98,0.489,826000,0
M0100436,C0100436,2022-06-19,503000,478000,7.216,30,310,3419.75,0.601,795000,0
M0100437,C0100437,2019-09-28,213000,196000,5.874,30,277,1259.84,0.634,309000,0
M0100438,C0100438,2023-04-03,660000,634000,6.166,30,319,4027.75,0.735,863000,0
M0100439,C0100439,2025-02-09,401000,386000,3.768,15,161,2919.74,0.641,602000,0
M0100440,C0100440,2024-06-08,316000,308000,4.958,30,333,1688.25,0.595,518000,0
M0100441,C0100441,2025-09-07,135000,133000,5.894,30,348,800.22,0.751,177000,0
M0100442,C0100442,2020-07-02,139000,129000,5.862,30,286,821.08,0.467,276000,0
M0100443,C0100443,2022-04-22,720000,646000,5.989,15,128,6071.49,0.526,1227000,0
M0100444,C0100444,2020-05-29,634000,588000,5.862,30,285,3745.08,0.508,1157000,0
M0100445,C0100445,2022-01-29,729000,650000,5.523,15,125,5965.44,0.681,954000,0
M0100446,C0100446,2020-02-05,830000,766000,4.156,30,281,4037.56,0.594,1290000,0
M0100447,C0100447,2024-04-12,652000,634000,5.887,30,332,3861.83,0.631,1004000,1
M0100448,C0100448,2023-09-16,369000,356000,4.249,30,325,1815.04,0.55,647000,0
M0100449,C0100449,2020-12-01,434000,405000,5.099,30,291,2356.14,0.582,696000,1
M0100450,C0100450,2020-10-07,233000,217000,7.031,30,289,1555.01,0.648,335000,0
M0100451,C0100451,2019-12-19,369000,340000,3.779,30,280,1714.97,0.509,668000,0
M0100452,C0100452,2020-05-18,476000,441000,5.363,30,285,2661.9,0.523,843000,0
M0100453,C0100453,2023-09-16,480000,447000,6.455,15,145,4169.45,0.598,747000,0
M0100454,C0100454,2021-08-24,308000,290000,6.203,30,300,1887.0,0.494,587000,0
M0100455,C0100455,2020-01-10,119000,110000,5.836,30,280,700.97,0.683,161000,0
M0100456,C0100456,2024-02-09,154000,145000,4.755,15,149,1198.26,0.575,252000,0
M0100457,C0100457,2025-01-26,416000,400000,6.942,15,161,3725.65,0.51,785000,0
M0100458,C0100458,2022-09-05,255000,243000,4.154,30,312,1240.16,0.535,454000,0
M0100459,C0100459,2022-11-05,457000,436000,6.262,30,314,2817.4,0.58,752000,0
M0100460,C0100460,2021-07-14,178000,167000,5.668,30,299,1029.51,0.711,235000,0
M0100461,C0100461,2024-07-07,647000,631000,4.635,30,334,3330.36,0.764,826000,0
M0100462,C0100462,2023-01-03,205000,196000,5.072,30,316,1109.52,0.546,359000,0
M0100463,C0100463,2022-03-12,686000,650000,7.492,30,306,4792.85,0.6,1083000,0
M0100464,C0100464,2022-03-15,151000,143000,4.222,30,307,740.36,0.606,236000,0
M0100465,C0100465,2025-04-09,443000,436000,3.564,30,343,2005.13,0.637,684000,0
M0100466,C0100466,2025-01-31,206000,202000,4.798,30,341,1080.56,0.711,284000,0
M0100467,C0100467,2022-09-03,326000,311000,5.954,30,312,1944.9,0.571,545000,0
M0100468,C0100468,2023-06-23,561000,540000,7.066,30,322,3757.25,0.627,861000,0
M0100469,C0100469,2024-08-28,514000,502000,5.528,30,336,2927.47,0.748,671000,0
M0100470,C0100470,2020-11-13,217000,188000,3.709,15,111,1573.66,0.445,422000,1
M0100471,C0100471,2023-03-12,241000,231000,5.605,30,318,1384.29,0.589,392000,0
M0100472,C0100472,2022-03-23,149000,141000,6.442,30,307,936.11,0.659,214000,0
M0100473,C0100473,2021-07-28,134000,126000,5.853,30,299,790.78,0.529,238000,0
M0100474,C0100474,2021-05-08,216000,203000,6.043,30,296,1301.01,0.498,408000,0
M0100475,C0100475,2023-09-12,214000,199000,3.441,15,145,1523.66,0.63,316000,0
M0100476,C0100476,2025-07-20,154000,152000,4.024,30,347,737.35,0.507,300000,0
M0100477,C0100477,2022-06-16,296000,281000,5.353,30,310,1653.46,0.561,501000,0
M0100478,C0100478,2024-04-05,322000,313000,6.747,30,331,2087.84,0.673,465000,0
M0100479,C0100479,2019-11-15,326000,300000,4.632,30,279,1677.46,0.518,579000,0
M0100480,C0100480,2020-05-01,220000,204000,5.725,30,284,1280.37,0.541,377000,0
M0100481,C0100481,2020-06-13,245000,227000,5.683,30,286,1419.34,0.477,476000,0
M0100482,C0100482,2021-01-02,280000,261000,4.353,30,292,1394.37,0.487,536000,0
M0100483,C0100483,2019-09-20,493000,453000,4.69,30,277,2553.92,0.54,839000,0
M0100484,C0100484,2019-12-19,234000,216000,5.472,30,280,1324.52,0.535,404000,0
M0100485,C0100485,2024-08-20,142000,135000,5.098,15,156,1130.19,0.675,200000,1
M0100486,C0100486,2022-01-05,279000,264000,6.403,30,304,1745.71,0.523,505000,0
M0100487,C0100487,2022-09-25,264000,252000,5.037,30,313,1423.18,0.512,492000,0
M0100488,C0100488,2025-07-04,146000,144000,6.476,30,346,920.52,0.495,291000,0
M0100489,C0100489,2020-12-29,268000,250000,5.102,30,292,1455.43,0.66,379000,0
M0100490,C0100490,2025-01-15,211000,203000,5.526,15,161,1726.96,0.577,352000,0
M0100491,C0100491,2020-02-16,315000,291000,6.38,30,282,1966.22,0.467,623000,0
M0100492,C0100492,2021-07-11,404000,380000,5.382,30,298,2264.05,0.526,723000,0
M0100493,C0100493,2024-04-02,251000,244000,5.031,30,331,1352.18,0.649,376000,0
M0100494,C0100494,2025-06-24,423000,417000,5.424,30,346,2381.62,0.768,543000,0
M0100495,C0100495,2019-10-10,281000,258000,6.483,30,277,1772.97,0.463,557000,0
M0100496,C0100496,2020-11-06,287000,267000,5.865,30,290,1695.88,0.537,497000,0
M0100497,C0100497,2023-01-19,281000,257000,3.141,15,137,1959.65,0.49,524000,0
M0100498,C0100498,2020-11-15,297000,277000,4.706,30,291,1541.43,0.712,389000,0
M0100499,C0100499,2021-01-25,165000,154000,4.715,30,293,857.24,0.554,278000,0
M0100500,C0100500,2022-01-11,131000,124000,6.142,30,305,797.41,0.488,254000,0
M0100501,C0100501,2022-08-03,573000,546000,3.392,30,311,2538.61,0.553,987000,0
M0100502,C0100502,2025-06-08,364000,359000,5.808,30,345,2137.64,0.642,559000,0
M0100503,C0100503,2023-11-30,250000,242000,6.2,30,327,1531.17,0.656,369000,1
M0100504,C0100504,2023-11-02,558000,539000,6.2,30,326,3417.58,0.729,739000,0
M0100505,C0100505,2025-01-16,1373000,1347000,5.407,30,341,7715.82,0.783,1720000,0
M0100506,C0100506,2021-06-11,155000,146000,3.723,30,297,715.46,0.624,234000,0
M0100507,C0100507,2024-09-22,321000,314000,5.217,30,337,1766.02,0.584,538000,0
M0100508,C0100508,2024-02-22,458000,444000,7.121,30,330,3084.39,0.503,882000,0
M0100509,C0100509,2021-10-25,145000,128000,4.845,15,122,1134.98,0.444,288000,0
M0100510,C0100510,2022-08-01,153000,146000,7.899,30,311,1111.91,0.719,203000,0
M0100511,C0100511,2022-05-18,528000,501000,6.392,30,309,3299.91,0.648,773000,0
M0100512,C0100512,2020-07-29,319000,296000,5.343,30,287,1779.95,0.729,406000,0
M0100513,C0100513,2023-02-07,232000,213000,5.748,15,137,1926.3,0.609,350000,0
M0100514,C0100514,2021-12-28,144000,136000,5.912,30,304,855.22,0.542,251000,0
M0100515,C0100515,2021-12-10,386000,365000,4.865,30,303,2040.4,0.605,603000,0
M0100516,C0100516,2024-12-11,163000,160000,5.045,30,340,879.51,0.528,303000,0
M0100517,C0100517,2022-08-27,197000,188000,7.694,30,312,1403.72,0.734,256000,0
M0100518,C0100518,2022-05-29,203000,193000,7.141,30,309,1369.84,0.55,351000,0
M0100519,C0100519,2024-11-06,277000,271000,5.084,30,338,1501.25,0.489,554000,0
M0100520,C0100520,2024-12-06,189000,185000,4.643,30,339,973.76,0.703,263000,0
M0100521,C0100521,2024-02-17,204000,198000,3.748,30,330,944.52,0.491,403000,0
M0100522,C0100522,2023-02-23,526000,504000,7.872,30,318,3812.77,0.524,961000,0
M0100523,C0100523,2023-02-09,356000,341000,6.627,30,317,2279.98,0.642,531000,0
M0100524,C0100524,2024-04-29,330000,321000,6.871,30,332,2166.98,0.621,517000,0
M0100525,C0100525,2023-04-24,408000,392000,4.902,30,320,2165.86,0.722,543000,0
M0100526,C0100526,2023-12-13,193000,187000,4.83,30,328,1016.11,0.55,340000,0
M0100527,C0100527,2020-04-14,393000,364000,4.486,30,284,1988.01,0.554,657000,0
M0100528,C0100528,2021-10-06,406000,383000,2.8,30,301,1668.23,0.68,563000,0
M0100529,C0100529,2020-01-19,196000,181000,4.538,30,281,997.53,0.562,322000,0
M0100530,C0100530,2021-10-21,442000,417000,5.852,30,302,2608.1,0.479,870000,0
M0100531,C0100531,2022-06-30,369000,351000,5.773,30,310,2158.78,0.481,729000,0
M0100532,C0100532,2022-10-04,374000,357000,4.822,30,313,1967.22,0.517,690000,0
M0100533,C0100533,2024-02-08,754000,731000,6.22,30,329,4627.81,0.715,1023000,0
M0100534,C0100534,2024-08-17,348000,340000,4.758,30,336,1817.01,0.642,530000,0
M0100535,C0100535,2020-11-27,207000,193000,6.344,30,291,1287.22,0.547,353000,0
M0100536,C0100536,2023-05-12,350000,336000,6.33,30,320,2173.25,0.696,483000,0
M0100537,C0100537,2024-08-09,330000,322000,6.401,30,335,2064.39,0.512,629000,0
M0100538,C0100538,2023-03-13,188000,180000,5.581,30,319,1077.02,0.542,332000,0
M0100539,C0100539,2022-09-30,119000,114000,4.602,30,313,610.19,0.659,173000,0
M0100540,C0100540,2021-09-03,317000,298000,4.188,30,300,1547.97,0.493,604000,0
M0100541,C0100541,2019-09-26,525000,440000,3.114,15,97,3654.41,0.474,928000,0
M0100542,C0100542,2019-11-08,528000,486000,6.333,30,278,3279.54,0.493,985000,1
M0100543,C0100543,2020-06-14,377000,322000,3.646,15,106,2722.22,0.493,653000,0
M0100544,C0100544,2020-09-26,719000,669000,5.351,30,289,4015.44,0.472,1416000,0
M0100545,C0100545,2020-02-15,358000,331000,5.74,30,282,2086.92,0.488,678000,0
M0100546,C0100546,2021-05-28,297000,279000,4.324,30,297,1473.96,0.479,582000,0
M0100547,C0100547,2025-02-09,363000,356000,5.364,30,341,2030.21,0.504,706000,0
M0100548,C0100548,2024-04-06,227000,221000,5.851,30,331,1339.31,0.568,389000,0
M0100549,C0100549,2022-12-04,174000,166000,5.199,30,315,955.35,0.505,329000,0
M0100550,C0100550,2020-12-27,201000,174000,6.006,15,112,1696.8,0.567,307000,0
M0100551,C0100551,2021-01-31,258000,241000,5.011,30,293,1386.73,0.705,342000,0
M0100552,C0100552,2020-06-07,505000,468000,5.194,30,285,2771.14,0.574,816000,0
M0100553,C0100553,2024-10-05,159000,155000,4.522,30,337,807.71,0.724,214000,0
M0100554,C0100554,2022-02-11,201000,190000,5.351,30,306,1122.54,0.674,282000,0
M0100555,C0100555,2021-01-31,490000,458000,5.507,30,293,2784.32,0.553,828000,0
M0100556,C0100556,2023-05-03,274000,263000,4.484,30,320,1385.71,0.666,395000,1
M0100557,C0100557,2023-08-25,297000,286000,5.972,30,324,1775.32,0.763,375000,0
M0100558,C0100558,2021-09-25,272000,256000,2.8,30,301,1117.63,0.64,400000,0
M0100559,C0100559,2020-05-18,861000,798000,6.69,30,285,5550.13,0.555,1437000,0
M0100560,C0100560,2022-12-20,434000,415000,3.941,30,316,2057.25,0.591,702000,0
M0100561,C0100561,2023-03-12,372000,357000,6.644,30,318,2386.63,0.646,553000,0
M0100562,C0100562,2025-03-28,362000,356000,6.183,30,343,2213.15,0.55,647000,0
M0100563,C0100563,2024-03-12,402000,379000,6.614,15,151,3527.09,0.653,580000,0
M0100564,C0100564,2025-03-21,826000,812000,4.261,30,343,4068.74,0.55,1477000,0
M0100565,C0100565,2020-03-14,272000,231000,5.276,15,103,2190.27,0.605,382000,0
M0100566,C0100566,2020-08-21,357000,332000,5.823,30,288,2099.94,0.712,466000,0
M0100567,C0100567,2021-06-03,333000,313000,5.971,30,297,1990.3,0.617,507000,0
M0100568,C0100568,2024-05-29,515000,488000,6.424,15,153,4464.71,0.5,976000,0
M0100569,C0100569,2022-12-03,769000,735000,6.216,30,315,4717.87,0.53,1387000,0
M0100570,C0100570,2025-08-16,244000,241000,6.023,30,348,1466.51,0.555,434000,0
M0100571,C0100571,2019-12-08,411000,379000,6.04,30,279,2474.73,0.704,538000,0
M0100572,C0100572,2025-05-18,358000,347000,6.252,15,165,3069.96,0.7,496000,0
M0100573,C0100573,2022-01-31,163000,154000,5.522,30,305,927.75,0.542,284000,0
M0100574,C0100574,2022-09-21,532000,507000,6.76,30,313,3454.08,0.541,938000,0
M0100575,C0100575,2022-03-06,716000,678000,5.415,30,306,4027.27,0.608,1116000,0
M0100576,C0100576,2025-03-14,494000,485000,3.64,30,343,2257.07,0.507,957000,0
M0100577,C0100577,2023-07-13,239000,230000,6.87,30,323,1569.26,0.486,473000,0
M0100578,C0100578,2020-09-24,166000,154000,6.015,30,289,996.86,0.678,227000,0
M0100579,C0100579,2020-09-09,452000,389000,5.336,15,108,3654.0,0.607,641000,0
M0100580,C0100580,2023-04-12,191000,176000,5.625,15,140,1573.33,0.464,379000,0
M0100581,C0100581,2022-03-10,201000,190000,7.158,30,306,1358.65,0.511,372000,0
M0100582,C0100582,2020-11-23,364000,339000,5.61,30,291,2091.94,0.653,519000,0
M0100583,C0100583,2021-12-20,474000,448000,7.171,30,304,3208.16,0.491,912000,0
M0100584,C0100584,2023-03-11,277000,266000,6.019,30,318,1664.14,0.555,479000,0
M0100585,C0100585,2020-01-31,296000,273000,5.101,30,281,1607.31,0.554,493000,0
M0100586,C0100586,2019-09-26,310000,285000,4.059,30,277,1490.55,0.508,561000,0
M0100587,C0100587,2024-01-29,207000,201000,5.601,30,329,1188.47,0.686,293000,0
M0100588,C0100588,2025-05-28,271000,267000,6.946,30,345,1793.15,0.633,422000,0
M0100589,C0100589,2020-12-14,146000,136000,4.875,30,292,772.64,0.594,229000,0
M0100590,C0100590,2025-01-20,473000,464000,5.903,30,341,2806.44,0.634,732000,0
M0100591,C0100591,2020-11-01,1321000,1140000,7.189,15,110,12013.54,0.653,1745000,0
M0100592,C0100592,2021-01-08,338000,316000,3.55,30,292,1527.22,0.598,528000,0
M0100593,C0100593,2025-04-26,595000,576000,5.937,15,164,5000.72,0.711,810000,0
M0100594,C0100594,2022-05-30,288000,274000,6.109,30,309,1746.94,0.554,495000,0
M0100595,C0100595,2021-05-14,167000,157000,5.892,30,297,989.68,0.488,322000,0
M0100596,C0100596,2025-03-18,1010000,993000,3.626,30,343,4606.69,0.544,1825000,0
M0100597,C0100597,2020-09-19,215000,200000,4.665,30,289,1110.55,0.588,340000,0
M0100598,C0100598,2025-01-16,526000,506000,3.206,15,161,3684.8,0.6,844000,0
M0100599,C0100599,2022-06-25,365000,347000,4.051,30,310,1753.31,0.557,623000,0
M0100600,C0100600,2025-07-29,593000,585000,6.428,30,347,3720.13,0.503,1163000,0
M0100601,C0100601,2025-01-11,317000,311000,5.137,30,341,1728.37,0.499,623000,0
M0100602,C0100602,2021-04-18,183000,171000,6.401,30,296,1144.8,0.525,326000,0
M0100603,C0100603,2025-03-23,235000,231000,6.341,30,343,1460.87,0.623,371000,1
M0100604,C0100604,2020-04-22,1062000,904000,4.264,15,104,7996.72,0.601,1503000,0
M0100605,C0100605,2025-07-22,385000,380000,5.686,30,347,2231.13,0.717,530000,0
M0100606,C0100606,2021-12-08,974000,920000,3.755,30,303,4513.51,0.752,1223000,0
M0100607,C0100607,2023-07-03,273000,263000,5.802,30,322,1602.18,0.632,416000,0
M0100608,C0100608,2022-01-24,468000,443000,5.966,30,305,2795.67,0.731,606000,0
M0100609,C0100609,2021-12-21,172000,153000,5.25,15,124,1382.67,0.502,305000,0
M0100610,C0100610,2021-11-02,333000,314000,3.65,30,302,1523.34,0.693,453000,0
M0100611,C0100611,2022-04-12,996000,893000,3.864,15,128,7299.6,0.482,1851000,0
M0100612,C0100612,2019-12-20,221000,204000,8.0,30,280,1621.62,0.626,326000,0
M0100613,C0100613,2022-08-22,232000,221000,6.184,30,312,1418.52,0.503,439000,0
M0100614,C0100614,2020-08-02,496000,461000,5.193,30,287,2721.45,0.736,626000,0
M0100615,C0100615,2023-03-13,347000,333000,6.556,30,319,2206.07,0.722,461000,0
M0100616,C0100616,2022-01-13,846000,800000,7.119,30,305,5696.23,0.514,1556000,0
M0100617,C0100617,2021-08-12,291000,256000,6.832,15,120,2588.33,0.509,503000,0
M0100618,C0100618,2023-05-18,339000,326000,5.287,30,321,1879.75,0.71,459000,0
M0100619,C0100619,2020-05-26,384000,356000,5.133,30,285,2092.72,0.482,739000,0
M0100620,C0100620,2024-01-27,191000,185000,6.375,30,329,1191.59,0.552,335000,0
M0100621,C0100621,2020-09-28,171000,159000,5.241,30,289,943.32,0.572,278000,0
M0100622,C0100622,2024-07-23,164000,160000,6.819,30,335,1071.23,0.544,294000,0
M0100623,C0100623,2021-05-30,80000,75000,5.623,30,297,460.42,0.543,138000,0
M0100624,C0100624,2020-09-15,314000,292000,6.373,30,289,1958.54,0.743,393000,0
M0100625,C0100625,2023-12-11,171000,166000,6.644,30,327,1097.08,0.505,329000,0
M0100626,C0100626,2024-02-29,250000,243000,4.071,30,330,1203.79,0.518,469000,0
M0100627,C0100627,2020-01-22,546000,504000,5.66,30,281,3155.16,0.548,919000,0
M0100628,C0100628,2021-11-23,204000,193000,6.763,30,303,1324.9,0.576,335000,0
M0100629,C0100629,2020-07-13,463000,430000,4.613,30,287,2377.14,0.501,858000,0
M0100630,C0100630,2020-01-05,149000,137000,4.897,30,280,790.51,0.678,202000,0
M0100631,C0100631,2020-01-06,233000,215000,6.822,30,280,1522.4,0.471,456000,0
M0100632,C0100632,2020-10-12,783000,729000,7.181,30,290,5304.84,0.477,1528000,0
M0100633,C0100633,2021-12-26,265000,250000,2.8,30,304,1088.87,0.6,417000,0
M0100634,C0100634,2020-01-06,624000,575000,6.819,30,280,4075.91,0.543,1059000,0
M0100635,C0100635,2023-09-13,1064000,990000,2.943,15,145,7318.66,0.533,1858000,0
M0100636,C0100636,2022-06-06,266000,253000,5.431,30,309,1498.82,0.516,490000,0
M0100637,C0100637,2022-12-26,235000,215000,3.976,15,136,1735.44,0.489,440000,0
M0100638,C0100638,2023-08-28,111000,103000,4.898,15,144,871.89,0.52,198000,0
M0100639,C0100639,2023-09-26,379000,366000,5.615,30,325,2179.35,0.518,706000,0
M0100640,C0100640,2019-11-13,396000,364000,6.084,30,279,2395.65,0.63,578000,0
M0100641,C0100641,2023-08-05,482000,465000,7.072,30,323,3230.1,0.596,780000,0
M0100642,C0100642,2025-01-22,657000,644000,4.02,30,341,3144.2,0.512,1258000,0
M0100643,C0100643,2023-02-22,196000,188000,6.772,30,318,1274.12,0.542,347000,0
M0100644,C0100644,2023-06-14,835000,803000,5.194,30,322,4581.98,0.528,1522000,0
M0100645,C0100645,2020-02-03,285000,263000,5.218,30,281,1568.14,0.581,453000,0
M0100646,C0100646,2021-01-07,393000,341000,7.37,15,112,3614.19,0.528,646000,0
M0100647,C0100647,2022-09-18,317000,302000,6.427,30,313,1988.46,0.704,429000,0
M0100648,C0100648,2020-09-23,223000,207000,3.649,30,289,1020.01,0.534,388000,0
M0100649,C0100649,2023-04-10,180000,173000,5.414,30,319,1012.33,0.565,306000,0
M0100650,C0100650,2024-05-11,364000,354000,4.678,30,332,1883.03,0.49,722000,0
M0100651,C0100651,2021-11-11,202000,191000,5.022,30,303,1087.1,0.582,328000,0
M0100652,C0100652,2021-12-20,294000,278000,5.355,30,304,1642.65,0.588,473000,0
M0100653,C0100653,2023-12-24,267000,259000,6.01,30,328,1602.52,0.591,438000,0
M0100654,C0100654,2024-09-02,273000,267000,4.119,30,336,1322.14,0.514,519000,0
M0100655,C0100655,2025-08-23,133000,131000,5.256,30,348,734.93,0.587,223000,0
M0100656,C0100656,2023-05-23,80000,77000,5.066,30,321,432.69,0.602,128000,0
M0100657,C0100657,2021-04-27,499000,468000,5.923,30,296,2967.1,0.64,731000,0
M0100658,C0100658,2020-11-15,575000,536000,5.442,30,291,3243.89,0.466,1150000,0
M0100659,C0100659,2023-09-14,91000,88000,6.532,30,325,577.1,0.547,161000,0
M0100660,C0100660,2021-09-21,404000,381000,5.784,30,301,2366.37,0.706,540000,0
M0100661,C0100661,2024-04-09,365000,355000,6.164,30,331,2226.99,0.723,491000,0
M0100662,C0100662,2024-07-28,169000,165000,5.756,30,335,986.88,0.585,282000,0
M0100663,C0100663,2022-06-28,513000,488000,4.235,30,310,2519.15,0.546,894000,0
M0100664,C0100664,2023-10-30,579000,560000,5.088,30,326,3139.41,0.647,865000,0
M0100665,C0100665,2024-09-24,557000,544000,4.764,30,337,2910.28,0.775,702000,0
M0100666,C0100666,2024-04-04,784000,762000,6.335,30,331,4870.65,0.565,1349000,0
M0100667,C0100667,2024-01-12,540000,523000,6.437,30,329,3390.82,0.715,731000,0
M0100668,C0100668,2023-10-24,216000,209000,5.41,30,326,1214.26,0.585,357000,0
M0100669,C0100669,2022-08-17,331000,315000,5.66,30,312,1912.74,0.493,639000,0
M0100670,C0100670,2020-06-20,397000,339000,3.763,15,106,2889.63,0.528,642000,0
M0100671,C0100671,2019-11-09,700000,644000,5.071,30,278,3788.18,0.672,959000,0
M0100672,C0100672,2022-04-02,289000,274000,2.8,30,307,1187.48,0.574,477000,0
M0100673,C0100673,2024-03-26,239000,232000,6.39,30,331,1493.39,0.732,317000,0
M0100674,C0100674,2024-07-12,143000,139000,7.952,30,335,1044.5,0.525,265000,0
M0100675,C0100675,2022-11-24,507000,485000,4.913,30,315,2694.79,0.582,834000,0
M0100676,C0100676,2021-08-26,364000,321000,5.752,15,120,3023.08,0.573,560000,0
M0100677,C0100677,2022-07-13,213000,203000,5.959,30,311,1271.43,0.573,354000,0
M0100678,C0100678,2024-11-26,482000,472000,4.25,30,339,2371.15,0.701,673000,0
M0100679,C0100679,2021-06-03,276000,259000,5.355,30,297,1542.08,0.635,408000,0
M0100680,C0100680,2023-10-31,169000,163000,6.015,30,326,1014.87,0.639,255000,0
M0100681,C0100681,2022-07-26,638000,607000,5.686,30,311,3697.3,0.553,1098000,0
M0100682,C0100682,2020-07-18,117000,109000,5.566,30,287,669.17,0.551,198000,0
M0100683,C0100683,2021-04-19,352000,330000,5.174,30,296,1927.22,0.699,472000,0
M0100684,C0100684,2022-07-16,310000,295000,4.602,30,311,1589.57,0.497,594000,0
M0100685,C0100685,2020-07-07,144000,134000,6.244,30,286,886.07,0.647,207000,1
M0100686,C0100686,2024-06-28,386000,376000,7.436,30,334,2682.07,0.512,734000,0
M0100687,C0100687,2024-01-01,232000,225000,3.294,30,328,1015.29,0.643,350000,0
M0100688,C0100688,2024-02-01,761000,738000,3.131,30,329,3262.42,0.593,1245000,0
M0100689,C0100689,2020-09-07,541000,465000,4.164,15,108,4046.32,0.536,868000,0
M0100690,C0100690,2020-09-01,366000,340000,5.015,30,288,1968.12,0.531,640000,0
M0100691,C0100691,2024-02-14,94000,91000,5.211,30,330,516.8,0.669,136000,0
M0100692,C0100692,2024-07-19,248000,242000,5.64,30,335,1429.98,0.56,432000,0
M0100693,C0100693,2020-11-04,239000,206000,5.58,15,110,1962.99,0.548,376000,0
M0100694,C0100694,2022-12-30,600000,574000,5.347,30,316,3349.36,0.531,1081000,0
M0100695,C0100695,2021-11-17,358000,338000,6.899,30,303,2357.55,0.566,597000,0
M0100696,C0100696,2024-07-06,384000,374000,4.482,30,334,1941.57,0.53,706000,0
M0100697,C0100697,2022-04-15,545000,517000,6.498,30,308,3444.05,0.496,1043000,0
M0100698,C0100698,2021-08-04,741000,697000,7.684,30,299,5274.86,0.601,1159000,0
M0100699,C0100699,2022-11-30,680000,650000,3.882,30,315,3200.34,0.684,950000,0
M0100700,C0100700,2020-10-11,431000,401000,3.355,30,290,1900.67,0.714,562000,0
M0100701,C0100701,2022-06-05,286000,272000,5.704,30,309,1660.67,0.63,432000,0
M0100702,C0100702,2022-06-21,407000,387000,6.212,30,310,2495.92,0.565,685000,0
M0100703,C0100703,2024-04-16,322000,313000,5.54,30,332,1836.37,0.547,572000,0
M0100704,C0100704,2021-09-10,486000,458000,3.162,30,300,2091.7,0.544,842000,0
M0100705,C0100705,2022-09-17,247000,236000,3.645,30,313,1129.23,0.69,342000,0
M0100706,C0100706,2021-10-21,515000,486000,4.941,30,302,2746.09,0.583,833000,0
M0100707,C0100707,2022-01-18,335000,317000,5.957,30,305,1999.24,0.518,612000,0
M0100708,C0100708,2023-06-28,398000,368000,5.11,15,142,3170.21,0.503,732000,0
M0100709,C0100709,2023-05-30,180000,173000,5.735,30,321,1048.72,0.565,306000,0
M0100710,C0100710,2023-10-29,286000,267000,5.704,15,146,2367.93,0.692,386000,0
M0100711,C0100711,2023-05-29,410000,394000,6.524,30,321,2597.95,0.608,648000,0
M0100712,C0100712,2020-08-17,299000,257000,4.223,15,108,2245.23,0.687,374000,0
M0100713,C0100713,2023-08-13,101000,97000,5.597,30,324,579.63,0.545,178000,0
M0100714,C0100714,2024-12-18,177000,170000,7.083,15,160,1599.15,0.625,272000,0
M0100715,C0100715,2020-10-16,389000,362000,4.631,30,290,2001.4,0.665,544000,0
M0100716,C0100716,2024-05-22,695000,676000,4.81,30,333,3650.63,0.685,987000,0
M0100717,C0100717,2023-05-24,292000,281000,5.595,30,321,1675.39,0.766,367000,0
M0100718,C0100718,2024-06-25,257000,250000,4.337,30,334,1277.41,0.518,483000,0
M0100719,C0100719,2022-03-21,555000,526000,4.219,30,307,2720.2,0.756,696000,0
M0100720,C0100720,2024-02-06,330000,320000,5.118,30,329,1795.39,0.64,500000,1
M0100721,C0100721,2019-11-13,475000,399000,5.232,15,99,3813.93,0.487,820000,0
M0100722,C0100722,2023-02-19,283000,271000,6.327,30,318,1756.68,0.514,527000,0
M0100723,C0100723,2025-07-08,268000,264000,4.514,30,346,1360.15,0.501,527000,0
M0100724,C0100724,2022-05-20,494000,469000,5.534,30,309,2815.42,0.65,721000,0
M0100725,C0100725,2024-05-18,459000,447000,6.858,30,333,3010.09,0.779,574000,0
M0100726,C0100726,2023-08-06,279000,269000,6.792,30,323,1817.38,0.534,504000,0
M0100727,C0100727,2020-02-24,187000,173000,5.379,30,282,1047.61,0.567,305000,0
M0100728,C0100728,2024-08-14,142000,135000,5.708,15,156,1175.99,0.608,222000,0
M0100729,C0100729,2021-05-26,152000,143000,4.504,30,297,770.52,0.528,271000,0
M0100730,C0100730,2021-07-25,239000,225000,5.818,30,299,1405.08,0.472,477000,0
M0100731,C0100731,2023-06-10,384000,369000,7.183,30,321,2602.13,0.677,545000,0
M0100732,C0100732,2023-01-15,143000,137000,6.929,30,317,944.57,0.557,246000,0
M0100733,C0100733,2025-02-27,147000,144000,5.476,30,342,832.44,0.578,249000,0
M0100734,C0100734,2022-10-31,396000,378000,5.88,30,314,2343.76,0.558,678000,0
M0100735,C0100735,2022-08-13,718000,684000,4.691,30,312,3719.94,0.578,1183000,0
M0100736,C0100736,2022-02-09,565000,535000,4.477,30,305,2855.06,0.478,1119000,0
M0100737,C0100737,2020-12-30,131000,122000,5.099,30,292,711.18,0.646,189000,0
M0100738,C0100738,2020-02-15,399000,368000,5.798,30,282,2340.64,0.484,760000,0
M0100739,C0100739,2023-02-28,529000,507000,6.294,30,318,3272.3,0.549,923000,0
M0100740,C0100740,2020-05-27,256000,237000,5.413,30,285,1439.6,0.48,494000,0
M0100741,C0100741,2020-08-20,291000,250000,5.984,15,108,2453.11,0.465,538000,0
M0100742,C0100742,2023-11-09,387000,361000,2.8,15,146,2635.48,0.535,675000,0
M0100743,C0100743,2023-12-15,418000,405000,5.687,30,328,2422.63,0.754,537000,0
M0100744,C0100744,2022-06-25,396000,377000,4.818,30,310,2081.99,0.559,675000,0
M0100745,C0100745,2022-09-23,471000,427000,4.124,15,133,3513.27,0.64,667000,0
M0100746,C0100746,2023-06-19,365000,351000,5.999,30,322,2188.12,0.639,549000,0
M0100747,C0100747,2025-02-26,240000,236000,7.092,30,342,1611.58,0.634,372000,0
M0100748,C0100748,2020-12-07,262000,244000,5.485,30,291,1485.14,0.489,499000,0
M0100749,C0100749,2022-07-19,222000,211000,6.468,30,311,1398.52,0.487,433000,0
M0100750,C0100750,2024-08-22,260000,254000,5.041,30,336,1402.26,0.535,475000,0
M0100751,C0100751,2020-07-14,434000,403000,7.758,30,287,3111.63,0.681,592000,0
M0100752,C0100752,2020-02-24,223000,206000,3.766,30,282,1034.77,0.597,345000,0
M0100753,C0100753,2024-10-13,560000,548000,5.389,30,338,3140.73,0.781,702000,0
M0100754,C0100754,2022-07-18,200000,190000,6.327,30,311,1241.47,0.501,379000,0
M0100755,C0100755,2022-01-16,363000,343000,5.466,30,305,2053.34,0.699,491000,0
M0100756,C0100756,2024-04-12,498000,484000,7.014,30,332,3317.89,0.56,865000,0
M0100757,C0100757,2023-10-24,410000,396000,3.22,30,326,1777.6,0.586,676000,0
M0100758,C0100758,2023-05-21,130000,125000,5.378,30,321,728.21,0.668,187000,0
M0100759,C0100759,2023-07-31,350000,337000,5.226,30,323,1927.51,0.571,590000,0
M0100760,C0100760,2021-08-24,227000,214000,5.379,30,300,1271.7,0.639,335000,0
M0100761,C0100761,2025-08-24,169000,167000,3.759,30,348,783.53,0.665,251000,0
M0100762,C0100762,2021-10-18,366000,345000,5.18,30,302,2005.23,0.698,494000,0
M0100763,C0100763,2022-07-02,176000,167000,5.129,30,310,958.73,0.572,292000,0
M0100764,C0100764,2021-02-23,370000,346000,5.767,30,294,2163.22,0.487,711000,0
M0100765,C0100765,2019-10-16,679000,624000,6.708,30,278,4385.04,0.609,1025000,0
M0100766,C0100766,2023-02-09,381000,365000,5.623,30,317,2192.77,0.569,641000,0
M0100767,C0100767,2024-10-25,292000,286000,5.96,30,338,1743.19,0.64,447000,0
M0100768,C0100768,2023-01-30,302000,289000,6.883,30,317,1985.54,0.655,441000,0
M0100769,C0100769,2024-04-16,518000,489000,6.808,15,152,4600.5,0.583,839000,0
M0100770,C0100770,2022-08-24,281000,268000,2.877,30,312,1166.15,0.662,405000,0
M0100771,C0100771,2024-05-04,260000,253000,6.377,30,332,1622.4,0.55,460000,0
M0100772,C0100772,2025-08-19,206000,203000,6.37,30,348,1284.5,0.509,399000,0
M0100773,C0100773,2022-04-29,210000,199000,5.212,30,308,1154.69,0.607,328000,0
M0100774,C0100774,2023-10-08,512000,495000,4.996,30,325,2747.28,0.551,899000,0
M0100775,C0100775,2024-07-23,257000,251000,4.258,30,335,1265.49,0.68,369000,0
M0100776,C0100776,2025-09-06,433000,428000,3.365,30,348,1911.88,0.604,709000,0
M0100777,C0100777,2019-12-28,450000,415000,6.435,30,280,2825.1,0.544,763000,0
M0100778,C0100778,2020-09-01,203000,189000,6.342,30,288,1262.08,0.496,381000,0
M0100779,C0100779,2021-07-10,220000,193000,5.39,15,118,1784.77,0.496,389000,0
M0100780,C0100780,2023-06-22,437000,421000,6.281,30,322,2699.5,0.656,642000,0
M0100781,C0100781,2021-12-12,352000,333000,6.626,30,304,2254.13,0.515,646000,0
M0100782,C0100782,2022-06-23,300000,270000,3.525,15,130,2148.33,0.477,566000,0
M0100783,C0100783,2025-09-03,413000,403000,5.774,15,168,3434.9,0.587,686000,0
M0100784,C0100784,2020-03-23,544000,503000,5.233,30,283,2998.26,0.552,912000,0
M0100785,C0100785,2022-11-16,321000,292000,5.975,15,135,2704.45,0.517,565000,0
M0100786,C0100786,2022-11-29,247000,236000,5.705,30,315,1434.37,0.597,395000,0
M0100787,C0100787,2020-11-04,348000,324000,6.347,30,290,2164.7,0.554,585000,0
M0100788,C0100788,2021-06-05,219000,206000,3.759,30,297,1015.34,0.532,387000,0
M0100789,C0100789,2022-08-28,352000,335000,6.945,30,312,2328.88,0.654,512000,0
M0100790,C0100790,2020-08-04,328000,305000,4.924,30,287,1745.57,0.709,430000,0
M0100791,C0100791,2021-04-09,218000,204000,5.352,30,295,1217.61,0.63,324000,0
M0100792,C0100792,2022-03-31,268000,254000,3.564,30,307,1213.03,0.612,415000,0
M0100793,C0100793,2021-08-10,279000,246000,5.386,15,119,2262.82,0.459,536000,0
M0100794,C0100794,2024-09-18,473000,462000,5.48,30,337,2679.71,0.506,913000,0
M0100795,C0100795,2020-02-15,212000,179000,5.412,15,102,1722.33,0.493,363000,0
M0100796,C0100796,2020-05-29,219000,203000,4.69,30,285,1134.5,0.7,290000,0
M0100797,C0100797,2023-07-02,272000,262000,4.158,30,322,1323.47,0.712,368000,0
M0100798,C0100798,2025-06-17,435000,429000,6.205,30,346,2665.65,0.789,544000,0
M0100799,C0100799,2020-09-30,471000,406000,3.589,15,109,3387.72,0.544,746000,0
M0100800,C0100800,2022-09-02,374000,339000,6.385,15,132,3234.34,0.517,656000,0
M0100801,C0100801,2024-02-19,469000,455000,7.364,30,330,3235.75,0.496,917000,0
M0100802,C0100802,2019-09-21,586000,538000,7.938,30,277,4274.56,0.647,831000,0
M0100803,C0100803,2022-05-10,355000,337000,4.308,30,308,1758.46,0.702,480000,0
M0100804,C0100804,2024-06-20,220000,214000,6.15,30,334,1340.3,0.671,319000,0
M0100805,C0100805,2021-12-28,315000,280000,4.881,15,124,2471.52,0.536,522000,0
M0100806,C0100806,2021-02-18,166000,155000,6.847,30,294,1087.4,0.731,212000,0
M0100807,C0100807,2023-01-16,399000,382000,5.932,30,317,2374.79,0.511,747000,0
M0100808,C0100808,2021-08-03,256000,241000,5.179,30,299,1402.4,0.549,439000,0
M0100809,C0100809,2025-01-30,347000,340000,4.499,30,341,1757.99,0.537,633000,0
M0100810,C0100810,2024-01-17,314000,295000,5.093,15,149,2498.33,0.478,617000,0
M0100811,C0100811,2023-02-04,271000,260000,4.758,30,317,1414.97,0.534,487000,0
M0100812,C0100812,2025-01-05,367000,360000,5.473,30,340,2077.57,0.528,682000,0
M0100813,C0100813,2024-07-07,308000,300000,5.53,30,334,1754.59,0.56,536000,0
M0100814,C0100814,2022-06-19,239000,227000,4.89,30,310,1266.98,0.652,348000,0
M0100815,C0100815,2022-10-10,189000,180000,4.791,30,313,990.59,0.677,266000,0
M0100816,C0100816,2023-07-14,392000,378000,6.19,30,323,2398.34,0.486,778000,0
M0100817,C0100817,2025-07-28,179000,174000,6.271,15,167,1536.84,0.624,279000,1
M0100818,C0100818,2023-04-24,804000,772000,4.606,30,320,4124.54,0.589,1311000,0
M0100819,C0100819,2022-10-19,624000,596000,5.44,30,314,3519.55,0.68,876000,0
M0100820,C0100820,2019-10-14,148000,136000,4.549,30,278,754.21,0.687,198000,0
M0100821,C0100821,2023-06-08,449000,432000,8.0,30,321,3294.6,0.607,712000,0
M0100822,C0100822,2022-08-12,579000,551000,4.465,30,312,2921.68,0.552,999000,0
M0100823,C0100823,2025-08-13,244000,241000,5.779,30,348,1428.42,0.518,465000,0
M0100824,C0100824,2024-08-14,391000,382000,5.99,30,336,2341.73,0.653,585000,0
M0100825,C0100825,2021-12-18,308000,291000,4.768,30,304,1610.02,0.609,478000,0
M0100826,C0100826,2022-10-17,461000,419000,4.554,15,134,3539.36,0.478,877000,0
M0100827,C0100827,2023-10-27,262000,253000,5.193,30,326,1437.54,0.542,467000,0
M0100828,C0100828,2023-04-29,544000,523000,4.548,30,320,2771.9,0.657,796000,0
M0100829,C0100829,2022-03-16,305000,289000,5.707,30,307,1771.57,0.489,591000,0
M0100830,C0100830,2023-02-12,280000,268000,4.565,30,318,1429.55,0.744,360000,0
M0100831,C0100831,2020-05-20,453000,420000,5.661,30,285,2618.03,0.535,785000,0
M0100832,C0100832,2024-05-20,514000,500000,3.229,30,333,2231.04,0.492,1017000,0
M0100833,C0100833,2020-07-06,102000,95000,4.612,30,286,523.63,0.72,132000,0
M0100834,C0100834,2020-02-29,80000,74000,5.038,30,282,431.32,0.556,133000,0
M0100835,C0100835,2022-09-05,389000,353000,6.601,15,132,3410.24,0.594,594000,0
M0100836,C0100836,2024-08-28,235000,229000,3.467,30,336,1050.93,0.626,366000,0
M0100837,C0100837,2022-11-14,169000,161000,6.617,30,315,1081.23,0.668,241000,0
M0100838,C0100838,2020-04-08,272000,252000,6.226,30,283,1670.51,0.48,525000,0
M0100839,C0100839,2022-07-02,1405000,1336000,3.536,30,310,6337.35,0.694,1924000,0
M0100840,C0100840,2021-12-07,169000,150000,6.092,15,123,1434.53,0.676,222000,0
M0100841,C0100841,2023-05-11,510000,490000,4.477,30,320,2577.13,0.725,676000,0
M0100842,C0100842,2022-03-17,224000,212000,6.128,30,307,1361.48,0.739,287000,0
M0100843,C0100843,2023-12-05,159000,149000,6.194,15,147,1358.45,0.558,267000,0
M0100844,C0100844,2024-02-12,241000,234000,6.372,30,330,1503.05,0.674,347000,0
M0100845,C0100845,2024-10-01,161000,157000,4.871,30,337,851.63,0.506,310000,0
M0100846,C0100846,2021-07-04,150000,141000,6.25,30,298,923.58,0.513,275000,0
M0100847,C0100847,2020-03-17,228000,211000,7.194,30,283,1546.71,0.542,389000,0
M0100848,C0100848,2023-07-20,190000,183000,5.18,30,323,1040.96,0.663,276000,0
M0100849,C0100849,2025-04-30,305000,300000,5.319,30,344,1697.28,0.499,601000,0
M0100850,C0100850,2023-04-12,357000,343000,6.281,30,320,2205.31,0.699,491000,0
M0100851,C0100851,2023-08-18,221000,213000,2.8,30,324,908.08,0.494,431000,0
M0100852,C0100852,2021-12-21,449000,424000,4.42,30,304,2253.72,0.632,671000,0
M0100853,C0100853,2024-09-12,235000,230000,6.608,30,337,1502.09,0.55,418000,0
M0100854,C0100854,2020-12-30,304000,284000,5.669,30,292,1758.45,0.526,540000,0
M0100855,C0100855,2025-05-02,111000,109000,5.263,30,344,613.84,0.596,183000,0
M0100856,C0100856,2023-05-24,341000,315000,4.464,15,141,2602.36,0.615,512000,0
M0100857,C0100857,2024-08-29,1011000,963000,5.529,15,156,8276.28,0.66,1458000,0
M0100858,C0100858,2020-06-18,488000,453000,4.916,30,286,2594.69,0.589,769000,0
M0100859,C0100859,2022-12-18,301000,288000,3.578,30,316,1364.76,0.496,581000,0
M0100860,C0100860,2020-03-26,184000,156000,6.933,15,103,1646.96,0.569,274000,0
M0100861,C0100861,2022-05-06,741000,703000,4.736,30,308,3859.16,0.555,1267000,0
M0100862,C0100862,2021-02-25,302000,282000,5.201,30,294,1658.5,0.712,396000,0
M0100863,C0100863,2020-05-02,234000,217000,3.539,30,284,1055.87,0.672,323000,0
M0100864,C0100864,2020-10-03,237000,221000,4.911,30,289,1259.41,0.739,299000,0
M0100865,C0100865,2021-08-06,924000,869000,6.607,30,299,5905.48,0.486,1788000,0
M0100866,C0100866,2020-12-08,309000,288000,6.524,30,291,1957.97,0.544,529000,0
M0100867,C0100867,2020-11-20,411000,383000,5.528,30,291,2340.84,0.515,743000,0
M0100868,C0100868,2021-09-05,296000,279000,4.813,30,300,1555.34,0.526,530000,0
M0100869,C0100869,2022-05-19,317000,301000,5.528,30,309,1805.46,0.751,401000,0
M0100870,C0100870,2022-08-23,265000,252000,6.056,30,312,1598.36,0.593,425000,0
M0100871,C0100871,2024-06-28,667000,650000,3.853,30,334,3128.09,0.507,1282000,0
M0100872,C0100872,2022-03-30,335000,318000,5.776,30,307,1960.51,0.527,603000,0
M0100873,C0100873,2020-08-07,162000,150000,6.343,30,287,1007.28,0.521,288000,0
M0100874,C0100874,2020-08-04,399000,371000,5.434,30,287,2248.98,0.542,685000,0
M0100875,C0100875,2022-11-07,309000,281000,5.479,15,134,2521.35,0.619,454000,0
M0100876,C0100876,2022-10-14,397000,379000,4.701,30,314,2059.23,0.627,604000,1
M0100877,C0100877,2021-01-26,278000,260000,5.827,30,293,1635.96,0.747,348000,0
M0100878,C0100878,2019-10-27,250000,230000,7.269,30,278,1708.66,0.524,439000,0
M0100879,C0100879,2025-08-29,513000,507000,7.047,30,348,3429.21,0.684,741000,0
M0100880,C0100880,2021-06-30,830000,780000,4.867,30,298,4388.4,0.618,1263000,0
M0100881,C0100881,2023-01-10,129000,123000,5.088,30,316,699.45,0.728,169000,0
M0100882,C0100882,2024-04-24,341000,332000,7.002,30,332,2269.14,0.511,650000,0
M0100883,C0100883,2023-08-31,250000,241000,6.154,30,324,1523.72,0.699,345000,0
M0100884,C0100884,2019-09-27,208000,191000,6.132,30,277,1264.77,0.581,329000,0
M0100885,C0100885,2023-12-01,111000,107000,3.511,30,327,499.12,0.633,169000,0
M0100886,C0100886,2022-09-05,393000,375000,6.506,30,312,2485.58,0.681,551000,0
M0100887,C0100887,2021-08-26,257000,227000,5.191,15,120,2058.0,0.468,485000,0
M0100888,C0100888,2024-02-11,250000,242000,5.757,30,330,1460.04,0.67,361000,0
M0100889,C0100889,2020-10-02,598000,557000,4.724,30,289,3110.09,0.627,889000,0
M0100890,C0100890,2025-04-06,263000,259000,7.315,30,343,1805.73,0.526,492000,0
M0100891,C0100891,2020-07-07,258000,239000,4.428,30,286,1296.23,0.593,403000,0
M0100892,C0100892,2021-07-11,168000,148000,7.648,15,118,1571.54,0.525,282000,0
M0100893,C0100893,2020-11-23,208000,194000,5.532,30,291,1185.18,0.511,380000,0
M0100894,C0100894,2025-02-22,682000,670000,5.316,30,342,3793.96,0.649,1033000,0
M0100895,C0100895,2020-10-30,445000,384000,4.529,15,110,3410.82,0.542,708000,1
M0100896,C0100896,2024-01-06,624000,604000,4.925,30,328,3321.22,0.647,934000,0
M0100897,C0100897,2020-09-09,215000,200000,5.276,30,288,1190.7,0.707,283000,0
M0100898,C0100898,2023-08-06,393000,379000,5.648,30,323,2268.04,0.548,692000,0
M0100899,C0100899,2021-07-16,553000,520000,6.093,30,299,3348.65,0.615,845000,0
M0100900,C0100900,2019-09-28,438000,402000,5.271,30,277,2424.35,0.712,565000,0
M0100901,C0100901,2021-02-20,722000,675000,6.093,30,294,4372.02,0.475,1420000,0
M0100902,C0100902,2025-03-17,401000,394000,6.801,30,343,2614.49,0.619,636000,0
M0100903,C0100903,2024-05-15,327000,318000,6.665,30,333,2102.47,0.77,413000,1
M0100904,C0100904,2024-12-05,101000,97000,6.189,15,159,862.64,0.63,154000,0
M0100905,C0100905,2019-12-16,404000,372000,6.05,30,280,2435.19,0.511,728000,0
M0100906,C0100906,2023-10-05,442000,427000,4.334,30,325,2196.17,0.666,641000,0
M0100907,C0100907,2022-09-06,582000,555000,5.73,30,312,3389.0,0.749,741000,0
M0100908,C0100908,2022-03-27,220000,209000,4.307,30,307,1089.62,0.477,438000,0
M0100909,C0100909,2024-02-14,322000,312000,6.619,30,330,2060.52,0.565,552000,0
M0100910,C0100910,2023-06-26,148000,142000,5.817,30,322,870.0,0.592,240000,0
M0100911,C0100911,2022-12-21,146000,140000,6.743,30,316,946.27,0.522,268000,0
M0100912,C0100912,2025-08-11,424000,419000,6.793,30,347,2762.19,0.67,625000,0
M0100913,C0100913,2020-10-05,617000,574000,5.985,30,289,3693.28,0.538,1066000,0
M0100914,C0100914,2020-04-08,628000,581000,4.756,30,283,3278.22,0.725,801000,0
M0100915,C0100915,2021-07-18,408000,383000,3.033,30,299,1727.41,0.639,599000,0
M0100916,C0100916,2023-01-30,912000,874000,6.097,30,317,5524.91,0.747,1170000,0
M0100917,C0100917,2024-10-12,269000,263000,5.315,30,338,1496.28,0.692,380000,0
M0100918,C0100918,2023-09-25,514000,478000,6.38,15,145,4443.65,0.495,966000,0
M0100919,C0100919,2023-01-25,170000,163000,6.268,30,317,1048.71,0.627,260000,0
M0100920,C0100920,2024-07-04,80000,78000,6.158,30,334,487.8,0.743,105000,0
M0100921,C0100921,2021-03-03,258000,241000,5.772,30,294,1509.23,0.471,512000,0
M0100922,C0100922,2022-12-29,309000,296000,3.675,30,316,1417.91,0.605,489000,0
M0100923,C0100923,2021-07-15,369000,347000,6.89,30,299,2427.77,0.678,512000,0
M0100924,C0100924,2022-08-10,299000,285000,4.117,30,311,1447.71,0.628,454000,0
M0100925,C0100925,2024-07-23,393000,383000,4.788,30,335,2059.09,0.761,503000,0
M0100926,C0100926,2021-10-14,782000,692000,5.136,15,122,6239.55,0.567,1221000,0
M0100927,C0100927,2021-03-30,474000,444000,5.52,30,295,2697.27,0.616,721000,0
M0100928,C0100928,2023-02-24,224000,205000,5.149,15,138,1788.81,0.472,434000,0
M0100929,C0100929,2021-08-26,93000,88000,4.889,30,300,492.95,0.547,161000,0
M0100930,C0100930,2019-10-20,191000,176000,6.383,30,278,1192.59,0.535,329000,0
M0100931,C0100931,2024-03-25,641000,623000,4.035,30,331,3073.18,0.496,1257000,0
M0100932,C0100932,2020-05-12,255000,236000,5.044,30,285,1375.76,0.682,346000,0
M0100933,C0100933,2023-11-08,460000,429000,3.194,15,146,3219.77,0.567,757000,0
M0100934,C0100934,2025-06-08,451000,438000,4.366,15,165,3419.31,0.559,783000,0
M0100935,C0100935,2023-03-08,319000,293000,3.781,15,138,2324.75,0.572,512000,0
M0100936,C0100936,2020-10-12,314000,292000,6.307,30,290,1945.01,0.667,438000,0
M0100937,C0100937,2021-08-28,235000,221000,5.705,30,300,1364.69,0.648,341000,0
M0100938,C0100938,2023-09-14,998000,963000,4.61,30,325,5122.16,0.765,1259000,0
M0100939,C0100939,2019-12-29,203000,187000,2.8,30,280,834.12,0.638,293000,0
M0100940,C0100940,2019-10-18,574000,528000,3.822,30,278,2681.79,0.551,958000,0
M0100941,C0100941,2019-09-25,497000,457000,4.291,30,277,2456.89,0.489,934000,0
M0100942,C0100942,2022-05-18,446000,424000,5.103,30,309,2422.38,0.537,790000,0
M0100943,C0100943,2021-07-25,309000,291000,6.334,30,299,1919.48,0.481,605000,0
M0100944,C0100944,2022-07-08,156000,148000,3.917,30,310,737.32,0.476,311000,0
M0100945,C0100945,2023-03-23,185000,178000,4.014,30,319,884.71,0.662,269000,0
M0100946,C0100946,2022-07-19,222000,211000,3.656,30,311,1016.31,0.547,386000,0
M0100947,C0100947,2025-04-15,394000,388000,5.503,30,344,2237.83,0.546,711000,0
M0100948,C0100948,2024-09-20,512000,500000,3.114,30,337,2190.22,0.758,660000,0
M0100949,C0100949,2022-02-21,383000,363000,3.558,30,306,1732.27,0.581,625000,0
M0100950,C0100950,2023-03-09,373000,358000,6.019,30,318,2240.88,0.524,683000,0
M0100951,C0100951,2022-10-23,552000,527000,7.176,30,314,3737.95,0.596,884000,0
M0100952,C0100952,2020-03-17,115000,106000,5.57,30,283,658.02,0.589,180000,0
M0100953,C0100953,2021-09-04,109000,103000,5.155,30,300,595.5,0.569,181000,0
M0100954,C0100954,2025-04-07,151000,148000,7.896,30,343,1097.06,0.736,201000,0
M0100955,C0100955,2019-11-30,521000,480000,4.926,30,279,2773.33,0.706,680000,0
M0100956,C0100956,2020-07-09,120000,111000,4.93,30,286,639.06,0.735,151000,0
M0100957,C0100957,2024-09-11,326000,318000,4.91,30,337,1732.15,0.626,508000,0
M0100958,C0100958,2020-08-04,208000,193000,7.151,30,287,1404.99,0.581,332000,0
M0100959,C0100959,2023-06-23,354000,341000,6.093,30,322,2143.62,0.491,694000,0
M0100960,C0100960,2023-06-19,305000,294000,6.081,30,322,1844.54,0.498,590000,0
M0100961,C0100961,2022-03-30,371000,352000,5.859,30,307,2190.81,0.618,570000,0
M0100962,C0100962,2020-04-07,268000,248000,4.998,30,283,1438.35,0.468,530000,0
M0100963,C0100963,2023-08-05,467000,450000,5.145,30,323,2548.5,0.704,639000,0
M0100964,C0100964,2022-03-31,681000,646000,4.439,30,307,3425.89,0.665,972000,0
M0100965,C0100965,2024-08-22,617000,602000,5.064,30,336,3336.36,0.595,1011000,0
M0100966,C0100966,2025-03-08,273000,268000,5.811,30,342,1603.75,0.641,418000,0
M0100967,C0100967,2022-02-09,213000,202000,5.285,30,305,1180.82,0.575,351000,0
M0100968,C0100968,2024-04-14,361000,351000,6.39,30,332,2255.71,0.775,453000,0
M0100969,C0100969,2025-06-17,880000,867000,5.789,30,346,5157.26,0.561,1546000,0
M0100970,C0100970,2025-08-24,319000,315000,5.709,30,348,1853.3,0.677,465000,0
M0100971,C0100971,2023-06-09,499000,480000,4.545,30,321,2541.72,0.65,739000,0
M0100972,C0100972,2024-03-15,485000,471000,4.151,30,331,2357.88,0.502,938000,0
M0100973,C0100973,2019-11-12,482000,444000,4.261,30,279,2374.26,0.481,923000,0
M0100974,C0100974,2022-10-30,619000,591000,6.697,30,314,3993.04,0.614,962000,0
M0100975,C0100975,2022-10-30,170000,162000,3.6,30,314,772.9,0.621,261000,0
M0100976,C0100976,2024-10-05,202000,197000,5.709,30,337,1173.56,0.53,372000,0
M0100977,C0100977,2025-02-01,336000,330000,5.709,30,341,1952.06,0.546,604000,0
M0100978,C0100978,2023-11-26,606000,586000,4.747,30,327,3160.09,0.715,820000,0
M0100979,C0100979,2020-09-10,606000,564000,5.461,30,288,3425.99,0.601,939000,0
M0100980,C0100980,2021-12-22,320000,302000,5.688,30,304,1854.85,0.581,520000,0
M0100981,C0100981,2024-08-15,540000,527000,4.229,30,336,2649.84,0.609,866000,0
M0100982,C0100982,2025-06-23,265000,257000,4.632,15,166,2045.16,0.73,352000,0
M0100983,C0100983,2024-03-11,217000,211000,5.352,30,330,1212.03,0.564,374000,0
M0100984,C0100984,2024-01-22,169000,164000,5.386,30,329,947.51,0.562,292000,0
M0100985,C0100985,2019-12-05,306000,282000,3.936,30,279,1449.62,0.502,562000,0
M0100986,C0100986,2024-09-03,276000,269000,5.504,30,336,1567.79,0.572,470000,0
M0100987,C0100987,2021-01-18,541000,505000,5.545,30,293,3087.03,0.728,694000,0
M0100988,C0100988,2023-05-20,434000,417000,6.507,30,321,2745.17,0.67,622000,0
M0100989,C0100989,2023-10-08,337000,325000,5.384,30,325,1888.99,0.583,557000,0
M0100990,C0100990,2024-06-10,337000,328000,4.964,30,333,1801.68,0.624,526000,0
M0100991,C0100991,2021-10-25,266000,251000,6.252,30,302,1638.15,0.553,454000,0
M0100992,C0100992,2021-07-22,135000,127000,6.633,30,299,865.13,0.722,176000,0
M0100993,C0100993,2022-10-09,181000,173000,3.884,30,313,852.06,0.646,268000,0
M0100994,C0100994,2020-01-06,486000,448000,4.83,30,280,2558.69,0.652,687000,0
M0100995,C0100995,2020-05-06,306000,283000,3.079,30,284,1303.18,0.547,517000,0
M0100996,C0100996,2020-12-19,170000,159000,4.347,30,292,845.98,0.697,228000,0
M0100997,C0100997,2022-05-03,649000,616000,7.037,30,308,4333.95,0.631,976000,0
M0100998,C0100998,2022-07-29,766000,692000,4.221,15,131,5751.22,0.479,1445000,0
M0100999,C0100999,2021-09-25,599000,564000,5.913,30,301,3557.87,0.529,1066000,0
M0101000,C0101000,2022-03-15,405000,384000,5.852,30,307,2389.78,0.599,641000,0
M0101001,C0101001,2024-10-20,378000,370000,4.758,30,338,1973.65,0.602,615000,0
M0101002,C0101002,2021-10-09,324000,305000,4.9,30,301,1719.55,0.746,409000,0
M0101003,C0101003,2024-03-13,356000,346000,6.931,30,331,2352.0,0.523,662000,0
M0101004,C0101004,2021-04-06,449000,421000,6.438,30,295,2819.7,0.63,668000,0
M0101005,C0101005,2025-07-15,467000,461000,7.861,30,347,3381.54,0.687,671000,0
M0101006,C0101006,2025-05-26,411000,405000,2.8,30,345,1688.78,0.662,612000,0
M0101007,C0101007,2022-03-03,80000,76000,5.987,30,306,478.97,0.679,112000,0
M0101008,C0101008,2020-12-27,583000,544000,2.8,30,292,2395.51,0.501,1086000,0
M0101009,C0101009,2022-04-29,362000,344000,5.354,30,308,2022.36,0.735,468000,0
M0101010,C0101010,2024-09-05,166000,158000,5.152,15,156,1325.9,0.592,267000,0
M0101011,C0101011,2023-11-07,362000,350000,4.133,30,326,1756.11,0.555,631000,0
M0101012,C0101012,2023-01-14,381000,348000,4.728,15,137,2959.22,0.709,491000,0
M0101013,C0101013,2024-04-21,149000,141000,5.064,15,152,1183.26,0.576,245000,0
M0101014,C0101014,2019-12-05,238000,219000,5.874,30,279,1407.71,0.592,370000,0
M0101015,C0101015,2022-12-24,189000,181000,4.132,30,316,916.76,0.534,339000,0
M0101016,C0101016,2020-05-08,201000,186000,4.581,30,284,1028.13,0.483,385000,0
M0101017,C0101017,2025-01-27,436000,428000,5.964,30,341,2603.96,0.77,556000,0
M0101018,C0101018,2022-11-26,240000,229000,6.183,30,315,1467.28,0.658,348000,0
M0101019,C0101019,2020-08-01,343000,319000,8.0,30,287,2516.81,0.535,596000,0
M0101020,C0101020,2024-01-07,474000,459000,5.576,30,328,2713.97,0.492,932000,0
M0101021,C0101021,2020-09-16,264000,246000,6.088,30,289,1597.78,0.474,519000,0
M0101022,C0101022,2021-02-27,483000,452000,5.144,30,294,2635.52,0.468,965000,0
M0101023,C0101023,2022-02-14,645000,611000,6.934,30,306,4262.65,0.502,1217000,0
M0101024,C0101024,2025-06-07,500000,485000,4.365,15,165,3790.56,0.725,669000,1
M0101025,C0101025,2020-04-16,442000,376000,5.317,15,104,3568.73,0.458,821000,0
M0101026,C0101026,2022-11-01,502000,479000,5.667,30,314,2903.12,0.694,690000,0
M0101027,C0101027,2022-01-07,399000,377000,5.928,30,304,2373.77,0.579,651000,0
M0101028,C0101028,2021-07-26,501000,471000,6.42,30,299,3140.35,0.56,841000,0
M0101029,C0101029,2022-10-02,182000,174000,5.167,30,313,995.67,0.556,313000,0
M0101030,C0101030,2024-09-27,316000,302000,6.372,15,157,2730.51,0.711,425000,0
M0101031,C0101031,2022-02-06,399000,378000,3.834,30,305,1866.9,0.52,727000,0
M0101032,C0101032,2022-02-06,316000,299000,5.668,30,305,1827.66,0.726,412000,0
M0101033,C0101033,2025-03-08,1145000,1105000,3.314,15,162,8081.22,0.49,2254000,0
M0101034,C0101034,2024-07-02,298000,290000,5.142,30,334,1625.69,0.594,488000,0
M0101035,C0101035,2024-05-23,134000,130000,8.0,30,333,983.24,0.65,200000,0
M0101036,C0101036,2023-07-11,337000,325000,5.683,30,322,1952.32,0.69,471000,0
M0101037,C0101037,2022-05-08,496000,471000,4.865,30,308,2621.86,0.489,964000,0
M0101038,C0101038,2022-01-08,212000,200000,5.956,30,304,1265.06,0.528,379000,0
M0101039,C0101039,2025-01-09,322000,316000,5.338,30,340,1795.69,0.588,537000,0
M0101040,C0101040,2020-07-18,316000,293000,4.153,30,287,1536.64,0.518,566000,0
M0101041,C0101041,2020-11-03,318000,296000,3.361,30,290,1403.4,0.49,604000,0
M0101042,C0101042,2025-02-21,243000,234000,5.376,15,162,1969.56,0.6,390000,0
M0101043,C0101043,2024-09-04,567000,554000,5.176,30,336,3105.06,0.496,1118000,0
M0101044,C0101044,2020-08-29,969000,833000,5.111,15,108,7718.94,0.604,1378000,0
M0101045,C0101045,2023-03-10,215000,206000,6.318,30,318,1333.32,0.522,395000,0
M0101046,C0101046,2023-01-14,171000,164000,6.921,30,317,1128.61,0.556,295000,0
M0101047,C0101047,2022-10-16,263000,251000,6.209,30,314,1612.33,0.477,526000,0
M0101048,C0101048,2019-10-03,662000,608000,5.043,30,277,3571.18,0.486,1251000,0
M0101049,C0101049,2024-10-01,288000,275000,5.56,15,157,2362.38,0.48,573000,0
M0101050,C0101050,2020-01-20,394000,363000,6.636,30,281,2525.69,0.52,698000,0
M0101051,C0101051,2024-03-30,208000,196000,6.393,15,151,1799.69,0.56,350000,0
M0101052,C0101052,2020-04-22,800000,740000,6.06,30,284,4827.31,0.584,1268000,0
M0101053,C0101053,2022-10-17,283000,270000,4.894,30,314,1500.92,0.607,445000,0
M0101054,C0101054,2021-02-23,371000,347000,6.641,30,294,2379.48,0.523,663000,0
M0101055,C0101055,2025-01-21,220000,216000,6.98,30,341,1460.71,0.72,300000,0
M0101056,C0101056,2023-07-05,210000,202000,6.402,30,322,1313.84,0.662,305000,0
M0101057,C0101057,2024-07-29,327000,319000,8.0,30,335,2399.41,0.618,516000,0
M0101058,C0101058,2022-04-04,345000,327000,6.324,30,307,2140.86,0.503,650000,0
M0101059,C0101059,2025-07-23,505000,498000,6.762,30,347,3279.45,0.781,638000,0
M0101060,C0101060,2023-05-31,141000,136000,6.205,30,321,864.04,0.701,194000,0
M0101061,C0101061,2022-08-29,204000,194000,5.357,30,312,1140.05,0.503,386000,0
M0101062,C0101062,2022-11-01,232000,222000,4.206,30,314,1135.33,0.586,379000,0
M0101063,C0101063,2020-10-07,348000,324000,4.654,30,289,1795.25,0.6,540000,0
M0101064,C0101064,2022-01-21,186000,176000,4.665,30,305,960.76,0.739,238000,0
M0101065,C0101065,2020-11-01,312000,291000,4.17,30,290,1520.28,0.552,527000,0
M0101066,C0101066,2022-09-12,238000,216000,5.185,15,133,1905.1,0.518,417000,0
M0101067,C0101067,2023-07-27,306000,295000,5.504,30,323,1738.2,0.716,412000,0
M0101068,C0101068,2023-12-11,222000,215000,6.811,30,327,1448.9,0.556,387000,0
M0101069,C0101069,2021-07-29,198000,186000,4.174,30,299,965.25,0.478,389000,0
M0101070,C0101070,2020-03-03,378000,349000,6.481,30,282,2384.5,0.556,628000,0
M0101071,C0101071,2019-10-06,572000,526000,5.795,30,277,3354.41,0.649,811000,0
M0101072,C0101072,2024-04-21,492000,478000,5.914,30,332,2922.64,0.532,899000,0
M0101073,C0101073,2023-02-27,572000,548000,5.394,30,318,3209.81,0.703,779000,0
M0101074,C0101074,2021-12-21,606000,573000,7.801,30,304,4362.83,0.676,848000,0
M0101075,C0101075,2020-03-20,302000,279000,4.635,30,283,1554.51,0.511,546000,0
M0101076,C0101076,2023-11-03,835000,807000,4.886,30,326,4424.47,0.508,1588000,0
M0101077,C0101077,2021-01-10,478000,446000,5.63,30,292,2753.15,0.629,709000,0
M0101078,C0101078,2020-08-27,204000,175000,5.935,15,108,1714.31,0.515,340000,1
M0101079,C0101079,2024-08-20,235000,229000,5.747,30,336,1370.95,0.583,393000,0
M0101080,C0101080,2023-10-26,353000,341000,5.445,30,326,1992.13,0.535,637000,0
M0101081,C0101081,2023-01-13,509000,487000,6.079,30,317,3077.61,0.696,700000,0
M0101082,C0101082,2020-08-09,292000,271000,6.162,30,287,1781.22,0.708,383000,0
M0101083,C0101083,2020-02-12,202000,186000,5.458,30,282,1141.62,0.512,363000,0
M0101084,C0101084,2024-09-12,487000,476000,7.52,30,337,3411.85,0.498,955000,0
M0101085,C0101085,2024-09-10,188000,179000,5.986,15,156,1585.03,0.484,370000,0
M0101086,C0101086,2023-05-24,382000,353000,5.197,15,141,3060.18,0.495,713000,0
M0101087,C0101087,2025-05-08,335000,330000,6.868,30,344,2199.14,0.508,650000,0
M0101088,C0101088,2022-08-10,168000,160000,3.268,30,311,732.81,0.667,240000,0
M0101089,C0101089,2024-02-04,797000,749000,4.262,15,149,6000.5,0.739,1013000,0
M0101090,C0101090,2023-05-19,331000,318000,5.276,30,321,1833.13,0.693,459000,0
M0101091,C0101091,2025-09-01,181000,179000,4.204,30,348,885.54,0.579,309000,0
M0101092,C0101092,2024-04-23,336000,327000,6.384,30,332,2098.18,0.591,553000,0
M0101093,C0101093,2024-12-07,138000,135000,6.346,30,339,858.32,0.496,272000,0
M0101094,C0101094,2024-05-10,393000,382000,7.294,30,332,2692.69,0.732,522000,0
M0101095,C0101095,2023-02-21,504000,483000,4.865,30,318,2664.15,0.679,711000,0
M0101096,C0101096,2024-04-15,1265000,1229000,6.124,30,332,7685.46,0.77,1597000,0
M0101097,C0101097,2021-02-10,344000,322000,6.908,30,294,2267.43,0.652,494000,0
M0101098,C0101098,2022-12-27,236000,226000,5.679,30,316,1366.61,0.617,366000,0
M0101099,C0101099,2024-05-31,363000,344000,6.584,15,153,3178.91,0.621,554000,0
M0101100,C0101100,2021-12-14,673000,636000,5.39,30,304,3774.9,0.735,865000,0
M0101101,C0101101,2020-08-08,421000,391000,6.946,30,287,2785.67,0.551,709000,0
M0101102,C0101102,2022-09-16,497000,451000,4.663,15,133,3843.55,0.622,725000,0
M0101103,C0101103,2019-10-10,479000,402000,3.793,15,97,3493.62,0.649,619000,0
M0101104,C0101104,2023-07-24,422000,407000,5.083,30,323,2286.84,0.622,654000,0
M0101105,C0101105,2022-11-30,163000,156000,5.403,30,315,915.6,0.492,317000,0
M0101106,C0101106,2023-02-26,158000,151000,5.981,30,318,945.36,0.493,306000,0
M0101107,C0101107,2019-10-01,149000,137000,5.996,30,277,892.95,0.656,209000,1
M0101108,C0101108,2021-05-16,180000,169000,4.72,30,297,935.71,0.676,250000,0
M0101109,C0101109,2022-03-26,191000,171000,4.402,15,127,1451.59,0.514,333000,0
M0101110,C0101110,2023-07-04,831000,800000,7.289,30,322,5690.88,0.502,1594000,0
M0101111,C0101111,2025-05-03,230000,226000,5.349,30,344,1284.21,0.595,380000,0
M0101112,C0101112,2020-04-15,345000,319000,4.977,30,284,1847.19,0.546,584000,0
M0101113,C0101113,2025-01-12,290000,284000,5.851,30,341,1711.01,0.575,494000,0
M0101114,C0101114,2021-05-04,361000,338000,4.433,30,296,1814.79,0.537,629000,0
M0101115,C0101115,2022-08-15,339000,323000,4.714,30,312,1761.04,0.493,655000,0
M0101116,C0101116,2021-07-02,175000,154000,6.371,15,118,1512.05,0.507,304000,0
M0101117,C0101117,2020-03-03,442000,375000,4.384,15,102,3355.13,0.631,594000,0
M0101118,C0101118,2024-07-11,233000,227000,4.038,30,334,1117.49,0.502,452000,0
M0101119,C0101119,2025-02-08,229000,225000,5.109,30,341,1244.62,0.63,357000,0
M0101120,C0101120,2023-06-23,281000,270000,5.785,30,322,1646.09,0.765,353000,0
M0101121,C0101121,2022-04-08,491000,466000,7.012,30,307,3270.59,0.558,835000,0
M0101122,C0101122,2025-04-18,240000,236000,5.875,30,344,1419.69,0.515,458000,0
M0101123,C0101123,2020-10-31,343000,320000,6.068,30,290,2071.48,0.539,594000,0
M0101124,C0101124,2022-01-24,401000,379000,4.375,30,305,2002.13,0.746,508000,0
M0101125,C0101125,2019-10-21,373000,343000,5.706,30,278,2166.31,0.559,614000,0
M0101126,C0101126,2023-12-25,363000,352000,4.269,30,328,1789.78,0.532,662000,0
M0101127,C0101127,2020-04-02,162000,150000,6.507,30,283,1024.7,0.588,255000,0
M0101128,C0101128,2023-05-25,349000,336000,5.625,30,321,2009.04,0.679,495000,0
M0101129,C0101129,2025-01-22,207000,203000,5.443,30,341,1167.93,0.5,406000,0
M0101130,C0101130,2020-08-31,136000,117000,6.056,15,108,1151.76,0.665,176000,0
M0101131,C0101131,2025-03-27,260000,256000,4.96,30,343,1389.39,0.766,334000,0
M0101132,C0101132,2021-06-04,253000,237000,4.966,30,297,1352.91,0.542,437000,0
M0101133,C0101133,2024-06-19,1440000,1403000,4.454,30,334,7256.96,0.656,2140000,0
M0101134,C0101134,2021-09-05,534000,472000,7.459,15,120,4937.81,0.456,1034000,0
M0101135,C0101135,2024-01-08,485000,470000,5.249,30,328,2677.89,0.522,901000,0
M0101136,C0101136,2025-03-19,267000,262000,5.152,30,343,1458.22,0.609,430000,0
M0101137,C0101137,2020-07-03,299000,277000,6.263,30,286,1843.52,0.577,480000,0
M0101138,C0101138,2023-08-02,1186000,1143000,5.513,30,323,6743.65,0.518,2206000,0
M0101139,C0101139,2021-10-29,238000,211000,2.946,15,122,1637.41,0.487,433000,0
M0101140,C0101140,2025-06-17,372000,367000,7.725,30,346,2658.63,0.573,641000,0
M0101141,C0101141,2020-01-18,823000,759000,4.972,30,281,4403.97,0.523,1450000,0
M0101142,C0101142,2021-12-22,228000,215000,4.576,30,304,1165.56,0.49,439000,0
M0101143,C0101143,2023-03-09,353000,339000,5.321,30,318,1964.83,0.729,465000,0
M0101144,C0101144,2020-04-19,325000,276000,4.932,15,104,2558.58,0.605,456000,0
M0101145,C0101145,2023-03-28,210000,202000,4.953,30,319,1121.3,0.645,313000,0
M0101146,C0101146,2023-09-22,483000,466000,5.628,30,325,2781.34,0.632,737000,0
M0101147,C0101147,2024-01-08,188000,182000,3.454,30,328,839.38,0.719,253000,0
M0101148,C0101148,2021-10-13,483000,455000,6.308,30,302,2992.16,0.542,840000,0
M0101149,C0101149,2023-01-27,406000,389000,6.55,30,317,2579.56,0.614,634000,0
M0101150,C0101150,2022-04-14,513000,487000,3.642,30,308,2344.45,0.663,735000,0
M0101151,C0101151,2020-12-14,297000,277000,6.001,30,292,1780.86,0.493,562000,0
M0101152,C0101152,2021-10-07,398000,375000,4.558,30,301,2030.35,0.571,657000,0
M0101153,C0101153,2021-07-09,547000,481000,5.018,15,118,4330.77,0.59,815000,0
M0101154,C0101154,2022-01-15,162000,153000,5.887,30,305,959.53,0.505,303000,0
M0101155,C0101155,2020-12-17,179000,167000,6.453,30,292,1125.87,0.582,287000,0
M0101156,C0101156,2021-05-14,438000,411000,5.864,30,297,2587.86,0.6,685000,0
M0101157,C0101157,2020-09-18,495000,426000,3.972,15,109,3654.51,0.481,886000,0
M0101158,C0101158,2021-11-27,351000,312000,5.571,15,123,2881.2,0.455,685000,0
M0101159,C0101159,2025-09-02,519000,513000,6.038,30,348,3124.36,0.553,928000,0
M0101160,C0101160,2020-03-31,273000,252000,4.65,30,283,1407.69,0.476,529000,0
M0101161,C0101161,2024-04-10,618000,601000,4.57,30,331,3157.07,0.487,1233000,0
M0101162,C0101162,2021-05-20,316000,277000,5.421,15,117,2568.76,0.466,594000,0
M0101163,C0101163,2021-10-10,222000,209000,6.131,30,301,1349.76,0.529,395000,0
M0101164,C0101164,2021-09-26,668000,629000,4.877,30,301,3535.92,0.583,1079000,0
M0101165,C0101165,2023-01-08,496000,475000,5.764,30,316,2898.93,0.623,762000,0
M0101166,C0101166,2022-12-27,262000,251000,4.113,30,316,1267.96,0.542,463000,0
M0101167,C0101167,2024-12-28,264000,259000,5.798,30,340,1548.69,0.612,423000,0
M0101168,C0101168,2024-03-23,443000,430000,3.496,30,331,1988.28,0.596,722000,0
M0101169,C0101169,2025-04-23,199000,196000,5.841,30,344,1172.84,0.534,367000,0
M0101170,C0101170,2020-04-03,385000,327000,6.47,15,103,3347.42,0.457,715000,0
M0101171,C0101171,2020-01-16,301000,278000,5.316,30,281,1674.46,0.653,426000,0
M0101172,C0101172,2025-01-19,365000,358000,6.113,30,341,2214.95,0.575,623000,0
M0101173,C0101173,2020-08-10,119000,111000,5.77,30,287,695.96,0.472,235000,0
M0101174,C0101174,2021-08-14,208000,196000,3.985,30,300,991.23,0.491,399000,0
M0101175,C0101175,2023-10-14,372000,359000,4.201,30,326,1819.36,0.756,475000,0
M0101176,C0101176,2024-10-01,555000,542000,5.102,30,337,3014.05,0.518,1047000,0
M0101177,C0101177,2021-11-11,307000,290000,5.337,30,303,1711.85,0.496,585000,0
M0101178,C0101178,2025-07-13,470000,464000,4.639,30,347,2420.4,0.679,683000,0
M0101179,C0101179,2024-10-25,156000,153000,4.158,30,338,759.05,0.497,308000,0
M0101180,C0101180,2025-01-24,262000,257000,2.8,30,341,1076.54,0.624,412000,0
M0101181,C0101181,2024-11-20,377000,369000,7.341,30,339,2595.12,0.54,683000,0
M0101182,C0101182,2025-08-28,318000,314000,7.375,30,348,2196.35,0.771,407000,0
M0101183,C0101183,2023-09-12,480000,463000,4.571,30,325,2452.38,0.703,659000,0
M0101184,C0101184,2020-11-21,288000,268000,3.916,30,291,1361.05,0.597,449000,1
M0101185,C0101185,2024-01-05,290000,281000,7.1,30,328,1948.89,0.732,384000,0
M0101186,C0101186,2024-03-18,454000,441000,3.168,30,331,1955.46,0.574,768000,0
M0101187,C0101187,2019-10-29,251000,231000,6.631,30,278,1608.18,0.638,362000,0
M0101188,C0101188,2022-10-23,208000,199000,6.2,30,314,1273.94,0.655,304000,0
M0101189,C0101189,2025-07-20,414000,408000,5.115,30,347,2251.63,0.563,725000,0
M0101190,C0101190,2022-03-03,202000,191000,7.032,30,306,1348.26,0.582,328000,0
M0101191,C0101191,2022-06-01,666000,633000,4.774,30,309,3483.81,0.673,941000,0
M0101192,C0101192,2023-02-25,130000,125000,6.425,30,318,815.29,0.683,183000,0
M0101193,C0101193,2020-07-29,282000,262000,5.225,30,287,1552.85,0.621,422000,0
M0101194,C0101194,2021-08-10,739000,695000,4.162,30,299,3597.47,0.632,1100000,0
M0101195,C0101195,2025-07-17,880000,868000,7.747,30,347,6302.6,0.508,1710000,1
M0101196,C0101196,2023-06-17,313000,301000,4.721,30,322,1627.29,0.531,567000,0
M0101197,C0101197,2022-05-18,569000,540000,5.028,30,309,3064.26,0.654,826000,0
M0101198,C0101198,2021-09-23,483000,455000,6.395,30,301,3019.61,0.48,947000,0
M0101199,C0101199,2023-06-02,256000,246000,6.864,30,321,1679.86,0.496,496000,0
M0101200,C0101200,2023-01-11,414000,379000,4.049,15,137,3072.48,0.484,783000,0
M0101201,C0101201,2024-05-27,213000,207000,7.085,30,333,1429.27,0.54,383000,0
M0101202,C0101202,2022-02-05,150000,142000,5.493,30,305,851.02,0.518,274000,0
M0101203,C0101203,2024-04-14,422000,410000,5.403,30,332,2370.45,0.606,677000,0
M0101204,C0101204,2022-10-07,434000,414000,5.316,30,313,2414.34,0.649,638000,0
M0101205,C0101205,2020-10-24,181000,169000,5.482,30,290,1025.65,0.569,297000,0
M0101206,C0101206,2020-03-15,305000,282000,3.785,30,283,1418.57,0.508,555000,0
M0101207,C0101207,2022-11-29,181000,173000,5.947,30,315,1079.03,0.622,278000,0
M0101208,C0101208,2024-06-14,260000,253000,5.725,30,334,1513.16,0.65,389000,0
M0101209,C0101209,2025-06-03,263000,259000,5.096,30,345,1427.31,0.723,358000,0
M0101210,C0101210,2020-08-18,475000,441000,5.726,30,288,2764.73,0.509,866000,0
M0101211,C0101211,2023-03-31,255000,245000,5.274,30,319,1411.91,0.549,446000,0
M0101212,C0101212,2024-07-26,174000,170000,5.419,30,335,979.13,0.59,288000,0
M0101213,C0101213,2020-10-19,773000,720000,5.959,30,290,4614.17,0.629,1145000,0
M0101214,C0101214,2022-10-23,420000,382000,5.251,15,134,3376.51,0.546,700000,0
M0101215,C0101215,2021-07-25,513000,482000,4.645,30,299,2643.68,0.728,662000,0
M0101216,C0101216,2025-04-25,444000,437000,6.335,30,344,2758.38,0.721,606000,0
M0101217,C0101217,2019-12-21,525000,484000,4.317,30,280,2603.32,0.626,773000,0
M0101218,C0101218,2023-10-23,408000,394000,6.657,30,326,2621.11,0.73,540000,0
M0101219,C0101219,2021-01-22,414000,387000,5.122,30,293,2253.41,0.734,527000,0
M0101220,C0101220,2023-12-01,349000,338000,6.463,30,327,2197.43,0.683,495000,0
M0101221,C0101221,2024-09-02,263000,257000,7.082,30,336,1764.25,0.511,503000,0
M0101222,C0101222,2023-03-27,511000,490000,5.435,30,319,2880.6,0.764,641000,0
M0101223,C0101223,2025-04-18,287000,282000,6.459,30,344,1806.3,0.531,531000,0
M0101224,C0101224,2022-08-26,348000,332000,6.193,30,312,2129.81,0.568,584000,0
M0101225,C0101225,2022-12-04,394000,377000,5.701,30,315,2287.03,0.744,507000,0
M0101226,C0101226,2025-03-26,411000,397000,6.163,15,163,3504.55,0.617,643000,0
M0101227,C0101227,2023-01-11,197000,189000,5.192,30,317,1080.78,0.556,340000,0
M0101228,C0101228,2022-04-12,362000,343000,7.306,30,308,2483.24,0.722,475000,0
M0101229,C0101229,2022-05-31,197000,187000,5.593,30,309,1130.07,0.714,262000,0
M0101230,C0101230,2025-04-07,358000,352000,4.697,30,343,1856.08,0.739,476000,0
M0101231,C0101231,2021-09-02,484000,456000,5.023,30,300,2605.02,0.519,879000,0
M0101232,C0101232,2023-09-17,806000,778000,6.476,30,325,5081.75,0.734,1060000,0
M0101233,C0101233,2024-03-04,438000,425000,4.488,30,330,2216.16,0.564,753000,0
M0101234,C0101234,2020-07-31,505000,469000,7.581,30,287,3559.09,0.63,745000,0
M0101235,C0101235,2019-10-09,190000,175000,6.936,30,277,1255.92,0.542,323000,0
M0101236,C0101236,2025-01-06,429000,421000,4.146,30,340,2084.38,0.774,544000,0
M0101237,C0101237,2022-09-24,188000,179000,6.351,30,313,1169.93,0.579,309000,0
M0101238,C0101238,2024-02-10,598000,580000,4.435,30,329,3006.93,0.52,1116000,0
M0101239,C0101239,2021-05-30,192000,168000,4.583,15,117,1476.94,0.477,352000,0
M0101240,C0101240,2022-01-20,201000,190000,4.984,30,305,1077.05,0.574,331000,0
M0101241,C0101241,2023-04-01,478000,459000,4.683,30,319,2474.21,0.681,674000,0
M0101242,C0101242,2021-03-21,759000,711000,6.298,30,295,4697.01,0.514,1383000,0
M0101243,C0101243,2021-08-05,556000,523000,5.779,30,299,3254.92,0.568,921000,0
M0101244,C0101244,2020-02-19,275000,254000,5.965,30,282,1642.58,0.629,404000,0
M0101245,C0101245,2019-10-20,200000,184000,5.503,30,278,1135.95,0.473,389000,0
M0101246,C0101246,2023-03-21,265000,254000,4.919,30,319,1409.49,0.581,437000,0
M0101247,C0101247,2024-10-10,349000,341000,4.927,30,337,1857.97,0.507,673000,0
M0101248,C0101248,2020-03-01,315000,291000,6.716,30,282,2035.97,0.588,495000,0
M0101249,C0101249,2023-01-31,196000,188000,5.116,30,317,1066.11,0.603,312000,0
M0101250,C0101250,2020-05-14,623000,577000,7.035,30,285,4159.49,0.61,946000,0
M0101251,C0101251,2021-07-08,630000,554000,4.801,15,118,4916.94,0.573,967000,0
M0101252,C0101252,2022-07-23,841000,800000,5.551,30,311,4802.05,0.631,1267000,0
M0101253,C0101253,2020-07-23,143000,133000,5.84,30,287,842.7,0.512,260000,0
M0101254,C0101254,2021-03-05,219000,205000,6.8,30,294,1427.72,0.641,320000,0
M0101255,C0101255,2021-11-16,372000,351000,6.566,30,303,2367.46,0.666,527000,0
M0101256,C0101256,2022-08-04,329000,313000,5.838,30,311,1938.39,0.498,628000,0
M0101257,C0101257,2024-04-23,262000,255000,5.582,30,332,1501.11,0.49,520000,0
M0101258,C0101258,2024-06-05,214000,208000,4.5,30,333,1084.31,0.594,350000,0
M0101259,C0101259,2021-10-30,199000,188000,5.288,30,302,1103.57,0.689,273000,0
M0101260,C0101260,2023-05-23,903000,833000,7.989,15,141,8623.8,0.696,1196000,0
M0101261,C0101261,2021-12-18,161000,152000,4.446,30,304,810.61,0.553,275000,0
M0101262,C0101262,2021-05-26,150000,141000,4.881,30,297,794.36,0.513,275000,0
M0101263,C0101263,2025-06-08,181000,178000,3.98,30,345,862.04,0.551,323000,0
M0101264,C0101264,2025-03-07,361000,355000,4.678,30,342,1867.51,0.512,694000,0
M0101265,C0101265,2022-01-21,286000,271000,4.199,30,305,1398.42,0.606,447000,0
M0101266,C0101266,2019-11-04,403000,371000,4.152,30,278,1959.47,0.471,788000,0
M0101267,C0101267,2022-07-03,230000,219000,5.855,30,310,1357.6,0.541,405000,0
M0101268,C0101268,2021-08-26,343000,323000,6.303,30,300,2123.75,0.52,621000,0
M0101269,C0101269,2023-12-18,342000,331000,5.888,30,328,2025.9,0.56,591000,0
M0101270,C0101270,2024-05-26,720000,701000,4.376,30,333,3595.28,0.743,944000,0
M0101271,C0101271,2024-04-06,798000,775000,3.648,30,331,3649.63,0.509,1522000,0
M0101272,C0101272,2020-01-21,304000,280000,3.251,30,281,1323.19,0.636,440000,0
M0101273,C0101273,2021-02-03,503000,470000,4.159,30,293,2447.73,0.706,666000,0
M0101274,C0101274,2023-07-25,355000,342000,4.371,30,323,1771.63,0.499,685000,0
M0101275,C0101275,2025-04-22,482000,474000,4.995,30,344,2586.01,0.675,702000,0
M0101276,C0101276,2020-07-18,397000,369000,5.788,30,287,2326.38,0.466,791000,0
M0101277,C0101277,2023-12-28,474000,459000,5.075,30,328,2566.31,0.511,898000,0
M0101278,C0101278,2024-04-07,502000,488000,7.243,30,331,3422.14,0.556,877000,0
M0101279,C0101279,2021-06-29,405000,380000,8.0,30,298,2971.75,0.49,776000,0
M0101280,C0101280,2024-12-16,351000,337000,5.383,15,160,2846.22,0.516,653000,0
M0101281,C0101281,2024-06-10,552000,537000,3.395,30,333,2446.49,0.558,962000,0
M0101282,C0101282,2022-09-12,306000,292000,4.909,30,313,1625.7,0.565,517000,0
M0101283,C0101283,2024-12-28,246000,241000,5.207,30,340,1351.88,0.543,444000,0
M0101284,C0101284,2020-03-20,151000,140000,6.255,30,283,930.22,0.667,210000,0
M0101285,C0101285,2019-10-21,405000,372000,4.03,30,278,1940.54,0.526,707000,0
M0101286,C0101286,2020-09-18,463000,431000,3.715,30,289,2135.04,0.72,599000,0
M0101287,C0101287,2022-04-22,138000,131000,5.788,30,308,808.66,0.498,263000,0
M0101288,C0101288,2022-06-05,241000,217000,4.898,15,129,1893.03,0.507,428000,0
M0101289,C0101289,2024-02-01,477000,462000,4.881,30,329,2526.06,0.721,641000,0
M0101290,C0101290,2024-10-19,305000,292000,4.532,15,158,2338.22,0.485,602000,0
M0101291,C0101291,2024-10-09,337000,329000,5.056,30,337,1820.64,0.495,664000,0
M0101292,C0101292,2024-10-19,517000,506000,5.719,30,338,3006.9,0.584,866000,0
M0101293,C0101293,2025-08-27,310000,306000,2.857,30,348,1283.19,0.787,389000,0
M0101294,C0101294,2021-03-29,397000,372000,5.518,30,295,2258.61,0.493,754000,0
M0101295,C0101295,2021-03-15,191000,179000,6.256,30,295,1176.77,0.486,368000,0
M0101296,C0101296,2021-04-29,391000,367000,5.992,30,296,2342.23,0.694,529000,0
M0101297,C0101297,2023-07-22,168000,156000,7.818,15,143,1587.89,0.576,271000,0
M0101298,C0101298,2025-01-31,171000,168000,5.019,30,341,919.95,0.505,333000,0
M0101299,C0101299,2024-07-12,255000,249000,5.398,30,335,1431.59,0.519,480000,0
M0101300,C0101300,2020-10-11,431000,401000,6.901,30,290,2838.85,0.473,847000,0
M0101301,C0101301,2020-04-12,336000,311000,5.559,30,284,1920.23,0.519,599000,0
M0101302,C0101302,2025-05-09,221000,218000,7.156,30,344,1493.54,0.686,318000,0
M0101303,C0101303,2021-07-10,508000,477000,6.399,30,298,3177.24,0.526,906000,0
M0101304,C0101304,2020-04-27,384000,355000,5.658,30,284,2218.53,0.588,604000,0
M0101305,C0101305,2020-11-02,553000,477000,5.487,15,110,4514.66,0.485,984000,0
M0101306,C0101306,2024-03-17,210000,204000,5.242,30,331,1158.59,0.605,337000,0
M0101307,C0101307,2021-10-06,671000,632000,5.462,30,301,3793.88,0.498,1268000,0
M0101308,C0101308,2020-10-14,723000,673000,4.57,30,290,3693.47,0.544,1236000,0
M0101309,C0101309,2020-03-14,517000,478000,6.245,30,283,3181.58,0.603,793000,0
M0101310,C0101310,2021-08-13,418000,393000,7.606,30,300,2953.12,0.649,606000,0
M0101311,C0101311,2023-08-19,420000,390000,3.507,15,144,3003.95,0.518,753000,0
M0101312,C0101312,2021-09-08,387000,364000,6.797,30,300,2522.18,0.493,739000,0
M0101313,C0101313,2024-10-04,165000,161000,5.766,30,337,964.57,0.498,323000,0
M0101314,C0101314,2025-03-02,243000,239000,6.649,30,342,1559.81,0.511,468000,0
M0101315,C0101315,2025-08-28,311000,307000,4.854,30,348,1641.88,0.777,395000,0
M0101316,C0101316,2022-05-27,196000,186000,5.3,30,309,1088.4,0.557,334000,0
M0101317,C0101317,2025-06-29,672000,663000,6.892,30,346,4422.2,0.552,1202000,0
M0101318,C0101318,2024-11-19,421000,412000,5.446,30,339,2376.15,0.692,595000,0
M0101319,C0101319,2020-07-30,799000,742000,6.407,30,287,5001.45,0.627,1183000,0
M0101320,C0101320,2023-03-30,487000,467000,4.853,30,319,2570.74,0.535,873000,0
M0101321,C0101321,2022-01-04,163000,154000,5.282,30,304,903.33,0.484,318000,0
M0101322,C0101322,2023-01-21,630000,603000,6.06,30,317,3801.5,0.685,880000,0
M0101323,C0101323,2025-06-04,262000,258000,5.945,30,345,1561.57,0.544,474000,0
M0101324,C0101324,2022-02-20,648000,579000,6.41,15,126,5612.76,0.569,1017000,0
M0101325,C0101325,2025-01-21,697000,684000,5.125,30,341,3795.07,0.662,1034000,0
M0101326,C0101326,2021-09-01,644000,568000,5.5,15,120,5262.02,0.6,947000,0
M0101327,C0101327,2021-07-09,561000,527000,6.566,30,298,3570.29,0.503,1048000,0
M0101328,C0101328,2021-05-31,407000,382000,7.087,30,297,2731.6,0.726,526000,0
M0101329,C0101329,2023-05-23,326000,313000,4.577,30,321,1666.74,0.531,590000,0
M0101330,C0101330,2022-10-29,841000,765000,6.807,15,134,7468.69,0.629,1216000,0
M0101331,C0101331,2021-01-20,376000,351000,4.654,30,293,1939.7,0.628,559000,0
M0101332,C0101332,2023-01-23,270000,259000,5.729,30,317,1572.05,0.537,482000,0
M0101333,C0101333,2020-01-30,409000,377000,5.81,30,281,2402.43,0.569,662000,0
M0101334,C0101334,2021-10-18,582000,549000,4.964,30,302,3111.51,0.729,753000,0
M0101335,C0101335,2021-03-01,571000,534000,5.305,30,294,3172.56,0.507,1053000,0
M0101336,C0101336,2021-09-14,190000,168000,3.554,15,121,1363.32,0.556,302000,0
M0101337,C0101337,2024-08-10,563000,549000,6.297,30,335,3483.72,0.631,870000,0
M0101338,C0101338,2022-11-30,463000,443000,5.195,30,315,2540.95,0.575,771000,0
M0101339,C0101339,2021-10-20,276000,260000,5.454,30,302,1559.14,0.537,484000,0
M0101340,C0101340,2022-08-06,217000,207000,4.87,30,311,1147.72,0.487,425000,0
M0101341,C0101341,2022-02-16,670000,634000,6.301,30,306,4147.55,0.729,870000,0
M0101342,C0101342,2020-04-05,704000,651000,5.704,30,283,4087.8,0.527,1236000,0
M0101343,C0101343,2020-08-12,718000,667000,4.236,30,288,3526.25,0.68,981000,0
M0101344,C0101344,2024-05-30,170000,165000,5.376,30,333,952.06,0.775,213000,0
M0101345,C0101345,2024-06-30,295000,287000,4.361,30,334,1470.46,0.52,552000,0
M0101346,C0101346,2024-10-28,337000,330000,5.522,30,338,1918.1,0.498,662000,0
M0101347,C0101347,2021-05-21,695000,652000,6.251,30,297,4279.69,0.634,1029000,0
M0101348,C0101348,2022-09-23,491000,468000,5.712,30,313,2853.5,0.598,783000,0
M0101349,C0101349,2022-02-06,293000,277000,5.978,30,305,1752.54,0.558,496000,0
M0101350,C0101350,2020-06-30,355000,329000,6.663,30,286,2282.03,0.545,604000,0
M0101351,C0101351,2022-11-01,468000,447000,4.599,30,314,2398.9,0.509,878000,1
M0101352,C0101352,2021-12-02,476000,449000,5.017,30,303,2560.22,0.625,718000,0
M0101353,C0101353,2023-12-14,759000,735000,3.52,30,328,3416.73,0.568,1295000,0
M0101354,C0101354,2020-09-21,679000,632000,5.083,30,289,3679.54,0.708,893000,0
M0101355,C0101355,2025-07-16,611000,603000,4.825,30,347,3214.94,0.528,1141000,0
M0101356,C0101356,2022-03-27,224000,212000,6.219,30,307,1374.69,0.542,391000,0
M0101357,C0101357,2020-11-12,231000,215000,6.007,30,291,1386.0,0.547,393000,0
M0101358,C0101358,2021-05-28,200000,188000,7.151,30,297,1350.95,0.726,259000,0
M0101359,C0101359,2025-01-19,405000,397000,4.948,30,341,2161.27,0.762,521000,0
M0101360,C0101360,2020-07-31,259000,241000,5.936,30,287,1542.19,0.709,340000,0
M0101361,C0101361,2023-06-08,441000,424000,6.314,30,321,2733.7,0.675,628000,0
M0101362,C0101362,2022-07-31,475000,452000,8.0,30,311,3485.38,0.606,746000,0
M0101363,C0101363,2022-09-21,371000,337000,5.979,15,133,3126.5,0.576,585000,0
M0101364,C0101364,2023-08-19,516000,498000,5.447,30,324,2912.66,0.705,706000,0
M0101365,C0101365,2023-09-20,241000,233000,5.638,30,325,1389.31,0.612,381000,0
M0101366,C0101366,2020-03-20,159000,147000,6.012,30,283,954.51,0.565,260000,0
M0101367,C0101367,2021-09-22,234000,220000,7.011,30,301,1558.54,0.71,310000,0
M0101368,C0101368,2019-09-29,506000,465000,5.032,30,277,2726.22,0.684,680000,0
M0101369,C0101369,2023-09-23,835000,806000,4.718,30,325,4339.66,0.534,1510000,0
M0101370,C0101370,2023-11-30,698000,675000,8.0,30,327,5121.68,0.484,1395000,0
M0101371,C0101371,2022-08-08,301000,272000,4.261,15,131,2266.03,0.651,418000,0
M0101372,C0101372,2022-01-14,539000,510000,6.441,30,305,3385.96,0.592,861000,0
M0101373,C0101373,2025-02-15,167000,164000,5.958,30,342,996.74,0.707,232000,0
M0101374,C0101374,2023-07-12,724000,697000,5.854,30,322,4273.02,0.744,937000,0
M0101375,C0101375,2023-02-03,434000,416000,4.15,30,317,2109.69,0.692,601000,0
M0101376,C0101376,2025-03-08,496000,479000,8.0,15,162,4740.03,0.635,754000,0
M0101377,C0101377,2022-03-15,129000,122000,5.694,30,307,748.23,0.57,214000,0
M0101378,C0101378,2024-12-21,422000,414000,4.933,30,340,2248.14,0.597,693000,0
M0101379,C0101379,2020-07-12,842000,781000,4.037,30,287,4037.82,0.584,1337000,0
M0101380,C0101380,2022-08-03,389000,370000,3.288,30,311,1701.08,0.626,591000,0
M0101381,C0101381,2024-08-10,321000,313000,6.275,30,335,1981.67,0.635,493000,0
M0101382,C0101382,2022-07-25,295000,267000,4.579,15,131,2268.66,0.724,369000,0
M0101383,C0101383,2023-09-01,234000,226000,5.205,30,324,1285.64,0.681,332000,0
M0101384,C0101384,2023-01-22,351000,336000,4.837,30,317,1849.43,0.693,485000,0
M0101385,C0101385,2024-02-22,183000,178000,6.092,30,330,1108.02,0.576,309000,0
M0101386,C0101386,2023-02-25,421000,386000,5.928,15,138,3536.28,0.579,667000,0
M0101387,C0101387,2024-10-12,585000,572000,6.327,30,338,3631.29,0.692,827000,0
M0101388,C0101388,2023-12-14,271000,262000,6.369,30,328,1689.62,0.718,365000,0
M0101389,C0101389,2023-05-21,407000,391000,4.712,30,321,2113.79,0.547,715000,0
M0101390,C0101390,2021-01-08,325000,303000,4.019,30,292,1555.16,0.484,626000,0
M0101391,C0101391,2020-04-01,409000,378000,5.337,30,283,2280.6,0.641,590000,0
M0101392,C0101392,2020-06-12,530000,453000,6.069,15,106,4492.22,0.499,907000,0
M0101393,C0101393,2023-06-18,413000,397000,5.619,30,322,2375.9,0.701,566000,0
M0101394,C0101394,2023-06-25,517000,498000,3.444,30,322,2305.43,0.673,740000,0
M0101395,C0101395,2024-01-24,436000,423000,5.563,30,329,2492.82,0.699,605000,0
M0101396,C0101396,2022-08-18,517000,492000,4.399,30,312,2588.63,0.575,856000,0
M0101397,C0101397,2019-12-14,394000,363000,5.524,30,280,2243.03,0.719,505000,0
M0101398,C0101398,2024-03-21,397000,386000,6.561,30,331,2525.26,0.608,635000,0
M0101399,C0101399,2021-05-29,475000,446000,2.8,30,297,1951.75,0.487,915000,1
M0101400,C0101400,2024-03-06,324000,314000,7.158,30,330,2190.07,0.715,439000,0
M0101401,C0101401,2023-06-25,421000,389000,4.349,15,142,3188.23,0.546,713000,0
M0101402,C0101402,2022-07-23,215000,205000,6.595,30,311,1372.41,0.745,275000,0
M0101403,C0101403,2021-03-15,136000,127000,6.425,30,295,852.92,0.562,226000,0
M0101404,C0101404,2020-08-27,352000,327000,5.169,30,288,1926.13,0.504,649000,0
M0101405,C0101405,2021-11-13,225000,212000,6.0,30,303,1348.99,0.675,314000,0
M0101406,C0101406,2022-01-24,882000,834000,4.728,30,305,4589.24,0.615,1356000,0
M0101407,C0101407,2020-07-27,225000,209000,3.602,30,287,1023.2,0.594,352000,1
M0101408,C0101408,2021-12-13,492000,465000,6.752,30,304,3191.76,0.498,933000,0
M0101409,C0101409,2025-01-11,235000,230000,4.749,30,341,1225.73,0.764,301000,0
M0101410,C0101410,2025-05-20,331000,326000,7.481,30,345,2310.1,0.663,492000,0
M0101411,C0101411,2022-06-17,192000,183000,6.471,30,310,1209.91,0.72,254000,0
M0101412,C0101412,2025-08-22,183000,181000,4.571,30,348,934.97,0.567,319000,0
M0101413,C0101413,2021-06-27,387000,340000,6.147,15,118,3296.54,0.537,633000,0
M0101414,C0101414,2021-01-12,275000,257000,6.081,30,293,1663.11,0.566,454000,0
M0101415,C0101415,2019-09-19,486000,446000,7.395,30,277,3363.31,0.665,671000,0
M0101416,C0101416,2025-07-24,625000,617000,4.962,30,347,3340.64,0.646,955000,0
M0101417,C0101417,2022-02-02,151000,143000,5.245,30,305,833.36,0.497,288000,0
M0101418,C0101418,2020-02-04,566000,522000,5.977,30,281,3385.09,0.538,970000,0
M0101419,C0101419,2024-11-07,203000,194000,5.52,15,158,1660.83,0.504,385000,0
M0101420,C0101420,2021-01-16,277000,259000,3.971,30,293,1317.81,0.543,477000,0
M0101421,C0101421,2019-11-15,163000,150000,6.616,30,279,1042.74,0.547,274000,0
M0101422,C0101422,2025-04-12,165000,162000,7.258,30,344,1126.49,0.511,317000,0
M0101423,C0101423,2022-12-12,124000,119000,5.669,30,316,717.26,0.589,202000,0
M0101424,C0101424,2025-04-06,268000,264000,4.1,30,343,1294.97,0.551,479000,0
M0101425,C0101425,2022-10-08,338000,307000,5.376,15,133,2739.55,0.678,453000,0
M0101426,C0101426,2020-07-28,272000,253000,4.5,30,287,1378.18,0.669,378000,0
M0101427,C0101427,2024-03-06,134000,130000,5.215,30,330,737.05,0.61,213000,0
M0101428,C0101428,2020-12-10,123000,115000,5.704,30,291,714.2,0.622,185000,0
M0101429,C0101429,2020-10-26,329000,284000,6.222,15,110,2815.9,0.606,469000,0
M0101430,C0101430,2025-08-15,486000,480000,7.046,30,348,3248.4,0.659,728000,0
M0101431,C0101431,2022-07-10,371000,353000,6.19,30,310,2269.85,0.54,654000,0
M0101432,C0101432,2024-03-11,834000,810000,4.336,30,330,4144.88,0.561,1444000,0
M0101433,C0101433,2019-11-10,322000,296000,6.25,30,278,1982.61,0.687,431000,0
M0101434,C0101434,2021-07-10,384000,361000,5.186,30,298,2105.27,0.473,764000,0
M0101435,C0101435,2022-08-02,324000,308000,5.31,30,311,1801.2,0.536,575000,0
M0101436,C0101436,2021-10-18,222000,209000,5.485,30,302,1258.4,0.663,315000,0
M0101437,C0101437,2024-08-12,302000,295000,5.649,30,336,1743.06,0.743,397000,0
M0101438,C0101438,2022-09-03,498000,451000,6.614,15,132,4369.39,0.472,955000,0
M0101439,C0101439,2021-01-29,508000,475000,6.047,30,293,3061.08,0.614,773000,0
M0101440,C0101440,2020-01-12,392000,362000,4.196,30,281,1916.03,0.649,558000,0
M0101441,C0101441,2024-10-23,723000,691000,3.848,15,158,5293.04,0.654,1057000,0
M0101442,C0101442,2020-04-08,412000,381000,6.215,30,283,2527.38,0.637,598000,0
M0101443,C0101443,2023-12-31,386000,374000,6.093,30,328,2337.39,0.529,707000,0
M0101444,C0101444,2020-07-05,695000,645000,6.887,30,286,4571.23,0.535,1205000,0
M0101445,C0101445,2020-01-24,229000,211000,5.392,30,281,1284.76,0.61,346000,0
M0101446,C0101446,2020-12-06,669000,624000,5.808,30,291,3928.79,0.623,1002000,0
M0101447,C0101447,2019-11-04,201000,185000,6.025,30,278,1208.33,0.468,395000,0
M0101448,C0101448,2022-05-14,287000,273000,3.79,30,309,1335.66,0.549,497000,0
M0101449,C0101449,2021-01-15,131000,122000,3.727,30,293,604.97,0.519,235000,0
M0101450,C0101450,2020-04-02,372000,344000,6.309,30,283,2304.76,0.628,548000,0
M0101451,C0101451,2024-06-15,636000,619000,5.906,30,334,3774.79,0.489,1267000,0
M0101452,C0101452,2021-06-03,205000,192000,6.981,30,297,1361.26,0.518,371000,0
M0101453,C0101453,2021-04-01,285000,267000,7.528,30,295,1998.23,0.654,408000,0
M0101454,C0101454,2022-09-29,293000,279000,5.17,30,313,1603.47,0.49,569000,0
M0101455,C0101455,2022-02-19,294000,278000,5.112,30,306,1598.44,0.614,453000,1
M0101456,C0101456,2021-10-08,194000,183000,4.008,30,301,927.08,0.726,252000,0
M0101457,C0101457,2023-01-07,334000,305000,6.07,15,136,2831.13,0.597,511000,0
M0101458,C0101458,2022-02-15,719000,681000,3.236,30,306,3123.61,0.51,1335000,0
M0101459,C0101459,2023-01-08,255000,244000,4.433,30,316,1281.92,0.607,402000,0
M0101460,C0101460,2022-11-17,368000,352000,5.84,30,315,2168.63,0.583,604000,0
M0101461,C0101461,2022-12-24,366000,350000,4.775,30,316,1914.75,0.593,590000,0
M0101462,C0101462,2022-12-02,269000,245000,5.448,15,135,2190.54,0.463,529000,0
M0101463,C0101463,2023-10-07,377000,364000,5.272,30,325,2086.95,0.752,484000,0
M0101464,C0101464,2025-01-21,271000,266000,4.277,30,341,1337.44,0.673,395000,0
M0101465,C0101465,2022-06-21,404000,384000,3.228,30,310,1753.36,0.518,741000,0
M0101466,C0101466,2023-02-28,316000,303000,6.27,30,318,1949.78,0.741,409000,0
M0101467,C0101467,2025-06-23,162000,160000,5.304,30,346,900.0,0.653,245000,0
M0101468,C0101468,2022-07-11,133000,127000,5.874,30,310,786.66,0.502,253000,0
M0101469,C0101469,2020-08-10,113000,105000,5.436,30,287,637.07,0.7,150000,0
M0101470,C0101470,2024-02-29,267000,259000,5.416,30,330,1501.95,0.706,367000,0
M0101471,C0101471,2020-04-26,497000,460000,5.68,30,284,2878.29,0.619,743000,0
M0101472,C0101472,2022-06-16,228000,217000,5.288,30,310,1264.4,0.532,408000,0
M0101473,C0101473,2023-05-10,290000,279000,5.128,30,320,1579.55,0.63,443000,0
M0101474,C0101474,2020-06-21,236000,219000,4.394,30,286,1180.96,0.495,442000,1
M0101475,C0101475,2020-01-04,216000,182000,8.0,15,100,2064.21,0.672,271000,0
M0101476,C0101476,2020-02-26,986000,911000,6.608,30,282,6302.39,0.712,1280000,0
M0101477,C0101477,2021-01-16,220000,191000,7.14,15,113,1994.68,0.461,414000,0
M0101478,C0101478,2021-12-10,167000,158000,6.896,30,303,1099.42,0.615,257000,0
M0101479,C0101479,2020-08-12,210000,195000,5.193,30,288,1152.22,0.57,342000,0
M0101480,C0101480,2020-07-20,340000,316000,5.3,30,287,1888.04,0.482,656000,0
M0101481,C0101481,2020-05-09,246000,228000,5.503,30,284,1397.22,0.687,332000,0
M0101482,C0101482,2020-09-20,378000,352000,5.099,30,289,2052.12,0.542,650000,0
M0101483,C0101483,2023-08-28,227000,211000,6.466,15,144,1973.17,0.513,411000,0
M0101484,C0101484,2019-11-24,244000,225000,4.605,30,279,1251.58,0.578,389000,0
M0101485,C0101485,2020-10-28,230000,214000,4.326,30,290,1141.72,0.648,330000,0
M0101486,C0101486,2020-07-03,313000,290000,4.074,30,286,1507.69,0.732,396000,0
M0101487,C0101487,2024-10-29,468000,458000,5.144,30,338,2553.67,0.583,786000,0
M0101488,C0101488,2025-08-14,494000,488000,4.981,30,348,2646.17,0.71,687000,0
M0101489,C0101489,2019-11-03,662000,609000,4.819,30,278,3480.89,0.642,948000,0
M0101490,C0101490,2021-12-31,170000,161000,5.592,30,304,975.08,0.631,255000,0
M0101491,C0101491,2022-02-16,195000,185000,4.218,30,306,955.63,0.562,329000,0
M0101492,C0101492,2021-06-27,207000,194000,6.317,30,298,1283.57,0.49,396000,0
M0101493,C0101493,2021-07-14,327000,307000,4.293,30,299,1616.89,0.519,591000,0
M0101494,C0101494,2025-06-13,191000,188000,4.21,30,346,935.14,0.591,318000,0
M0101495,C0101495,2023-11-10,232000,224000,4.792,30,326,1216.1,0.727,308000,0
M0101496,C0101496,2022-06-16,461000,438000,5.348,30,310,2573.71,0.685,639000,0
M0101497,C0101497,2025-07-04,560000,552000,6.447,30,346,3520.08,0.679,813000,0
M0101498,C0101498,2020-05-21,463000,429000,5.418,30,285,2605.09,0.546,785000,0
M0101499,C0101499,2024-09-19,385000,376000,3.735,30,337,1779.72,0.555,677000,0
M0101500,C0101500,2023-02-13,235000,225000,6.036,30,318,1414.39,0.652,345000,0
M0101501,C0101501,2024-11-04,331000,324000,6.015,30,338,1987.71,0.586,553000,0
M0101502,C0101502,2025-04-27,580000,571000,4.862,30,344,3064.83,0.546,1046000,0
M0101503,C0101503,2023-01-17,456000,437000,5.688,30,317,2643.16,0.57,767000,1
M0101504,C0101504,2021-01-14,510000,476000,7.078,30,293,3419.8,0.472,1009000,0
M0101505,C0101505,2023-12-11,527000,510000,4.549,30,327,2685.6,0.692,737000,0
M0101506,C0101506,2022-12-12,278000,266000,6.557,30,316,1767.58,0.547,486000,0
M0101507,C0101507,2020-01-13,450000,415000,6.892,30,281,2961.29,0.717,579000,0
M0101508,C0101508,2023-06-12,271000,250000,5.693,15,142,2242.15,0.71,352000,0
M0101509,C0101509,2020-08-26,441000,410000,4.148,30,288,2143.2,0.743,552000,0
M0101510,C0101510,2019-10-11,605000,556000,6.938,30,277,3999.92,0.618,900000,0
M0101511,C0101511,2022-06-17,713000,678000,6.508,30,310,4510.4,0.748,907000,0
M0101512,C0101512,2022-01-11,441000,417000,6.103,30,305,2673.29,0.498,837000,0
M0101513,C0101513,2020-08-02,399000,371000,5.442,30,287,2250.98,0.571,650000,0
M0101514,C0101514,2021-08-15,656000,617000,6.773,30,300,4264.84,0.527,1170000,0
M0101515,C0101515,2022-03-10,213000,191000,4.565,15,126,1636.52,0.505,378000,0
M0101516,C0101516,2020-05-25,675000,625000,6.443,30,285,4241.19,0.483,1295000,0
M0101517,C0101517,2020-03-07,350000,297000,5.146,15,102,2794.47,0.64,464000,0
M0101518,C0101518,2023-11-15,351000,339000,3.656,30,327,1606.87,0.753,450000,0
M0101519,C0101519,2021-03-25,262000,245000,4.395,30,295,1311.22,0.524,468000,0
M0101520,C0101520,2024-02-20,182000,177000,5.944,30,330,1084.64,0.521,340000,0
M0101521,C0101521,2021-04-15,684000,641000,5.744,30,296,3989.03,0.744,861000,0
M0101522,C0101522,2025-03-06,401000,394000,5.988,30,342,2401.1,0.593,664000,0
M0101523,C0101523,2024-01-18,273000,265000,5.096,30,329,1481.58,0.626,423000,0
M0101524,C0101524,2020-12-11,390000,364000,5.732,30,292,2271.48,0.483,754000,0
M0101525,C0101525,2020-12-07,277000,258000,6.188,30,291,1694.38,0.525,491000,0
M0101526,C0101526,2022-11-19,140000,134000,8.0,30,315,1027.27,0.482,278000,0
M0101527,C0101527,2021-01-24,300000,280000,5.069,30,293,1623.14,0.617,454000,0
M0101528,C0101528,2022-10-13,162000,155000,6.627,30,314,1037.52,0.705,220000,0
M0101529,C0101529,2025-03-18,369000,363000,6.211,30,343,2262.65,0.543,668000,1
M0101530,C0101530,2020-10-29,724000,674000,5.635,30,290,4172.32,0.513,1313000,0
M0101531,C0101531,2025-05-08,238000,231000,4.069,15,164,1768.7,0.619,373000,0
M0101532,C0101532,2020-11-21,487000,454000,7.029,30,291,3249.51,0.67,678000,0
M0101533,C0101533,2020-05-31,238000,221000,5.774,30,285,1392.53,0.711,311000,0
M0101534,C0101534,2025-09-07,324000,320000,4.85,30,348,1709.72,0.57,561000,0
M0101535,C0101535,2019-10-30,211000,194000,4.527,30,278,1072.49,0.658,295000,0
M0101536,C0101536,2021-12-30,447000,422000,5.787,30,304,2619.09,0.723,584000,0
M0101537,C0101537,2022-01-26,643000,574000,4.468,15,125,4908.4,0.517,1111000,0
M0101538,C0101538,2023-10-02,361000,349000,4.874,30,325,1910.22,0.563,620000,0
M0101539,C0101539,2024-09-02,428000,408000,4.849,15,156,3351.03,0.579,705000,0
M0101540,C0101540,2025-07-24,428000,422000,5.551,30,347,2443.85,0.542,778000,0
M0101541,C0101541,2023-03-04,289000,277000,6.161,30,318,1762.73,0.631,439000,0
M0101542,C0101542,2020-12-14,630000,546000,5.151,15,112,5031.7,0.529,1032000,0
M0101543,C0101543,2025-07-27,253000,246000,5.266,15,167,2035.94,0.495,497000,0
M0101544,C0101544,2024-05-10,149000,145000,5.619,30,332,857.16,0.671,216000,0
M0101545,C0101545,2020-10-08,207000,178000,4.677,15,109,1602.33,0.64,278000,0
M0101546,C0101546,2023-01-26,446000,427000,4.854,30,317,2354.59,0.622,686000,0
M0101547,C0101547,2025-01-29,270000,265000,4.986,30,341,1447.11,0.604,439000,0
M0101548,C0101548,2019-10-22,343000,315000,5.817,30,278,2016.28,0.495,636000,0
M0101549,C0101549,2023-09-09,291000,271000,7.27,15,144,2659.71,0.577,470000,0
M0101550,C0101550,2024-08-20,359000,350000,4.13,30,336,1740.94,0.559,626000,0
M0101551,C0101551,2022-04-28,566000,537000,5.763,30,308,3307.7,0.558,962000,0
M0101552,C0101552,2025-03-09,703000,678000,5.248,15,162,5650.52,0.607,1117000,0
M0101553,C0101553,2021-07-06,202000,178000,5.313,15,118,1630.53,0.477,373000,0
M0101554,C0101554,2021-10-30,522000,492000,4.963,30,302,2790.42,0.704,699000,0
M0101555,C0101555,2020-04-04,362000,335000,6.755,30,283,2349.13,0.51,657000,0
M0101556,C0101556,2023-12-08,178000,172000,2.832,30,327,734.42,0.562,306000,0
M0101557,C0101557,2023-03-03,420000,385000,4.251,15,138,3159.78,0.468,823000,1
M0101558,C0101558,2021-09-07,826000,778000,6.699,30,300,5329.45,0.642,1212000,0
M0101559,C0101559,2024-07-20,227000,221000,6.781,30,335,1477.0,0.706,313000,0
M0101560,C0101560,2023-07-12,292000,281000,7.436,30,322,2028.93,0.655,429000,0
M0101561,C0101561,2025-01-16,147000,141000,5.837,15,161,1227.56,0.671,210000,0
M0101562,C0101562,2021-06-30,309000,290000,6.03,30,298,1858.58,0.495,586000,0
M0101563,C0101563,2021-09-30,355000,314000,3.451,15,121,2529.3,0.511,615000,0
M0101564,C0101564,2025-02-18,879000,863000,5.503,30,342,4992.52,0.602,1433000,0
M0101565,C0101565,2024-12-03,205000,197000,6.116,15,159,1742.78,0.531,371000,0
M0101566,C0101566,2023-04-18,531000,510000,4.963,30,320,2838.53,0.741,688000,0
M0101567,C0101567,2021-10-01,381000,359000,5.399,30,301,2139.19,0.615,584000,0
M0101568,C0101568,2020-12-17,1002000,868000,6.855,15,112,8925.23,0.574,1513000,0
M0101569,C0101569,2022-12-17,358000,342000,7.102,30,316,2406.36,0.492,695000,0
M0101570,C0101570,2020-11-17,319000,297000,5.775,30,291,1866.67,0.623,477000,0
M0101571,C0101571,2023-03-14,500000,480000,5.444,30,319,2821.4,0.65,738000,0
M0101572,C0101572,2022-02-21,419000,397000,6.302,30,306,2594.04,0.485,819000,0
M0101573,C0101573,2024-02-18,523000,492000,5.094,15,150,4161.51,0.503,978000,0
M0101574,C0101574,2021-11-07,434000,409000,6.648,30,302,2785.55,0.522,783000,0
M0101575,C0101575,2020-04-16,157000,145000,4.923,30,284,835.44,0.714,203000,0
M0101576,C0101576,2023-12-25,426000,399000,6.325,15,148,3670.06,0.652,612000,0
M0101577,C0101577,2021-05-27,421000,395000,5.478,30,297,2384.58,0.671,589000,0
M0101578,C0101578,2022-12-22,226000,216000,4.819,30,316,1188.34,0.507,426000,0
M0101579,C0101579,2022-07-20,379000,361000,5.895,30,311,2246.77,0.488,739000,0
M0101580,C0101580,2022-03-25,131000,124000,5.068,30,307,708.69,0.539,230000,0
M0101581,C0101581,2023-02-26,372000,341000,6.594,15,138,3259.77,0.484,704000,0
M0101582,C0101582,2021-09-14,462000,435000,4.406,30,301,2315.15,0.585,743000,0
M0101583,C0101583,2023-07-15,530000,510000,5.747,30,323,3091.93,0.712,716000,0
M0101584,C0101584,2024-09-18,465000,454000,4.695,30,337,2410.27,0.541,839000,0
M0101585,C0101585,2023-04-21,210000,193000,6.821,15,140,1866.59,0.48,402000,0
M0101586,C0101586,2023-01-19,158000,151000,6.286,30,317,976.54,0.503,300000,0
M0101587,C0101587,2020-07-30,525000,488000,5.451,30,287,2964.77,0.662,737000,0
M0101588,C0101588,2021-11-07,401000,356000,5.483,15,122,3272.89,0.451,790000,0
M0101589,C0101589,2023-03-04,419000,385000,7.353,15,138,3849.26,0.581,663000,0
M0101590,C0101590,2020-08-01,760000,706000,6.335,30,287,4721.55,0.573,1232000,1
M0101591,C0101591,2025-09-02,147000,145000,4.669,30,348,759.66,0.609,238000,0
M0101592,C0101592,2021-07-29,807000,759000,6.528,30,299,5115.66,0.663,1145000,0
M0101593,C0101593,2020-02-29,247000,228000,4.881,30,282,1308.04,0.57,400000,0
M0101594,C0101594,2021-07-13,495000,435000,5.668,15,119,4088.83,0.522,834000,1
M0101595,C0101595,2022-02-21,326000,309000,3.192,30,306,1408.42,0.486,636000,0
M0101596,C0101596,2022-07-06,276000,263000,6.396,30,310,1725.67,0.483,544000,0
M0101597,C0101597,2024-09-14,154000,150000,4.763,30,337,804.54,0.688,218000,0
M0101598,C0101598,2024-10-10,234000,229000,5.272,30,337,1295.35,0.722,317000,0
M0101599,C0101599,2024-12-08,414000,406000,3.968,30,339,1968.87,0.696,583000,0
M0101600,C0101600,2020-02-04,391000,361000,5.698,30,281,2268.87,0.623,579000,0
M0101601,C0101601,2023-06-10,528000,508000,5.578,30,321,3023.82,0.581,874000,0
M0101602,C0101602,2019-11-28,232000,195000,4.098,15,99,1727.49,0.528,369000,0
M0101603,C0101603,2022-01-10,476000,450000,5.536,30,304,2713.44,0.753,598000,0
M0101604,C0101604,2021-03-07,339000,295000,5.208,15,114,2717.66,0.677,436000,0
M0101605,C0101605,2020-01-25,450000,415000,6.846,30,281,2947.47,0.513,809000,0
M0101606,C0101606,2022-08-15,424000,404000,4.721,30,312,2204.38,0.51,792000,0
M0101607,C0101607,2025-05-15,259000,255000,6.027,30,345,1557.33,0.535,477000,0
M0101608,C0101608,2020-10-04,372000,346000,3.883,30,289,1750.98,0.742,466000,0
M0101609,C0101609,2023-08-01,413000,398000,5.588,30,323,2367.82,0.603,660000,0
M0101610,C0101610,2024-10-10,486000,475000,5.893,30,337,2880.47,0.501,948000,0
M0101611,C0101611,2024-02-26,696000,675000,5.948,30,330,4149.63,0.486,1389000,0
M0101612,C0101612,2019-10-02,239000,220000,5.369,30,277,1337.44,0.464,474000,0
M0101613,C0101613,2023-03-04,183000,168000,7.405,15,138,1686.57,0.481,349000,0
M0101614,C0101614,2022-03-28,624000,592000,5.103,30,307,3389.16,0.549,1079000,0
M0101615,C0101615,2020-12-12,172000,160000,6.03,30,292,1034.55,0.488,328000,0
M0101616,C0101616,2022-03-23,550000,521000,5.154,30,307,3004.5,0.49,1063000,0
M0101617,C0101617,2024-09-29,208000,203000,4.578,30,337,1063.57,0.58,350000,0
M0101618,C0101618,2025-03-10,239000,235000,4.194,30,342,1167.91,0.728,323000,0
M0101619,C0101619,2020-02-03,315000,291000,4.494,30,281,1594.94,0.669,435000,0
M0101620,C0101620,2024-06-28,159000,155000,6.165,30,334,970.22,0.554,280000,0
M0101621,C0101621,2024-02-28,202000,190000,6.96,15,150,1811.12,0.544,349000,0
M0101622,C0101622,2025-06-14,142000,140000,6.161,30,346,866.12,0.631,222000,0
M0101623,C0101623,2021-03-08,458000,429000,5.131,30,294,2495.44,0.702,611000,0
M0101624,C0101624,2022-08-29,326000,311000,4.809,30,312,1712.18,0.675,461000,0
M0101625,C0101625,2021-11-11,330000,311000,5.681,30,303,1911.35,0.472,659000,0
M0101626,C0101626,2024-08-03,318000,310000,4.355,30,335,1583.98,0.775,400000,0
M0101627,C0101627,2022-05-31,325000,309000,6.472,30,309,2048.24,0.507,609000,0
M0101628,C0101628,2022-05-23,258000,245000,5.906,30,309,1531.28,0.556,441000,0
M0101629,C0101629,2020-08-20,529000,454000,4.435,15,108,4029.26,0.67,678000,0
M0101630,C0101630,2021-06-03,136000,128000,7.141,30,297,917.73,0.601,213000,0
M0101631,C0101631,2022-01-21,159000,150000,4.173,30,305,775.03,0.507,296000,0
M0101632,C0101632,2021-09-04,646000,608000,5.557,30,300,3691.05,0.55,1106000,0
M0101633,C0101633,2021-01-02,375000,350000,6.417,30,292,2349.82,0.48,729000,0
M0101634,C0101634,2024-05-12,119000,116000,6.308,30,333,737.2,0.494,235000,0
M0101635,C0101635,2022-03-01,385000,365000,4.813,30,306,2022.99,0.507,720000,0
M0101636,C0101636,2020-01-18,148000,137000,5.046,30,281,798.66,0.515,266000,0
M0101637,C0101637,2021-05-18,628000,589000,4.449,30,297,3162.98,0.705,836000,0
M0101638,C0101638,2020-09-06,519000,483000,5.741,30,288,3025.78,0.51,947000,0
M0101639,C0101639,2025-05-30,935000,921000,6.402,30,345,5849.7,0.57,1615000,0
M0101640,C0101640,2020-09-01,282000,262000,3.4,30,288,1250.62,0.605,433000,0
M0101641,C0101641,2021-10-30,178000,158000,6.111,15,122,1512.76,0.482,328000,0
M0101642,C0101642,2024-08-10,250000,244000,4.959,30,335,1335.8,0.616,396000,0
M0101643,C0101643,2020-05-14,253000,234000,5.398,30,285,1420.36,0.52,450000,0
M0101644,C0101644,2020-06-07,397000,368000,4.329,30,285,1971.41,0.521,707000,0
M0101645,C0101645,2021-10-18,131000,124000,4.819,30,302,688.82,0.519,239000,0
M0101646,C0101646,2019-12-07,327000,275000,7.692,15,99,3067.12,0.557,494000,0
M0101647,C0101647,2020-10-16,197000,183000,5.128,30,290,1073.0,0.67,273000,0
M0101648,C0101648,2023-03-06,254000,244000,5.488,30,318,1440.27,0.535,456000,0
M0101649,C0101649,2019-10-03,654000,601000,4.494,30,277,3311.39,0.594,1012000,1
M0101650,C0101650,2022-11-06,541000,517000,8.0,30,314,3969.67,0.483,1071000,0
M0101651,C0101651,2024-10-04,472000,461000,6.012,30,337,2833.52,0.489,943000,0
M0101652,C0101652,2024-12-31,451000,442000,5.476,30,340,2553.94,0.501,883000,0
M0101653,C0101653,2021-07-25,287000,270000,6.512,30,299,1816.3,0.587,460000,0
M0101654,C0101654,2024-11-06,320000,313000,5.89,30,338,1895.99,0.499,627000,0
M0101655,C0101655,2020-04-26,149000,138000,5.311,30,284,828.42,0.726,190000,0
M0101656,C0101656,2020-02-15,177000,163000,5.359,30,282,989.38,0.531,307000,0
M0101657,C0101657,2025-07-11,349000,344000,3.807,30,346,1627.58,0.497,692000,0
M0101658,C0101658,2024-09-08,187000,183000,5.098,30,336,1015.09,0.779,235000,0
M0101659,C0101659,2024-08-27,463000,452000,4.944,30,336,2469.66,0.536,843000,0
M0101660,C0101660,2021-06-19,320000,300000,5.853,30,298,1888.42,0.552,543000,0
M0101661,C0101661,2024-03-14,282000,274000,5.267,30,331,1560.19,0.747,367000,0
M0101662,C0101662,2021-09-04,242000,228000,6.254,30,300,1490.67,0.669,341000,0
M0101663,C0101663,2020-06-02,411000,351000,5.61,15,105,3382.25,0.631,556000,0
M0101664,C0101664,2021-09-28,460000,433000,4.575,30,301,2351.3,0.52,832000,0
M0101665,C0101665,2019-11-02,211000,194000,7.138,30,278,1423.4,0.5,388000,0
M0101666,C0101666,2022-10-12,252000,240000,5.075,30,314,1364.36,0.481,499000,0
M0101667,C0101667,2020-03-21,298000,275000,6.11,30,283,1807.79,0.505,545000,0
M0101668,C0101668,2021-01-17,385000,360000,4.058,30,293,1850.95,0.509,707000,0
M0101669,C0101669,2022-11-08,382000,348000,6.347,15,134,3295.58,0.577,603000,0
M0101670,C0101670,2023-12-28,311000,301000,3.7,30,328,1431.48,0.708,425000,1
M0101671,C0101671,2021-09-10,467000,412000,7.631,15,120,4363.99,0.563,732000,0
M0101672,C0101672,2021-01-15,306000,286000,6.253,30,293,1884.69,0.703,407000,0
M0101673,C0101673,2025-01-27,163000,160000,5.261,30,341,901.2,0.521,307000,0
M0101674,C0101674,2023-10-21,640000,618000,6.129,30,326,3890.36,0.609,1014000,0
M0101675,C0101675,2019-10-29,535000,492000,4.106,30,278,2586.97,0.498,987000,0
M0101676,C0101676,2024-11-19,165000,162000,5.277,30,339,913.9,0.5,324000,0
M0101677,C0101677,2020-01-14,358000,330000,6.319,30,281,2220.36,0.609,542000,0
M0101678,C0101678,2024-11-27,628000,615000,6.13,30,339,3817.82,0.696,883000,0
M0101679,C0101679,2022-02-14,281000,266000,5.491,30,306,1593.9,0.66,403000,0
M0101680,C0101680,2023-10-26,482000,466000,5.847,30,326,2842.59,0.535,871000,0
M0101681,C0101681,2024-11-02,571000,559000,6.689,30,338,3680.37,0.684,817000,0
M0101682,C0101682,2024-05-11,375000,365000,6.295,30,332,2319.93,0.648,563000,0
M0101683,C0101683,2020-01-07,957000,882000,3.434,30,280,4262.18,0.54,1634000,0
M0101684,C0101684,2024-01-19,454000,426000,5.491,15,149,3707.39,0.592,719000,0
M0101685,C0101685,2020-04-29,345000,319000,5.521,30,284,1963.42,0.656,486000,0
M0101686,C0101686,2021-11-19,301000,284000,4.124,30,303,1458.62,0.586,485000,0
M0101687,C0101687,2019-10-04,320000,268000,4.339,15,97,2421.73,0.529,507000,0
M0101688,C0101688,2022-12-03,247000,236000,7.147,30,315,1667.75,0.549,430000,0
M0101689,C0101689,2022-08-26,188000,179000,4.701,30,312,975.15,0.613,292000,0
M0101690,C0101690,2025-03-18,209000,205000,5.034,30,343,1126.3,0.528,388000,0
M0101691,C0101691,2023-08-11,305000,283000,4.62,15,143,2351.98,0.651,435000,0
M0101692,C0101692,2022-02-18,490000,438000,5.955,15,126,4123.0,0.549,798000,0
M0101693,C0101693,2023-06-09,386000,371000,5.807,30,321,2266.59,0.519,715000,0
M0101694,C0101694,2024-08-30,357000,349000,7.632,30,336,2528.54,0.674,518000,0
M0101695,C0101695,2022-09-19,946000,858000,4.91,15,133,7436.63,0.636,1350000,0
M0101696,C0101696,2019-11-03,760000,699000,6.076,30,278,4593.79,0.547,1277000,0
M0101697,C0101697,2020-03-24,208000,192000,3.424,30,283,925.21,0.558,344000,0
M0101698,C0101698,2023-07-01,466000,449000,3.94,30,322,2208.67,0.491,915000,0
M0101699,C0101699,2024-12-04,181000,177000,6.965,30,339,1199.95,0.527,336000,0
M0101700,C0101700,2025-08-13,375000,370000,6.716,30,348,2423.77,0.667,555000,0
M0101701,C0101701,2021-10-22,165000,156000,5.988,30,302,987.99,0.696,224000,0
M0101702,C0101702,2021-07-27,242000,228000,6.739,30,299,1567.84,0.655,348000,0
M0101703,C0101703,2020-03-17,448000,414000,4.317,30,283,2221.5,0.595,696000,0
M0101704,C0101704,2022-03-22,261000,247000,7.318,30,307,1792.53,0.718,344000,0
M0101705,C0101705,2024-01-21,191000,185000,4.362,30,329,952.17,0.668,277000,0
M0101706,C0101706,2025-07-18,232000,226000,5.857,15,167,1939.87,0.526,430000,0
M0101707,C0101707,2022-07-19,204000,184000,8.0,15,131,1949.53,0.536,343000,0
M0101708,C0101708,2023-12-21,403000,390000,4.53,30,328,2049.13,0.757,515000,0
M0101709,C0101709,2020-12-07,598000,558000,6.983,30,291,3971.68,0.742,752000,0
M0101710,C0101710,2021-10-31,297000,280000,6.563,30,302,1889.56,0.613,457000,0
M0101711,C0101711,2022-08-11,548000,522000,4.913,30,311,2912.71,0.744,702000,0
M0101712,C0101712,2021-03-31,246000,230000,7.799,30,295,1770.71,0.632,364000,0
M0101713,C0101713,2022-07-14,312000,297000,4.497,30,311,1580.3,0.669,444000,0
M0101714,C0101714,2021-10-23,800000,754000,5.46,30,302,4522.26,0.584,1290000,0
M0101715,C0101715,2021-02-06,300000,280000,6.206,30,293,1838.58,0.56,500000,0
M0101716,C0101716,2025-04-10,560000,551000,5.395,30,343,3142.82,0.558,987000,0
M0101717,C0101717,2024-09-16,229000,224000,8.0,30,337,1680.32,0.624,359000,0
M0101718,C0101718,2022-10-27,324000,309000,4.116,30,314,1568.57,0.561,551000,0
M0101719,C0101719,2021-05-30,213000,200000,7.28,30,297,1457.37,0.548,365000,1
M0101720,C0101720,2023-03-12,339000,325000,3.011,30,318,1431.25,0.64,508000,0
M0101721,C0101721,2020-03-20,369000,341000,2.8,30,283,1516.2,0.629,542000,0
M0101722,C0101722,2019-10-31,478000,401000,5.558,15,98,3920.39,0.479,837000,0
M0101723,C0101723,2025-01-31,245000,240000,6.311,30,341,1518.24,0.69,348000,0
M0101724,C0101724,2021-09-19,301000,284000,7.139,30,301,2030.74,0.728,390000,0
M0101725,C0101725,2025-05-03,594000,585000,7.269,30,344,4059.78,0.764,766000,0
M0101726,C0101726,2020-12-31,179000,167000,5.72,30,292,1041.19,0.621,269000,0
M0101727,C0101727,2025-03-04,95000,93000,6.048,30,342,572.51,0.495,188000,0
M0101728,C0101728,2025-01-31,236000,232000,5.767,30,341,1379.78,0.607,382000,0
M0101729,C0101729,2021-04-15,445000,417000,7.179,30,296,3014.28,0.631,661000,0
M0101730,C0101730,2023-04-28,342000,329000,4.141,30,320,1660.68,0.549,599000,0
M0101731,C0101731,2023-05-09,203000,195000,4.769,30,320,1061.27,0.709,275000,0
M0101732,C0101732,2023-02-11,340000,326000,6.442,30,318,2136.08,0.504,647000,0
M0101733,C0101733,2022-11-29,273000,249000,6.658,15,135,2401.9,0.457,545000,0
M0101734,C0101734,2021-09-03,150000,141000,6.98,30,300,995.94,0.547,258000,0
M0101735,C0101735,2021-04-30,276000,259000,5.422,30,296,1553.62,0.7,370000,0
M0101736,C0101736,2019-12-24,476000,439000,4.952,30,280,2541.33,0.475,925000,0
M0101737,C0101737,2022-07-24,285000,258000,6.274,15,131,2447.38,0.679,380000,0
M0101738,C0101738,2020-08-19,154000,143000,4.294,30,288,761.56,0.688,208000,0
M0101739,C0101739,2022-02-05,777000,735000,7.333,30,305,5344.32,0.529,1389000,0
M0101740,C0101740,2025-04-15,199000,196000,4.947,30,344,1061.84,0.549,357000,0
M0101741,C0101741,2020-08-06,395000,367000,5.196,30,287,2168.01,0.654,561000,0
M0101742,C0101742,2023-01-24,498000,477000,6.326,30,317,3090.93,0.543,878000,0
M0101743,C0101743,2022-12-28,405000,387000,4.701,30,316,2100.73,0.491,788000,0
M0101744,C0101744,2020-09-04,292000,271000,4.236,30,288,1434.07,0.495,548000,0
M0101745,C0101745,2020-06-14,132000,122000,6.768,30,286,857.73,0.639,191000,0
M0101746,C0101746,2019-09-23,589000,493000,4.353,15,97,4461.69,0.555,888000,0
M0101747,C0101747,2022-07-24,183000,165000,5.786,15,131,1523.18,0.455,363000,0
M0101748,C0101748,2023-01-14,533000,510000,5.524,30,317,3034.35,0.599,852000,0
M0101749,C0101749,2023-04-15,571000,548000,3.411,30,320,2535.76,0.507,1081000,0
M0101750,C0101750,2023-09-04,178000,165000,4.349,15,144,1347.99,0.727,227000,0
M0101751,C0101751,2024-02-18,177000,172000,5.89,30,330,1048.72,0.761,226000,0
M0101752,C0101752,2023-10-15,269000,260000,6.856,30,326,1763.72,0.703,370000,0
M0101753,C0101753,2021-04-26,519000,486000,4.662,30,296,2679.89,0.644,755000,0
M0101754,C0101754,2023-11-30,243000,227000,4.525,15,147,1862.04,0.488,465000,0
M0101755,C0101755,2021-12-19,343000,324000,6.194,30,304,2099.43,0.695,466000,0
M0101756,C0101756,2024-03-26,255000,240000,6.382,15,151,2204.82,0.504,476000,0
M0101757,C0101757,2020-11-07,485000,452000,6.527,30,290,3074.15,0.527,858000,0
M0101758,C0101758,2023-03-05,239000,229000,5.743,30,318,1393.68,0.598,383000,0
M0101759,C0101759,2022-06-02,229000,218000,4.916,30,309,1217.59,0.58,376000,0
M0101760,C0101760,2019-11-13,196000,180000,6.362,30,279,1221.12,0.545,330000,0
M0101761,C0101761,2020-07-01,193000,179000,5.408,30,286,1084.72,0.628,285000,0
M0101762,C0101762,2023-09-13,558000,539000,6.238,30,325,3431.35,0.523,1031000,1
M0101763,C0101763,2023-12-22,274000,265000,4.929,30,328,1459.02,0.703,377000,0
M0101764,C0101764,2022-05-31,204000,194000,5.269,30,309,1128.9,0.693,280000,0
M0101765,C0101765,2021-04-26,142000,133000,6.089,30,296,859.5,0.547,243000,0
M0101766,C0101766,2019-11-23,286000,263000,3.237,30,279,1242.65,0.617,426000,0
M0101767,C0101767,2023-05-04,217000,209000,6.973,30,320,1439.77,0.763,274000,0
M0101768,C0101768,2022-03-21,198000,188000,5.445,30,307,1117.4,0.548,343000,0
M0101769,C0101769,2025-01-05,223000,214000,2.8,15,160,1518.64,0.518,413000,0
M0101770,C0101770,2021-04-25,348000,326000,5.686,30,296,2016.71,0.536,608000,0
M0101771,C0101771,2022-07-12,183000,165000,5.023,15,130,1449.35,0.561,294000,0
M0101772,C0101772,2021-10-22,281000,249000,4.353,15,122,2128.58,0.501,497000,0
M0101773,C0101773,2024-04-23,510000,496000,7.654,30,332,3619.93,0.615,806000,0
M0101774,C0101774,2023-02-14,249000,239000,6.421,30,318,1560.94,0.555,431000,0
M0101775,C0101775,2025-04-29,193000,190000,5.326,30,344,1074.86,0.629,302000,0
M0101776,C0101776,2023-07-26,556000,536000,5.56,30,323,3177.87,0.536,1000000,0
M0101777,C0101777,2023-07-09,314000,302000,5.794,30,322,1841.2,0.489,617000,0
M0101778,C0101778,2022-12-18,300000,287000,3.709,30,316,1382.38,0.529,543000,0
M0101779,C0101779,2019-11-02,425000,391000,8.0,30,278,3118.5,0.542,721000,0
M0101780,C0101780,2021-12-31,314000,297000,5.549,30,304,1792.52,0.696,427000,0
M0101781,C0101781,2020-05-02,339000,314000,7.489,30,284,2367.78,0.702,447000,0
M0101782,C0101782,2024-06-29,149000,145000,4.567,30,334,760.9,0.771,188000,0
M0101783,C0101783,2019-10-28,215000,181000,6.145,15,98,1831.18,0.52,348000,0
M0101784,C0101784,2022-01-27,832000,787000,4.198,30,305,4067.65,0.651,1209000,0
M0101785,C0101785,2025-07-11,195000,192000,2.8,30,346,801.24,0.714,269000,0
M0101786,C0101786,2020-07-09,339000,290000,6.495,15,106,2952.12,0.593,489000,0
M0101787,C0101787,2024-10-12,783000,766000,5.714,30,338,4551.48,0.496,1545000,0
M0101788,C0101788,2020-11-13,462000,431000,4.917,30,291,2456.73,0.659,654000,0
M0101789,C0101789,2024-04-15,379000,368000,2.8,30,332,1557.29,0.59,624000,0
M0101790,C0101790,2021-08-20,220000,207000,4.982,30,300,1178.59,0.474,437000,0
M0101791,C0101791,2021-04-12,240000,225000,5.801,30,296,1408.36,0.694,324000,0
M0101792,C0101792,2024-12-25,281000,275000,4.315,30,340,1393.06,0.684,402000,0
M0101793,C0101793,2019-10-31,388000,357000,5.645,30,278,2238.45,0.543,657000,0
M0101794,C0101794,2020-05-18,619000,573000,4.802,30,285,3248.43,0.516,1111000,0
M0101795,C0101795,2023-04-06,348000,334000,4.178,30,319,1697.31,0.508,658000,0
M0101796,C0101796,2024-03-16,246000,239000,5.343,30,331,1372.63,0.557,429000,0
M0101797,C0101797,2022-03-13,312000,296000,3.113,30,307,1334.5,0.747,396000,0
M0101798,C0101798,2020-12-13,425000,397000,6.052,30,292,2562.32,0.662,600000,0
M0101799,C0101799,2025-03-02,388000,381000,5.608,30,342,2229.38,0.591,645000,0
M0101800,C0101800,2024-10-12,289000,283000,6.165,30,338,1763.48,0.729,388000,0
M0101801,C0101801,2021-12-04,187000,166000,6.741,15,123,1653.85,0.656,253000,0
M0101802,C0101802,2023-12-23,562000,526000,5.222,15,148,4509.52,0.503,1045000,0
M0101803,C0101803,2020-04-19,288000,245000,2.8,15,104,1961.29,0.468,523000,0
M0101804,C0101804,2022-06-13,371000,353000,5.218,30,310,2041.33,0.679,520000,0
M0101805,C0101805,2021-09-29,234000,220000,4.24,30,301,1149.77,0.58,379000,0
M0101806,C0101806,2023-08-07,231000,223000,7.076,30,323,1548.66,0.487,458000,0
M0101807,C0101807,2021-10-12,420000,396000,5.092,30,302,2278.32,0.557,711000,0
M0101808,C0101808,2024-02-27,174000,169000,6.425,30,330,1091.23,0.542,312000,0
M0101809,C0101809,2022-10-10,183000,175000,7.107,30,313,1230.68,0.549,319000,0
M0101810,C0101810,2025-07-24,697000,688000,4.678,30,347,3605.69,0.631,1090000,0
M0101811,C0101811,2022-12-31,495000,474000,5.583,30,316,2836.39,0.514,922000,0
M0101812,C0101812,2021-02-07,404000,378000,5.543,30,293,2304.78,0.715,529000,0
M0101813,C0101813,2023-06-25,192000,185000,7.927,30,322,1399.07,0.566,327000,0
M0101814,C0101814,2025-05-07,366000,360000,6.893,30,344,2408.76,0.63,571000,0
M0101815,C0101815,2020-10-11,316000,294000,4.329,30,290,1569.18,0.488,602000,0
M0101816,C0101816,2023-12-17,263000,255000,4.828,30,328,1384.32,0.565,451000,0
M0101817,C0101817,2021-10-31,313000,295000,4.99,30,302,1678.34,0.648,455000,0
M0101818,C0101818,2021-05-23,160000,150000,4.607,30,297,820.9,0.514,292000,0
M0101819,C0101819,2023-11-25,116000,112000,5.152,30,327,633.53,0.626,179000,0
M0101820,C0101820,2023-12-07,380000,368000,4.917,30,327,2020.69,0.529,696000,0
M0101821,C0101821,2022-08-04,355000,321000,5.54,15,131,2908.19,0.677,474000,0
M0101822,C0101822,2022-11-27,372000,356000,5.373,30,315,2082.63,0.628,567000,0
M0101823,C0101823,2025-01-01,482000,472000,6.769,30,340,3132.33,0.584,808000,0
M0101824,C0101824,2025-03-15,423000,408000,4.662,15,163,3271.05,0.717,569000,0
M0101825,C0101825,2025-06-03,689000,679000,3.664,30,345,3157.34,0.605,1122000,0
M0101826,C0101826,2023-10-21,591000,571000,4.957,30,326,3157.1,0.506,1129000,0
M0101827,C0101827,2024-11-17,337000,330000,4.825,30,339,1773.22,0.755,437000,0
M0101828,C0101828,2021-02-26,355000,309000,7.121,15,114,3214.9,0.552,560000,0
M0101829,C0101829,2020-06-30,367000,340000,6.43,30,286,2302.82,0.502,677000,0
M0101830,C0101830,2020-12-03,152000,142000,6.928,30,291,1003.92,0.696,204000,0
M0101831,C0101831,2024-02-26,519000,504000,6.559,30,330,3300.6,0.753,669000,0
M0101832,C0101832,2023-09-11,439000,424000,3.33,30,324,1929.88,0.599,708000,0
M0101833,C0101833,2019-12-03,143000,132000,4.562,30,279,729.84,0.471,280000,0
M0101834,C0101834,2024-11-23,711000,696000,3.852,30,339,3334.04,0.562,1239000,0
M0101835,C0101835,2023-09-02,265000,256000,7.224,30,324,1803.1,0.51,502000,0
M0101836,C0101836,2023-01-13,308000,295000,6.424,30,317,1931.4,0.49,602000,0
M0101837,C0101837,2023-03-29,305000,293000,5.938,30,319,1816.49,0.587,499000,0
M0101838,C0101838,2020-01-22,301000,278000,4.874,30,281,1592.73,0.709,392000,0
M0101839,C0101839,2020-10-29,1085000,936000,4.999,15,110,8579.55,0.65,1440000,0
M0101840,C0101840,2019-10-21,288000,265000,4.554,30,278,1468.51,0.515,515000,0
M0101841,C0101841,2024-05-09,279000,271000,6.215,30,332,1711.51,0.556,487000,0
M0101842,C0101842,2025-04-16,331000,320000,5.614,15,164,2724.61,0.679,471000,0
M0101843,C0101843,2020-03-30,214000,198000,6.263,30,283,1319.44,0.509,389000,0
M0101844,C0101844,2024-11-13,379000,371000,5.96,30,339,2262.56,0.685,542000,0
M0101845,C0101845,2021-10-11,217000,205000,6.408,30,301,1358.48,0.565,363000,0
M0101846,C0101846,2020-05-10,421000,390000,6.068,30,284,2542.54,0.607,643000,0
M0101847,C0101847,2025-04-28,195000,192000,6.712,30,344,1259.84,0.553,347000,0
M0101848,C0101848,2021-12-22,244000,217000,6.314,15,124,2100.63,0.505,430000,0
M0101849,C0101849,2019-12-18,198000,182000,4.934,30,280,1054.93,0.492,370000,0
M0101850,C0101850,2019-12-10,251000,211000,6.038,15,99,2123.24,0.575,367000,0
M0101851,C0101851,2023-12-22,134000,130000,5.84,30,328,789.67,0.625,208000,0
M0101852,C0101852,2024-02-25,97000,94000,5.29,30,330,538.04,0.681,138000,0
M0101853,C0101853,2024-04-22,279000,271000,5.481,30,332,1580.81,0.59,459000,0
M0101854,C0101854,2022-02-12,152000,144000,6.608,30,306,971.56,0.738,195000,0
M0101855,C0101855,2020-04-23,780000,664000,6.095,15,104,6622.18,0.443,1498000,0
M0101856,C0101856,2020-03-24,274000,253000,6.524,30,283,1736.19,0.614,412000,0
M0101857,C0101857,2023-09-30,467000,435000,5.544,15,145,3826.69,0.622,699000,0
M0101858,C0101858,2022-08-08,383000,346000,6.765,15,131,3392.39,0.58,597000,0
M0101859,C0101859,2021-05-13,193000,169000,6.351,15,117,1665.47,0.585,289000,0
M0101860,C0101860,2021-08-24,266000,250000,4.613,30,300,1365.7,0.539,464000,0
M0101861,C0101861,2025-06-29,475000,468000,5.106,30,346,2580.76,0.505,927000,0
M0101862,C0101862,2020-05-20,459000,425000,4.565,30,285,2343.45,0.567,749000,0
M0101863,C0101863,2020-03-04,505000,467000,4.313,30,282,2502.96,0.498,938000,0
M0101864,C0101864,2021-11-17,236000,223000,8.0,30,303,1731.68,0.632,353000,0
M0101865,C0101865,2023-03-30,439000,421000,7.335,30,319,3020.11,0.614,686000,0
M0101866,C0101866,2020-12-13,242000,210000,6.771,15,112,2144.3,0.451,466000,0
M0101867,C0101867,2024-08-16,543000,530000,5.994,30,336,3253.47,0.757,700000,0
M0101868,C0101868,2024-05-14,535000,520000,4.904,30,333,2840.69,0.596,872000,0
M0101869,C0101869,2019-10-25,165000,152000,4.281,30,278,814.7,0.492,309000,0
M0101870,C0101870,2023-08-07,376000,362000,5.269,30,323,2080.71,0.565,641000,0
M0101871,C0101871,2021-04-01,190000,178000,4.708,30,295,986.33,0.706,252000,0
M0101872,C0101872,2023-04-17,496000,476000,6.285,30,320,3065.26,0.741,642000,0
M0101873,C0101873,2020-12-09,186000,174000,5.667,30,291,1075.66,0.49,355000,0
M0101874,C0101874,2020-11-17,385000,359000,6.442,30,291,2418.8,0.599,599000,0
M0101875,C0101875,2022-09-11,474000,452000,5.767,30,313,2771.26,0.597,757000,0
M0101876,C0101876,2023-06-02,339000,326000,3.64,30,321,1548.88,0.695,469000,0
M0101877,C0101877,2021-07-27,504000,474000,5.31,30,299,2801.87,0.587,807000,0
M0101878,C0101878,2024-06-21,379000,369000,5.926,30,334,2254.3,0.623,592000,0
M0101879,C0101879,2023-12-14,717000,694000,5.802,30,328,4207.93,0.527,1316000,0
M0101880,C0101880,2025-05-27,189000,186000,4.89,30,345,1001.93,0.747,249000,0
M0101881,C0101881,2022-08-04,270000,257000,4.961,30,311,1442.99,0.55,467000,0
M0101882,C0101882,2021-11-04,126000,119000,4.768,30,302,658.64,0.478,249000,0
M0101883,C0101883,2023-06-01,283000,272000,3.663,30,321,1296.69,0.655,415000,0
M0101884,C0101884,2021-03-16,181000,169000,5.468,30,295,1024.07,0.52,325000,0
M0101885,C0101885,2023-02-23,164000,157000,6.357,30,318,1021.22,0.724,217000,0
M0101886,C0101886,2024-06-11,151000,147000,4.977,30,333,808.48,0.605,243000,0
M0101887,C0101887,2025-09-02,259000,253000,4.134,15,168,1933.23,0.642,394000,0
M0101888,C0101888,2020-08-03,372000,346000,6.594,30,287,2374.34,0.52,666000,0
M0101889,C0101889,2020-11-01,416000,388000,6.999,30,290,2767.38,0.474,818000,0
M0101890,C0101890,2023-01-01,541000,518000,5.015,30,316,2909.17,0.525,986000,1
M0101891,C0101891,2024-05-22,525000,511000,4.468,30,333,2650.13,0.699,731000,0
M0101892,C0101892,2022-02-25,186000,176000,5.341,30,306,1037.61,0.507,347000,0
M0101893,C0101893,2022-11-09,226000,206000,5.809,15,134,1883.87,0.715,288000,0
M0101894,C0101894,2023-08-03,361000,348000,5.006,30,323,1939.25,0.547,636000,0
M0101895,C0101895,2021-09-29,364000,343000,3.773,30,301,1690.49,0.733,468000,0
M0101896,C0101896,2024-04-28,653000,635000,6.557,30,332,4151.91,0.517,1228000,0
M0101897,C0101897,2025-06-28,284000,280000,5.766,30,346,1660.23,0.514,545000,0
M0101898,C0101898,2024-09-14,481000,470000,7.204,30,337,3266.27,0.562,836000,0
M0101899,C0101899,2023-08-24,305000,294000,5.547,30,324,1740.76,0.673,437000,0
M0101900,C0101900,2020-09-25,392000,337000,7.12,15,109,3549.76,0.614,549000,0
M0101901,C0101901,2024-02-12,398000,374000,5.251,15,150,3199.64,0.664,563000,0
M0101902,C0101902,2019-12-07,324000,273000,4.835,15,99,2534.41,0.569,480000,0
M0101903,C0101903,2024-11-25,201000,197000,4.95,30,339,1072.88,0.602,327000,0
M0101904,C0101904,2019-09-17,376000,345000,7.507,30,277,2630.85,0.711,485000,0
M0101905,C0101905,2020-10-26,452000,421000,5.294,30,290,2508.29,0.508,828000,0
M0101906,C0101906,2025-04-15,346000,340000,7.24,30,344,2357.98,0.605,562000,0
M0101907,C0101907,2022-06-13,82000,78000,4.992,30,310,439.79,0.569,137000,0
M0101908,C0101908,2021-08-13,300000,282000,3.977,30,300,1428.27,0.541,521000,0
M0101909,C0101909,2022-12-17,460000,440000,6.269,30,316,2837.99,0.698,630000,0
M0101910,C0101910,2019-10-24,201000,185000,4.794,30,278,1053.85,0.541,342000,0
M0101911,C0101911,2024-11-25,559000,547000,5.834,30,339,3292.06,0.631,867000,0
M0101912,C0101912,2022-06-19,241000,229000,5.721,30,310,1401.97,0.593,386000,0
M0101913,C0101913,2022-08-13,279000,266000,5.705,30,312,1620.2,0.56,475000,0
M0101914,C0101914,2022-01-15,363000,343000,7.313,30,305,2491.83,0.66,520000,0
M0101915,C0101915,2024-02-04,207000,194000,5.778,15,149,1722.05,0.713,272000,0
M0101916,C0101916,2022-10-11,517000,493000,5.632,30,313,2978.43,0.611,807000,0
M0101917,C0101917,2024-12-08,617000,604000,5.11,30,339,3353.79,0.717,842000,0
M0101918,C0101918,2024-12-16,189000,185000,6.092,30,340,1144.35,0.749,247000,1
M0101919,C0101919,2022-07-16,299000,270000,5.991,15,131,2521.68,0.504,536000,0
M0101920,C0101920,2021-04-17,845000,792000,5.058,30,296,4566.14,0.548,1445000,0
M0101921,C0101921,2021-08-10,568000,534000,6.536,30,299,3603.6,0.686,778000,0
M0101922,C0101922,2019-12-18,146000,135000,5.275,30,280,808.48,0.572,236000,0
M0101923,C0101923,2025-05-10,587000,578000,6.138,30,344,3571.61,0.509,1136000,0
M0101924,C0101924,2023-02-05,80000,77000,4.041,30,317,383.83,0.497,155000,0
M0101925,C0101925,2025-05-11,446000,439000,6.505,30,344,2820.49,0.622,706000,0
M0101926,C0101926,2023-07-15,214000,198000,4.71,15,143,1660.15,0.478,414000,0
M0101927,C0101927,2021-04-08,412000,386000,6.243,30,295,2534.88,0.497,777000,0
M0101928,C0101928,2022-02-17,371000,351000,6.909,30,306,2445.64,0.705,498000,0
M0101929,C0101929,2024-06-16,350000,341000,5.951,30,334,2087.41,0.667,511000,0
M0101930,C0101930,2025-04-12,439000,432000,6.768,30,344,2852.6,0.679,636000,0
M0101931,C0101931,2024-10-10,256000,250000,4.314,30,337,1268.98,0.765,327000,0
M0101932,C0101932,2023-03-01,243000,233000,5.409,30,318,1365.89,0.577,404000,0
M0101933,C0101933,2019-12-05,522000,481000,4.787,30,279,2734.65,0.539,892000,0
M0101934,C0101934,2023-05-11,329000,303000,4.773,15,140,2562.97,0.715,424000,0
M0101935,C0101935,2024-08-13,247000,241000,3.764,30,336,1145.86,0.574,420000,0
M0101936,C0101936,2024-02-08,300000,291000,5.589,30,329,1720.16,0.688,423000,0
M0101937,C0101937,2021-08-04,287000,270000,6.535,30,299,1820.65,0.651,415000,0
M0101938,C0101938,2024-01-12,276000,267000,6.893,30,329,1816.44,0.761,351000,0
M0101939,C0101939,2020-10-23,409000,381000,4.338,30,290,2033.16,0.74,515000,0
M0101940,C0101940,2025-06-20,212000,206000,4.972,15,166,1673.39,0.557,370000,0
M0101941,C0101941,2023-09-22,701000,677000,4.685,30,325,3629.33,0.684,990000,0
M0101942,C0101942,2024-03-05,367000,356000,4.61,30,330,1883.6,0.492,723000,0
M0101943,C0101943,2022-12-02,131000,125000,5.174,30,315,717.23,0.496,252000,0
M0101944,C0101944,2023-04-27,376000,361000,5.522,30,320,2140.08,0.751,481000,0
M0101945,C0101945,2022-05-17,206000,196000,5.181,30,309,1128.75,0.508,386000,0
M0101946,C0101946,2023-09-22,323000,301000,3.968,15,145,2384.02,0.53,568000,0
M0101947,C0101947,2024-06-29,304000,296000,6.566,30,334,1934.7,0.626,473000,0
M0101948,C0101948,2021-11-01,460000,434000,5.696,30,302,2668.68,0.663,655000,0
M0101949,C0101949,2023-12-03,457000,442000,5.933,30,327,2720.29,0.577,766000,0
M0101950,C0101950,2020-06-11,366000,339000,5.996,30,285,2193.41,0.479,707000,0
M0101951,C0101951,2019-12-03,852000,785000,6.178,30,279,5206.08,0.69,1138000,0
M0101952,C0101952,2024-04-23,228000,222000,5.669,30,332,1318.84,0.502,442000,0
M0101953,C0101953,2024-01-21,649000,629000,4.583,30,329,3320.47,0.55,1143000,0
M0101954,C0101954,2019-12-26,658000,606000,7.167,30,280,4451.74,0.706,858000,0
M0101955,C0101955,2020-10-29,388000,361000,6.202,30,290,2376.88,0.574,629000,0
M0101956,C0101956,2023-01-05,412000,394000,4.513,30,316,2090.73,0.739,533000,0
M0101957,C0101957,2022-06-28,527000,501000,4.528,30,310,2679.01,0.538,931000,0
M0101958,C0101958,2024-03-30,280000,272000,7.689,30,331,1994.16,0.745,365000,0
M0101959,C0101959,2021-10-28,254000,240000,5.321,30,302,1413.79,0.612,392000,0
M0101960,C0101960,2020-01-28,261000,241000,4.755,30,281,1362.29,0.697,346000,0
M0101961,C0101961,2022-12-15,379000,362000,4.917,30,316,2015.37,0.485,747000,0
M0101962,C0101962,2023-02-03,259000,248000,5.996,30,317,1552.17,0.656,378000,0
M0101963,C0101963,2022-03-03,228000,216000,4.977,30,306,1220.75,0.584,370000,0
M0101964,C0101964,2020-10-09,195000,182000,5.647,30,289,1125.24,0.655,278000,0
M0101965,C0101965,2022-06-17,200000,180000,8.0,15,130,1911.3,0.539,334000,0
M0101966,C0101966,2023-01-17,238000,228000,3.772,30,317,1105.19,0.719,317000,0
M0101967,C0101967,2022-10-22,241000,230000,5.053,30,314,1301.56,0.537,428000,0
M0101968,C0101968,2025-08-14,346000,342000,5.567,30,348,1979.12,0.717,477000,0
M0101969,C0101969,2020-11-18,222000,207000,3.56,30,291,1004.33,0.475,436000,0
M0101970,C0101970,2023-07-23,419000,404000,6.069,30,323,2530.73,0.572,706000,0
M0101971,C0101971,2020-06-02,877000,813000,6.485,30,285,5534.59,0.48,1693000,0
M0101972,C0101972,2023-06-22,612000,589000,3.973,30,322,2912.26,0.733,804000,0
M0101973,C0101973,2024-03-01,193000,187000,5.41,30,330,1084.96,0.654,286000,0
M0101974,C0101974,2020-05-23,282000,261000,5.701,30,285,1636.91,0.555,470000,0
M0101975,C0101975,2024-11-18,174000,170000,6.132,30,339,1058.03,0.576,295000,0
M0101976,C0101976,2021-01-12,361000,313000,8.0,15,113,3449.9,0.469,668000,0
M0101977,C0101977,2020-10-31,372000,321000,4.685,15,110,2881.07,0.684,469000,0
M0101978,C0101978,2024-05-13,358000,348000,6.091,30,333,2167.38,0.545,638000,0
M0101979,C0101979,2024-06-04,194000,189000,5.36,30,333,1084.53,0.585,323000,0
M0101980,C0101980,2023-09-13,237000,229000,5.172,30,325,1297.3,0.49,467000,0
M0101981,C0101981,2020-07-02,529000,491000,5.518,30,286,3009.58,0.501,980000,0
M0101982,C0101982,2023-08-19,400000,386000,5.952,30,324,2385.87,0.653,591000,0
M0101983,C0101983,2025-01-30,212000,208000,5.511,30,341,1205.18,0.776,268000,0
M0101984,C0101984,2023-04-08,172000,165000,5.803,30,319,1009.54,0.575,287000,0
M0101985,C0101985,2025-02-24,316000,310000,5.412,30,342,1776.81,0.598,518000,0
M0101986,C0101986,2022-07-03,308000,293000,4.469,30,310,1554.92,0.499,587000,0
M0101987,C0101987,2024-08-10,172000,168000,6.408,30,335,1076.77,0.737,228000,0
M0101988,C0101988,2024-01-10,281000,272000,6.629,30,328,1800.02,0.573,475000,0
M0101989,C0101989,2025-08-17,257000,251000,6.579,15,168,2249.92,0.489,513000,0
M0101990,C0101990,2025-07-28,244000,241000,6.242,30,347,1501.08,0.777,310000,0
M0101991,C0101991,2021-03-19,265000,248000,4.647,30,295,1365.96,0.725,342000,0
M0101992,C0101992,2020-02-29,376000,347000,4.451,30,282,1894.21,0.737,471000,0
M0101993,C0101993,2023-04-26,343000,316000,6.508,15,140,2989.41,0.712,444000,0
M0101994,C0101994,2025-08-03,614000,606000,4.175,30,347,2993.61,0.695,872000,0
M0101995,C0101995,2020-01-11,362000,334000,4.746,30,281,1887.49,0.529,631000,0
M0101996,C0101996,2023-03-31,490000,451000,7.861,15,139,4643.46,0.566,797000,0
M0101997,C0101997,2023-07-04,169000,163000,6.059,30,322,1019.66,0.734,222000,0
M0101998,C0101998,2020-12-10,354000,330000,5.675,30,291,2049.01,0.615,537000,0
M0101999,C0101999,2021-06-25,272000,239000,3.463,15,118,1939.54,0.565,423000,0
M0102000,C0102000,2021-04-09,471000,441000,4.762,30,295,2460.37,0.542,813000,0
M0102001,C0102001,2021-08-07,372000,350000,6.42,30,299,2331.76,0.651,538000,0
M0102002,C0102002,2025-08-01,720000,711000,3.868,30,347,3382.82,0.787,903000,0
M0102003,C0102003,2023-10-01,206000,199000,5.943,30,325,1227.54,0.745,267000,0
M0102004,C0102004,2021-08-21,230000,203000,3.98,15,120,1698.98,0.686,296000,0
M0102005,C0102005,2020-05-06,389000,360000,4.814,30,284,2044.24,0.495,727000,0
M0102006,C0102006,2021-11-26,307000,273000,3.769,15,123,2235.47,0.704,388000,0
M0102007,C0102007,2023-04-24,204000,196000,5.605,30,320,1171.76,0.658,298000,0
M0102008,C0102008,2020-05-06,395000,366000,3.629,30,284,1802.29,0.613,597000,0
M0102009,C0102009,2022-05-23,256000,243000,5.408,30,309,1438.8,0.511,476000,0
M0102010,C0102010,2024-11-27,411000,402000,6.203,30,339,2518.05,0.534,753000,0
M0102011,C0102011,2023-04-23,140000,134000,5.72,30,320,814.34,0.536,250000,0
M0102012,C0102012,2020-08-15,283000,263000,6.011,30,288,1698.73,0.536,491000,0
M0102013,C0102013,2023-02-01,354000,339000,5.748,30,317,2065.4,0.566,599000,0
M0102014,C0102014,2022-05-24,357000,321000,5.4,15,129,2898.08,0.457,702000,0
M0102015,C0102015,2025-05-15,465000,458000,5.425,30,345,2618.38,0.786,583000,0
M0102016,C0102016,2021-10-01,290000,257000,5.822,15,121,2419.38,0.546,471000,0
M0102017,C0102017,2023-11-02,410000,396000,4.299,30,326,2028.73,0.553,716000,0
M0102018,C0102018,2025-02-19,317000,311000,5.064,30,342,1714.15,0.57,546000,0
M0102019,C0102019,2020-01-05,473000,436000,7.737,30,280,3384.38,0.464,939000,0
M0102020,C0102020,2023-03-30,152000,146000,6.033,30,319,914.54,0.529,276000,0
M0102021,C0102021,2020-09-17,89000,83000,6.874,30,289,584.61,0.55,151000,0
M0102022,C0102022,2021-06-29,613000,576000,5.874,30,298,3625.73,0.646,892000,0
M0102023,C0102023,2020-06-02,247000,229000,4.695,30,285,1280.29,0.482,475000,0
M0102024,C0102024,2023-02-07,140000,134000,5.165,30,317,765.73,0.641,209000,0
M0102025,C0102025,2021-06-03,302000,283000,3.583,30,297,1370.15,0.525,539000,0
M0102026,C0102026,2020-01-28,253000,214000,7.012,15,101,2275.73,0.563,380000,0
M0102027,C0102027,2021-10-12,394000,371000,6.485,30,302,2486.46,0.555,669000,0
M0102028,C0102028,2021-09-23,419000,395000,4.58,30,301,2142.97,0.599,659000,0
M0102029,C0102029,2020-04-23,266000,246000,6.341,30,284,1653.58,0.577,426000,0
M0102030,C0102030,2023-07-29,522000,503000,6.242,30,323,3211.33,0.619,813000,0
M0102031,C0102031,2022-06-22,179000,170000,5.585,30,310,1025.91,0.515,330000,0
M0102032,C0102032,2021-04-27,101000,95000,6.024,30,296,607.11,0.556,171000,0
M0102033,C0102033,2020-03-16,353000,326000,6.127,30,283,2145.32,0.567,575000,0
M0102034,C0102034,2020-12-01,288000,269000,5.923,30,291,1712.47,0.576,467000,0
M0102035,C0102035,2023-03-17,127000,117000,5.666,15,139,1048.92,0.576,203000,0
M0102036,C0102036,2020-12-22,444000,414000,5.594,30,292,2547.23,0.502,825000,0
M0102037,C0102037,2022-02-11,140000,133000,4.876,30,306,740.98,0.586,227000,0
M0102038,C0102038,2022-12-18,310000,297000,6.499,30,316,1959.21,0.592,502000,0
M0102039,C0102039,2022-11-14,481000,460000,7.68,30,315,3422.71,0.708,650000,0
M0102040,C0102040,2021-02-22,373000,349000,4.268,30,294,1838.87,0.652,535000,0
M0102041,C0102041,2025-08-01,362000,357000,5.538,30,347,2064.04,0.531,672000,0
M0102042,C0102042,2020-01-02,259000,239000,4.781,30,280,1355.91,0.494,484000,0
M0102043,C0102043,2024-07-03,357000,348000,6.105,30,334,2164.55,0.644,540000,0
M0102044,C0102044,2021-07-13,423000,372000,5.969,15,119,3562.43,0.629,591000,0
M0102045,C0102045,2020-02-18,237000,201000,5.648,15,102,1955.15,0.46,437000,0
M0102046,C0102046,2024-06-12,186000,176000,4.849,15,154,1456.29,0.489,360000,0
M0102047,C0102047,2022-02-10,486000,460000,4.98,30,306,2603.02,0.533,863000,0
M0102048,C0102048,2022-06-24,827000,786000,4.663,30,310,4270.76,0.62,1268000,0
M0102049,C0102049,2025-06-02,692000,671000,3.606,15,165,4983.09,0.599,1121000,1
M0102050,C0102050,2021-10-28,88000,83000,6.852,30,302,576.75,0.494,168000,0
M0102051,C0102051,2019-11-24,613000,564000,6.236,30,279,3768.77,0.675,836000,0
M0102052,C0102052,2020-05-06,239000,221000,6.919,30,284,1577.09,0.72,307000,0
M0102053,C0102053,2020-02-18,806000,744000,5.116,30,282,4384.1,0.478,1556000,0
M0102054,C0102054,2022-10-08,195000,186000,6.039,30,313,1174.02,0.569,327000,0
M0102055,C0102055,2021-06-05,186000,175000,4.568,30,297,949.96,0.545,321000,0
M0102056,C0102056,2024-04-10,320000,302000,4.873,15,151,2509.42,0.697,433000,0
M0102057,C0102057,2023-12-31,268000,260000,7.754,30,328,1920.73,0.541,481000,0
M0102058,C0102058,2020-02-12,275000,254000,5.09,30,282,1491.42,0.552,460000,0
M0102059,C0102059,2023-12-06,525000,508000,6.542,30,327,3332.87,0.644,789000,0
M0102060,C0102060,2021-05-13,608000,570000,5.776,30,297,3558.17,0.535,1065000,0
M0102061,C0102061,2020-07-05,204000,189000,3.966,30,286,969.93,0.478,395000,0
M0102062,C0102062,2021-12-04,744000,703000,5.352,30,303,4155.52,0.487,1443000,0
M0102063,C0102063,2025-05-02,177000,171000,5.916,15,164,1485.61,0.757,226000,0
M0102064,C0102064,2019-12-31,242000,223000,6.281,30,280,1494.92,0.699,319000,0
M0102065,C0102065,2024-04-10,1163000,1130000,3.534,30,331,5244.49,0.585,1930000,0
M0102066,C0102066,2019-10-03,394000,362000,4.438,30,277,1981.85,0.534,678000,0
M0102067,C0102067,2024-09-12,236000,231000,5.842,30,337,1391.06,0.502,460000,0
M0102068,C0102068,2023-08-16,374000,361000,4.465,30,324,1887.23,0.564,640000,0
M0102069,C0102069,2021-05-27,466000,437000,6.841,30,297,3050.71,0.508,861000,0
M0102070,C0102070,2025-05-18,388000,382000,5.432,30,345,2186.5,0.553,691000,0
M0102071,C0102071,2023-05-29,622000,598000,6.035,30,321,3743.21,0.61,980000,0
M0102072,C0102072,2020-04-17,213000,181000,6.925,15,104,1905.58,0.566,320000,0
M0102073,C0102073,2020-03-16,236000,218000,4.164,30,283,1149.13,0.534,408000,0
M0102074,C0102074,2022-06-12,210000,200000,6.009,30,310,1260.27,0.549,364000,0
M0102075,C0102075,2020-11-18,216000,201000,5.648,30,291,1246.56,0.613,328000,0
M0102076,C0102076,2020-12-08,335000,312000,5.682,30,291,1940.52,0.629,496000,0
M0102077,C0102077,2019-10-17,193000,177000,5.254,30,278,1066.23,0.689,257000,0
M0102078,C0102078,2023-02-07,379000,363000,5.675,30,317,2193.72,0.725,501000,0
M0102079,C0102079,2023-11-27,450000,435000,2.8,30,327,1849.02,0.735,592000,0
M0102080,C0102080,2020-06-08,178000,165000,6.869,30,285,1168.62,0.522,316000,0
M0102081,C0102081,2022-11-06,239000,228000,4.03,30,314,1145.16,0.579,394000,0
M0102082,C0102082,2022-02-07,254000,240000,7.452,30,305,1767.66,0.496,484000,0
M0102083,C0102083,2021-09-28,294000,277000,4.456,30,301,1481.98,0.707,392000,0
M0102084,C0102084,2020-11-22,302000,261000,4.408,15,111,2296.11,0.432,604000,0
M0102085,C0102085,2019-11-08,515000,474000,5.946,30,278,3069.83,0.579,818000,0
M0102086,C0102086,2023-06-27,535000,515000,5.799,30,322,3138.79,0.523,984000,0
M0102087,C0102087,2023-08-19,219000,203000,5.996,15,144,1847.57,0.653,311000,0
M0102088,C0102088,2020-06-03,463000,429000,5.898,30,285,2745.63,0.623,689000,0
M0102089,C0102089,2023-09-27,652000,630000,5.345,30,325,3638.83,0.72,875000,0
M0102090,C0102090,2021-10-19,600000,566000,5.096,30,302,3256.22,0.623,909000,0
M0102091,C0102091,2021-12-09,363000,343000,6.141,30,303,2209.38,0.618,555000,0
M0102092,C0102092,2023-01-25,319000,292000,4.739,15,137,2479.47,0.613,476000,0
M0102093,C0102093,2021-09-16,162000,153000,5.631,30,301,933.18,0.489,313000,0
M0102094,C0102094,2021-05-18,267000,250000,3.636,30,297,1219.31,0.496,504000,1
M0102095,C0102095,2024-07-25,155000,151000,5.779,30,335,907.4,0.733,206000,0
M0102096,C0102096,2024-07-29,580000,566000,5.608,30,335,3332.58,0.632,895000,0
M0102097,C0102097,2022-12-21,287000,275000,5.455,30,316,1621.46,0.644,427000,0
M0102098,C0102098,2020-07-14,314000,291000,7.377,30,287,2169.15,0.475,612000,0
M0102099,C0102099,2023-06-08,241000,232000,7.144,30,321,1626.75,0.566,410000,0
M0102100,C0102100,2022-11-21,162000,155000,6.506,30,315,1024.59,0.498,311000,0
M0102101,C0102101,2023-03-04,468000,449000,6.482,30,318,2952.54,0.615,730000,0
M0102102,C0102102,2020-12-16,421000,393000,5.616,30,292,2421.12,0.544,722000,0
M0102103,C0102103,2024-11-08,523000,512000,5.838,30,338,3081.39,0.723,708000,0
M0102104,C0102104,2022-01-28,136000,129000,5.976,30,305,813.29,0.709,182000,0
M0102105,C0102105,2021-10-23,634000,598000,6.163,30,302,3867.84,0.552,1084000,0
M0102106,C0102106,2024-06-19,308000,300000,5.579,30,334,1764.09,0.583,515000,0
M0102107,C0102107,2024-07-28,483000,471000,6.096,30,335,2925.71,0.508,927000,0
M0102108,C0102108,2021-06-17,88000,83000,5.571,30,298,503.58,0.535,155000,0
M0102109,C0102109,2025-07-18,402000,397000,5.964,30,347,2400.9,0.7,567000,0
M0102110,C0102110,2024-05-29,316000,308000,6.509,30,333,1999.21,0.595,518000,0
M0102111,C0102111,2022-09-21,294000,280000,4.778,30,313,1538.61,0.743,377000,0
M0102112,C0102112,2025-09-04,312000,308000,5.646,30,348,1800.19,0.567,543000,0
M0102113,C0102113,2025-06-19,243000,240000,5.583,30,346,1392.41,0.736,326000,0
M0102114,C0102114,2021-12-01,162000,144000,4.38,15,123,1229.38,0.569,253000,0
M0102115,C0102115,2021-09-14,174000,154000,7.03,15,121,1566.88,0.691,223000,0
M0102116,C0102116,2019-12-22,332000,306000,4.592,30,280,1700.39,0.527,581000,0
M0102117,C0102117,2022-02-18,631000,597000,7.076,30,306,4230.32,0.537,1112000,0
M0102118,C0102118,2025-01-05,570000,559000,4.023,30,340,2728.83,0.721,775000,0
M0102119,C0102119,2022-04-19,368000,349000,3.854,30,308,1726.06,0.687,508000,0
M0102120,C0102120,2025-07-19,257000,254000,5.13,30,347,1400.12,0.663,383000,0
M0102121,C0102121,2025-02-15,919000,902000,5.938,30,342,5473.29,0.492,1835000,0
M0102122,C0102122,2024-05-25,461000,449000,5.931,30,333,2743.51,0.508,883000,0
M0102123,C0102123,2024-12-14,441000,432000,6.922,30,340,2910.92,0.613,705000,0
M0102124,C0102124,2019-11-10,168000,155000,4.653,30,278,866.57,0.497,312000,0
M0102125,C0102125,2021-09-15,372000,350000,6.519,30,301,2355.94,0.751,466000,0
M0102126,C0102126,2022-03-10,177000,168000,3.676,30,306,812.3,0.709,237000,0
M0102127,C0102127,2025-07-03,928000,915000,4.436,30,346,4666.82,0.549,1667000,0
M0102128,C0102128,2024-11-10,215000,210000,5.21,30,338,1181.92,0.508,413000,0
M0102129,C0102129,2025-01-01,242000,237000,4.29,30,340,1196.17,0.734,323000,0
M0102130,C0102130,2021-12-18,237000,224000,6.102,30,304,1436.51,0.514,436000,0
M0102131,C0102131,2021-02-12,272000,254000,4.784,30,294,1424.46,0.722,352000,1
M0102132,C0102132,2022-01-13,458000,433000,6.603,30,305,2925.96,0.626,692000,0
M0102133,C0102133,2024-09-11,328000,320000,6.455,30,337,2063.49,0.534,599000,0
M0102134,C0102134,2024-02-16,335000,325000,4.757,30,330,1748.93,0.603,539000,0
M0102135,C0102135,2022-09-22,470000,448000,5.113,30,313,2555.62,0.527,850000,0
M0102136,C0102136,2023-01-19,153000,146000,5.402,30,317,859.33,0.652,224000,0
M0102137,C0102137,2025-02-08,476000,458000,6.99,15,161,4275.76,0.549,834000,0
M0102138,C0102138,2023-02-13,351000,322000,4.463,15,138,2678.49,0.498,647000,0
M0102139,C0102139,2024-04-15,231000,225000,2.889,30,332,960.13,0.697,323000,0
M0102140,C0102140,2024-07-11,350000,341000,5.034,30,334,1886.16,0.702,486000,0
M0102141,C0102141,2020-06-04,347000,322000,4.488,30,285,1755.72,0.724,445000,0
M0102142,C0102142,2024-12-14,88000,86000,3.815,30,340,410.79,0.637,135000,0
M0102143,C0102143,2021-03-07,652000,610000,5.459,30,294,3685.23,0.742,822000,0
M0102144,C0102144,2025-05-20,600000,591000,4.209,30,345,2937.26,0.599,987000,0
M0102145,C0102145,2024-07-26,171000,167000,5.872,30,335,1011.2,0.671,249000,0
M0102146,C0102146,2020-05-22,225000,208000,4.177,30,285,1097.27,0.464,448000,0
M0102147,C0102147,2024-05-30,645000,628000,8.0,30,333,4732.78,0.511,1228000,0
M0102148,C0102148,2025-05-05,457000,450000,6.665,30,344,2938.32,0.592,760000,0
M0102149,C0102149,2022-11-09,398000,380000,4.694,30,314,2062.74,0.496,766000,0
M0102150,C0102150,2024-03-25,408000,396000,4.652,30,331,2104.29,0.492,805000,0
M0102151,C0102151,2021-11-27,395000,373000,5.291,30,303,2191.25,0.555,672000,0
M0102152,C0102152,2022-05-14,192000,182000,6.31,30,309,1189.68,0.623,292000,0
M0102153,C0102153,2022-03-16,247000,234000,5.007,30,307,1327.01,0.496,472000,0
M0102154,C0102154,2025-06-15,540000,524000,4.222,15,166,4054.66,0.669,783000,0
M0102155,C0102155,2023-12-28,455000,441000,3.904,30,328,2147.13,0.648,681000,0
M0102156,C0102156,2025-06-18,378000,373000,5.479,30,346,2141.26,0.568,657000,0
M0102157,C0102157,2020-01-08,237000,200000,4.703,15,100,1837.72,0.662,302000,0
M0102158,C0102158,2025-02-18,537000,527000,5.811,30,342,3154.63,0.733,719000,0
M0102159,C0102159,2020-09-09,202000,188000,3.161,30,288,869.28,0.558,337000,0
M0102160,C0102160,2020-06-17,687000,637000,6.02,30,286,4127.75,0.685,930000,0
M0102161,C0102161,2021-10-15,228000,202000,5.147,15,122,1820.52,0.469,431000,0
M0102162,C0102162,2020-11-05,212000,198000,3.57,30,290,960.28,0.49,404000,0
M0102163,C0102163,2020-04-02,333000,283000,5.898,15,103,2791.73,0.52,544000,0
M0102164,C0102164,2020-04-23,365000,311000,6.048,15,104,3089.55,0.645,482000,0
M0102165,C0102165,2023-12-08,344000,333000,4.613,30,327,1766.17,0.663,502000,0
M0102166,C0102166,2021-02-09,169000,147000,6.211,15,113,1445.45,0.516,285000,0
M0102167,C0102167,2023-11-25,405000,392000,3.997,30,327,1932.83,0.75,523000,0
M0102168,C0102168,2024-12-02,535000,524000,2.976,30,339,2248.66,0.646,811000,0
M0102169,C0102169,2023-11-05,315000,305000,5.313,30,326,1751.75,0.7,436000,0
M0102170,C0102170,2020-01-15,151000,139000,4.524,30,281,767.25,0.547,254000,0
M0102171,C0102171,2024-09-25,295000,288000,4.129,30,337,1430.4,0.512,562000,0
M0102172,C0102172,2022-03-16,186000,176000,6.128,30,307,1130.52,0.492,358000,0
M0102173,C0102173,2024-11-09,125000,122000,5.736,30,338,728.35,0.739,165000,0
M0102174,C0102174,2022-11-12,249000,238000,7.304,30,315,1707.75,0.723,329000,0
M0102175,C0102175,2020-03-30,738000,682000,5.959,30,283,4405.25,0.515,1324000,0
M0102176,C0102176,2019-12-30,314000,289000,6.108,30,280,1904.45,0.734,394000,0
M0102177,C0102177,2020-07-21,286000,245000,4.539,15,107,2193.59,0.528,464000,0
M0102178,C0102178,2020-09-08,467000,434000,3.146,30,288,2005.85,0.533,815000,0
M0102179,C0102179,2022-05-28,445000,423000,7.676,30,309,3165.31,0.617,686000,0
M0102180,C0102180,2025-06-26,157000,155000,6.042,30,346,945.54,0.628,247000,0
M0102181,C0102181,2021-09-26,834000,786000,7.264,30,301,5697.27,0.596,1318000,0
M0102182,C0102182,2023-01-03,362000,346000,4.2,30,316,1770.24,0.649,533000,0
M0102183,C0102183,2024-04-07,516000,501000,6.607,30,331,3297.87,0.62,808000,0
M0102184,C0102184,2021-06-23,243000,213000,5.818,15,118,2026.76,0.473,450000,0
M0102185,C0102185,2025-07-23,123000,121000,6.669,30,347,791.16,0.524,231000,0
M0102186,C0102186,2024-10-11,309000,302000,6.138,30,338,1880.12,0.575,525000,0
M0102187,C0102187,2023-01-18,189000,181000,5.248,30,317,1043.43,0.649,279000,0
M0102188,C0102188,2024-08-07,589000,575000,5.809,30,335,3459.35,0.628,915000,0
M0102189,C0102189,2021-09-06,161000,152000,5.112,30,300,875.34,0.531,286000,0
M0102190,C0102190,2020-11-26,332000,310000,6.421,30,291,2081.25,0.582,533000,0
M0102191,C0102191,2021-08-15,442000,416000,4.625,30,300,2272.5,0.702,593000,0
M0102192,C0102192,2024-12-06,405000,397000,4.727,30,339,2107.06,0.561,708000,0
M0102193,C0102193,2022-01-27,255000,241000,5.323,30,305,1419.67,0.715,337000,0
M0102194,C0102194,2020-01-27,135000,125000,6.177,30,281,824.82,0.465,269000,0
M0102195,C0102195,2020-02-24,154000,142000,5.559,30,282,880.1,0.617,230000,0
M0102196,C0102196,2024-09-19,224000,219000,5.14,30,337,1221.72,0.713,307000,0
M0102197,C0102197,2024-06-10,162000,153000,6.662,15,153,1425.66,0.556,275000,0
M0102198,C0102198,2024-08-23,316000,308000,6.147,30,336,1924.55,0.537,574000,0
M0102199,C0102199,2024-02-12,224000,211000,4.995,15,150,1770.79,0.526,401000,0
M0102200,C0102200,2020-04-04,172000,159000,4.353,30,283,856.54,0.636,250000,0
M0102201,C0102201,2025-03-21,161000,158000,5.307,30,343,894.74,0.594,266000,0
M0102202,C0102202,2022-05-07,148000,140000,4.814,30,308,777.76,0.534,262000,0
M0102203,C0102203,2020-01-31,319000,294000,4.651,30,281,1645.07,0.495,594000,1
M0102204,C0102204,2020-10-01,227000,211000,6.325,30,289,1408.77,0.577,366000,0
M0102205,C0102205,2022-12-21,332000,318000,6.74,30,316,2151.14,0.763,417000,0
M0102206,C0102206,2022-06-27,315000,300000,5.435,30,310,1775.71,0.607,494000,0
M0102207,C0102207,2023-04-16,296000,272000,5.494,15,140,2417.62,0.538,506000,0
M0102208,C0102208,2021-09-11,453000,427000,4.686,30,301,2345.62,0.695,614000,0
M0102209,C0102209,2019-10-15,157000,144000,4.33,30,278,779.72,0.472,305000,0
M0102210,C0102210,2022-03-15,454000,430000,6.375,30,307,2832.37,0.685,628000,0
M0102211,C0102211,2023-02-18,399000,382000,4.102,30,318,1928.42,0.702,544000,0
M0102212,C0102212,2020-04-14,297000,275000,4.819,30,284,1561.67,0.741,371000,0
M0102213,C0102213,2023-09-09,219000,211000,4.783,30,324,1146.77,0.67,315000,0
M0102214,C0102214,2025-04-25,334000,329000,5.966,30,344,1995.2,0.525,627000,0
M0102215,C0102215,2024-06-11,410000,399000,5.283,30,333,2272.42,0.544,734000,0
M0102216,C0102216,2021-10-11,163000,154000,4.873,30,301,862.41,0.694,222000,0
M0102217,C0102217,2023-01-22,445000,426000,6.995,30,317,2959.1,0.491,868000,0
M0102218,C0102218,2020-05-05,782000,666000,7.293,15,104,7157.56,0.492,1353000,0
M0102219,C0102219,2021-08-02,317000,298000,5.929,30,299,1886.13,0.576,517000,0
M0102220,C0102220,2022-04-03,629000,596000,5.658,30,307,3633.99,0.705,845000,0
M0102221,C0102221,2020-03-20,416000,385000,4.946,30,283,2219.47,0.483,797000,0
M0102222,C0102222,2021-03-26,374000,350000,5.48,30,295,2118.84,0.55,636000,0
M0102223,C0102223,2024-07-20,231000,225000,4.175,30,335,1126.26,0.719,313000,0
M0102224,C0102224,2021-06-12,276000,259000,6.588,30,298,1760.51,0.582,445000,0
M0102225,C0102225,2021-07-18,201000,177000,5.355,15,119,1626.91,0.689,257000,0
M0102226,C0102226,2020-01-30,525000,484000,4.744,30,281,2736.75,0.706,686000,0
M0102227,C0102227,2025-08-28,226000,223000,5.135,30,348,1231.93,0.71,314000,0
M0102228,C0102228,2024-09-21,791000,755000,6.277,15,157,6793.86,0.608,1242000,0
M0102229,C0102229,2020-11-23,408000,380000,5.218,30,291,2244.91,0.5,760000,0
M0102230,C0102230,2019-12-05,399000,367000,4.634,30,279,2053.57,0.524,700000,0
M0102231,C0102231,2024-01-07,169000,164000,3.202,30,328,731.05,0.55,298000,0
M0102232,C0102232,2019-12-11,457000,421000,5.414,30,279,2570.19,0.705,597000,0
M0102233,C0102233,2025-06-18,294000,286000,5.913,15,166,2467.14,0.696,411000,0
M0102234,C0102234,2021-06-26,247000,232000,4.961,30,298,1320.07,0.593,391000,0
M0102235,C0102235,2023-05-02,236000,227000,4.627,30,320,1213.65,0.492,461000,0
M0102236,C0102236,2021-11-09,176000,166000,4.262,30,302,867.05,0.548,303000,0
M0102237,C0102237,2020-05-06,329000,305000,5.086,30,284,1783.48,0.659,463000,0
M0102238,C0102238,2022-04-11,301000,285000,4.274,30,307,1484.97,0.754,378000,0
M0102239,C0102239,2024-04-20,170000,165000,4.267,30,332,837.99,0.747,221000,0
M0102240,C0102240,2019-12-24,424000,358000,4.973,15,100,3347.0,0.611,586000,0
M0102241,C0102241,2023-12-22,950000,890000,7.572,15,148,8845.53,0.544,1636000,0
M0102242,C0102242,2022-09-09,161000,153000,8.0,30,312,1181.36,0.699,219000,0
M0102243,C0102243,2024-09-09,310000,303000,6.795,30,336,2019.94,0.763,397000,0
M0102244,C0102244,2020-06-13,751000,696000,6.209,30,286,4604.03,0.552,1262000,0
M0102245,C0102245,2019-10-24,222000,204000,3.368,30,278,980.59,0.664,307000,0
M0102246,C0102246,2023-05-28,408000,392000,8.0,30,321,2993.76,0.677,579000,0
M0102247,C0102247,2023-02-07,399000,382000,5.931,30,317,2374.54,0.485,788000,0
M0102248,C0102248,2022-11-29,455000,415000,4.291,15,135,3432.32,0.49,847000,0
M0102249,C0102249,2020-01-06,819000,755000,8.0,30,280,6009.53,0.491,1537000,1
M0102250,C0102250,2022-01-12,134000,119000,5.392,15,125,1087.23,0.696,171000,0
M0102251,C0102251,2025-02-22,361000,354000,6.418,30,342,2262.33,0.496,714000,0
M0102252,C0102252,2021-03-05,255000,239000,5.154,30,294,1393.0,0.582,411000,0
M0102253,C0102253,2023-01-03,321000,307000,6.124,30,316,1950.22,0.727,422000,0
M0102254,C0102254,2025-04-17,335000,330000,6.255,30,344,2063.74,0.663,498000,0
M0102255,C0102255,2022-11-08,283000,258000,6.446,15,134,2456.84,0.688,375000,0
M0102256,C0102256,2025-04-24,190000,187000,6.912,30,344,1252.87,0.658,284000,0
M0102257,C0102257,2024-02-29,197000,185000,5.671,15,150,1627.59,0.698,265000,0
M0102258,C0102258,2021-04-10,949000,829000,5.731,15,115,7870.94,0.608,1364000,0
M0102259,C0102259,2022-09-18,164000,156000,5.447,30,313,925.73,0.732,213000,0
M0102260,C0102260,2023-01-30,605000,579000,4.352,30,317,3012.47,0.663,873000,0
M0102261,C0102261,2023-08-06,195000,188000,4.505,30,323,988.62,0.639,294000,0
M0102262,C0102262,2020-06-03,344000,319000,5.161,30,285,1880.66,0.479,666000,0
M0102263,C0102263,2024-03-21,877000,852000,6.888,30,331,5768.89,0.698,1221000,0
M0102264,C0102264,2020-01-16,488000,412000,6.018,15,101,4122.77,0.451,913000,0
M0102265,C0102265,2023-07-04,160000,154000,5.398,30,322,898.25,0.517,298000,0
M0102266,C0102266,2023-05-09,277000,266000,5.21,30,320,1522.75,0.575,463000,0
M0102267,C0102267,2021-11-20,324000,306000,4.216,30,303,1587.44,0.599,511000,0
M0102268,C0102268,2021-02-08,549000,513000,4.511,30,293,2785.29,0.603,851000,0
M0102269,C0102269,2022-11-21,336000,321000,5.67,30,315,1943.76,0.495,649000,1
M0102270,C0102270,2021-11-17,303000,286000,5.509,30,303,1722.11,0.481,595000,1
M0102271,C0102271,2023-03-30,775000,744000,6.356,30,319,4825.37,0.541,1376000,1
M0102272,C0102272,2021-01-16,722000,674000,5.262,30,293,3992.28,0.492,1370000,0
M0102273,C0102273,2020-07-30,465000,432000,6.124,30,287,2825.09,0.505,855000,0
M0102274,C0102274,2020-07-04,240000,223000,3.816,30,286,1120.48,0.52,429000,0
M0102275,C0102275,2021-10-30,87000,82000,4.456,30,302,438.54,0.661,124000,0
M0102276,C0102276,2024-01-10,173000,168000,5.79,30,328,1013.98,0.622,270000,0
M0102277,C0102277,2021-11-17,151000,143000,5.518,30,303,859.07,0.659,217000,0
M0102278,C0102278,2021-12-15,318000,300000,6.311,30,304,1970.61,0.52,577000,0
M0102279,C0102279,2024-05-13,524000,510000,6.793,30,333,3413.65,0.66,773000,0
M0102280,C0102280,2020-07-28,880000,817000,6.843,30,287,5762.17,0.522,1564000,0
M0102281,C0102281,2021-03-14,620000,580000,7.245,30,295,4227.39,0.624,929000,0
M0102282,C0102282,2023-01-17,230000,220000,7.503,30,317,1608.67,0.738,298000,0
M0102283,C0102283,2025-06-23,372000,361000,5.108,15,166,2962.72,0.506,714000,0
M0102284,C0102284,2021-05-16,401000,376000,8.0,30,297,2942.4,0.601,626000,0
M0102285,C0102285,2024-06-01,150000,146000,8.0,30,333,1100.65,0.685,213000,0
M0102286,C0102286,2021-03-14,212000,185000,4.067,15,115,1575.27,0.529,350000,0
M0102287,C0102287,2023-03-22,264000,253000,4.852,30,319,1393.43,0.711,356000,0
M0102288,C0102288,2021-05-30,951000,892000,5.896,30,297,5638.29,0.745,1197000,0
M0102289,C0102289,2020-05-13,398000,369000,5.755,30,285,2323.88,0.731,505000,0
M0102290,C0102290,2025-02-26,170000,167000,3.645,30,342,777.2,0.493,339000,0
M0102291,C0102291,2025-07-12,265000,261000,4.455,30,347,1335.64,0.534,489000,0
M0102292,C0102292,2021-08-26,410000,386000,5.738,30,300,2389.52,0.5,772000,0
M0102293,C0102293,2023-01-11,289000,277000,5.261,30,317,1597.84,0.592,468000,0
M0102294,C0102294,2021-07-05,274000,257000,6.183,30,298,1675.14,0.569,452000,0
M0102295,C0102295,2024-12-23,473000,454000,7.651,15,160,4425.45,0.691,657000,0
M0102296,C0102296,2020-06-27,660000,612000,4.131,30,286,3200.99,0.571,1072000,1
M0102297,C0102297,2024-04-26,602000,585000,8.0,30,332,4417.26,0.577,1014000,0
M0102298,C0102298,2024-11-24,282000,276000,7.569,30,339,1985.13,0.525,526000,0
M0102299,C0102299,2023-04-08,302000,290000,3.602,30,319,1373.37,0.508,571000,0
M0102300,C0102300,2020-10-15,281000,262000,4.187,30,290,1372.01,0.5,524000,0
M0102301,C0102301,2025-02-08,556000,546000,5.056,30,341,3003.79,0.5,1092000,0
M0102302,C0102302,2022-09-11,270000,257000,4.451,30,313,1360.2,0.493,521000,0
M0102303,C0102303,2020-09-21,125000,116000,6.14,30,289,760.73,0.637,182000,0
M0102304,C0102304,2022-08-06,417000,397000,6.198,30,311,2553.45,0.681,583000,0
M0102305,C0102305,2025-03-14,427000,420000,5.656,30,343,2466.42,0.642,654000,1
M0102306,C0102306,2024-06-27,268000,254000,5.911,15,154,2248.67,0.722,352000,0
M0102307,C0102307,2022-03-10,828000,784000,5.353,30,306,4625.21,0.505,1551000,0
M0102308,C0102308,2021-10-20,250000,236000,5.936,30,302,1488.61,0.59,400000,0
M0102309,C0102309,2024-09-19,666000,635000,7.604,15,157,6213.33,0.711,893000,0
M0102310,C0102310,2023-05-11,168000,161000,2.874,30,320,696.93,0.603,267000,0
M0102311,C0102311,2025-01-21,376000,369000,5.52,30,341,2139.61,0.589,626000,0
M0102312,C0102312,2022-04-03,219000,208000,6.011,30,307,1314.56,0.625,333000,0
M0102313,C0102313,2022-12-03,316000,302000,5.391,30,315,1772.66,0.643,470000,0
M0102314,C0102314,2021-10-11,480000,452000,5.844,30,301,2829.88,0.596,759000,0
M0102315,C0102315,2023-08-17,247000,238000,6.819,30,324,1613.38,0.67,355000,0
M0102316,C0102316,2019-10-12,231000,212000,4.932,30,278,1230.48,0.599,354000,0
M0102317,C0102317,2025-06-04,293000,289000,7.93,30,345,2135.65,0.555,521000,0
M0102318,C0102318,2024-03-30,2147000,2086000,3.867,30,331,10086.17,0.504,4138000,0
M0102319,C0102319,2025-04-22,363000,357000,6.183,30,344,2219.26,0.763,468000,0
M0102320,C0102320,2020-07-25,352000,302000,5.485,15,107,2873.33,0.434,696000,0
M0102321,C0102321,2023-11-26,407000,394000,5.786,30,327,2384.46,0.618,638000,0
M0102322,C0102322,2025-07-07,139000,135000,6.338,15,166,1198.49,0.515,262000,0
M0102323,C0102323,2021-01-01,519000,485000,4.82,30,292,2729.29,0.536,905000,0
M0102324,C0102324,2020-05-05,468000,433000,6.713,30,284,3023.94,0.495,874000,0
M0102325,C0102325,2020-08-04,134000,124000,7.673,30,287,952.87,0.678,183000,0
M0102326,C0102326,2024-06-11,1091000,1062000,5.181,30,333,5978.0,0.724,1466000,0
M0102327,C0102327,2025-04-19,328000,317000,4.93,15,164,2581.86,0.751,422000,0
M0102328,C0102328,2023-12-12,188000,182000,6.892,30,328,1237.16,0.684,266000,0
M0102329,C0102329,2024-08-31,383000,374000,6.581,30,336,2441.26,0.563,664000,0
M0102330,C0102330,2021-02-04,208000,194000,3.778,30,293,966.59,0.574,338000,0
M0102331,C0102331,2023-08-31,147000,142000,6.108,30,324,891.57,0.553,257000,0
M0102332,C0102332,2023-01-05,286000,274000,6.353,30,316,1780.15,0.484,566000,0
M0102333,C0102333,2021-10-19,293000,276000,5.44,30,302,1652.61,0.687,402000,0
M0102334,C0102334,2023-01-14,149000,143000,7.151,30,317,1006.46,0.678,211000,0
M0102335,C0102335,2023-12-27,222000,215000,3.735,30,328,1026.23,0.683,315000,0
M0102336,C0102336,2024-05-25,196000,191000,3.135,30,333,840.68,0.544,351000,0
M0102337,C0102337,2024-05-14,274000,267000,6.671,30,333,1762.79,0.765,349000,0
M0102338,C0102338,2024-12-03,453000,444000,4.606,30,339,2323.9,0.652,681000,0
M0102339,C0102339,2022-03-03,352000,333000,5.462,30,306,1990.23,0.569,585000,0
M0102340,C0102340,2024-04-30,322000,313000,4.254,30,332,1584.8,0.771,406000,0
M0102341,C0102341,2021-08-11,132000,124000,6.438,30,299,828.95,0.482,257000,0
M0102342,C0102342,2023-07-15,323000,311000,5.875,30,323,1910.67,0.488,637000,0
M0102343,C0102343,2022-10-10,190000,181000,5.354,30,313,1061.46,0.51,355000,0
M0102344,C0102344,2020-08-25,139000,129000,4.142,30,288,675.04,0.578,223000,0
M0102345,C0102345,2021-09-09,508000,478000,5.324,30,300,2828.52,0.557,858000,0
M0102346,C0102346,2023-12-14,168000,163000,5.867,30,328,992.92,0.765,213000,0
M0102347,C0102347,2025-09-03,344000,340000,4.915,30,348,1828.84,0.533,638000,0
M0102348,C0102348,2021-05-02,257000,241000,4.953,30,296,1372.26,0.744,324000,0
M0102349,C0102349,2023-09-24,203000,189000,5.511,15,145,1659.86,0.542,349000,0
M0102350,C0102350,2025-03-30,603000,593000,6.241,30,343,3709.25,0.747,794000,0
M0102351,C0102351,2022-01-16,243000,230000,5.966,30,305,1451.6,0.513,448000,0
M0102352,C0102352,2020-11-10,251000,234000,6.794,30,290,1635.33,0.567,413000,0
M0102353,C0102353,2021-10-17,227000,214000,5.401,30,302,1274.82,0.69,310000,0
M0102354,C0102354,2020-09-29,358000,333000,6.614,30,289,2289.71,0.715,466000,0
M0102355,C0102355,2024-07-13,303000,295000,4.218,30,335,1484.91,0.678,435000,0
M0102356,C0102356,2020-07-29,231000,215000,5.938,30,287,1375.77,0.47,457000,0
M0102357,C0102357,2023-09-15,207000,200000,5.88,30,325,1225.14,0.719,278000,0
M0102358,C0102358,2022-07-22,321000,305000,8.0,30,311,2355.38,0.597,511000,0
M0102359,C0102359,2024-05-04,237000,230000,4.763,30,332,1238.16,0.667,345000,0
M0102360,C0102360,2022-01-03,776000,691000,4.179,15,124,5809.83,0.51,1355000,0
M0102361,C0102361,2020-04-23,252000,233000,4.653,30,284,1299.86,0.507,460000,0
M0102362,C0102362,2019-11-08,387000,325000,4.805,15,98,3021.2,0.43,756000,0
M0102363,C0102363,2023-12-03,313000,293000,5.951,15,147,2632.99,0.585,501000,0
M0102364,C0102364,2023-04-11,284000,273000,4.113,30,319,1374.43,0.603,453000,1
M0102365,C0102365,2020-05-29,514000,476000,5.88,30,285,3042.15,0.635,750000,0
M0102366,C0102366,2023-10-31,438000,423000,5.538,30,326,2497.37,0.533,793000,0
M0102367,C0102367,2020-05-25,434000,402000,6.506,30,285,2744.89,0.465,865000,0
M0102368,C0102368,2022-06-18,431000,410000,6.181,30,310,2634.43,0.627,654000,1
M0102369,C0102369,2022-07-18,146000,139000,6.411,30,311,914.29,0.537,259000,0
M0102370,C0102370,2020-01-31,409000,377000,6.04,30,281,2462.69,0.504,748000,0
M0102371,C0102371,2020-06-22,290000,269000,6.785,30,286,1887.69,0.498,540000,0
M0102372,C0102372,2020-03-11,254000,235000,3.86,30,282,1192.22,0.543,433000,0
M0102373,C0102373,2025-03-28,1849000,1818000,3.899,30,343,8720.09,0.633,2874000,0
M0102374,C0102374,2025-01-06,157000,154000,5.477,30,340,889.16,0.579,266000,0
M0102375,C0102375,2024-12-09,313000,300000,5.593,15,159,2572.94,0.723,415000,0
M0102376,C0102376,2022-06-27,301000,286000,4.374,30,310,1502.67,0.481,595000,0
M0102377,C0102377,2023-04-05,315000,302000,6.116,30,319,1912.14,0.701,431000,0
M0102378,C0102378,2024-05-18,197000,192000,4.065,30,333,947.91,0.691,278000,0
M0102379,C0102379,2021-07-19,367000,345000,5.205,30,299,2016.37,0.553,624000,0
M0102380,C0102380,2024-05-06,187000,182000,5.48,30,332,1059.42,0.589,309000,0
M0102381,C0102381,2019-11-17,378000,348000,6.129,30,279,2297.75,0.709,491000,0
M0102382,C0102382,2023-07-22,354000,341000,4.946,30,323,1888.68,0.577,591000,0
M0102383,C0102383,2022-11-24,290000,277000,6.837,30,315,1897.74,0.546,507000,0
M0102384,C0102384,2025-05-06,316000,311000,7.348,30,344,2176.72,0.611,509000,0
M0102385,C0102385,2025-08-26,724000,715000,7.192,30,348,4910.51,0.587,1218000,0
M0102386,C0102386,2024-09-25,438000,428000,7.489,30,337,3059.26,0.73,586000,0
M0102387,C0102387,2024-08-10,357000,348000,6.673,30,335,2297.25,0.507,687000,0
M0102388,C0102388,2025-02-17,405000,398000,6.177,30,342,2474.46,0.493,808000,0
M0102389,C0102389,2023-01-26,334000,320000,4.676,30,317,1727.44,0.56,571000,0
M0102390,C0102390,2021-06-26,432000,379000,4.879,15,118,3389.06,0.528,718000,0
M0102391,C0102391,2021-07-23,242000,227000,6.544,30,299,1536.61,0.528,430000,0
M0102392,C0102392,2020-11-24,990000,923000,3.541,30,291,4468.23,0.487,1895000,0
M0102393,C0102393,2022-03-07,360000,341000,6.956,30,306,2384.46,0.682,500000,0
M0102394,C0102394,2024-11-10,1347000,1289000,4.833,15,158,10535.18,0.59,2186000,0
M0102395,C0102395,2020-06-11,993000,921000,4.912,30,285,5277.36,0.597,1543000,0
M0102396,C0102396,2020-08-18,255000,237000,6.353,30,288,1587.2,0.679,349000,0
M0102397,C0102397,2024-02-08,369000,358000,5.808,30,329,2167.0,0.623,575000,0
M0102398,C0102398,2020-07-10,393000,365000,5.039,30,286,2119.09,0.487,750000,0
M0102399,C0102399,2022-06-17,523000,497000,4.498,30,310,2649.34,0.712,698000,0
M0102400,C0102400,2023-05-21,350000,336000,3.849,30,321,1640.63,0.693,485000,0
M0102401,C0102401,2024-10-31,599000,586000,3.121,30,338,2564.67,0.565,1037000,0
M0102402,C0102402,2020-02-04,136000,126000,7.109,30,281,914.79,0.656,192000,0
M0102403,C0102403,2021-10-29,242000,228000,5.262,30,302,1338.13,0.683,334000,0
M0102404,C0102404,2023-01-28,298000,273000,4.522,15,137,2283.03,0.472,579000,0
M0102405,C0102405,2021-02-15,235000,220000,6.327,30,294,1458.72,0.593,371000,0
M0102406,C0102406,2021-01-20,138000,120000,4.643,15,113,1065.8,0.615,195000,0
M0102407,C0102407,2022-08-14,510000,461000,4.664,15,132,3944.35,0.555,831000,0
M0102408,C0102408,2024-05-26,188000,183000,6.809,30,333,1226.75,0.75,244000,0
M0102409,C0102409,2023-01-04,234000,224000,6.316,30,316,1450.84,0.673,333000,0
M0102410,C0102410,2022-01-15,478000,452000,5.701,30,305,2774.62,0.564,802000,0
M0102411,C0102411,2024-07-31,605000,590000,4.89,30,335,3207.22,0.703,839000,0
M0102412,C0102412,2024-12-20,247000,242000,5.757,30,340,1442.52,0.504,480000,0
M0102413,C0102413,2020-02-05,195000,180000,6.139,30,281,1186.61,0.643,280000,1
M0102414,C0102414,2022-03-17,218000,207000,5.784,30,307,1276.9,0.649,319000,0
M0102415,C0102415,2022-01-23,572000,541000,6.836,30,305,3742.74,0.531,1019000,0
M0102416,C0102416,2023-01-21,589000,564000,4.399,30,317,2949.13,0.504,1119000,0
M0102417,C0102417,2020-10-22,388000,361000,5.216,30,290,2134.39,0.709,509000,0
M0102418,C0102418,2023-06-24,371000,357000,6.113,30,322,2251.36,0.577,619000,0
M0102419,C0102419,2025-07-20,170000,168000,4.87,30,347,899.14,0.549,306000,0
M0102420,C0102420,2021-02-04,414000,387000,6.548,30,293,2629.84,0.492,786000,0
M0102421,C0102421,2024-03-10,485000,457000,6.977,15,150,4353.08,0.716,638000,0
M0102422,C0102422,2021-02-19,356000,333000,5.565,30,294,2035.87,0.468,711000,0
M0102423,C0102423,2022-10-21,363000,347000,5.921,30,314,2157.97,0.721,481000,0
M0102424,C0102424,2023-07-18,196000,189000,5.27,30,323,1084.75,0.521,363000,0
M0102425,C0102425,2022-06-25,588000,559000,5.178,30,310,3220.79,0.699,800000,0
M0102426,C0102426,2023-01-24,166000,152000,6.912,15,137,1483.9,0.535,284000,0
M0102427,C0102427,2023-04-09,325000,312000,4.58,30,319,1662.21,0.638,489000,0
M0102428,C0102428,2024-01-25,412000,399000,6.409,30,329,2579.51,0.644,620000,0
M0102429,C0102429,2023-09-04,580000,560000,4.958,30,324,3098.69,0.632,886000,0
M0102430,C0102430,2023-09-14,555000,516000,4.57,15,145,4265.59,0.52,993000,0
M0102431,C0102431,2022-12-30,579000,529000,6.609,15,136,5078.47,0.593,892000,0
M0102432,C0102432,2019-11-14,282000,260000,6.266,30,279,1739.26,0.473,550000,0
M0102433,C0102433,2023-07-03,1048000,1009000,4.781,30,322,5486.46,0.688,1467000,0
M0102434,C0102434,2021-12-17,565000,503000,5.315,15,124,4561.24,0.71,708000,0
M0102435,C0102435,2025-06-16,275000,271000,5.363,30,346,1537.86,0.713,380000,0
M0102436,C0102436,2025-09-04,284000,281000,5.759,30,348,1658.97,0.503,559000,0
M0102437,C0102437,2021-07-17,479000,450000,4.962,30,299,2560.26,0.543,829000,0
M0102438,C0102438,2021-09-11,259000,244000,7.41,30,301,1795.03,0.551,443000,0
M0102439,C0102439,2021-01-26,173000,162000,4.28,30,293,854.1,0.472,343000,0
M0102440,C0102440,2022-05-06,342000,325000,3.832,30,308,1599.81,0.597,544000,0
M0102441,C0102441,2023-10-31,105000,101000,5.371,30,326,587.71,0.647,156000,0
M0102442,C0102442,2025-02-06,392000,385000,3.314,30,341,1719.81,0.781,493000,0
M0102443,C0102443,2019-11-27,451000,415000,4.646,30,279,2324.44,0.631,658000,0
M0102444,C0102444,2024-08-06,287000,280000,4.804,30,335,1506.48,0.606,462000,0
M0102445,C0102445,2019-10-12,582000,535000,5.517,30,278,3310.74,0.735,728000,0
M0102446,C0102446,2024-01-22,502000,471000,5.283,15,149,4044.18,0.495,952000,1
M0102447,C0102447,2022-04-15,197000,187000,5.76,30,308,1150.89,0.572,327000,0
M0102448,C0102448,2025-02-20,335000,329000,4.642,30,342,1725.78,0.514,640000,0
M0102449,C0102449,2020-12-07,253000,219000,5.084,15,111,2011.8,0.486,451000,0
M0102450,C0102450,2023-04-14,279000,268000,6.137,30,320,1697.4,0.558,480000,0
M0102451,C0102451,2022-06-05,581000,552000,3.004,30,309,2450.77,0.533,1036000,0
M0102452,C0102452,2024-11-30,448000,439000,5.963,30,339,2675.34,0.543,809000,0
M0102453,C0102453,2024-02-18,229000,222000,3.141,30,330,982.97,0.625,355000,0
M0102454,C0102454,2023-04-09,367000,352000,5.512,30,319,2086.55,0.537,656000,0
M0102455,C0102455,2025-04-11,225000,221000,6.072,30,343,1359.42,0.516,428000,0
M0102456,C0102456,2021-04-08,257000,241000,5.838,30,295,1514.18,0.517,466000,0
M0102457,C0102457,2023-08-19,708000,657000,4.818,15,144,5531.93,0.529,1243000,0
M0102458,C0102458,2021-04-15,1171000,1097000,5.783,30,296,6858.21,0.499,2197000,0
M0102459,C0102459,2024-08-02,798000,778000,4.463,30,335,4025.82,0.693,1123000,0
M0102460,C0102460,2025-06-30,377000,372000,7.02,30,346,2513.26,0.661,563000,0
M0102461,C0102461,2020-03-02,359000,332000,6.414,30,282,2248.86,0.55,604000,0
M0102462,C0102462,2024-05-15,546000,531000,4.456,30,333,2752.25,0.693,766000,0
M0102463,C0102463,2019-11-15,345000,318000,7.015,30,279,2298.77,0.52,611000,0
M0102464,C0102464,2021-07-11,161000,151000,5.714,30,298,935.87,0.517,292000,0
M0102465,C0102465,2022-07-05,814000,774000,4.257,30,310,4007.73,0.749,1033000,0
M0102466,C0102466,2021-11-24,181000,171000,6.784,30,303,1178.06,0.541,316000,0
M0102467,C0102467,2022-04-27,600000,569000,7.308,30,308,4116.69,0.745,764000,0
M0102468,C0102468,2023-06-11,479000,443000,5.219,15,141,3842.77,0.719,616000,0
M0102469,C0102469,2020-02-13,831000,767000,5.903,30,282,4930.56,0.678,1132000,0
M0102470,C0102470,2025-05-02,504000,488000,5.486,15,164,4114.36,0.681,717000,0
M0102471,C0102471,2021-03-20,244000,228000,6.137,30,295,1484.46,0.492,463000,0
M0102472,C0102472,2021-12-29,564000,533000,6.374,30,304,3518.26,0.566,941000,0
M0102473,C0102473,2024-09-22,273000,267000,6.585,30,337,1740.83,0.756,353000,0
M0102474,C0102474,2021-09-17,201000,189000,3.467,30,301,898.88,0.477,396000,0
M0102475,C0102475,2019-12-28,131000,121000,4.93,30,280,697.64,0.576,210000,0
M0102476,C0102476,2023-12-11,308000,298000,6.562,30,327,1959.34,0.582,512000,0
M0102477,C0102477,2022-04-09,141000,134000,4.732,30,307,733.99,0.534,251000,0
M0102478,C0102478,2023-06-03,672000,646000,5.882,30,321,3978.14,0.511,1263000,0
M0102479,C0102479,2025-07-28,149000,147000,4.492,30,347,754.25,0.583,252000,0
M0102480,C0102480,2025-05-10,271000,267000,6.246,30,344,1667.89,0.573,466000,0
M0102481,C0102481,2024-07-09,277000,270000,5.541,30,334,1579.91,0.742,364000,0
M0102482,C0102482,2021-11-22,357000,337000,6.164,30,303,2178.18,0.731,461000,0
M0102483,C0102483,2020-12-01,212000,198000,5.934,30,291,1262.07,0.647,306000,0
M0102484,C0102484,2025-03-24,578000,568000,3.954,30,343,2744.15,0.592,960000,0
M0102485,C0102485,2024-12-06,356000,341000,7.804,15,159,3361.96,0.499,684000,0
M0102486,C0102486,2020-07-16,325000,302000,4.061,30,287,1563.05,0.673,449000,0
M0102487,C0102487,2020-08-04,237000,220000,8.0,30,287,1739.02,0.475,463000,1
M0102488,C0102488,2022-07-04,431000,389000,3.124,15,130,3002.18,0.623,624000,0
M0102489,C0102489,2020-12-24,659000,615000,5.575,30,292,3772.8,0.5,1229000,0
M0102490,C0102490,2024-06-01,1261000,1227000,3.952,30,333,5985.36,0.665,1846000,0
M0102491,C0102491,2025-06-26,205000,202000,7.277,30,346,1402.22,0.633,319000,0
M0102492,C0102492,2020-04-02,306000,283000,4.384,30,283,1529.44,0.52,544000,0
M0102493,C0102493,2023-09-18,126000,122000,4.296,30,325,623.24,0.506,241000,0
M0102494,C0102494,2023-07-23,460000,426000,5.538,15,143,3767.87,0.645,660000,0
M0102495,C0102495,2022-08-28,166000,158000,7.073,30,312,1112.55,0.52,304000,0
M0102496,C0102496,2022-01-21,376000,356000,6.856,30,305,2465.28,0.475,750000,0
M0102497,C0102497,2025-03-29,608000,598000,5.255,30,343,3359.28,0.635,942000,0
M0102498,C0102498,2022-03-07,267000,253000,5.147,30,306,1457.4,0.717,353000,0
M0102499,C0102499,2022-03-22,206000,195000,6.074,30,307,1244.89,0.564,346000,0
M0102500,C0102500,2021-03-28,634000,594000,5.436,30,295,3574.37,0.656,906000,0
M0102501,C0102501,2019-10-27,468000,430000,5.589,30,278,2683.44,0.697,617000,0
M0102502,C0102502,2021-05-26,186000,175000,5.344,30,297,1037.95,0.552,317000,0
M0102503,C0102503,2022-02-05,351000,332000,6.172,30,305,2143.39,0.625,531000,0
M0102504,C0102504,2020-05-17,214000,198000,5.996,30,285,1282.49,0.627,316000,0
M0102505,C0102505,2022-09-26,557000,531000,7.174,30,313,3771.05,0.493,1076000,0
M0102506,C0102506,2025-05-16,349000,344000,4.799,30,345,1830.87,0.74,465000,0
M0102507,C0102507,2020-07-01,704000,653000,4.789,30,286,3688.96,0.585,1116000,0
M0102508,C0102508,2019-11-22,206000,190000,5.398,30,279,1156.5,0.516,368000,0
M0102509,C0102509,2019-12-01,367000,338000,5.278,30,279,2032.96,0.537,630000,0
M0102510,C0102510,2020-03-19,326000,301000,6.449,30,283,2049.62,0.534,564000,0
M0102511,C0102511,2020-04-17,372000,344000,4.34,30,284,1849.67,0.499,690000,0
M0102512,C0102512,2021-07-26,247000,232000,6.897,30,299,1626.25,0.624,372000,0
M0102513,C0102513,2025-06-23,106000,104000,5.187,30,346,581.21,0.619,168000,0
M0102514,C0102514,2021-03-19,460000,431000,6.799,30,295,2998.55,0.626,688000,0
M0102515,C0102515,2025-02-05,337000,331000,8.0,30,341,2472.79,0.681,486000,0
M0102516,C0102516,2024-10-22,216000,211000,6.629,30,338,1383.64,0.641,329000,0
M0102517,C0102517,2022-01-03,255000,241000,6.187,30,304,1559.65,0.629,383000,0
M0102518,C0102518,2020-02-28,183000,169000,6.727,30,282,1184.14,0.589,287000,0
M0102519,C0102519,2024-05-03,129000,125000,5.176,30,332,706.44,0.512,244000,0
M0102520,C0102520,2024-09-13,551000,538000,5.789,30,337,3229.15,0.646,833000,0
M0102521,C0102521,2022-07-28,436000,394000,4.761,15,131,3393.82,0.571,690000,0
M0102522,C0102522,2023-07-29,167000,161000,4.83,30,323,879.22,0.612,263000,0
M0102523,C0102523,2020-09-01,1158000,1077000,5.839,30,288,6823.39,0.636,1693000,0
M0102524,C0102524,2024-07-18,187000,182000,5.605,30,335,1074.12,0.605,301000,0
M0102525,C0102525,2020-01-26,468000,432000,5.975,30,281,2798.38,0.486,889000,0
M0102526,C0102526,2024-02-16,328000,318000,5.648,30,330,1892.92,0.665,478000,0
M0102527,C0102527,2023-09-12,174000,162000,5.189,15,145,1393.17,0.577,281000,0
M0102528,C0102528,2021-09-04,390000,367000,6.516,30,300,2469.17,0.583,629000,0
M0102529,C0102529,2020-08-10,299000,278000,4.821,30,287,1572.55,0.526,529000,0
M0102530,C0102530,2022-10-24,238000,227000,5.776,30,314,1392.84,0.587,387000,0
M0102531,C0102531,2022-09-04,634000,604000,6.762,30,312,4117.17,0.671,900000,0
M0102532,C0102532,2021-11-06,448000,423000,6.28,30,302,2767.16,0.618,684000,0
M0102533,C0102533,2021-09-30,470000,443000,5.468,30,301,2659.18,0.683,649000,1
M0102534,C0102534,2020-12-29,294000,274000,3.524,30,292,1324.13,0.708,387000,0
M0102535,C0102535,2024-12-11,391000,383000,5.126,30,340,2129.18,0.713,537000,0
M0102536,C0102536,2019-12-22,323000,298000,7.837,30,280,2333.46,0.696,428000,0
M0102537,C0102537,2025-04-26,421000,414000,5.227,30,344,2318.78,0.746,555000,0
M0102538,C0102538,2024-04-12,202000,196000,5.494,30,332,1146.17,0.715,274000,0
M0102539,C0102539,2021-01-06,100000,93000,5.687,30,292,579.58,0.608,153000,0
M0102540,C0102540,2024-01-04,646000,626000,5.97,30,328,3860.65,0.714,877000,0
M0102541,C0102541,2022-02-09,325000,308000,4.779,30,305,1701.04,0.587,525000,0
M0102542,C0102542,2024-10-02,436000,426000,6.334,30,337,2708.39,0.677,629000,0
M0102543,C0102543,2020-10-03,233000,217000,5.95,30,289,1389.47,0.495,438000,0
M0102544,C0102544,2023-11-24,293000,283000,3.605,30,327,1332.93,0.722,392000,0
M0102545,C0102545,2025-01-01,701000,673000,2.8,15,160,4773.83,0.538,1252000,0
M0102546,C0102546,2025-01-12,393000,385000,4.909,30,341,2087.91,0.75,513000,0
M0102547,C0102547,2024-08-31,987000,964000,4.168,30,336,4808.18,0.494,1951000,0
M0102548,C0102548,2021-04-22,512000,448000,5.84,15,116,4276.41,0.491,913000,0
M0102549,C0102549,2025-04-27,235000,231000,5.088,30,344,1274.2,0.518,446000,0
M0102550,C0102550,2022-02-12,409000,387000,6.017,30,306,2456.63,0.717,540000,0
M0102551,C0102551,2021-10-19,760000,717000,6.032,30,302,4572.23,0.553,1297000,0
M0102552,C0102552,2023-09-25,366000,353000,4.394,30,325,1831.49,0.769,459000,0
M0102553,C0102553,2022-01-02,453000,428000,5.099,30,304,2459.28,0.618,692000,0
M0102554,C0102554,2023-12-09,664000,621000,4.891,15,147,5213.24,0.471,1319000,0
M0102555,C0102555,2023-02-23,101000,97000,6.526,30,318,640.12,0.63,154000,0
M0102556,C0102556,2025-07-10,465000,459000,5.307,30,346,2584.19,0.587,782000,0
M0102557,C0102557,2024-11-19,643000,629000,6.876,30,339,4224.48,0.597,1053000,0
M0102558,C0102558,2025-01-29,223000,215000,6.937,15,161,1996.54,0.65,331000,0
M0102559,C0102559,2025-07-21,553000,546000,5.351,30,347,3088.37,0.764,715000,0
M0102560,C0102560,2023-09-05,327000,315000,4.848,30,324,1725.16,0.506,622000,0
M0102561,C0102561,2024-02-22,141000,137000,4.537,30,330,717.53,0.555,247000,0
M0102562,C0102562,2024-02-28,487000,473000,6.281,30,330,3008.37,0.49,966000,0
M0102563,C0102563,2025-09-05,326000,322000,5.39,30,348,1828.56,0.576,559000,0
M0102564,C0102564,2020-12-23,316000,295000,4.698,30,292,1638.52,0.702,420000,0
M0102565,C0102565,2020-01-04,453000,418000,6.487,30,280,2859.4,0.583,717000,1
M0102566,C0102566,2021-04-09,204000,191000,6.507,30,295,1290.36,0.647,295000,0
M0102567,C0102567,2024-09-04,482000,471000,4.457,30,336,2429.92,0.501,941000,0
M0102568,C0102568,2021-01-03,208000,194000,5.898,30,292,1233.46,0.662,293000,0
M0102569,C0102569,2024-02-08,698000,677000,6.148,30,329,4251.51,0.613,1105000,0
M0102570,C0102570,2023-11-21,579000,560000,7.372,30,327,3997.83,0.494,1134000,0
M0102571,C0102571,2020-11-28,707000,612000,5.318,15,111,5708.73,0.658,930000,0
M0102572,C0102572,2024-06-08,413000,402000,5.5,30,333,2344.97,0.538,747000,0
M0102573,C0102573,2019-09-25,265000,243000,6.227,30,277,1627.69,0.529,459000,0
M0102574,C0102574,2020-07-23,229000,213000,6.896,30,287,1507.58,0.592,360000,0
M0102575,C0102575,2021-12-23,222000,210000,5.941,30,304,1322.59,0.714,294000,0
M0102576,C0102576,2022-09-02,301000,287000,5.748,30,312,1756.17,0.508,565000,0
M0102577,C0102577,2024-03-06,233000,219000,4.883,15,150,1828.38,0.74,296000,0
M0102578,C0102578,2021-10-10,386000,342000,5.144,15,121,3081.5,0.482,710000,0
M0102579,C0102579,2022-12-25,219000,210000,5.336,30,316,1221.02,0.563,373000,0
M0102580,C0102580,2021-10-21,240000,226000,6.271,30,302,1481.0,0.675,335000,0
M0102581,C0102581,2025-05-04,271000,267000,5.994,30,344,1623.74,0.589,453000,0
M0102582,C0102582,2023-06-24,222000,205000,4.742,15,142,1725.87,0.522,393000,0
M0102583,C0102583,2025-01-16,276000,271000,6.435,30,341,1732.73,0.638,425000,0
M0102584,C0102584,2023-03-21,439000,421000,5.314,30,319,2441.61,0.518,812000,0
M0102585,C0102585,2021-06-10,211000,198000,5.33,30,297,1175.63,0.477,415000,0
M0102586,C0102586,2025-01-05,180000,176000,6.345,30,340,1119.44,0.542,325000,0
M0102587,C0102587,2020-09-21,300000,279000,6.482,30,289,1892.65,0.744,375000,0
M0102588,C0102588,2020-09-27,185000,172000,5.88,30,289,1094.94,0.616,279000,0
M0102589,C0102589,2024-01-29,639000,619000,7.559,30,329,4493.82,0.501,1236000,0
M0102590,C0102590,2024-07-14,231000,225000,3.438,30,335,1029.32,0.648,347000,0
M0102591,C0102591,2021-04-08,336000,315000,6.562,30,295,2137.47,0.673,468000,0
M0102592,C0102592,2021-02-07,411000,384000,4.401,30,293,2058.37,0.688,558000,0
M0102593,C0102593,2021-11-09,174000,164000,5.481,30,302,985.88,0.509,322000,0
M0102594,C0102594,2024-10-23,215000,210000,5.527,30,338,1224.39,0.682,308000,0
M0102595,C0102595,2022-08-22,239000,228000,5.445,30,312,1348.78,0.598,381000,0
M0102596,C0102596,2024-03-01,485000,471000,4.507,30,330,2459.44,0.597,789000,0
M0102597,C0102597,2023-12-18,819000,793000,4.016,30,328,3917.59,0.491,1615000,0
M0102598,C0102598,2022-03-24,829000,786000,3.394,30,307,3673.7,0.546,1439000,0
M0102599,C0102599,2019-10-16,619000,569000,5.281,30,278,3430.04,0.467,1219000,0
M0102600,C0102600,2024-07-04,176000,167000,5.658,15,154,1452.87,0.673,248000,0
M0102601,C0102601,2024-03-17,211000,205000,6.163,30,331,1287.25,0.512,400000,0
M0102602,C0102602,2024-03-21,656000,618000,6.787,15,151,5818.47,0.671,921000,0
M0102603,C0102603,2024-06-12,703000,685000,6.434,30,334,4412.97,0.669,1024000,1
M0102604,C0102604,2020-01-16,488000,450000,6.596,30,281,3115.37,0.465,968000,0
M0102605,C0102605,2025-01-14,490000,481000,4.409,30,341,2456.33,0.606,794000,0
M0102606,C0102606,2024-07-12,264000,257000,6.724,30,335,1707.74,0.641,401000,0
M0102607,C0102607,2021-09-29,773000,728000,5.921,30,301,4595.34,0.541,1345000,0
M0102608,C0102608,2023-08-06,227000,219000,4.08,30,323,1094.23,0.526,416000,0
M0102609,C0102609,2020-04-17,146000,135000,6.687,30,284,940.85,0.582,232000,0
M0102610,C0102610,2022-02-21,489000,463000,4.539,30,306,2489.04,0.504,918000,0
M0102611,C0102611,2024-11-22,245000,240000,4.37,30,339,1222.53,0.566,424000,0
M0102612,C0102612,2022-10-20,171000,163000,7.206,30,314,1161.42,0.503,324000,0
M0102613,C0102613,2025-01-26,508000,489000,5.773,15,161,4224.74,0.491,996000,0
M0102614,C0102614,2023-02-20,131000,126000,4.362,30,318,653.06,0.555,227000,0
M0102615,C0102615,2020-04-10,411000,380000,4.918,30,283,2185.79,0.518,733000,0
M0102616,C0102616,2022-10-27,262000,250000,6.673,30,314,1685.94,0.729,343000,0
M0102617,C0102617,2021-09-26,730000,646000,4.188,15,121,5468.75,0.48,1347000,0
M0102618,C0102618,2023-05-17,412000,396000,5.353,30,321,2301.43,0.485,816000,0
M0102619,C0102619,2019-11-20,561000,516000,5.353,30,279,3133.75,0.573,900000,1
M0102620,C0102620,2022-02-15,191000,181000,8.0,30,306,1401.49,0.609,297000,0
M0102621,C0102621,2021-06-09,141000,124000,3.905,15,117,1036.26,0.496,250000,0
M0102622,C0102622,2020-12-02,273000,255000,3.951,30,291,1295.64,0.662,385000,0
M0102623,C0102623,2021-01-25,445000,416000,4.885,30,293,2357.68,0.699,595000,0
M0102624,C0102624,2020-01-18,340000,314000,4.805,30,281,1784.89,0.474,662000,0
M0102625,C0102625,2022-12-05,583000,557000,5.547,30,315,3327.42,0.735,758000,0
M0102626,C0102626,2024-09-22,431000,421000,4.99,30,337,2311.07,0.551,764000,0
M0102627,C0102627,2024-04-08,194000,189000,6.44,30,331,1218.57,0.661,286000,0
M0102628,C0102628,2024-04-04,413000,390000,5.605,15,151,3397.61,0.75,520000,0
M0102629,C0102629,2022-04-14,357000,320000,4.447,15,128,2721.37,0.627,510000,0
M0102630,C0102630,2025-03-04,619000,608000,5.247,30,342,3416.99,0.525,1159000,0
M0102631,C0102631,2023-07-20,206000,198000,5.212,30,323,1132.7,0.759,261000,0
M0102632,C0102632,2021-04-27,235000,206000,6.768,15,116,2081.88,0.622,331000,0
M0102633,C0102633,2022-11-18,400000,382000,6.462,30,315,2518.28,0.53,721000,0
M0102634,C0102634,2023-09-09,665000,618000,6.295,15,144,5718.18,0.467,1322000,0
M0102635,C0102635,2022-08-09,297000,283000,4.711,30,311,1542.32,0.545,519000,0
M0102636,C0102636,2024-12-02,442000,433000,5.855,30,339,2608.95,0.593,730000,1
M0102637,C0102637,2025-07-15,334000,329000,4.244,30,347,1641.91,0.639,515000,0
M0102638,C0102638,2021-05-19,321000,301000,6.229,30,297,1972.07,0.522,577000,0
M0102639,C0102639,2022-01-18,583000,551000,6.849,30,305,3819.77,0.67,822000,0
M0102640,C0102640,2021-07-30,346000,305000,3.215,15,119,2425.35,0.672,454000,0
M0102641,C0102641,2023-07-19,263000,253000,5.419,30,323,1479.95,0.542,467000,0
M0102642,C0102642,2024-05-13,255000,248000,5.417,30,333,1434.61,0.504,492000,0
M0102643,C0102643,2020-10-29,281000,262000,6.514,30,290,1778.7,0.49,535000,0
M0102644,C0102644,2021-04-20,232000,217000,4.868,30,296,1226.78,0.61,356000,0
M0102645,C0102645,2025-05-11,291000,286000,4.853,30,344,1536.11,0.503,569000,0
M0102646,C0102646,2019-11-25,338000,311000,5.697,30,279,1961.11,0.702,443000,0
M0102647,C0102647,2022-05-12,378000,359000,6.19,30,308,2312.68,0.731,491000,0
M0102648,C0102648,2023-12-07,200000,194000,5.748,30,327,1166.89,0.584,332000,0
M0102649,C0102649,2023-07-16,266000,256000,6.491,30,323,1679.73,0.544,471000,0
M0102650,C0102650,2022-05-30,272000,258000,6.28,30,309,1680.06,0.652,396000,0
M0102651,C0102651,2025-02-19,224000,216000,4.953,15,162,1765.9,0.57,379000,0
M0102652,C0102652,2025-03-18,245000,241000,5.548,30,343,1398.47,0.76,317000,0
M0102653,C0102653,2023-03-21,514000,493000,6.127,30,319,3123.78,0.498,989000,0
M0102654,C0102654,2019-12-18,648000,597000,4.652,30,280,3342.1,0.552,1082000,0
M0102655,C0102655,2023-03-30,280000,269000,4.776,30,319,1465.0,0.491,548000,0
M0102656,C0102656,2020-07-21,230000,214000,3.919,30,287,1087.34,0.552,388000,0
M0102657,C0102657,2021-03-07,315000,295000,6.823,30,294,2058.39,0.497,594000,0
M0102658,C0102658,2020-08-12,342000,318000,7.91,30,288,2488.05,0.474,671000,0
M0102659,C0102659,2024-10-14,463000,453000,4.78,30,338,2423.61,0.611,742000,0
M0102660,C0102660,2019-09-19,269000,247000,6.159,30,277,1640.39,0.613,403000,0
M0102661,C0102661,2020-09-19,250000,233000,6.9,30,289,1646.5,0.625,373000,0
M0102662,C0102662,2020-07-20,1117000,1037000,4.242,30,287,5489.74,0.608,1706000,0
M0102663,C0102663,2025-05-30,172000,167000,5.91,15,165,1443.08,0.671,249000,0
M0102664,C0102664,2024-02-06,514000,498000,6.988,30,329,3415.51,0.496,1005000,0
M0102665,C0102665,2022-08-09,690000,657000,5.24,30,311,3805.93,0.578,1136000,0
M0102666,C0102666,2021-12-01,289000,273000,5.444,30,303,1630.77,0.554,493000,0
M0102667,C0102667,2021-10-21,408000,385000,7.053,30,302,2728.97,0.725,531000,0
M0102668,C0102668,2019-10-30,142000,131000,5.069,30,278,768.29,0.483,271000,0
M0102669,C0102669,2025-08-11,332000,328000,4.904,30,347,1762.82,0.754,435000,0
M0102670,C0102670,2024-03-13,585000,568000,5.334,30,331,3260.89,0.594,957000,0
M0102671,C0102671,2025-04-13,348000,342000,7.541,30,344,2443.04,0.517,661000,0
M0102672,C0102672,2022-07-02,334000,318000,6.418,30,310,2093.13,0.716,444000,0
M0102673,C0102673,2024-01-22,780000,756000,6.135,30,329,4744.41,0.517,1461000,0
M0102674,C0102674,2021-12-31,494000,440000,6.123,15,124,4201.55,0.498,883000,0
M0102675,C0102675,2023-05-30,467000,449000,4.318,30,321,2315.99,0.581,773000,0
M0102676,C0102676,2024-03-03,219000,213000,6.168,30,330,1336.76,0.647,329000,0
M0102677,C0102677,2023-08-15,97000,94000,5.086,30,324,525.83,0.54,174000,0
M0102678,C0102678,2021-11-29,395000,373000,5.346,30,303,2204.75,0.483,772000,0
M0102679,C0102679,2019-11-15,329000,303000,5.29,30,279,1824.91,0.67,452000,0
M0102680,C0102680,2024-09-03,480000,469000,6.601,30,336,3065.88,0.779,602000,0
M0102681,C0102681,2024-09-11,349000,341000,7.58,30,337,2459.41,0.78,437000,0
M0102682,C0102682,2019-12-04,335000,309000,4.565,30,279,1710.36,0.463,667000,0
M0102683,C0102683,2020-05-10,333000,308000,6.75,30,284,2159.83,0.555,555000,0
M0102684,C0102684,2020-05-08,188000,174000,5.411,30,284,1056.97,0.569,306000,0
M0102685,C0102685,2020-01-13,130000,120000,6.448,30,281,817.25,0.663,181000,0
M0102686,C0102686,2024-05-31,210000,204000,5.944,30,333,1251.51,0.656,311000,0
M0102687,C0102687,2024-08-23,189000,184000,4.939,30,336,1007.56,0.571,322000,0
M0102688,C0102688,2021-10-11,320000,302000,4.923,30,301,1702.8,0.693,436000,0
M0102689,C0102689,2021-02-23,145000,136000,5.382,30,294,812.59,0.576,236000,0
M0102690,C0102690,2020-09-15,258000,240000,6.014,30,289,1549.16,0.736,326000,0
M0102691,C0102691,2019-09-17,860000,790000,6.166,30,277,5248.27,0.508,1554000,0
M0102692,C0102692,2020-04-25,316000,292000,8.0,30,284,2318.7,0.661,442000,0
M0102693,C0102693,2024-03-18,336000,326000,6.222,30,331,2062.69,0.489,667000,1
M0102694,C0102694,2023-12-08,330000,319000,4.197,30,327,1613.18,0.49,651000,0
M0102695,C0102695,2022-09-07,364000,347000,7.009,30,312,2423.9,0.723,480000,0
M0102696,C0102696,2023-11-28,252000,244000,6.282,30,327,1556.86,0.602,405000,0
M0102697,C0102697,2021-02-23,302000,263000,5.448,15,114,2459.27,0.595,442000,0
M0102698,C0102698,2020-10-06,250000,233000,4.408,30,289,1253.08,0.56,416000,1
M0102699,C0102699,2021-04-16,155000,145000,5.321,30,296,862.74,0.558,260000,0
M0102700,C0102700,2025-08-23,589000,582000,6.916,30,348,3885.46,0.543,1071000,0
M0102701,C0102701,2020-09-13,211000,196000,6.177,30,289,1289.16,0.537,365000,0
M0102702,C0102702,2023-12-22,730000,707000,7.121,30,328,4916.17,0.703,1006000,0
M0102703,C0102703,2023-08-11,224000,216000,7.063,30,323,1499.77,0.585,369000,0
M0102704,C0102704,2022-05-06,166000,149000,5.855,15,128,1387.83,0.46,324000,0
M0102705,C0102705,2024-12-21,863000,846000,2.8,30,340,3546.02,0.769,1100000,0
M0102706,C0102706,2021-04-22,156000,146000,4.635,30,296,802.99,0.73,200000,0
M0102707,C0102707,2021-08-22,106000,100000,3.932,30,300,501.91,0.658,152000,0
M0102708,C0102708,2023-01-05,159000,152000,7.187,30,316,1077.87,0.524,290000,0
M0102709,C0102709,2023-08-30,306000,295000,6.193,30,324,1872.77,0.482,612000,0
M0102710,C0102710,2023-12-29,168000,163000,5.389,30,328,942.22,0.7,233000,0
M0102711,C0102711,2021-10-28,247000,233000,5.053,30,302,1333.96,0.642,363000,0
M0102712,C0102712,2019-10-07,119000,109000,6.818,30,277,777.22,0.482,226000,0
M0102713,C0102713,2022-11-10,565000,514000,4.637,15,134,4361.88,0.523,982000,0
M0102714,C0102714,2019-11-08,404000,340000,4.205,15,98,3030.01,0.568,599000,0
M0102715,C0102715,2022-12-12,174000,166000,4.111,30,316,841.88,0.537,309000,0
M0102716,C0102716,2025-09-02,103000,102000,5.743,30,348,600.62,0.713,143000,0
M0102717,C0102717,2020-05-30,209000,194000,4.727,30,285,1087.35,0.52,373000,0
M0102718,C0102718,2023-08-03,454000,438000,6.72,30,323,2935.59,0.724,605000,0
M0102719,C0102719,2021-11-09,561000,529000,5.604,30,302,3222.0,0.562,942000,0
M0102720,C0102720,2022-11-18,291000,278000,4.073,30,315,1401.55,0.591,470000,0
M0102721,C0102721,2021-12-14,255000,241000,5.338,30,304,1422.05,0.6,402000,0
M0102722,C0102722,2021-02-14,245000,213000,4.524,15,114,1877.24,0.523,407000,0
M0102723,C0102723,2019-11-16,382000,352000,5.454,30,279,2157.94,0.463,761000,0
M0102724,C0102724,2019-12-13,509000,429000,6.788,15,100,4514.92,0.511,840000,0
M0102725,C0102725,2024-01-30,305000,286000,5.415,15,149,2478.37,0.688,416000,0
M0102726,C0102726,2025-07-25,272000,268000,4.848,30,347,1434.99,0.707,379000,0
M0102727,C0102727,2021-07-27,484000,455000,6.068,30,299,2923.02,0.658,692000,0
M0102728,C0102728,2024-06-23,692000,674000,5.108,30,334,3760.61,0.542,1244000,0
M0102729,C0102729,2023-07-26,284000,274000,6.164,30,323,1732.78,0.695,394000,0
M0102730,C0102730,2021-03-06,342000,320000,5.936,30,294,2036.41,0.665,481000,0
M0102731,C0102731,2022-02-08,225000,213000,4.415,30,305,1128.71,0.478,446000,0
M0102732,C0102732,2022-02-08,341000,323000,4.129,30,305,1653.45,0.521,620000,0
M0102733,C0102733,2020-10-18,206000,192000,5.165,30,290,1126.72,0.608,316000,0
M0102734,C0102734,2021-11-27,667000,592000,6.022,15,123,5636.46,0.526,1126000,0
M0102735,C0102735,2020-03-01,510000,471000,7.473,30,282,3556.57,0.577,816000,0
M0102736,C0102736,2024-07-06,781000,761000,4.322,30,334,3875.04,0.569,1338000,0
M0102737,C0102737,2023-02-19,248000,238000,4.456,30,318,1250.1,0.489,487000,0
M0102738,C0102738,2023-01-17,923000,844000,6.633,15,137,8107.96,0.497,1698000,0
M0102739,C0102739,2020-09-15,370000,344000,5.767,30,289,2163.22,0.566,608000,0
M0102740,C0102740,2020-09-08,307000,285000,5.356,30,288,1715.48,0.683,417000,0
M0102741,C0102741,2023-09-09,615000,593000,6.291,30,324,3803.08,0.743,798000,0
M0102742,C0102742,2020-03-08,197000,182000,6.916,30,282,1299.55,0.572,318000,0
M0102743,C0102743,2021-09-25,333000,314000,6.692,30,301,2147.01,0.725,433000,0
M0102744,C0102744,2024-04-13,303000,294000,4.778,30,332,1585.71,0.489,601000,0
M0102745,C0102745,2020-06-07,404000,374000,6.033,30,285,2430.76,0.568,658000,0
M0102746,C0102746,2024-08-31,263000,257000,6.794,30,336,1713.51,0.712,361000,0
M0102747,C0102747,2021-08-02,250000,235000,5.232,30,299,1377.72,0.66,356000,0
M0102748,C0102748,2020-02-09,271000,250000,5.961,30,281,1617.99,0.649,385000,0
M0102749,C0102749,2021-06-19,283000,266000,4.906,30,298,1502.99,0.575,463000,0
M0102750,C0102750,2022-09-09,341000,309000,4.503,15,132,2609.15,0.573,539000,0
M0102751,C0102751,2020-09-03,624000,580000,6.008,30,288,3744.41,0.54,1074000,1
M0102752,C0102752,2024-07-24,111000,108000,6.568,30,335,706.57,0.628,172000,0
M0102753,C0102753,2024-03-08,481000,453000,6.393,15,150,4161.78,0.536,845000,0
M0102754,C0102754,2021-10-30,259000,244000,4.083,30,302,1248.93,0.615,397000,0
M0102755,C0102755,2021-03-21,300000,281000,7.0,30,295,1995.91,0.633,444000,0
M0102756,C0102756,2024-01-21,190000,184000,6.197,30,329,1163.32,0.757,243000,0
M0102757,C0102757,2021-11-15,335000,316000,6.799,30,303,2183.73,0.511,619000,0
M0102758,C0102758,2020-12-18,269000,251000,4.539,30,292,1369.22,0.573,438000,0
M0102759,C0102759,2022-06-04,293000,264000,6.489,15,129,2550.57,0.644,410000,0
M0102760,C0102760,2024-09-19,439000,429000,6.269,30,337,2708.43,0.613,700000,0
M0102761,C0102761,2019-11-07,450000,414000,4.175,30,278,2194.02,0.614,674000,0
M0102762,C0102762,2023-07-21,667000,643000,6.053,30,323,4021.76,0.683,942000,0
M0102763,C0102763,2023-03-23,244000,234000,4.435,30,319,1226.91,0.548,427000,0
M0102764,C0102764,2022-04-06,461000,437000,5.587,30,307,2642.73,0.593,737000,0
M0102765,C0102765,2024-04-15,450000,437000,8.0,30,332,3301.94,0.617,708000,0
M0102766,C0102766,2025-04-03,342000,336000,5.89,30,343,2026.34,0.613,548000,0
M0102767,C0102767,2020-08-31,761000,707000,5.446,30,288,4295.13,0.534,1323000,0
M0102768,C0102768,2021-03-08,238000,207000,3.939,15,114,1753.19,0.47,440000,0
M0102769,C0102769,2024-08-02,353000,344000,5.891,30,335,2091.74,0.61,564000,0
M0102770,C0102770,2022-08-10,382000,364000,5.405,30,311,2146.24,0.575,633000,0
M0102771,C0102771,2021-03-24,180000,169000,3.361,30,295,794.38,0.542,312000,0
M0102772,C0102772,2019-10-20,617000,567000,4.372,30,278,3079.5,0.665,852000,0
M0102773,C0102773,2020-02-18,311000,287000,6.552,30,282,1976.38,0.504,569000,0
M0102774,C0102774,2025-04-19,408000,401000,6.993,30,344,2712.52,0.771,520000,0
M0102775,C0102775,2020-10-08,722000,672000,5.654,30,289,4169.47,0.652,1031000,0
M0102776,C0102776,2024-11-04,365000,357000,6.685,30,338,2351.63,0.492,726000,0
M0102777,C0102777,2021-11-25,334000,297000,5.611,15,123,2748.77,0.517,574000,0
M0102778,C0102778,2022-02-23,339000,321000,4.742,30,306,1766.75,0.605,531000,0
M0102779,C0102779,2020-02-29,198000,183000,7.995,30,282,1452.16,0.513,357000,0
M0102780,C0102780,2022-03-16,271000,257000,4.021,30,307,1297.08,0.615,418000,0
M0102781,C0102781,2022-10-07,304000,290000,6.04,30,313,1830.46,0.628,462000,0
M0102782,C0102782,2022-01-23,344000,325000,4.858,30,305,1816.93,0.521,624000,0
M0102783,C0102783,2025-03-30,653000,631000,5.345,15,163,5282.0,0.604,1045000,0
M0102784,C0102784,2025-07-08,522000,508000,7.322,15,166,4786.35,0.607,837000,0
M0102785,C0102785,2021-04-16,244000,229000,5.624,30,296,1404.45,0.705,325000,0
M0102786,C0102786,2022-09-19,324000,309000,5.218,30,313,1782.72,0.51,606000,0
M0102787,C0102787,2021-05-26,660000,619000,4.973,30,297,3532.14,0.621,996000,0
M0102788,C0102788,2022-10-18,138000,132000,6.192,30,314,844.49,0.571,231000,0
M0102789,C0102789,2020-07-04,293000,272000,4.533,30,286,1490.34,0.596,456000,0
M0102790,C0102790,2023-10-29,171000,165000,5.678,30,326,990.1,0.565,292000,0
M0102791,C0102791,2023-04-06,1112000,1067000,5.426,30,319,6262.28,0.583,1830000,0
M0102792,C0102792,2024-02-09,482000,467000,4.713,30,329,2503.6,0.492,949000,0
M0102793,C0102793,2024-10-29,256000,245000,3.999,15,158,1893.47,0.486,504000,0
M0102794,C0102794,2024-12-28,322000,316000,5.612,30,340,1850.97,0.712,444000,0
M0102795,C0102795,2025-01-30,217000,213000,5.164,30,341,1186.75,0.511,417000,0
M0102796,C0102796,2025-02-05,887000,870000,5.82,30,341,5215.8,0.621,1400000,0
M0102797,C0102797,2023-08-17,104000,100000,3.189,30,324,449.14,0.599,167000,0
M0102798,C0102798,2023-01-10,386000,369000,5.069,30,316,2088.44,0.53,696000,0
M0102799,C0102799,2020-12-10,316000,295000,6.512,30,291,1999.83,0.573,515000,0
M0102800,C0102800,2020-10-02,196000,182000,3.76,30,289,908.82,0.519,351000,0
M0102801,C0102801,2022-07-28,289000,275000,7.636,30,311,2047.71,0.608,452000,1
M0102802,C0102802,2022-02-22,146000,138000,5.973,30,306,872.81,0.527,262000,0
M0102803,C0102803,2024-09-03,718000,684000,5.417,15,156,5835.08,0.589,1162000,0
M0102804,C0102804,2024-02-16,332000,312000,5.691,15,150,2746.48,0.704,443000,0
M0102805,C0102805,2024-03-31,518000,503000,4.634,30,331,2666.03,0.572,880000,0
M0102806,C0102806,2022-09-24,257000,245000,7.133,30,313,1732.84,0.543,451000,0
M0102807,C0102807,2023-08-10,642000,619000,5.768,30,323,3753.88,0.671,922000,0
M0102808,C0102808,2024-06-08,333000,324000,5.645,30,333,1921.14,0.556,583000,0
M0102809,C0102809,2022-10-26,560000,535000,6.675,30,314,3604.28,0.479,1118000,0
M0102810,C0102810,2024-12-26,435000,418000,5.998,15,160,3670.31,0.596,701000,0
M0102811,C0102811,2020-08-30,322000,299000,4.824,30,288,1694.1,0.626,478000,0
M0102812,C0102812,2021-02-26,540000,505000,5.535,30,294,3077.93,0.679,744000,0
M0102813,C0102813,2019-09-30,2500000,2297000,6.196,30,277,15305.24,0.657,3495000,0
M0102814,C0102814,2024-02-01,186000,180000,5.636,30,329,1072.01,0.682,264000,0
M0102815,C0102815,2022-02-07,309000,276000,4.09,15,125,2299.6,0.587,470000,0
M0102816,C0102816,2020-10-29,172000,148000,7.111,15,110,1556.68,0.679,218000,0
M0102817,C0102817,2023-05-13,403000,387000,5.747,30,321,2351.03,0.597,648000,0
M0102818,C0102818,2020-02-04,367000,339000,5.136,30,281,2000.75,0.482,703000,0
M0102819,C0102819,2024-08-06,866000,845000,6.286,30,335,5352.4,0.61,1385000,0
M0102820,C0102820,2024-09-01,288000,281000,5.026,30,336,1550.63,0.598,470000,0
M0102821,C0102821,2022-08-19,528000,503000,3.884,30,312,2485.57,0.568,886000,0
M0102822,C0102822,2023-07-27,116000,112000,5.564,30,323,663.3,0.487,230000,0
M0102823,C0102823,2022-01-08,354000,315000,6.305,15,124,3045.9,0.606,520000,0
M0102824,C0102824,2020-08-01,212000,197000,5.27,30,287,1173.3,0.471,418000,0
M0102825,C0102825,2023-09-26,441000,426000,5.313,30,325,2452.45,0.53,804000,0
M0102826,C0102826,2021-04-04,583000,546000,5.362,30,295,3259.91,0.592,923000,0
M0102827,C0102827,2023-10-03,243000,235000,5.453,30,325,1372.57,0.514,457000,0
M0102828,C0102828,2025-06-07,429000,423000,5.727,30,345,2497.26,0.501,844000,0
M0102829,C0102829,2020-09-23,274000,236000,6.443,15,109,2378.26,0.44,536000,0
M0102830,C0102830,2022-07-24,336000,320000,6.375,30,311,2096.2,0.599,534000,0
M0102831,C0102831,2021-09-27,403000,380000,7.801,30,301,2901.36,0.488,779000,0
M0102832,C0102832,2023-06-17,198000,191000,7.483,30,322,1382.14,0.543,352000,0
M0102833,C0102833,2022-12-30,199000,190000,4.618,30,316,1022.3,0.731,260000,0
M0102834,C0102834,2020-10-13,506000,471000,5.313,30,290,2813.93,0.729,646000,0
M0102835,C0102835,2022-05-09,234000,222000,6.358,30,308,1457.25,0.612,363000,0
M0102836,C0102836,2024-10-21,621000,607000,3.593,30,338,2820.91,0.564,1077000,0
M0102837,C0102837,2022-09-02,135000,129000,5.909,30,312,801.51,0.498,259000,0
M0102838,C0102838,2024-11-21,523000,512000,4.621,30,339,2687.7,0.766,668000,0
M0102839,C0102839,2024-08-26,329000,321000,5.504,30,336,1868.85,0.672,478000,0
M0102840,C0102840,2019-10-16,313000,288000,5.576,30,278,1792.13,0.508,567000,0
M0102841,C0102841,2020-06-23,353000,327000,3.616,30,286,1608.07,0.609,537000,0
M0102842,C0102842,2020-07-01,159000,148000,8.0,30,286,1166.69,0.546,271000,0
M0102843,C0102843,2025-02-24,574000,564000,4.968,30,342,3070.14,0.634,889000,0
M0102844,C0102844,2019-09-19,264000,243000,7.144,30,277,1782.0,0.655,371000,0
M0102845,C0102845,2024-06-02,216000,210000,3.764,30,333,1002.05,0.75,280000,0
M0102846,C0102846,2024-08-18,967000,944000,4.84,30,336,5096.92,0.59,1599000,0
M0102847,C0102847,2022-04-30,275000,261000,6.422,30,308,1724.1,0.683,382000,0
M0102848,C0102848,2023-06-01,213000,205000,5.278,30,321,1179.89,0.74,277000,0
M0102849,C0102849,2022-12-07,492000,470000,6.423,30,315,3084.9,0.645,729000,0
M0102850,C0102850,2020-07-04,374000,347000,6.241,30,286,2300.59,0.477,727000,0
M0102851,C0102851,2022-02-16,543000,514000,4.63,30,306,2793.4,0.567,907000,0
M0102852,C0102852,2023-11-26,342000,331000,6.889,30,327,2249.9,0.677,489000,0
M0102853,C0102853,2020-03-07,528000,488000,6.174,30,282,3224.93,0.539,905000,0
M0102854,C0102854,2021-06-19,915000,859000,3.949,30,298,4341.49,0.513,1673000,0
M0102855,C0102855,2023-12-25,224000,210000,5.653,15,148,1848.5,0.496,423000,0
M0102856,C0102856,2025-05-16,261000,257000,6.256,30,345,1608.04,0.494,520000,0
M0102857,C0102857,2024-10-16,147000,144000,5.427,30,338,827.93,0.571,252000,0
M0102858,C0102858,2024-06-22,396000,386000,5.59,30,334,2270.86,0.62,623000,0
M0102859,C0102859,2024-12-20,349000,342000,6.072,30,340,2108.61,0.557,614000,0
M0102860,C0102860,2020-02-26,616000,569000,3.739,30,282,2848.95,0.693,821000,0
M0102861,C0102861,2025-05-05,323000,318000,5.316,30,344,1796.84,0.546,582000,0
M0102862,C0102862,2020-01-05,314000,265000,5.125,15,100,2503.59,0.579,458000,0
M0102863,C0102863,2020-12-15,361000,337000,6.368,30,292,2250.52,0.533,632000,0
M0102864,C0102864,2025-03-29,292000,287000,4.916,30,343,1552.56,0.615,467000,0
M0102865,C0102865,2022-12-15,394000,377000,7.679,30,316,2803.36,0.665,567000,0
M0102866,C0102866,2025-08-27,367000,363000,4.891,30,348,1945.76,0.541,671000,0
M0102867,C0102867,2024-02-29,429000,404000,4.296,15,150,3237.27,0.493,819000,0
M0102868,C0102868,2024-01-29,292000,274000,6.885,15,149,2605.84,0.559,490000,0
M0102869,C0102869,2021-08-27,432000,407000,6.188,30,300,2642.5,0.501,812000,0
M0102870,C0102870,2024-07-20,446000,435000,5.953,30,335,2660.53,0.519,838000,0
M0102871,C0102871,2021-01-13,278000,241000,5.261,15,113,2236.39,0.606,398000,0
M0102872,C0102872,2021-06-21,315000,296000,5.139,30,298,1717.85,0.55,538000,0
M0102873,C0102873,2020-01-29,300000,277000,6.031,30,281,1804.64,0.463,598000,0
M0102874,C0102874,2022-05-23,177000,168000,4.902,30,309,939.6,0.712,236000,0
M0102875,C0102875,2023-04-21,257000,247000,7.483,30,320,1793.99,0.554,446000,0
M0102876,C0102876,2021-05-20,479000,449000,5.787,30,297,2806.58,0.614,731000,0
M0102877,C0102877,2021-07-25,500000,470000,5.228,30,299,2754.21,0.61,770000,0
M0102878,C0102878,2024-06-08,388000,378000,5.07,30,333,2099.5,0.751,503000,0
M0102879,C0102879,2024-01-28,197000,191000,4.186,30,329,961.75,0.663,288000,0
M0102880,C0102880,2021-11-11,535000,505000,6.303,30,303,3312.55,0.499,1012000,0
M0102881,C0102881,2020-07-04,827000,767000,4.655,30,286,4266.8,0.716,1071000,0
M0102882,C0102882,2022-07-21,441000,420000,5.358,30,311,2464.8,0.643,653000,0
M0102883,C0102883,2020-03-31,327000,302000,8.0,30,283,2399.41,0.464,651000,0
M0102884,C0102884,2022-06-04,213000,202000,3.516,30,309,958.37,0.699,289000,0
M0102885,C0102885,2021-12-01,325000,307000,5.391,30,303,1823.15,0.519,592000,0
M0102886,C0102886,2023-07-05,256000,246000,3.995,30,322,1221.45,0.481,511000,0
M0102887,C0102887,2021-09-29,297000,280000,4.909,30,301,1577.88,0.492,569000,0
M0102888,C0102888,2025-03-27,624000,613000,5.343,30,343,3481.78,0.519,1180000,0
M0102889,C0102889,2021-09-28,510000,451000,4.066,15,121,3789.3,0.443,1019000,0
M0102890,C0102890,2023-04-16,276000,265000,5.95,30,320,1645.9,0.661,401000,0
M0102891,C0102891,2022-02-24,342000,324000,7.115,30,306,2301.81,0.481,674000,0
M0102892,C0102892,2019-10-11,327000,274000,5.866,15,97,2735.79,0.506,541000,0
M0102893,C0102893,2023-01-25,264000,253000,6.424,30,317,1655.49,0.721,351000,0
M0102894,C0102894,2021-08-21,167000,147000,7.287,15,120,1527.97,0.464,317000,0
M0102895,C0102895,2021-04-04,496000,433000,6.168,15,115,4230.68,0.647,669000,0
M0102896,C0102896,2024-09-08,592000,578000,2.909,30,336,2466.94,0.706,819000,0
M0102897,C0102897,2019-11-04,242000,223000,5.697,30,278,1404.11,0.736,303000,0
M0102898,C0102898,2022-05-14,236000,224000,2.8,30,309,969.71,0.619,362000,0
M0102899,C0102899,2021-03-23,516000,483000,4.705,30,295,2677.72,0.599,806000,0
M0102900,C0102900,2024-12-08,235000,230000,3.851,30,339,1101.83,0.678,339000,0
M0102901,C0102901,2023-11-04,164000,159000,5.8,30,326,962.27,0.52,306000,1
M0102902,C0102902,2020-01-25,262000,242000,4.513,30,281,1329.54,0.483,501000,0
M0102903,C0102903,2022-09-12,646000,586000,5.83,15,133,5392.16,0.617,950000,0
M0102904,C0102904,2025-07-27,252000,249000,6.359,30,347,1569.52,0.603,413000,0
M0102905,C0102905,2022-02-12,237000,224000,4.446,30,306,1193.25,0.483,464000,0
M0102906,C0102906,2020-08-03,259000,241000,5.776,30,287,1515.73,0.671,359000,0
M0102907,C0102907,2025-03-15,184000,181000,2.8,30,343,756.05,0.696,260000,0
M0102908,C0102908,2024-07-22,170000,166000,3.858,30,335,797.75,0.638,260000,0
M0102909,C0102909,2022-09-30,287000,274000,6.894,30,313,1889.03,0.667,411000,0
M0102910,C0102910,2023-04-18,163000,157000,4.53,30,320,828.81,0.755,208000,0
M0102911,C0102911,2025-01-30,269000,264000,4.922,30,341,1431.25,0.51,518000,0
M0102912,C0102912,2024-07-18,374000,355000,4.6,15,155,2880.23,0.737,482000,0
M0102913,C0102913,2022-08-20,396000,377000,3.593,30,312,1798.84,0.625,603000,0
M0102914,C0102914,2022-02-07,305000,289000,4.363,30,305,1520.66,0.717,403000,0
M0102915,C0102915,2025-03-05,180000,177000,5.494,30,342,1021.34,0.651,272000,0
M0102916,C0102916,2021-05-23,267000,250000,5.076,30,297,1445.74,0.704,355000,0
M0102917,C0102917,2023-07-13,390000,376000,6.681,30,323,2511.67,0.723,520000,0
M0102918,C0102918,2019-09-16,447000,411000,4.82,30,277,2350.66,0.531,774000,0
M0102919,C0102919,2019-12-22,286000,264000,5.487,30,280,1621.54,0.583,453000,0
M0102920,C0102920,2021-12-27,231000,206000,4.902,15,124,1814.96,0.613,336000,0
M0102921,C0102921,2025-08-26,342000,338000,6.527,30,348,2167.75,0.503,672000,0
M0102922,C0102922,2024-12-08,275000,269000,3.924,30,339,1300.87,0.494,544000,0
M0102923,C0102923,2024-01-20,197000,191000,6.025,30,329,1184.28,0.567,337000,0
M0102924,C0102924,2023-01-21,382000,366000,5.945,30,317,2276.79,0.683,536000,0
M0102925,C0102925,2023-06-20,331000,319000,4.597,30,322,1696.26,0.495,645000,0
M0102926,C0102926,2021-01-18,188000,176000,5.391,30,293,1054.62,0.613,287000,0
M0102927,C0102927,2022-02-27,239000,226000,5.926,30,306,1421.57,0.585,386000,0
M0102928,C0102928,2023-12-02,298000,288000,4.739,30,327,1552.53,0.536,537000,0
M0102929,C0102929,2019-11-28,153000,141000,4.716,30,279,794.99,0.511,276000,0
M0102930,C0102930,2020-04-30,228000,211000,4.147,30,284,1107.92,0.58,364000,0
M0102931,C0102931,2021-11-10,450000,425000,7.725,30,302,3216.08,0.571,744000,0
M0102932,C0102932,2024-05-21,257000,250000,4.986,30,333,1377.43,0.491,509000,0
M0102933,C0102933,2020-05-03,220000,204000,4.151,30,284,1069.56,0.571,357000,0
M0102934,C0102934,2021-04-26,563000,528000,3.555,30,296,2545.44,0.527,1002000,0
M0102935,C0102935,2024-09-20,390000,381000,4.617,30,337,2003.28,0.693,550000,0
M0102936,C0102936,2024-08-26,464000,453000,5.794,30,336,2720.76,0.57,795000,0
M0102937,C0102937,2023-12-19,221000,214000,5.219,30,328,1216.13,0.699,306000,1
M0102938,C0102938,2021-12-02,284000,268000,5.886,30,303,1681.96,0.619,433000,0
M0102939,C0102939,2020-05-18,326000,278000,6.287,15,105,2801.78,0.538,517000,0
M0102940,C0102940,2024-11-11,367000,359000,5.334,30,339,2045.72,0.558,643000,0
M0102941,C0102941,2025-08-31,1028000,1016000,5.36,30,348,5746.89,0.754,1348000,0
M0102942,C0102942,2021-08-08,342000,322000,7.222,30,299,2326.55,0.711,453000,0
M0102943,C0102943,2022-12-23,563000,539000,6.31,30,316,3488.49,0.742,726000,0
M0102944,C0102944,2025-03-24,1029000,1011000,5.923,30,343,6118.53,0.639,1581000,0
M0102945,C0102945,2022-12-25,773000,706000,5.123,15,136,6162.48,0.652,1083000,0
M0102946,C0102946,2025-06-16,355000,350000,6.243,30,346,2184.18,0.539,649000,0
M0102947,C0102947,2020-01-09,582000,537000,5.888,30,280,3447.59,0.494,1088000,0
M0102948,C0102948,2020-07-11,349000,324000,5.846,30,286,2058.0,0.648,500000,0
M0102949,C0102949,2023-01-02,321000,293000,6.289,15,136,2759.16,0.534,549000,0
M0102950,C0102950,2020-10-04,499000,464000,5.859,30,289,2946.67,0.575,807000,0
M0102951,C0102951,2020-04-06,510000,472000,3.829,30,283,2384.81,0.661,714000,0
M0102952,C0102952,2025-07-08,422000,416000,5.56,30,346,2411.98,0.571,729000,0
M0102953,C0102953,2022-03-10,301000,285000,4.273,30,306,1484.79,0.525,543000,0
M0102954,C0102954,2024-05-13,257000,250000,6.197,30,333,1573.55,0.518,483000,0
M0102955,C0102955,2023-11-25,179000,173000,3.775,30,327,831.52,0.655,264000,0
M0102956,C0102956,2021-11-21,355000,335000,5.466,30,303,2008.08,0.691,485000,0
M0102957,C0102957,2024-10-22,369000,361000,5.564,30,338,2109.98,0.502,719000,0
M0102958,C0102958,2020-03-09,496000,421000,4.238,15,102,3728.29,0.436,966000,0
M0102959,C0102959,2022-10-04,158000,151000,5.411,30,313,888.3,0.654,231000,0
M0102960,C0102960,2020-06-25,345000,295000,6.344,15,106,2975.81,0.661,446000,0
M0102961,C0102961,2025-08-04,296000,292000,4.888,30,347,1568.79,0.554,527000,0
M0102962,C0102962,2020-12-13,318000,297000,5.818,30,292,1869.52,0.612,485000,0
M0102963,C0102963,2023-09-08,611000,568000,6.058,15,144,5175.13,0.511,1111000,0
M0102964,C0102964,2021-06-18,622000,584000,4.326,30,298,3087.6,0.72,811000,0
M0102965,C0102965,2022-07-24,545000,519000,5.545,30,311,3109.85,0.597,869000,0
M0102966,C0102966,2022-04-01,343000,325000,5.268,30,307,1897.88,0.632,514000,0
M0102967,C0102967,2022-05-08,298000,283000,5.484,30,308,1689.02,0.548,516000,0
M0102968,C0102968,2022-10-22,598000,571000,3.736,30,314,2764.68,0.536,1066000,0
M0102969,C0102969,2023-01-13,771000,738000,3.952,30,317,3659.57,0.488,1512000,0
M0102970,C0102970,2019-11-12,729000,613000,6.842,15,99,6488.23,0.557,1101000,0
M0102971,C0102971,2019-12-01,419000,386000,6.332,30,279,2602.24,0.684,564000,0
M0102972,C0102972,2022-03-04,334000,299000,5.742,15,126,2772.14,0.454,658000,0
M0102973,C0102973,2024-10-22,463000,453000,6.492,30,338,2924.04,0.583,777000,0
M0102974,C0102974,2025-05-18,478000,471000,4.042,30,345,2293.63,0.505,932000,0
M0102975,C0102975,2019-09-19,268000,246000,5.25,30,277,1479.91,0.49,502000,0
M0102976,C0102976,2024-08-04,298000,283000,5.147,15,155,2379.45,0.587,482000,0
M0102977,C0102977,2021-07-20,1504000,1414000,4.653,30,299,7757.88,0.714,1980000,0
M0102978,C0102978,2021-06-09,268000,252000,4.253,30,297,1318.87,0.638,395000,0
M0102979,C0102979,2020-10-01,502000,467000,6.948,30,289,3322.31,0.524,891000,0
M0102980,C0102980,2023-11-10,253000,245000,4.808,30,326,1328.63,0.537,456000,0
M0102981,C0102981,2021-11-22,308000,291000,5.996,30,303,1845.82,0.657,443000,0
M0102982,C0102982,2022-12-18,207000,198000,5.865,30,316,1223.16,0.553,358000,0
M0102983,C0102983,2024-05-29,207000,201000,6.65,30,333,1328.87,0.731,275000,0
M0102984,C0102984,2021-05-01,446000,418000,6.308,30,296,2762.94,0.665,629000,0
M0102985,C0102985,2021-03-13,420000,393000,5.162,30,295,2296.42,0.697,564000,1
M0102986,C0102986,2022-08-04,823000,744000,4.108,15,131,6132.27,0.645,1154000,0
M0102987,C0102987,2020-08-11,332000,285000,6.482,15,108,2888.79,0.625,456000,0
M0102988,C0102988,2021-12-20,354000,334000,6.844,30,304,2318.2,0.527,634000,0
M0102989,C0102989,2021-03-10,321000,300000,8.0,30,294,2355.38,0.482,622000,0
M0102990,C0102990,2021-03-14,202000,189000,6.576,30,295,1286.89,0.474,399000,0
M0102991,C0102991,2020-06-16,440000,408000,4.797,30,286,2307.73,0.601,679000,0
M0102992,C0102992,2021-11-14,301000,267000,4.94,15,123,2370.89,0.468,570000,0
M0102993,C0102993,2025-04-25,160000,157000,3.216,30,344,693.35,0.744,211000,0
M0102994,C0102994,2019-12-07,570000,525000,4.607,30,279,2924.46,0.549,956000,0
M0102995,C0102995,2019-12-06,246000,227000,4.104,30,279,1189.24,0.542,419000,0
M0102996,C0102996,2021-05-01,387000,363000,6.147,30,296,2356.96,0.602,603000,0
M0102997,C0102997,2020-01-25,394000,364000,6.553,30,281,2504.1,0.729,499000,0
M0102998,C0102998,2024-06-17,364000,345000,7.984,15,154,3475.21,0.633,545000,0
M0102999,C0102999,2020-04-26,198000,183000,8.0,30,284,1452.85,0.738,248000,0
M0103000,C0103000,2024-12-04,659000,645000,5.774,30,339,3855.8,0.527,1223000,0
M0103001,C0103001,2021-11-16,228000,215000,4.859,30,303,1204.38,0.471,456000,0
M0103002,C0103002,2022-08-17,96000,87000,5.07,15,132,762.67,0.644,135000,0
M0103003,C0103003,2020-08-14,501000,465000,4.738,30,288,2609.83,0.508,916000,0
M0103004,C0103004,2022-07-01,493000,469000,8.0,30,310,3617.46,0.496,946000,0
M0103005,C0103005,2022-01-26,180000,170000,2.8,30,305,739.61,0.644,264000,0
M0103006,C0103006,2023-10-19,327000,316000,7.282,30,326,2237.82,0.556,568000,0
M0103007,C0103007,2022-09-30,562000,536000,4.473,30,313,2838.56,0.663,808000,0
M0103008,C0103008,2023-06-28,664000,639000,5.07,30,322,3592.96,0.74,863000,0
M0103009,C0103009,2020-02-12,445000,411000,2.8,30,282,1828.48,0.549,749000,0
M0103010,C0103010,2022-06-08,496000,471000,6.66,30,309,3187.43,0.647,728000,0
M0103011,C0103011,2024-06-14,469000,457000,6.372,30,334,2925.03,0.513,890000,0
M0103012,C0103012,2025-06-05,306000,301000,4.297,30,345,1513.77,0.5,602000,0
M0103013,C0103013,2020-08-04,190000,176000,6.718,30,287,1228.3,0.669,263000,0
M0103014,C0103014,2021-12-14,288000,272000,6.506,30,304,1821.49,0.694,392000,0
M0103015,C0103015,2023-01-21,575000,551000,4.917,30,317,3057.62,0.684,805000,0
M0103016,C0103016,2023-12-28,572000,554000,3.242,30,328,2486.87,0.605,915000,0
M0103017,C0103017,2023-12-12,363000,351000,5.259,30,328,2006.52,0.65,540000,0
M0103018,C0103018,2021-12-20,277000,262000,6.646,30,304,1777.51,0.547,479000,0
M0103019,C0103019,2022-08-30,780000,743000,4.494,30,312,3949.37,0.596,1247000,0
M0103020,C0103020,2022-07-02,349000,332000,6.689,30,310,2249.47,0.751,442000,0
M0103021,C0103021,2021-11-16,451000,426000,4.553,30,303,2299.38,0.521,817000,0
M0103022,C0103022,2020-02-20,179000,165000,5.4,30,282,1005.14,0.609,271000,0
M0103023,C0103023,2024-08-07,319000,311000,4.69,30,335,1652.54,0.557,558000,0
M0103024,C0103024,2021-12-03,564000,533000,5.672,30,303,3263.46,0.503,1060000,0
M0103025,C0103025,2021-03-11,165000,154000,6.403,30,294,1032.41,0.7,220000,0
M0103026,C0103026,2022-10-06,321000,306000,7.294,30,313,2199.37,0.561,545000,0
M0103027,C0103027,2023-05-01,402000,386000,5.729,30,320,2340.6,0.492,784000,0
M0103028,C0103028,2022-07-16,669000,637000,3.785,30,311,3111.54,0.705,904000,0
M0103029,C0103029,2021-06-23,534000,501000,6.195,30,298,3268.85,0.551,910000,0
M0103030,C0103030,2023-08-23,764000,737000,5.172,30,324,4182.0,0.683,1079000,0
M0103031,C0103031,2024-10-02,497000,486000,5.149,30,337,2713.44,0.623,780000,0
M0103032,C0103032,2025-03-12,511000,502000,5.616,30,342,2938.7,0.546,919000,0
M0103033,C0103033,2025-05-12,203000,200000,6.115,30,345,1232.14,0.524,382000,0
M0103034,C0103034,2020-04-11,200000,185000,5.045,30,283,1079.15,0.476,389000,0
M0103035,C0103035,2024-09-23,759000,742000,6.139,30,337,4618.64,0.528,1406000,0
M0103036,C0103036,2021-09-27,261000,231000,5.945,15,121,2194.72,0.466,496000,0
M0103037,C0103037,2024-08-12,250000,238000,6.14,15,156,2128.6,0.721,330000,0
M0103038,C0103038,2022-07-20,103000,98000,6.468,30,311,648.86,0.536,183000,0
M0103039,C0103039,2021-02-17,557000,521000,3.073,30,294,2370.32,0.528,987000,0
M0103040,C0103040,2024-10-26,187000,183000,5.068,30,338,1011.64,0.744,246000,0
M0103041,C0103041,2022-09-29,217000,207000,5.332,30,313,1209.33,0.635,326000,0
M0103042,C0103042,2023-02-26,566000,543000,5.226,30,318,3117.06,0.634,857000,0
M0103043,C0103043,2021-02-11,109000,102000,4.547,30,294,555.34,0.54,189000,0
M0103044,C0103044,2022-04-20,647000,614000,4.782,30,308,3387.55,0.573,1072000,0
M0103045,C0103045,2021-03-21,217000,203000,6.073,30,295,1311.23,0.479,424000,0
M0103046,C0103046,2022-03-06,305000,289000,6.007,30,306,1830.0,0.698,414000,0
M0103047,C0103047,2024-03-23,222000,216000,5.536,30,331,1265.51,0.574,376000,0
M0103048,C0103048,2022-04-19,169000,160000,4.396,30,308,845.89,0.702,228000,0
M0103049,C0103049,2020-03-27,224000,207000,6.446,30,283,1407.89,0.488,424000,0
M0103050,C0103050,2023-04-07,217000,208000,6.366,30,319,1352.52,0.625,333000,0
M0103051,C0103051,2021-01-31,177000,165000,6.724,30,293,1144.96,0.64,258000,0
M0103052,C0103052,2021-09-15,709000,668000,4.64,30,301,3651.62,0.644,1037000,0
M0103053,C0103053,2025-03-09,202000,198000,8.0,30,342,1482.2,0.733,270000,0
M0103054,C0103054,2025-03-06,128000,126000,5.742,30,342,746.32,0.7,180000,0
M0103055,C0103055,2022-04-07,117000,111000,4.667,30,307,604.49,0.617,180000,0
M0103056,C0103056,2024-07-13,408000,398000,8.0,30,335,2993.76,0.764,521000,1
M0103057,C0103057,2023-03-23,138000,127000,6.322,15,139,1188.67,0.564,225000,0
M0103058,C0103058,2023-01-08,300000,287000,5.723,30,316,1745.58,0.688,417000,0
M0103059,C0103059,2022-12-10,877000,839000,5.856,30,315,5177.14,0.575,1458000,0
M0103060,C0103060,2021-05-06,359000,337000,6.911,30,296,2367.02,0.695,485000,0
M0103061,C0103061,2023-07-01,385000,371000,5.777,30,322,2253.36,0.667,556000,0
M0103062,C0103062,2025-01-31,251000,246000,3.603,30,341,1141.58,0.531,463000,0
M0103063,C0103063,2022-09-21,326000,311000,5.48,30,313,1846.9,0.478,651000,0
M0103064,C0103064,2020-07-03,294000,252000,6.49,15,106,2559.44,0.568,444000,0
M0103065,C0103065,2023-07-26,382000,354000,5.447,15,143,3110.53,0.577,613000,0
M0103066,C0103066,2021-02-12,751000,702000,4.416,30,294,3767.82,0.591,1187000,0
M0103067,C0103067,2022-12-03,265000,253000,5.46,30,315,1498.0,0.629,402000,0
M0103068,C0103068,2024-07-14,221000,210000,6.451,15,155,1919.2,0.658,319000,0
M0103069,C0103069,2022-06-07,316000,285000,6.904,15,129,2823.36,0.521,547000,0
M0103070,C0103070,2022-10-23,530000,482000,4.28,15,134,3995.13,0.638,756000,0
M0103071,C0103071,2021-04-25,277000,260000,4.205,30,296,1355.39,0.591,440000,0
M0103072,C0103072,2021-07-29,374000,352000,5.435,30,299,2108.3,0.609,578000,0
M0103073,C0103073,2024-10-15,423000,414000,4.738,30,338,2203.51,0.54,766000,0
M0103074,C0103074,2025-05-09,962000,947000,4.864,30,344,5084.56,0.528,1792000,0
M0103075,C0103075,2024-11-23,520000,509000,5.204,30,339,2856.66,0.772,659000,0
M0103076,C0103076,2021-09-10,212000,200000,6.343,30,300,1318.17,0.563,355000,0
M0103077,C0103077,2022-09-17,110000,105000,4.572,30,313,562.07,0.714,147000,0
M0103078,C0103078,2023-06-08,353000,340000,4.217,30,321,1729.73,0.731,465000,0
M0103079,C0103079,2022-11-06,230000,220000,4.687,30,314,1191.07,0.636,346000,0
M0103080,C0103080,2025-09-10,257000,254000,3.836,30,348,1202.78,0.758,335000,0
M0103081,C0103081,2022-04-26,199000,179000,5.558,15,128,1632.13,0.463,387000,0
M0103082,C0103082,2024-09-22,255000,249000,5.62,30,337,1467.12,0.552,451000,0
M0103083,C0103083,2022-01-07,252000,238000,6.611,30,304,1611.25,0.545,437000,0
M0103084,C0103084,2024-10-01,309000,302000,4.336,30,337,1535.69,0.711,425000,0
M0103085,C0103085,2024-01-20,234000,227000,5.635,30,329,1348.51,0.514,442000,0
M0103086,C0103086,2020-01-14,229000,211000,5.868,30,281,1353.6,0.637,331000,0
M0103087,C0103087,2021-10-24,427000,403000,3.797,30,302,1988.91,0.652,618000,0
M0103088,C0103088,2020-05-23,327000,303000,5.741,30,285,1906.41,0.483,627000,0
M0103089,C0103089,2022-09-22,328000,313000,5.782,30,313,1920.79,0.555,564000,0
M0103090,C0103090,2021-05-10,320000,300000,5.359,30,296,1788.72,0.536,560000,0
M0103091,C0103091,2022-09-22,209000,199000,4.091,30,313,1008.79,0.481,414000,0
M0103092,C0103092,2021-12-02,672000,597000,5.416,15,123,5460.89,0.573,1041000,0
M0103093,C0103093,2022-02-19,905000,857000,3.348,30,306,3987.46,0.651,1317000,0
M0103094,C0103094,2025-09-02,609000,602000,5.858,30,348,3595.85,0.682,883000,0
M0103095,C0103095,2022-01-10,136000,129000,6.316,30,304,843.22,0.679,190000,0
M0103096,C0103096,2024-11-29,235000,230000,5.259,30,339,1298.99,0.522,441000,0
M0103097,C0103097,2021-12-30,467000,441000,6.907,30,304,3077.85,0.644,685000,0
M0103098,C0103098,2024-12-23,225000,220000,4.733,30,340,1171.4,0.731,301000,0
M0103099,C0103099,2020-09-18,231000,215000,4.699,30,289,1197.91,0.508,423000,0
M0103100,C0103100,2022-03-09,165000,156000,5.194,30,306,905.42,0.48,325000,0
M0103101,C0103101,2022-09-14,273000,260000,7.99,30,313,2001.27,0.522,498000,0
M0103102,C0103102,2020-01-29,217000,183000,5.187,15,101,1737.23,0.563,325000,0
M0103103,C0103103,2020-01-21,99000,91000,7.858,30,281,716.65,0.664,137000,0
M0103104,C0103104,2024-01-08,583000,547000,5.458,15,148,4750.61,0.51,1073000,0
M0103105,C0103105,2020-01-09,404000,373000,4.612,30,280,2073.98,0.528,706000,0
M0103106,C0103106,2023-02-28,168000,154000,7.648,15,138,1571.54,0.655,235000,0
M0103107,C0103107,2023-09-08,506000,488000,5.703,30,324,2937.79,0.492,992000,0
M0103108,C0103108,2020-01-19,349000,322000,5.177,30,281,1911.44,0.545,591000,0
M0103109,C0103109,2020-05-31,585000,542000,6.447,30,285,3677.23,0.547,991000,0
M0103110,C0103110,2020-07-29,473000,439000,6.872,30,287,3106.33,0.6,732000,0
M0103111,C0103111,2023-03-05,222000,213000,4.861,30,318,1172.96,0.683,312000,0
M0103112,C0103112,2022-02-28,458000,434000,6.492,30,306,2892.46,0.561,773000,0
M0103113,C0103113,2019-11-09,468000,431000,5.251,30,278,2584.6,0.588,733000,0
M0103114,C0103114,2025-06-14,556000,548000,4.421,30,346,2791.13,0.718,763000,0
M0103115,C0103115,2020-02-19,540000,499000,4.722,30,282,2807.79,0.731,683000,0
M0103116,C0103116,2020-02-05,926000,855000,4.211,30,281,4534.25,0.483,1772000,0
M0103117,C0103117,2023-01-23,528000,506000,5.596,30,317,3029.81,0.492,1029000,0
M0103118,C0103118,2025-06-21,221000,218000,5.6,30,346,1268.71,0.744,293000,0
M0103119,C0103119,2023-08-08,358000,345000,6.756,30,323,2323.41,0.656,526000,0
M0103120,C0103120,2025-01-22,194000,190000,6.455,30,341,1220.48,0.546,348000,0
M0103121,C0103121,2021-08-01,600000,564000,5.056,30,299,3241.5,0.542,1041000,0
M0103122,C0103122,2023-07-26,214000,206000,5.288,30,323,1186.76,0.622,331000,0
M0103123,C0103123,2023-06-30,1000000,963000,4.786,30,322,5238.19,0.645,1492000,0
M0103124,C0103124,2022-04-23,283000,269000,5.621,30,308,1628.39,0.478,563000,0
M0103125,C0103125,2021-09-26,321000,302000,5.257,30,301,1773.97,0.706,428000,0
M0103126,C0103126,2024-11-30,260000,255000,5.555,30,339,1485.24,0.526,485000,0
M0103127,C0103127,2023-03-04,229000,220000,7.108,30,318,1540.19,0.625,352000,0
M0103128,C0103128,2025-02-18,251000,246000,7.165,30,342,1697.82,0.778,316000,0
M0103129,C0103129,2022-09-08,368000,334000,4.813,15,132,2874.4,0.491,680000,0
M0103130,C0103130,2023-09-17,331000,319000,6.354,30,325,2060.47,0.486,656000,0
M0103131,C0103131,2023-06-05,265000,255000,6.219,30,321,1626.31,0.514,496000,0
M0103132,C0103132,2024-08-11,382000,363000,4.896,15,155,3000.18,0.553,656000,0
M0103133,C0103133,2020-12-02,250000,216000,7.053,15,111,2254.48,0.478,452000,0
M0103134,C0103134,2024-01-06,327000,317000,3.874,30,328,1537.49,0.665,477000,0
M0103135,C0103135,2022-02-02,792000,749000,6.683,30,305,5101.67,0.648,1155000,0
M0103136,C0103136,2021-10-30,246000,232000,5.371,30,302,1376.92,0.498,466000,0
M0103137,C0103137,2021-08-07,282000,265000,4.322,30,299,1399.18,0.556,477000,0
M0103138,C0103138,2025-08-27,184000,182000,5.298,30,348,1021.53,0.623,292000,0
M0103139,C0103139,2020-10-10,277000,258000,7.566,30,289,1949.36,0.541,477000,0
M0103140,C0103140,2021-10-15,395000,372000,8.0,30,302,2898.37,0.613,607000,0
M0103141,C0103141,2020-12-03,252000,235000,4.643,30,291,1298.35,0.485,485000,0
M0103142,C0103142,2021-04-06,186000,174000,5.457,30,295,1051.07,0.637,273000,0
M0103143,C0103143,2022-08-23,393000,356000,5.295,15,132,3168.55,0.662,538000,0
M0103144,C0103144,2021-03-29,414000,388000,5.479,30,295,2345.19,0.676,574000,0
M0103145,C0103145,2024-03-04,446000,433000,7.287,30,330,3053.71,0.499,867000,0
M0103146,C0103146,2023-08-28,176000,170000,5.07,30,324,952.35,0.651,261000,0
M0103147,C0103147,2023-07-09,650000,626000,4.64,30,322,3347.74,0.486,1289000,0
M0103148,C0103148,2023-05-13,257000,247000,5.011,30,321,1381.36,0.751,329000,0
M0103149,C0103149,2022-05-22,198000,178000,5.294,15,129,1596.26,0.698,255000,0
M0103150,C0103150,2021-04-15,547000,478000,6.347,15,116,4719.07,0.469,1020000,0
M0103151,C0103151,2024-04-07,639000,621000,5.638,30,331,3683.69,0.625,993000,0
M0103152,C0103152,2023-09-24,280000,270000,6.232,30,325,1720.73,0.542,498000,0
M0103153,C0103153,2021-01-05,216000,202000,6.664,30,292,1388.65,0.552,366000,0
M0103154,C0103154,2021-01-05,409000,382000,5.191,30,292,2243.59,0.529,722000,0
M0103155,C0103155,2024-04-27,168000,163000,5.423,30,332,945.79,0.591,276000,0
M0103156,C0103156,2025-01-28,1174000,1152000,6.04,30,341,7068.94,0.552,2087000,0
M0103157,C0103157,2023-09-08,196000,189000,4.822,30,324,1030.95,0.574,329000,0
M0103158,C0103158,2024-12-25,392000,376000,5.549,15,160,3213.17,0.617,609000,0
M0103159,C0103159,2021-11-26,302000,285000,6.664,30,303,1941.53,0.532,536000,0
M0103160,C0103160,2021-05-18,207000,194000,5.634,30,297,1192.79,0.698,278000,0
M0103161,C0103161,2021-07-07,205000,193000,6.903,30,298,1350.54,0.65,297000,0
M0103162,C0103162,2023-08-29,576000,556000,4.498,30,324,2917.82,0.694,801000,0
M0103163,C0103163,2023-05-01,394000,379000,5.872,30,320,2329.9,0.511,741000,0
M0103164,C0103164,2022-10-15,231000,220000,6.136,30,314,1405.22,0.554,397000,0
M0103165,C0103165,2021-03-02,248000,232000,5.848,30,294,1462.74,0.748,310000,0
M0103166,C0103166,2019-12-29,218000,201000,5.183,30,280,1194.77,0.494,407000,0
M0103167,C0103167,2020-04-15,509000,471000,3.895,30,284,2399.33,0.636,741000,0
M0103168,C0103168,2023-08-31,520000,483000,6.73,15,144,4595.77,0.739,654000,0
M0103169,C0103169,2024-09-16,427000,407000,3.948,15,157,3147.35,0.728,559000,0
M0103170,C0103170,2025-05-20,372000,366000,4.031,30,345,1782.64,0.59,620000,0
M0103171,C0103171,2020-03-16,448000,414000,6.139,30,283,2726.15,0.667,621000,0
M0103172,C0103172,2020-01-17,144000,133000,5.094,30,281,781.32,0.536,248000,0
M0103173,C0103173,2022-06-21,376000,357000,5.658,30,310,2172.31,0.502,711000,0
M0103174,C0103174,2025-04-15,559000,541000,4.089,15,164,4159.83,0.622,870000,0
M0103175,C0103175,2023-01-03,368000,352000,5.821,30,316,2164.17,0.503,700000,0
M0103176,C0103176,2021-05-13,337000,316000,6.42,30,297,2112.37,0.665,475000,0
M0103177,C0103177,2020-12-04,238000,222000,3.783,30,291,1106.68,0.539,412000,0
M0103178,C0103178,2021-01-05,247000,231000,5.777,30,292,1445.66,0.487,474000,1
M0103179,C0103179,2020-12-29,252000,235000,6.493,30,292,1591.65,0.561,419000,0
M0103180,C0103180,2025-02-14,366000,359000,4.033,30,342,1754.31,0.534,672000,0
M0103181,C0103181,2021-08-09,257000,242000,5.659,30,299,1484.96,0.553,438000,0
M0103182,C0103182,2019-10-01,132000,121000,5.557,30,277,754.21,0.669,181000,0
M0103183,C0103183,2023-04-01,488000,449000,5.892,15,139,4089.6,0.475,946000,0
M0103184,C0103184,2022-08-15,426000,406000,5.2,30,312,2339.21,0.679,598000,0
M0103185,C0103185,2024-02-04,391000,379000,3.898,30,329,1843.77,0.527,719000,0
M0103186,C0103186,2020-11-21,205000,191000,5.063,30,291,1108.39,0.705,271000,0
M0103187,C0103187,2023-07-15,256000,247000,4.889,30,323,1356.95,0.597,414000,0
M0103188,C0103188,2019-10-11,425000,391000,5.425,30,277,2393.14,0.545,717000,0
M0103189,C0103189,2022-04-05,332000,315000,6.826,30,307,2170.14,0.54,583000,0
M0103190,C0103190,2023-08-26,231000,223000,3.865,30,324,1084.93,0.544,410000,0
M0103191,C0103191,2022-04-25,628000,564000,6.557,15,128,5490.25,0.695,811000,0
M0103192,C0103192,2025-06-16,215000,209000,7.445,15,166,1986.36,0.651,321000,0
M0103193,C0103193,2020-02-27,80000,74000,7.378,30,282,552.7,0.529,140000,0
M0103194,C0103194,2022-12-14,342000,327000,7.47,30,316,2384.29,0.624,524000,0
M0103195,C0103195,2022-12-16,350000,335000,5.712,30,316,2034.06,0.604,555000,0
M0103196,C0103196,2023-03-29,337000,323000,5.579,30,319,1930.19,0.724,446000,0
M0103197,C0103197,2021-09-13,401000,378000,3.511,30,301,1803.13,0.554,682000,0
M0103198,C0103198,2021-01-05,248000,232000,5.261,30,292,1371.16,0.625,371000,0
M0103199,C0103199,2021-09-27,547000,515000,6.746,30,301,3546.38,0.705,730000,0
M0103200,C0103200,2024-12-09,166000,163000,3.937,30,339,786.49,0.604,270000,0
M0103201,C0103201,2021-04-23,324000,304000,4.554,30,296,1652.07,0.604,503000,0
M0103202,C0103202,2021-11-01,240000,226000,5.621,30,302,1380.97,0.547,413000,0
M0103203,C0103203,2019-10-02,542000,498000,3.68,30,277,2488.61,0.646,771000,0
M0103204,C0103204,2024-02-07,220000,213000,7.506,30,329,1539.18,0.71,300000,0
M0103205,C0103205,2020-11-20,340000,317000,6.142,30,291,2069.62,0.619,512000,0
M0103206,C0103206,2020-06-10,342000,317000,5.878,30,285,2023.71,0.478,663000,0
M0103207,C0103207,2025-06-17,361000,356000,6.39,30,346,2255.71,0.699,509000,0
M0103208,C0103208,2020-03-15,228000,211000,5.127,30,283,1241.71,0.628,336000,0
M0103209,C0103209,2020-10-30,394000,367000,5.808,30,290,2313.81,0.507,724000,0
M0103210,C0103210,2020-11-18,332000,309000,4.425,30,291,1667.43,0.512,604000,0
M0103211,C0103211,2019-09-14,389000,357000,2.952,30,277,1629.99,0.594,601000,0
M0103212,C0103212,2024-06-29,720000,683000,5.464,15,154,5869.26,0.51,1338000,0
M0103213,C0103213,2025-06-20,347000,342000,7.24,30,346,2364.8,0.545,628000,0
M0103214,C0103214,2022-01-06,199000,188000,7.342,30,304,1369.97,0.646,291000,0
M0103215,C0103215,2022-02-12,874000,827000,5.292,30,306,4849.02,0.552,1499000,0
M0103216,C0103216,2020-07-25,535000,497000,5.196,30,287,2936.42,0.642,774000,0
M0103217,C0103217,2022-02-07,455000,431000,3.789,30,305,2117.26,0.577,747000,0
M0103218,C0103218,2025-01-11,299000,293000,6.668,30,341,1923.04,0.619,473000,0
M0103219,C0103219,2022-07-20,474000,451000,5.965,30,311,2831.21,0.592,762000,0
M0103220,C0103220,2023-05-20,117000,112000,5.292,30,321,649.13,0.487,230000,0
M0103221,C0103221,2020-06-13,710000,658000,3.33,30,286,3121.22,0.503,1309000,0
M0103222,C0103222,2021-06-20,513000,482000,3.517,30,298,2308.47,0.548,879000,0
M0103223,C0103223,2020-10-24,300000,279000,5.642,30,290,1730.19,0.721,387000,0
M0103224,C0103224,2021-04-20,507000,443000,3.803,15,116,3700.36,0.65,682000,0
M0103225,C0103225,2024-08-31,447000,426000,6.092,15,156,3794.29,0.551,773000,0
M0103226,C0103226,2020-07-17,198000,184000,6.146,30,287,1205.76,0.479,384000,0
M0103227,C0103227,2025-01-29,358000,351000,4.054,30,341,1720.31,0.761,461000,0
M0103228,C0103228,2024-02-10,395000,383000,5.553,30,329,2255.92,0.487,787000,0
M0103229,C0103229,2024-09-12,307000,300000,4.467,30,337,1549.51,0.61,492000,0
M0103230,C0103230,2025-02-27,294000,289000,6.535,30,342,1865.05,0.639,452000,0
M0103231,C0103231,2020-05-19,514000,476000,8.0,30,285,3771.55,0.526,905000,0
M0103232,C0103232,2024-11-23,358000,350000,5.369,30,339,2003.36,0.491,713000,0
M0103233,C0103233,2025-02-08,838000,822000,7.126,30,341,5646.33,0.699,1176000,0
M0103234,C0103234,2025-02-17,236000,232000,6.631,30,342,1512.07,0.499,465000,0
M0103235,C0103235,2021-10-27,402000,379000,5.415,30,302,2261.12,0.702,540000,0
M0103236,C0103236,2024-04-27,207000,196000,6.085,15,152,1756.3,0.509,385000,0
M0103237,C0103237,2021-08-07,460000,405000,4.108,15,119,3427.51,0.495,818000,0
M0103238,C0103238,2024-02-09,188000,182000,5.652,30,329,1085.44,0.599,304000,0
M0103239,C0103239,2024-05-22,379000,369000,5.17,30,333,2074.11,0.587,629000,0
M0103240,C0103240,2024-09-12,591000,563000,6.995,15,157,5310.42,0.48,1172000,0
M0103241,C0103241,2024-04-26,336000,327000,4.811,30,332,1765.11,0.533,613000,0
M0103242,C0103242,2024-04-13,200000,194000,4.34,30,332,994.45,0.487,398000,0
M0103243,C0103243,2020-09-07,526000,489000,4.383,30,288,2628.72,0.697,702000,0
M0103244,C0103244,2022-07-04,392000,373000,6.441,30,310,2462.52,0.614,607000,0
M0103245,C0103245,2023-03-07,314000,301000,5.298,30,318,1743.27,0.667,451000,0
M0103246,C0103246,2020-04-16,202000,187000,3.648,30,284,923.84,0.619,302000,0
M0103247,C0103247,2022-09-14,147000,140000,6.616,30,313,940.38,0.483,290000,0
M0103248,C0103248,2020-06-12,1010000,936000,3.838,30,286,4728.04,0.556,1682000,0
M0103249,C0103249,2023-04-26,246000,227000,4.897,15,140,1932.18,0.492,461000,0
M0103250,C0103250,2019-10-24,199000,183000,5.268,30,278,1101.11,0.732,250000,0
M0103251,C0103251,2024-08-06,384000,375000,4.295,30,335,1899.18,0.595,630000,0
M0103252,C0103252,2022-08-10,197000,178000,3.633,15,131,1421.22,0.459,388000,0
M0103253,C0103253,2023-01-23,420000,402000,6.395,30,317,2625.75,0.635,633000,0
M0103254,C0103254,2020-05-14,644000,596000,6.217,30,285,3951.41,0.571,1044000,0
M0103255,C0103255,2024-01-31,193000,187000,5.559,30,329,1102.99,0.656,285000,0
M0103256,C0103256,2023-08-22,282000,262000,5.902,15,144,2364.77,0.521,503000,0
M0103257,C0103257,2023-11-24,407000,380000,3.629,15,147,2935.42,0.744,511000,0
M0103258,C0103258,2021-12-23,178000,168000,6.074,30,304,1075.68,0.562,299000,0
M0103259,C0103259,2024-06-27,208000,203000,5.955,30,334,1241.05,0.733,277000,0
M0103260,C0103260,2022-11-02,309000,295000,5.987,30,314,1850.03,0.601,491000,0
M0103261,C0103261,2021-12-09,874000,826000,5.983,30,303,5230.52,0.58,1423000,0
M0103262,C0103262,2024-05-28,214000,208000,6.594,30,333,1365.88,0.625,333000,0
M0103263,C0103263,2023-12-23,285000,276000,5.372,30,328,1595.39,0.752,367000,0
M0103264,C0103264,2024-11-08,1132000,1083000,5.569,15,158,9290.89,0.573,1889000,0
M0103265,C0103265,2024-09-14,488000,465000,4.032,15,157,3617.51,0.662,702000,0
M0103266,C0103266,2020-02-28,140000,129000,6.254,30,282,862.37,0.584,221000,0
M0103267,C0103267,2020-11-06,292000,272000,4.764,30,290,1525.68,0.706,385000,0
M0103268,C0103268,2024-07-15,439000,428000,4.844,30,335,2314.97,0.711,602000,0
M0103269,C0103269,2022-03-30,676000,641000,5.05,30,307,3649.6,0.554,1157000,0
M0103270,C0103270,2025-01-23,658000,645000,4.32,30,341,3263.99,0.491,1313000,0
M0103271,C0103271,2020-07-19,434000,403000,5.383,30,287,2432.44,0.468,862000,0
M0103272,C0103272,2021-02-18,469000,439000,6.407,30,294,2935.77,0.7,627000,0
M0103273,C0103273,2021-01-04,171000,160000,4.277,30,292,843.92,0.556,288000,0
M0103274,C0103274,2023-10-27,232000,224000,5.482,30,326,1314.65,0.501,447000,0
M0103275,C0103275,2023-06-20,171000,165000,6.233,30,322,1050.99,0.623,265000,0
M0103276,C0103276,2020-06-14,549000,509000,2.8,30,286,2255.81,0.5,1017000,0
M0103277,C0103277,2022-04-30,396000,376000,7.54,30,308,2779.74,0.7,537000,0
M0103278,C0103278,2022-03-17,346000,328000,4.992,30,307,1855.71,0.477,688000,0
M0103279,C0103279,2019-10-12,709000,652000,4.472,30,278,3580.61,0.531,1228000,0
M0103280,C0103280,2020-10-07,429000,399000,5.59,30,289,2460.09,0.543,735000,0
M0103281,C0103281,2023-07-20,579000,558000,4.758,30,323,3023.13,0.572,976000,0
M0103282,C0103282,2025-05-25,478000,471000,5.422,30,345,2690.69,0.511,921000,0
M0103283,C0103283,2024-04-05,502000,488000,4.676,30,331,2596.33,0.656,744000,0
M0103284,C0103284,2021-02-28,195000,182000,6.74,30,294,1263.47,0.662,275000,0
M0103285,C0103285,2024-09-19,533000,508000,8.0,15,157,5093.63,0.577,880000,0
M0103286,C0103286,2023-11-15,415000,401000,6.295,30,327,2567.38,0.486,825000,0
M0103287,C0103287,2020-01-23,267000,246000,5.72,30,281,1553.05,0.463,531000,0
M0103288,C0103288,2023-01-25,462000,442000,4.893,30,317,2449.99,0.726,609000,0
M0103289,C0103289,2024-03-14,623000,605000,6.667,30,331,4006.45,0.755,801000,0
M0103290,C0103290,2022-05-30,312000,296000,4.655,30,309,1609.72,0.511,579000,0
M0103291,C0103291,2020-02-19,225000,191000,5.85,15,102,1880.49,0.49,390000,0
M0103292,C0103292,2024-05-28,231000,225000,4.928,30,333,1229.91,0.567,397000,1
M0103293,C0103293,2022-02-23,163000,154000,4.118,30,306,789.32,0.533,289000,0
M0103294,C0103294,2020-12-06,301000,281000,5.266,30,291,1665.12,0.734,383000,0
M0103295,C0103295,2022-02-27,440000,417000,4.416,30,306,2207.51,0.609,685000,0
M0103296,C0103296,2020-06-02,780000,723000,7.123,30,285,5253.95,0.576,1255000,0
M0103297,C0103297,2023-04-19,219000,210000,4.67,30,320,1131.87,0.55,382000,0
M0103298,C0103298,2020-12-12,392000,339000,5.357,15,112,3173.3,0.513,661000,0
M0103299,C0103299,2023-04-28,331000,318000,4.786,30,320,1733.84,0.529,601000,0
M0103300,C0103300,2025-05-03,326000,321000,4.141,30,344,1582.99,0.594,540000,0
M0103301,C0103301,2023-10-10,153000,148000,6.253,30,325,942.35,0.561,264000,0
M0103302,C0103302,2024-11-02,198000,194000,5.396,30,338,1111.34,0.782,248000,0
M0103303,C0103303,2021-04-28,812000,761000,8.0,30,296,5958.17,0.542,1403000,0
M0103304,C0103304,2023-04-17,543000,521000,6.652,30,320,3486.59,0.587,887000,0
M0103305,C0103305,2021-04-08,378000,354000,5.577,30,295,2164.54,0.6,590000,0
M0103306,C0103306,2021-03-19,413000,387000,5.904,30,295,2450.71,0.529,732000,0
M0103307,C0103307,2022-07-06,475000,452000,5.401,30,310,2667.57,0.761,594000,0
M0103308,C0103308,2020-02-18,262000,242000,4.37,30,282,1307.35,0.505,479000,0
M0103309,C0103309,2023-01-02,267000,256000,3.919,30,316,1262.26,0.501,511000,0
M0103310,C0103310,2021-07-21,241000,212000,4.339,15,119,1823.87,0.658,322000,0
M0103311,C0103311,2021-11-19,357000,337000,6.971,30,303,2368.18,0.623,541000,0
M0103312,C0103312,2021-06-08,184000,173000,5.783,30,297,1077.63,0.494,350000,0
M0103313,C0103313,2022-10-01,235000,224000,6.091,30,313,1422.72,0.734,305000,0
M0103314,C0103314,2023-02-18,422000,404000,6.366,30,318,2630.25,0.674,599000,0
M0103315,C0103315,2020-10-03,275000,256000,5.28,30,289,1523.67,0.502,510000,0
M0103316,C0103316,2020-04-17,137000,127000,4.834,30,284,721.61,0.611,208000,0
M0103317,C0103317,2025-04-22,271000,267000,7.722,30,344,1936.24,0.654,408000,0
M0103318,C0103318,2019-11-01,431000,397000,6.084,30,278,2607.38,0.594,668000,0
M0103319,C0103319,2020-04-14,347000,321000,3.669,30,284,1591.1,0.469,685000,0
M0103320,C0103320,2022-03-12,141000,134000,3.569,30,306,638.6,0.736,182000,0
M0103321,C0103321,2022-07-21,549000,522000,6.325,30,311,3407.11,0.624,837000,0
M0103322,C0103322,2022-12-15,290000,277000,4.528,30,316,1474.22,0.628,441000,0
M0103323,C0103323,2022-08-23,388000,370000,5.357,30,312,2168.34,0.481,770000,0
M0103324,C0103324,2024-08-22,553000,540000,3.093,30,336,2359.3,0.666,811000,0
M0103325,C0103325,2023-05-09,308000,284000,4.991,15,140,2434.2,0.471,603000,0
M0103326,C0103326,2020-01-08,126000,116000,6.503,30,280,796.65,0.592,196000,1
M0103327,C0103327,2022-07-04,788000,749000,4.911,30,310,4187.4,0.597,1255000,0
M0103328,C0103328,2023-07-09,109000,105000,4.213,30,322,533.86,0.547,192000,0
M0103329,C0103329,2024-05-17,278000,270000,5.231,30,333,1531.86,0.603,448000,0
M0103330,C0103330,2021-01-27,626000,544000,5.538,15,113,5127.57,0.615,884000,0
M0103331,C0103331,2022-09-18,231000,210000,5.112,15,133,1840.24,0.484,434000,0
M0103332,C0103332,2022-03-24,238000,226000,3.764,30,307,1104.11,0.649,348000,0
M0103333,C0103333,2023-04-23,294000,282000,5.933,30,320,1750.03,0.506,557000,0
M0103334,C0103334,2025-06-27,299000,295000,4.869,30,346,1581.24,0.499,591000,0
M0103335,C0103335,2023-12-08,213000,199000,5.692,15,147,1762.17,0.565,352000,0
M0103336,C0103336,2022-02-22,238000,225000,4.426,30,306,1195.47,0.684,329000,0
M0103337,C0103337,2024-06-04,561000,546000,6.87,30,333,3683.5,0.709,770000,0
M0103338,C0103338,2022-08-30,251000,239000,6.284,30,312,1551.0,0.504,474000,0
M0103339,C0103339,2020-07-16,421000,391000,5.104,30,287,2286.85,0.635,616000,0
M0103340,C0103340,2024-07-25,208000,203000,5.835,30,335,1225.09,0.602,337000,0
M0103341,C0103341,2020-08-07,655000,608000,7.299,30,287,4490.04,0.505,1204000,0
M0103342,C0103342,2024-11-10,524000,513000,6.793,30,338,3413.65,0.758,677000,0
M0103343,C0103343,2022-10-15,313000,284000,7.16,15,134,2841.41,0.576,493000,0
M0103344,C0103344,2021-10-21,452000,426000,6.166,30,302,2758.4,0.538,792000,0
M0103345,C0103345,2024-04-23,701000,681000,4.904,30,332,3722.1,0.578,1178000,0
M0103346,C0103346,2024-04-25,199000,193000,6.147,30,332,1211.98,0.625,309000,0
M0103347,C0103347,2022-12-30,193000,185000,7.369,30,316,1332.21,0.634,292000,0
M0103348,C0103348,2025-07-28,395000,390000,6.166,30,347,2410.54,0.754,517000,0
M0103349,C0103349,2020-02-23,172000,146000,4.59,15,102,1323.71,0.498,293000,0
M0103350,C0103350,2024-02-25,151000,147000,5.573,30,330,864.29,0.754,195000,0
M0103351,C0103351,2021-01-09,147000,137000,6.336,30,292,913.34,0.568,241000,0
M0103352,C0103352,2023-12-20,353000,342000,5.689,30,328,2046.35,0.717,477000,0
M0103353,C0103353,2020-11-08,118000,110000,6.34,30,290,733.47,0.728,151000,0
M0103354,C0103354,2024-08-05,268000,261000,4.819,30,335,1409.18,0.603,433000,0
M0103355,C0103355,2021-06-25,80000,75000,5.264,30,298,442.46,0.636,118000,0
M0103356,C0103356,2021-05-17,408000,357000,5.875,15,117,3415.44,0.542,659000,0
M0103357,C0103357,2021-05-10,422000,396000,5.927,30,296,2510.33,0.684,579000,0
M0103358,C0103358,2025-05-15,295000,290000,4.804,30,345,1548.48,0.497,583000,0
M0103359,C0103359,2024-10-19,592000,579000,2.805,30,338,2434.07,0.776,746000,0
M0103360,C0103360,2020-06-24,488000,453000,2.8,30,286,2005.16,0.686,660000,0
M0103361,C0103361,2023-08-14,221000,213000,5.449,30,324,1247.75,0.541,394000,0
M0103362,C0103362,2020-11-19,211000,197000,5.701,30,291,1224.78,0.479,411000,0
M0103363,C0103363,2020-09-16,510000,439000,5.272,15,109,4105.68,0.67,655000,0
M0103364,C0103364,2021-07-16,462000,434000,5.539,30,299,2634.5,0.742,585000,0
M0103365,C0103365,2024-08-19,286000,279000,7.261,30,336,1953.16,0.585,477000,0
M0103366,C0103366,2023-09-10,136000,131000,4.954,30,324,726.26,0.609,215000,0
M0103367,C0103367,2025-03-31,522000,513000,5.902,30,343,3096.84,0.7,733000,0
M0103368,C0103368,2025-08-30,339000,335000,7.352,30,348,2336.08,0.733,457000,0
M0103369,C0103369,2020-08-15,318000,295000,4.36,30,288,1584.91,0.491,601000,0
M0103370,C0103370,2022-11-02,80000,76000,7.447,30,314,556.47,0.71,107000,0
M0103371,C0103371,2021-01-06,428000,400000,6.568,30,292,2724.42,0.528,758000,0
M0103372,C0103372,2024-10-04,318000,311000,5.159,30,337,1738.13,0.523,595000,0
M0103373,C0103373,2024-09-30,250000,244000,2.8,30,337,1027.24,0.77,317000,0
M0103374,C0103374,2022-04-27,216000,194000,7.03,15,128,1945.09,0.496,391000,0
M0103375,C0103375,2022-07-13,346000,329000,7.447,30,311,2406.74,0.539,610000,0
M0103376,C0103376,2023-03-21,414000,380000,4.736,15,139,3217.23,0.554,686000,0
M0103377,C0103377,2025-06-12,271000,267000,7.516,30,346,1897.84,0.752,355000,0
M0103378,C0103378,2024-02-13,434000,408000,3.64,15,150,3132.51,0.487,838000,0
M0103379,C0103379,2024-10-21,184000,180000,5.821,30,338,1082.09,0.507,355000,0
M0103380,C0103380,2024-09-13,237000,231000,5.305,30,337,1316.81,0.647,357000,0
M0103381,C0103381,2024-02-26,462000,448000,4.029,30,330,2213.39,0.646,694000,0
M0103382,C0103382,2021-09-13,268000,252000,5.225,30,301,1475.76,0.566,445000,0
M0103383,C0103383,2021-06-23,773000,726000,5.466,30,298,4372.53,0.493,1474000,0
M0103384,C0103384,2020-11-20,376000,351000,4.191,30,291,1836.73,0.479,733000,0
M0103385,C0103385,2023-11-14,183000,177000,6.243,30,327,1125.93,0.673,263000,0
M0103386,C0103386,2022-06-16,150000,143000,4.75,30,310,782.47,0.572,250000,0
M0103387,C0103387,2020-11-02,485000,452000,5.105,30,290,2634.8,0.612,739000,0
M0103388,C0103388,2022-10-10,242000,231000,7.092,30,313,1625.01,0.675,342000,0
M0103389,C0103389,2025-07-22,518000,511000,4.78,30,347,2711.51,0.787,649000,0
M0103390,C0103390,2022-09-20,250000,238000,3.012,30,313,1055.63,0.647,368000,0
M0103391,C0103391,2025-09-02,370000,361000,5.223,15,168,2969.1,0.652,554000,0
M0103392,C0103392,2023-05-18,277000,266000,5.62,30,321,1593.69,0.552,482000,0
M0103393,C0103393,2023-11-25,372000,348000,5.234,15,147,2987.3,0.54,645000,0
M0103394,C0103394,2020-03-17,472000,436000,6.446,30,283,2966.62,0.466,936000,0
M0103395,C0103395,2021-04-25,331000,310000,5.94,30,296,1971.76,0.536,578000,0
M0103396,C0103396,2021-09-30,456000,430000,4.841,30,301,2403.79,0.691,622000,0
M0103397,C0103397,2019-12-29,140000,129000,6.266,30,280,863.46,0.544,237000,0
M0103398,C0103398,2020-01-18,403000,372000,6.01,30,281,2418.78,0.671,554000,0
M0103399,C0103399,2023-10-22,332000,321000,5.977,30,326,1985.6,0.709,453000,1
M0103400,C0103400,2022-05-23,287000,273000,5.324,30,309,1598.0,0.489,558000,0
M0103401,C0103401,2022-05-11,99000,94000,5.814,30,308,581.77,0.686,137000,0
M0103402,C0103402,2025-07-22,142000,140000,5.62,30,347,816.98,0.614,228000,0
M0103403,C0103403,2025-06-13,367000,362000,5.17,30,346,2008.44,0.511,708000,0
M0103404,C0103404,2023-08-31,391000,377000,6.027,30,324,2351.03,0.565,667000,0
M0103405,C0103405,2025-09-09,402000,397000,6.112,30,348,2439.22,0.619,641000,0
M0103406,C0103406,2021-07-23,327000,307000,6.113,30,299,1984.35,0.625,491000,0
M0103407,C0103407,2025-08-08,180000,178000,6.179,30,347,1099.99,0.736,242000,0
M0103408,C0103408,2024-05-01,196000,191000,3.025,30,332,828.99,0.515,371000,0
M0103409,C0103409,2025-02-10,114000,112000,6.495,30,342,720.18,0.531,211000,0
M0103410,C0103410,2022-09-13,349000,333000,4.44,30,313,1755.91,0.492,677000,0
M0103411,C0103411,2020-06-15,850000,788000,6.732,30,286,5502.92,0.506,1556000,1
M0103412,C0103412,2025-05-16,313000,308000,4.003,30,345,1494.85,0.609,506000,0
M0103413,C0103413,2021-11-07,224000,211000,7.24,30,302,1526.56,0.674,313000,0
M0103414,C0103414,2022-06-13,332000,316000,3.098,30,310,1417.33,0.498,634000,0
M0103415,C0103415,2020-04-23,306000,260000,5.856,15,104,2558.46,0.606,429000,0
M0103416,C0103416,2022-02-15,138000,131000,5.098,30,306,749.1,0.593,221000,0
M0103417,C0103417,2020-09-09,372000,346000,6.01,30,288,2232.72,0.533,649000,0
M0103418,C0103418,2021-07-20,310000,291000,7.398,30,299,2145.95,0.497,585000,0
M0103419,C0103419,2021-02-09,301000,281000,5.76,30,293,1758.47,0.496,567000,0
M0103420,C0103420,2022-10-14,886000,846000,6.534,30,314,5619.95,0.627,1350000,0
M0103421,C0103421,2023-07-30,312000,301000,7.188,30,323,2115.29,0.72,418000,0
M0103422,C0103422,2022-08-17,815000,776000,4.819,30,312,4285.39,0.589,1318000,0
M0103423,C0103423,2024-11-22,217000,212000,5.898,30,339,1286.83,0.513,413000,0
M0103424,C0103424,2021-06-05,154000,145000,7.005,30,297,1025.08,0.642,226000,0
M0103425,C0103425,2025-01-28,219000,215000,5.888,30,341,1297.29,0.594,362000,0
M0103426,C0103426,2020-02-08,589000,544000,4.855,30,281,3109.89,0.675,806000,0
M0103427,C0103427,2025-07-19,224000,221000,6.067,30,347,1352.66,0.546,405000,0
M0103428,C0103428,2025-01-08,161000,158000,5.626,30,340,926.91,0.575,275000,0
M0103429,C0103429,2024-08-18,389000,380000,6.06,30,336,2347.28,0.541,702000,0
M0103430,C0103430,2024-08-06,271000,264000,4.919,30,335,1441.4,0.663,398000,0
M0103431,C0103431,2025-08-01,437000,431000,5.766,30,347,2554.66,0.561,768000,0
M0103432,C0103432,2019-10-16,234000,215000,5.347,30,278,1306.25,0.668,322000,0
M0103433,C0103433,2021-07-28,207000,182000,4.956,15,119,1632.2,0.562,324000,0
M0103434,C0103434,2023-11-24,751000,726000,6.941,30,327,4966.7,0.514,1413000,0
M0103435,C0103435,2023-05-14,216000,208000,4.935,30,321,1150.97,0.589,353000,0
M0103436,C0103436,2024-05-03,216000,210000,4.669,30,332,1116.24,0.505,416000,0
M0103437,C0103437,2022-07-13,413000,393000,4.195,30,311,2018.44,0.511,769000,0
M0103438,C0103438,2023-04-28,81000,78000,5.429,30,320,456.31,0.586,133000,0
M0103439,C0103439,2022-10-29,473000,452000,5.332,30,314,2636.0,0.635,712000,0
M0103440,C0103440,2023-04-20,801000,769000,6.294,30,320,4954.84,0.53,1450000,0
M0103441,C0103441,2023-12-31,505000,489000,4.146,30,328,2453.65,0.534,916000,0
M0103442,C0103442,2022-09-02,195000,186000,3.647,30,312,891.72,0.581,320000,0
M0103443,C0103443,2025-01-04,228000,224000,3.46,30,340,1018.74,0.727,308000,0
M0103444,C0103444,2022-05-10,338000,321000,6.002,30,308,2026.92,0.637,504000,0
M0103445,C0103445,2022-06-12,393000,374000,6.638,30,310,2519.8,0.592,632000,0
M0103446,C0103446,2024-12-23,735000,720000,6.548,30,340,4668.93,0.5,1439000,0
M0103447,C0103447,2020-07-08,718000,666000,4.948,30,286,3831.59,0.507,1314000,0
M0103448,C0103448,2019-12-29,294000,271000,5.643,30,280,1695.77,0.503,539000,0
M0103449,C0103449,2021-03-15,251000,235000,3.028,30,295,1062.02,0.668,352000,0
M0103450,C0103450,2020-01-03,222000,205000,7.28,30,280,1518.95,0.677,303000,0
M0103451,C0103451,2020-02-11,452000,417000,6.773,30,282,2938.58,0.466,895000,0
M0103452,C0103452,2021-04-07,562000,526000,6.494,30,295,3550.0,0.638,824000,0
M0103453,C0103453,2023-07-25,339000,327000,4.513,30,323,1720.28,0.554,590000,0
M0103454,C0103454,2024-06-12,328000,319000,5.1,30,334,1780.88,0.536,595000,0
M0103455,C0103455,2020-08-16,943000,876000,5.291,30,288,5231.25,0.566,1548000,0
M0103456,C0103456,2022-10-09,460000,439000,7.37,30,313,3175.54,0.73,601000,0
M0103457,C0103457,2021-05-13,117000,110000,6.6,30,297,747.23,0.625,176000,0
M0103458,C0103458,2020-05-10,322000,298000,5.294,30,284,1786.88,0.475,627000,0
M0103459,C0103459,2020-01-16,362000,334000,6.143,30,281,2203.77,0.553,604000,0
M0103460,C0103460,2021-08-08,286000,269000,4.497,30,299,1448.61,0.48,561000,0
M0103461,C0103461,2023-12-21,616000,596000,3.977,30,328,2932.72,0.705,845000,0
M0103462,C0103462,2025-03-16,278000,273000,5.424,30,343,1565.22,0.754,362000,0
M0103463,C0103463,2020-11-17,200000,186000,4.249,30,291,983.76,0.533,349000,0
M0103464,C0103464,2025-07-21,230000,227000,3.639,30,347,1050.73,0.676,336000,0
M0103465,C0103465,2022-08-26,459000,437000,5.537,30,312,2616.82,0.567,771000,0
M0103466,C0103466,2023-12-08,166000,155000,5.209,15,147,1330.86,0.613,253000,0
M0103467,C0103467,2023-01-29,256000,234000,4.39,15,137,1944.02,0.636,368000,0
M0103468,C0103468,2020-06-05,501000,464000,5.06,30,285,2707.88,0.704,659000,0
M0103469,C0103469,2022-11-26,166000,159000,5.917,30,315,986.41,0.576,276000,0
M0103470,C0103470,2024-10-22,195000,191000,5.252,30,338,1077.04,0.758,252000,0
M0103471,C0103471,2023-02-07,140000,134000,5.654,30,317,808.48,0.536,250000,0
M0103472,C0103472,2025-02-02,209000,205000,5.313,30,341,1162.27,0.679,302000,0
M0103473,C0103473,2020-06-09,252000,234000,7.403,30,285,1745.31,0.684,342000,0
M0103474,C0103474,2025-06-17,291000,287000,6.962,30,346,1928.61,0.527,545000,0
M0103475,C0103475,2020-01-13,207000,191000,5.628,30,281,1192.0,0.479,399000,0
M0103476,C0103476,2024-05-14,271000,264000,4.599,30,333,1389.1,0.725,364000,0
M0103477,C0103477,2021-09-21,535000,504000,4.884,30,301,2834.19,0.48,1050000,0
M0103478,C0103478,2020-05-27,387000,330000,4.079,15,105,2877.94,0.532,620000,0
M0103479,C0103479,2024-07-16,953000,929000,4.623,30,335,4898.61,0.727,1277000,0
M0103480,C0103480,2020-02-13,234000,216000,6.235,30,282,1438.5,0.605,357000,0
M0103481,C0103481,2023-03-06,262000,251000,4.847,30,318,1382.08,0.577,435000,0
M0103482,C0103482,2022-08-22,354000,337000,5.308,30,312,1967.54,0.658,512000,0
M0103483,C0103483,2023-07-26,253000,244000,6.8,30,323,1649.37,0.526,464000,0
M0103484,C0103484,2019-10-13,323000,297000,6.108,30,278,1959.03,0.688,432000,0
M0103485,C0103485,2021-09-03,126000,119000,5.576,30,300,721.43,0.494,241000,0
M0103486,C0103486,2023-07-20,272000,262000,5.374,30,323,1522.95,0.616,425000,0
M0103487,C0103487,2025-04-10,508000,500000,5.282,30,343,2815.27,0.497,1007000,0
M0103488,C0103488,2020-05-06,849000,723000,6.524,15,104,7406.91,0.537,1346000,0
M0103489,C0103489,2021-10-10,676000,598000,5.828,15,121,5641.85,0.701,853000,0
M0103490,C0103490,2024-12-10,349000,335000,5.218,15,159,2799.66,0.623,538000,0
M0103491,C0103491,2022-11-24,417000,380000,4.099,15,135,3105.23,0.589,645000,0
M0103492,C0103492,2024-02-10,387000,375000,6.031,30,329,2327.98,0.638,588000,0
M0103493,C0103493,2024-02-18,248000,241000,5.877,30,330,1467.33,0.536,450000,0
M0103494,C0103494,2022-10-28,203000,194000,3.76,30,314,941.28,0.566,343000,0
M0103495,C0103495,2025-04-25,371000,365000,5.33,30,344,2067.1,0.51,716000,0
M0103496,C0103496,2024-03-22,310000,301000,5.868,30,331,1832.38,0.565,533000,0
M0103497,C0103497,2025-05-18,499000,491000,5.213,30,345,2744.07,0.582,843000,1
M0103498,C0103498,2020-01-23,100000,92000,7.496,30,281,698.94,0.634,145000,0
M0103499,C0103499,2020-05-07,301000,279000,7.18,30,284,2039.08,0.53,526000,0
M0103500,C0103500,2024-09-20,600000,586000,4.112,30,337,2903.37,0.55,1065000,0
M0103501,C0103501,2022-03-28,437000,414000,5.227,30,307,2406.91,0.738,561000,0
M0103502,C0103502,2024-05-08,200000,195000,6.566,30,332,1272.83,0.756,258000,0
M0103503,C0103503,2022-05-23,170000,161000,5.408,30,309,955.45,0.674,239000,0
M0103504,C0103504,2022-12-17,320000,306000,6.311,30,316,1983.01,0.567,540000,0
M0103505,C0103505,2025-08-04,485000,479000,4.787,30,347,2540.82,0.572,838000,0
M0103506,C0103506,2020-12-09,424000,396000,3.773,30,291,1969.15,0.616,643000,0
M0103507,C0103507,2021-01-27,347000,324000,6.263,30,293,2139.47,0.652,497000,0
M0103508,C0103508,2025-05-03,452000,445000,5.135,30,344,2463.86,0.717,621000,0
M0103509,C0103509,2024-06-07,373000,363000,8.0,30,333,2736.94,0.659,551000,0
M0103510,C0103510,2025-01-03,442000,433000,6.534,30,340,2803.63,0.616,703000,0
M0103511,C0103511,2023-05-26,524000,504000,4.334,30,321,2603.6,0.566,891000,0
M0103512,C0103512,2023-01-05,262000,239000,6.241,15,136,2245.16,0.479,499000,0
M0103513,C0103513,2021-10-26,210000,198000,5.422,30,302,1182.1,0.547,362000,0
M0103514,C0103514,2021-11-25,472000,446000,6.078,30,303,2853.59,0.57,783000,0
M0103515,C0103515,2024-11-21,254000,249000,4.704,30,339,1317.95,0.65,383000,0
M0103516,C0103516,2022-10-27,124000,118000,5.843,30,314,730.97,0.605,195000,0
M0103517,C0103517,2020-12-02,669000,624000,6.665,30,291,4301.39,0.538,1160000,0
M0103518,C0103518,2020-05-13,372000,345000,6.405,30,285,2328.1,0.537,643000,0
M0103519,C0103519,2020-09-08,364000,338000,6.704,30,288,2349.78,0.659,513000,0
M0103520,C0103520,2023-11-27,299000,289000,8.0,30,327,2193.96,0.521,555000,0
M0103521,C0103521,2022-08-01,498000,450000,4.987,15,131,3934.78,0.483,932000,0
M0103522,C0103522,2024-11-01,173000,169000,7.486,30,338,1207.98,0.491,344000,0
M0103523,C0103523,2023-07-04,328000,304000,5.825,15,142,2736.94,0.483,630000,0
M0103524,C0103524,2024-01-05,377000,365000,5.074,30,328,2040.9,0.73,500000,0
M0103525,C0103525,2024-03-09,432000,419000,5.492,30,330,2450.68,0.615,681000,0
M0103526,C0103526,2020-06-07,139000,129000,6.493,30,285,877.93,0.717,180000,0
M0103527,C0103527,2021-05-10,441000,414000,5.095,30,296,2393.05,0.514,806000,0
M0103528,C0103528,2020-08-06,266000,247000,3.344,30,287,1171.42,0.487,507000,0
M0103529,C0103529,2023-08-28,237000,229000,6.424,30,324,1486.18,0.598,383000,0
M0103530,C0103530,2023-04-29,150000,144000,5.75,30,320,875.36,0.692,208000,0
M0103531,C0103531,2020-11-04,1001000,933000,4.929,30,290,5330.23,0.585,1596000,0
M0103532,C0103532,2025-06-11,307000,303000,4.113,30,345,1485.74,0.732,414000,0
M0103533,C0103533,2021-04-21,371000,348000,5.947,30,296,2211.71,0.712,489000,0
M0103534,C0103534,2021-08-15,194000,183000,6.92,30,300,1280.28,0.704,260000,0
M0103535,C0103535,2023-08-01,153000,147000,4.514,30,323,776.5,0.724,203000,0
M0103536,C0103536,2020-01-18,493000,455000,5.81,30,281,2895.83,0.481,946000,0
M0103537,C0103537,2024-04-28,167000,158000,7.935,15,152,1589.68,0.742,213000,0
M0103538,C0103538,2023-09-04,629000,607000,6.544,30,324,3993.93,0.66,920000,0
M0103539,C0103539,2023-07-21,806000,776000,5.505,30,323,4578.91,0.686,1132000,0
M0103540,C0103540,2023-06-30,222000,214000,5.395,30,322,1245.91,0.608,352000,0
M0103541,C0103541,2023-08-24,260000,251000,4.986,30,324,1393.51,0.669,375000,0
M0103542,C0103542,2022-11-03,92000,88000,5.591,30,314,527.63,0.667,132000,0
M0103543,C0103543,2019-12-17,137000,126000,5.055,30,280,740.06,0.479,263000,0
M0103544,C0103544,2022-10-19,450000,430000,5.217,30,314,2475.73,0.547,786000,0
M0103545,C0103545,2021-12-08,614000,580000,5.384,30,303,3441.67,0.642,904000,0
M0103546,C0103546,2021-09-10,222000,209000,3.747,30,300,1027.74,0.631,331000,0
M0103547,C0103547,2021-10-02,239000,225000,5.359,30,301,1335.95,0.616,365000,0
M0103548,C0103548,2023-09-17,149000,144000,8.0,30,325,1093.31,0.626,230000,0
M0103549,C0103549,2023-12-31,186000,180000,4.015,30,328,889.6,0.695,259000,0
M0103550,C0103550,2023-07-06,637000,613000,7.234,30,322,4338.55,0.637,963000,0
M0103551,C0103551,2023-07-07,383000,369000,6.707,30,322,2473.19,0.505,730000,0
M0103552,C0103552,2020-10-01,134000,125000,6.267,30,289,826.54,0.521,240000,0
M0103553,C0103553,2022-11-26,435000,416000,4.977,30,315,2329.06,0.748,556000,0
M0103554,C0103554,2020-02-10,1073000,991000,6.581,30,281,6839.35,0.497,1993000,1
M0103555,C0103555,2019-11-03,269000,247000,7.596,30,278,1898.6,0.591,418000,0
M0103556,C0103556,2021-08-15,235000,221000,6.778,30,300,1528.58,0.525,421000,0
M0103557,C0103557,2021-09-10,438000,412000,5.869,30,300,2589.26,0.609,677000,0
M0103558,C0103558,2024-12-12,542000,531000,5.619,30,340,3118.0,0.535,993000,0
M0103559,C0103559,2024-10-09,494000,483000,4.897,30,337,2620.89,0.56,863000,0
M0103560,C0103560,2021-06-08,280000,263000,5.719,30,297,1628.49,0.536,491000,0
M0103561,C0103561,2019-10-03,266000,244000,6.205,30,277,1630.03,0.48,508000,0
M0103562,C0103562,2020-11-17,138000,129000,5.654,30,291,796.93,0.5,258000,0
M0103563,C0103563,2024-01-31,177000,166000,5.525,15,149,1448.59,0.578,287000,0
M0103564,C0103564,2021-08-18,393000,370000,5.54,30,300,2241.28,0.539,686000,0
M0103565,C0103565,2021-12-20,251000,237000,7.63,30,304,1777.43,0.616,385000,0
M0103566,C0103566,2025-05-16,371000,365000,5.807,30,345,2178.51,0.564,647000,0
M0103567,C0103567,2020-06-13,291000,270000,5.848,30,286,1716.36,0.64,422000,0
M0103568,C0103568,2023-08-14,338000,326000,2.976,30,324,1420.65,0.574,568000,0
M0103569,C0103569,2022-01-02,331000,313000,6.677,30,304,2130.82,0.508,616000,0
M0103570,C0103570,2023-09-01,476000,459000,6.26,30,324,2933.91,0.592,775000,0
M0103571,C0103571,2020-02-23,501000,463000,6.208,30,282,3071.07,0.524,883000,0
M0103572,C0103572,2022-11-20,325000,311000,6.282,30,315,2007.85,0.653,476000,0
M0103573,C0103573,2020-08-11,296000,275000,4.57,30,288,1512.12,0.498,552000,0
M0103574,C0103574,2020-01-23,322000,297000,5.294,30,281,1786.88,0.574,517000,0
M0103575,C0103575,2025-06-27,221000,218000,7.552,30,346,1553.14,0.637,342000,0
M0103576,C0103576,2023-03-03,564000,541000,4.073,30,318,2716.41,0.753,718000,0
M0103577,C0103577,2021-07-30,247000,218000,4.139,15,119,1844.28,0.667,327000,0
M0103578,C0103578,2020-08-23,303000,282000,3.997,30,288,1446.04,0.693,407000,0
M0103579,C0103579,2021-05-17,358000,336000,5.411,30,297,2012.74,0.581,578000,0
M0103580,C0103580,2021-09-28,383000,361000,7.368,30,301,2643.46,0.721,501000,0
M0103581,C0103581,2023-06-20,375000,347000,5.919,15,142,3148.08,0.54,643000,0
M0103582,C0103582,2024-09-16,306000,299000,6.809,30,337,1996.73,0.715,418000,0
M0103583,C0103583,2020-03-30,746000,690000,3.415,30,283,3314.58,0.539,1281000,0
M0103584,C0103584,2025-06-07,340000,335000,4.688,30,345,1760.92,0.603,556000,0
M0103585,C0103585,2020-11-22,289000,269000,4.863,30,291,1527.31,0.636,423000,0
M0103586,C0103586,2025-06-26,805000,794000,7.375,30,346,5559.93,0.617,1287000,0
M0103587,C0103587,2023-07-01,222000,214000,5.771,30,322,1298.49,0.605,354000,0
M0103588,C0103588,2020-07-17,804000,746000,5.559,30,287,4594.83,0.688,1085000,0
M0103589,C0103589,2024-05-11,121000,118000,5.828,30,332,712.13,0.611,193000,0
M0103590,C0103590,2024-02-11,268000,260000,5.352,30,330,1496.88,0.56,464000,0
M0103591,C0103591,2024-06-03,142000,138000,7.802,30,333,1022.41,0.55,251000,0
M0103592,C0103592,2021-08-11,166000,156000,7.758,30,299,1190.16,0.489,319000,0
M0103593,C0103593,2024-05-17,411000,400000,6.846,30,333,2692.02,0.543,737000,0
M0103594,C0103594,2021-07-07,378000,355000,6.722,30,298,2444.67,0.569,624000,0
M0103595,C0103595,2022-03-01,242000,229000,5.052,30,306,1306.81,0.641,357000,0
M0103596,C0103596,2020-05-05,742000,687000,6.13,30,284,4510.87,0.579,1187000,0
M0103597,C0103597,2021-11-04,578000,545000,3.41,30,302,2566.53,0.476,1145000,0
M0103598,C0103598,2023-04-14,319000,306000,5.141,30,320,1740.06,0.49,625000,0
M0103599,C0103599,2024-10-20,133000,130000,3.906,30,338,627.78,0.542,240000,0
M0103600,C0103600,2023-01-14,529000,506000,6.165,30,317,3227.96,0.751,674000,0
M0103601,C0103601,2022-05-29,257000,244000,5.503,30,309,1459.7,0.731,334000,0
M0103602,C0103602,2020-02-08,379000,350000,6.458,30,281,2385.08,0.466,751000,0
M0103603,C0103603,2024-03-12,488000,460000,6.335,15,151,4206.86,0.507,907000,0
M0103604,C0103604,2023-05-28,268000,258000,6.852,30,321,1756.45,0.596,433000,0
M0103605,C0103605,2020-03-28,621000,574000,4.772,30,283,3247.67,0.596,963000,0
M0103606,C0103606,2020-03-11,271000,250000,3.638,30,282,1237.88,0.665,376000,0
M0103607,C0103607,2020-07-24,429000,368000,7.751,15,107,4038.32,0.523,703000,0
M0103608,C0103608,2024-08-15,478000,466000,5.017,30,336,2570.98,0.561,831000,0
M0103609,C0103609,2025-01-01,517000,507000,5.565,30,340,2956.59,0.728,696000,0
M0103610,C0103610,2023-06-11,784000,754000,6.794,30,321,5107.96,0.599,1258000,0
M0103611,C0103611,2024-03-08,217000,204000,5.293,15,150,1749.32,0.62,329000,0
M0103612,C0103612,2023-10-26,186000,180000,4.357,30,326,926.7,0.506,356000,0
M0103613,C0103613,2020-01-13,279000,236000,7.943,15,101,2657.1,0.474,498000,0
M0103614,C0103614,2022-06-21,1501000,1427000,5.012,30,310,8068.7,0.493,2893000,0
M0103615,C0103615,2023-11-27,644000,623000,7.649,30,327,4568.83,0.637,978000,0
M0103616,C0103616,2021-05-01,249000,233000,6.024,30,296,1496.73,0.681,342000,0
M0103617,C0103617,2020-10-21,275000,256000,6.728,30,290,1779.63,0.497,515000,0
M0103618,C0103618,2023-02-09,325000,311000,6.707,30,317,2098.66,0.61,510000,0
M0103619,C0103619,2025-05-24,376000,370000,5.169,30,345,2057.46,0.585,632000,0
M0103620,C0103620,2022-11-24,452000,432000,6.284,30,315,2793.04,0.533,810000,0
M0103621,C0103621,2023-05-16,461000,443000,7.795,30,321,3317.01,0.56,791000,0
M0103622,C0103622,2024-07-23,596000,566000,7.077,15,155,5382.71,0.513,1104000,0
M0103623,C0103623,2022-01-04,892000,843000,6.898,30,304,5873.52,0.684,1233000,0
M0103624,C0103624,2021-04-13,307000,288000,6.384,30,296,1917.09,0.713,404000,0
M0103625,C0103625,2023-04-20,295000,283000,5.517,30,320,1678.13,0.639,443000,0
M0103626,C0103626,2023-05-29,273000,263000,4.687,30,321,1413.75,0.586,449000,0
M0103627,C0103627,2020-12-15,285000,266000,7.383,30,292,1969.98,0.514,518000,0
M0103628,C0103628,2024-08-16,394000,384000,5.003,30,336,2115.8,0.529,726000,0
M0103629,C0103629,2019-10-27,450000,414000,5.093,30,278,2441.34,0.549,754000,0
M0103630,C0103630,2023-03-09,777000,745000,5.649,30,318,4484.63,0.524,1422000,0
M0103631,C0103631,2022-08-14,230000,219000,4.019,30,312,1100.58,0.567,386000,0
M0103632,C0103632,2022-02-25,392000,371000,5.22,30,306,2157.36,0.66,562000,0
M0103633,C0103633,2022-12-01,215000,206000,4.8,30,315,1128.03,0.53,389000,0
M0103634,C0103634,2025-05-28,401000,395000,4.05,30,345,1926.01,0.58,681000,0
M0103635,C0103635,2021-06-22,1247000,1171000,4.249,30,298,6133.76,0.561,2089000,0
M0103636,C0103636,2020-04-29,306000,283000,5.592,30,284,1755.14,0.498,568000,0
M0103637,C0103637,2021-03-06,1117000,1045000,6.747,30,294,7242.61,0.732,1428000,0
M0103638,C0103638,2021-07-28,216000,203000,5.52,30,299,1229.14,0.659,308000,0
M0103639,C0103639,2025-05-04,260000,256000,4.416,30,344,1304.44,0.558,459000,0
M0103640,C0103640,2020-12-25,276000,258000,4.895,30,292,1463.97,0.662,390000,0
M0103641,C0103641,2023-01-27,358000,343000,5.996,30,317,2145.47,0.687,499000,0
M0103642,C0103642,2023-11-15,303000,293000,6.881,30,327,1991.71,0.492,595000,0
M0103643,C0103643,2022-09-13,480000,435000,6.674,15,133,4227.37,0.465,935000,0
M0103644,C0103644,2024-04-29,83000,81000,5.884,30,332,491.45,0.609,133000,0
M0103645,C0103645,2023-11-08,201000,194000,7.287,30,326,1376.22,0.727,267000,0
M0103646,C0103646,2020-11-01,845000,787000,5.038,30,290,4555.79,0.506,1554000,0
M0103647,C0103647,2021-02-22,162000,152000,4.327,30,294,804.26,0.51,298000,0
M0103648,C0103648,2022-05-05,274000,260000,5.306,30,308,1522.56,0.625,416000,0
M0103649,C0103649,2020-05-18,445000,412000,7.008,30,285,2962.99,0.509,809000,0
M0103650,C0103650,2024-10-04,320000,313000,6.39,30,337,1999.52,0.743,421000,0
M0103651,C0103651,2020-08-17,214000,199000,6.82,30,288,1397.97,0.584,341000,0
M0103652,C0103652,2022-11-02,409000,391000,5.524,30,314,2328.42,0.743,526000,0
M0103653,C0103653,2021-11-24,498000,470000,5.782,30,303,2916.32,0.494,952000,0
M0103654,C0103654,2020-09-05,243000,226000,5.391,30,288,1363.15,0.616,367000,0
M0103655,C0103655,2020-12-07,402000,375000,4.679,30,291,2079.85,0.677,554000,0
M0103656,C0103656,2019-10-04,504000,463000,5.666,30,277,2914.37,0.676,685000,0
M0103657,C0103657,2024-04-20,563000,547000,5.383,30,332,3155.45,0.73,749000,0
M0103658,C0103658,2024-09-06,394000,385000,5.098,30,336,2138.74,0.733,525000,0
M0103659,C0103659,2025-07-17,770000,749000,6.296,15,167,6621.48,0.606,1236000,0
M0103660,C0103660,2021-08-30,336000,316000,5.771,30,300,1965.29,0.683,463000,0
M0103661,C0103661,2022-08-14,200000,190000,7.117,30,312,1346.36,0.522,364000,0
M0103662,C0103662,2021-09-14,294000,277000,4.677,30,301,1520.73,0.577,480000,0
M0103663,C0103663,2023-03-29,601000,577000,5.183,30,319,3293.85,0.504,1144000,0
M0103664,C0103664,2023-08-09,210000,202000,3.683,30,323,964.58,0.515,392000,0
M0103665,C0103665,2020-05-30,107000,99000,4.54,30,285,544.7,0.513,193000,0
M0103666,C0103666,2024-08-09,412000,402000,6.322,30,335,2556.08,0.708,568000,0
M0103667,C0103667,2020-12-18,263000,245000,6.525,30,292,1666.67,0.583,420000,0
M0103668,C0103668,2025-01-22,1009000,990000,6.393,30,341,6306.73,0.506,1955000,0
M0103669,C0103669,2023-05-29,374000,345000,7.058,15,141,3373.76,0.506,682000,0
M0103670,C0103670,2025-05-31,608000,599000,6.23,30,345,3735.66,0.594,1008000,0
M0103671,C0103671,2025-08-04,256000,253000,5.703,30,347,1486.31,0.595,425000,0
M0103672,C0103672,2025-06-26,441000,435000,6.37,30,346,2749.82,0.654,665000,0
M0103673,C0103673,2024-01-19,395000,383000,4.802,30,329,2072.91,0.514,745000,0
M0103674,C0103674,2020-01-16,653000,602000,3.831,30,281,3054.24,0.479,1257000,0
M0103675,C0103675,2023-07-15,361000,348000,5.207,30,323,1983.85,0.547,636000,0
M0103676,C0103676,2022-01-06,252000,238000,5.338,30,304,1405.32,0.472,504000,0
M0103677,C0103677,2021-08-23,551000,519000,5.763,30,300,3220.04,0.513,1012000,0
M0103678,C0103678,2020-06-12,229000,212000,4.763,30,286,1196.37,0.495,428000,0
M0103679,C0103679,2020-04-12,218000,202000,4.98,30,284,1167.61,0.569,355000,0
M0103680,C0103680,2025-06-19,321000,316000,6.51,30,346,2031.05,0.615,514000,0
M0103681,C0103681,2024-05-16,278000,263000,4.303,15,153,2098.8,0.62,424000,0
M0103682,C0103682,2021-02-02,330000,308000,5.538,30,293,1881.58,0.577,534000,0
M0103683,C0103683,2020-12-25,235000,219000,4.964,30,292,1256.37,0.549,399000,0
M0103684,C0103684,2019-10-25,574000,528000,3.789,30,278,2671.0,0.556,950000,0
M0103685,C0103685,2021-04-30,570000,534000,5.199,30,296,3129.58,0.668,799000,0
M0103686,C0103686,2022-06-26,496000,472000,4.661,30,310,2560.83,0.602,784000,0
M0103687,C0103687,2023-07-31,473000,456000,5.187,30,323,2593.5,0.594,768000,0
M0103688,C0103688,2022-11-15,130000,124000,5.737,30,315,757.57,0.577,215000,0
M0103689,C0103689,2025-08-07,347000,343000,3.257,30,347,1511.5,0.766,448000,0
M0103690,C0103690,2021-08-03,503000,443000,6.784,15,119,4460.58,0.49,904000,0
M0103691,C0103691,2025-07-02,641000,632000,8.0,30,346,4703.43,0.499,1267000,0
M0103692,C0103692,2021-10-24,296000,279000,4.611,30,302,1519.37,0.677,412000,0
M0103693,C0103693,2021-12-25,629000,594000,5.001,30,304,3376.99,0.497,1195000,0
M0103694,C0103694,2019-10-17,382000,351000,4.746,30,278,1991.77,0.655,536000,0
M0103695,C0103695,2020-08-13,90000,84000,4.458,30,288,453.77,0.724,116000,0
M0103696,C0103696,2021-04-29,312000,292000,7.841,30,296,2254.86,0.518,564000,0
M0103697,C0103697,2021-11-28,215000,203000,5.306,30,303,1194.71,0.498,408000,0
M0103698,C0103698,2023-12-01,241000,225000,6.413,15,147,2087.86,0.496,454000,0
M0103699,C0103699,2021-01-21,555000,518000,6.943,30,293,3671.21,0.71,730000,0
M0103700,C0103700,2022-05-18,380000,342000,6.799,15,129,3372.99,0.717,477000,0
M0103701,C0103701,2022-09-06,253000,241000,6.882,30,312,1663.21,0.497,485000,0
M0103702,C0103702,2021-12-21,234000,221000,4.201,30,304,1144.44,0.654,338000,0
M0103703,C0103703,2024-02-14,408000,396000,6.653,30,330,2620.03,0.688,576000,0
M0103704,C0103704,2024-02-19,299000,281000,5.224,15,150,2399.51,0.499,563000,0
M0103705,C0103705,2025-06-16,464000,457000,7.456,30,346,3230.39,0.67,682000,0
M0103706,C0103706,2023-05-18,217000,200000,4.677,15,141,1679.73,0.57,351000,0
M0103707,C0103707,2020-10-18,271000,234000,4.334,15,110,2050.21,0.444,527000,0
M0103708,C0103708,2025-03-10,187000,184000,5.59,30,342,1072.35,0.556,331000,0
M0103709,C0103709,2022-11-08,249000,238000,6.296,30,314,1540.59,0.606,393000,0
M0103710,C0103710,2020-08-07,974000,905000,3.616,30,287,4437.01,0.571,1585000,0
M0103711,C0103711,2020-06-10,227000,210000,5.137,30,285,1237.66,0.618,340000,0
M0103712,C0103712,2020-02-11,259000,239000,4.377,30,282,1293.45,0.488,490000,0
M0103713,C0103713,2023-06-24,217000,209000,6.599,30,322,1385.75,0.579,361000,0
M0103714,C0103714,2023-09-07,299000,288000,4.961,30,324,1597.98,0.517,557000,0
M0103715,C0103715,2024-01-16,316000,306000,6.822,30,329,2064.72,0.485,631000,0
M0103716,C0103716,2023-03-17,603000,578000,4.795,30,319,3161.91,0.598,967000,0
M0103717,C0103717,2021-09-12,268000,237000,5.917,15,121,2249.54,0.699,339000,0
M0103718,C0103718,2021-08-16,347000,326000,4.063,30,300,1669.26,0.49,665000,0
M0103719,C0103719,2022-01-27,128000,121000,5.462,30,305,723.72,0.661,183000,0
M0103720,C0103720,2022-12-02,213000,204000,4.377,30,315,1063.73,0.664,307000,0
M0103721,C0103721,2021-06-22,564000,530000,7.263,30,298,3852.45,0.625,848000,0
M0103722,C0103722,2023-08-24,214000,206000,6.763,30,324,1389.85,0.487,423000,0
M0103723,C0103723,2025-02-24,481000,472000,5.82,30,342,2828.41,0.566,834000,0
M0103724,C0103724,2019-12-06,206000,190000,6.708,30,279,1330.37,0.511,372000,0
M0103725,C0103725,2025-03-13,301000,296000,5.032,30,343,1621.72,0.727,407000,0
M0103726,C0103726,2020-08-06,773000,718000,6.255,30,287,4762.01,0.606,1184000,0
M0103727,C0103727,2022-04-10,476000,451000,5.495,30,307,2701.18,0.662,681000,0
M0103728,C0103728,2019-10-20,123000,113000,6.149,30,278,749.27,0.729,155000,0
M0103729,C0103729,2022-05-30,1641000,1559000,5.718,30,309,9543.1,0.545,2858000,0
M0103730,C0103730,2025-05-19,195000,192000,5.521,30,345,1109.76,0.784,245000,0
M0103731,C0103731,2025-02-20,833000,818000,3.591,30,342,3782.98,0.516,1584000,0
M0103732,C0103732,2025-03-06,262000,257000,4.872,30,342,1386.05,0.562,457000,0
M0103733,C0103733,2023-02-12,177000,170000,7.579,30,318,1247.2,0.582,292000,0
M0103734,C0103734,2021-02-22,262000,245000,5.456,30,294,1480.38,0.59,415000,0
M0103735,C0103735,2021-11-24,236000,223000,4.798,30,303,1237.92,0.599,372000,0
M0103736,C0103736,2020-10-24,249000,232000,5.638,30,290,1435.43,0.627,370000,0
M0103737,C0103737,2022-06-12,338000,321000,3.909,30,310,1595.98,0.542,592000,1
M0103738,C0103738,2024-12-12,416000,408000,5.065,30,340,2249.73,0.575,710000,0
M0103739,C0103739,2024-07-30,667000,634000,5.792,15,155,5553.85,0.64,991000,0
M0103740,C0103740,2024-09-26,365000,357000,6.13,30,337,2218.96,0.498,717000,0
M0103741,C0103741,2020-02-19,341000,315000,5.968,30,282,2037.46,0.601,524000,0
M0103742,C0103742,2020-11-20,228000,213000,7.252,30,291,1555.67,0.521,409000,0
M0103743,C0103743,2025-06-28,285000,281000,4.846,30,346,1503.23,0.622,452000,0
M0103744,C0103744,2024-05-24,255000,248000,3.934,30,333,1207.73,0.729,340000,0
M0103745,C0103745,2024-01-24,165000,160000,5.191,30,329,905.12,0.502,319000,0
M0103746,C0103746,2021-06-02,1173000,1101000,4.965,30,297,6271.85,0.508,2167000,0
M0103747,C0103747,2025-04-17,370000,364000,5.791,30,344,2168.87,0.711,512000,0
M0103748,C0103748,2019-10-27,372000,342000,5.268,30,278,2058.35,0.584,586000,0
M0103749,C0103749,2023-12-31,602000,583000,5.743,30,328,3510.43,0.513,1137000,0
M0103750,C0103750,2020-08-01,90000,84000,5.698,30,287,522.25,0.519,162000,0
M0103751,C0103751,2021-08-03,1004000,944000,6.558,30,299,6384.31,0.54,1749000,0
M0103752,C0103752,2023-06-01,213000,205000,5.569,30,321,1218.63,0.516,397000,0
M0103753,C0103753,2025-07-21,211000,208000,5.809,30,347,1239.26,0.662,314000,0
M0103754,C0103754,2022-05-24,250000,237000,7.543,30,309,1755.4,0.503,471000,0
M0103755,C0103755,2025-06-19,536000,528000,3.783,30,346,2492.35,0.51,1035000,0
M0103756,C0103756,2021-05-23,958000,899000,5.784,30,297,5611.34,0.726,1239000,0
M0103757,C0103757,2024-06-18,744000,725000,5.456,30,334,4203.83,0.503,1440000,0
M0103758,C0103758,2019-12-31,258000,238000,5.636,30,280,1486.99,0.468,509000,0
M0103759,C0103759,2025-07-13,133000,131000,6.221,30,347,816.4,0.639,205000,0
M0103760,C0103760,2023-08-10,266000,256000,4.665,30,323,1373.99,0.502,510000,0
M0103761,C0103761,2023-05-11,238000,229000,4.955,30,320,1271.1,0.746,307000,0
M0103762,C0103762,2021-02-02,144000,135000,6.39,30,293,899.79,0.529,255000,0
M0103763,C0103763,2024-04-25,439000,427000,5.411,30,332,2468.14,0.607,703000,0
M0103764,C0103764,2021-01-08,328000,285000,4.527,15,112,2513.71,0.538,530000,0
M0103765,C0103765,2023-10-07,421000,407000,6.447,30,325,2646.35,0.499,815000,0
M0103766,C0103766,2025-03-17,473000,465000,6.278,30,343,2920.96,0.573,812000,0
M0103767,C0103767,2020-09-04,462000,430000,5.754,30,288,2697.28,0.484,888000,0
M0103768,C0103768,2024-07-17,317000,309000,6.03,30,335,1906.69,0.704,439000,0
M0103769,C0103769,2023-02-08,744000,713000,6.198,30,317,4555.8,0.536,1330000,0
M0103770,C0103770,2022-01-24,257000,243000,5.476,30,305,1455.35,0.664,366000,0
M0103771,C0103771,2025-08-10,238000,235000,5.915,30,347,1413.95,0.721,326000,0
M0103772,C0103772,2021-10-25,292000,275000,4.263,30,302,1438.69,0.495,555000,0
M0103773,C0103773,2022-06-02,429000,408000,5.346,30,309,2394.53,0.561,727000,0
M0103774,C0103774,2021-01-14,461000,431000,6.634,30,293,2954.58,0.688,626000,0
M0103775,C0103775,2025-01-15,276000,271000,7.991,30,341,2023.46,0.593,457000,0
M0103776,C0103776,2020-06-03,279000,259000,5.709,30,285,1620.91,0.535,484000,0
M0103777,C0103777,2025-05-05,629000,619000,4.579,30,344,3216.64,0.512,1210000,0
M0103778,C0103778,2020-01-26,170000,157000,5.183,30,281,931.7,0.662,237000,0
M0103779,C0103779,2023-09-26,1294000,1249000,3.977,30,325,6160.61,0.694,1799000,0
M0103780,C0103780,2025-04-05,282000,277000,6.312,30,343,1747.71,0.549,505000,0
M0103781,C0103781,2024-01-25,296000,287000,5.624,30,329,1703.76,0.625,459000,0
M0103782,C0103782,2022-09-22,394000,376000,4.522,30,313,2001.49,0.535,703000,0
M0103783,C0103783,2025-01-10,428000,411000,5.363,15,160,3466.08,0.686,599000,0
M0103784,C0103784,2023-11-27,236000,228000,6.349,30,327,1468.32,0.559,408000,0
M0103785,C0103785,2023-11-28,388000,363000,5.629,15,147,3196.91,0.667,544000,0
M0103786,C0103786,2024-09-18,205000,200000,4.816,30,337,1077.55,0.623,321000,0
M0103787,C0103787,2022-10-17,243000,232000,6.699,30,314,1567.86,0.495,469000,0
M0103788,C0103788,2025-07-20,147000,145000,5.951,30,347,876.71,0.697,208000,0
M0103789,C0103789,2024-03-11,352000,342000,4.732,30,330,1832.38,0.687,498000,0
M0103790,C0103790,2024-11-01,300000,293000,5.601,30,338,1722.43,0.55,533000,0
M0103791,C0103791,2025-07-03,120000,118000,3.248,30,346,522.12,0.686,172000,0
M0103792,C0103792,2022-10-23,233000,222000,5.86,30,314,1376.05,0.571,389000,0
M0103793,C0103793,2020-05-06,323000,299000,8.0,30,284,2370.06,0.55,544000,0
M0103794,C0103794,2023-08-07,504000,486000,6.774,30,323,3276.98,0.508,957000,0
M0103795,C0103795,2021-10-16,173000,153000,5.385,15,122,1403.02,0.686,223000,0
M0103796,C0103796,2024-10-20,282000,276000,5.843,30,338,1662.37,0.503,549000,0
M0103797,C0103797,2021-06-17,189000,177000,6.168,30,298,1153.64,0.533,332000,1
M0103798,C0103798,2021-08-13,471000,415000,6.239,15,120,4035.64,0.465,892000,0
M0103799,C0103799,2023-04-02,235000,226000,5.44,30,319,1325.47,0.606,373000,0
M0103800,C0103800,2024-01-25,425000,412000,3.17,30,329,1831.02,0.714,577000,0
M0103801,C0103801,2022-04-05,274000,260000,5.183,30,307,1501.69,0.5,520000,0
M0103802,C0103802,2022-01-27,140000,132000,4.909,30,305,743.78,0.606,218000,0
M0103803,C0103803,2021-06-25,316000,297000,5.457,30,298,1785.7,0.566,525000,0
M0103804,C0103804,2024-07-01,181000,176000,4.741,30,334,943.2,0.629,280000,0
M0103805,C0103805,2023-07-23,574000,553000,6.233,30,323,3527.87,0.737,750000,0
M0103806,C0103806,2020-10-01,814000,758000,7.796,30,289,5857.49,0.658,1152000,0
M0103807,C0103807,2020-09-17,451000,420000,6.638,30,289,2891.68,0.474,886000,0
M0103808,C0103808,2020-10-28,238000,205000,5.489,15,110,1943.27,0.507,404000,0
M0103809,C0103809,2021-01-24,331000,309000,7.231,30,293,2253.74,0.572,540000,0
M0103810,C0103810,2025-03-14,379000,372000,6.602,30,343,2421.02,0.767,485000,0
M0103811,C0103811,2023-12-23,564000,546000,6.366,30,328,3515.31,0.507,1076000,0
M0103812,C0103812,2024-01-01,298000,289000,4.934,30,328,1587.73,0.488,592000,1
M0103813,C0103813,2023-09-14,402000,374000,5.404,15,145,3264.23,0.716,522000,0
M0103814,C0103814,2022-10-10,142000,136000,6.207,30,313,870.35,0.531,256000,0
M0103815,C0103815,2024-08-05,370000,352000,7.936,15,155,3522.26,0.483,729000,0
M0103816,C0103816,2020-12-21,213000,199000,7.145,30,292,1437.9,0.48,415000,0
M0103817,C0103817,2022-09-07,335000,319000,6.215,30,312,2055.03,0.547,583000,0
M0103818,C0103818,2025-03-13,195000,192000,5.74,30,343,1136.73,0.594,323000,0
M0103819,C0103819,2020-10-31,403000,375000,6.402,30,290,2521.32,0.714,525000,0
M0103820,C0103820,2023-10-29,451000,421000,6.151,15,146,3842.68,0.564,747000,0
M0103821,C0103821,2022-04-25,292000,277000,7.249,30,308,1991.76,0.498,556000,0
M0103822,C0103822,2023-03-09,213000,204000,4.36,30,318,1061.59,0.701,291000,0
M0103823,C0103823,2023-07-28,437000,421000,5.601,30,323,2509.0,0.706,596000,0
M0103824,C0103824,2023-09-16,714000,689000,6.399,30,325,4465.64,0.519,1327000,0
M0103825,C0103825,2023-03-28,857000,822000,7.132,30,319,5777.82,0.485,1694000,0
M0103826,C0103826,2025-04-15,399000,392000,7.713,30,344,2848.29,0.748,524000,0
M0103827,C0103827,2021-07-18,377000,354000,3.962,30,299,1791.61,0.689,514000,0
M0103828,C0103828,2021-10-24,170000,160000,4.776,30,302,889.47,0.608,263000,0
M0103829,C0103829,2022-08-12,632000,602000,5.49,30,312,3584.46,0.488,1234000,0
M0103830,C0103830,2020-05-19,103000,95000,4.203,30,285,503.87,0.699,136000,0
M0103831,C0103831,2022-05-20,595000,565000,7.4,30,309,4119.66,0.742,761000,0
M0103832,C0103832,2023-05-14,332000,319000,5.704,30,321,1927.77,0.495,645000,0
M0103833,C0103833,2022-01-15,97000,92000,6.859,30,305,636.18,0.601,153000,0
M0103834,C0103834,2020-11-26,388000,362000,5.373,30,291,2172.2,0.555,652000,0
M0103835,C0103835,2021-04-08,303000,284000,6.017,30,295,1819.95,0.619,459000,0
M0103836,C0103836,2022-04-08,262000,235000,4.068,15,127,1946.92,0.52,452000,0
M0103837,C0103837,2021-12-11,286000,270000,4.403,30,304,1432.68,0.572,472000,0
M0103838,C0103838,2019-10-21,325000,299000,4.424,30,278,1632.08,0.727,411000,0
M0103839,C0103839,2021-08-05,324000,305000,3.684,30,299,1488.39,0.681,448000,0
M0103840,C0103840,2021-06-23,157000,147000,6.697,30,298,1012.77,0.724,203000,0
M0103841,C0103841,2021-09-14,401000,378000,5.552,30,301,2289.93,0.709,533000,0
M0103842,C0103842,2019-12-20,271000,250000,6.731,30,280,1754.28,0.672,372000,0
M0103843,C0103843,2020-02-22,725000,670000,5.44,30,282,4089.22,0.479,1400000,0
M0103844,C0103844,2023-08-19,504000,486000,6.807,30,324,3288.05,0.685,709000,1
M0103845,C0103845,2021-04-13,533000,499000,6.616,30,296,3409.69,0.47,1062000,0
M0103846,C0103846,2021-10-14,831000,783000,5.433,30,302,4683.45,0.489,1601000,0
M0103847,C0103847,2022-06-03,474000,450000,5.786,30,309,2776.98,0.605,744000,0
M0103848,C0103848,2022-08-10,305000,290000,5.955,30,311,1819.81,0.729,398000,0
M0103849,C0103849,2020-04-24,91000,84000,6.794,30,284,592.89,0.467,180000,0
M0103850,C0103850,2020-03-25,370000,342000,5.531,30,283,2108.02,0.51,670000,0
M0103851,C0103851,2020-04-19,779000,721000,5.96,30,284,4650.48,0.62,1162000,0
M0103852,C0103852,2023-11-12,513000,496000,3.944,30,327,2432.61,0.665,746000,0
M0103853,C0103853,2023-08-04,254000,245000,4.597,30,323,1301.66,0.504,486000,0
M0103854,C0103854,2025-02-28,338000,332000,4.759,30,342,1765.0,0.535,621000,0
M0103855,C0103855,2020-11-13,248000,231000,6.135,30,291,1508.48,0.662,349000,0
M0103856,C0103856,2021-07-29,382000,336000,4.792,15,119,2979.6,0.625,538000,0
M0103857,C0103857,2019-10-22,254000,234000,5.691,30,278,1472.77,0.498,470000,0
M0103858,C0103858,2021-04-13,673000,631000,5.386,30,296,3773.22,0.493,1279000,0
M0103859,C0103859,2024-06-16,348000,339000,5.569,30,334,1991.0,0.593,572000,0
M0103860,C0103860,2023-12-06,373000,361000,6.521,30,327,2362.77,0.709,509000,0
M0103861,C0103861,2023-04-26,217000,208000,5.746,30,320,1265.8,0.669,311000,0
M0103862,C0103862,2021-02-23,266000,232000,5.29,15,114,2143.91,0.501,463000,0
M0103863,C0103863,2023-03-17,184000,177000,6.009,30,319,1104.24,0.697,254000,0
M0103864,C0103864,2019-11-23,666000,613000,7.343,30,279,4585.38,0.722,849000,0
M0103865,C0103865,2022-01-13,254000,240000,5.623,30,305,1461.85,0.64,375000,0
M0103866,C0103866,2023-06-30,355000,342000,4.154,30,322,1726.49,0.556,615000,0
M0103867,C0103867,2019-12-04,151000,139000,4.053,30,279,725.52,0.57,244000,0
M0103868,C0103868,2022-06-11,177000,168000,5.192,30,309,971.05,0.483,348000,0
M0103869,C0103869,2023-11-12,289000,279000,4.246,30,327,1421.03,0.715,390000,0
M0103870,C0103870,2023-05-09,281000,270000,2.869,30,320,1164.95,0.494,547000,0
M0103871,C0103871,2021-03-06,370000,322000,5.178,15,114,2960.36,0.542,594000,0
M0103872,C0103872,2025-03-10,896000,865000,5.919,15,162,7521.8,0.493,1754000,0
M0103873,C0103873,2021-01-10,120000,104000,7.022,15,112,1080.07,0.627,166000,0
M0103874,C0103874,2025-01-15,535000,514000,5.481,15,161,4366.0,0.665,773000,0
M0103875,C0103875,2021-07-10,420000,369000,5.841,15,118,3508.22,0.577,639000,0
M0103876,C0103876,2021-05-17,241000,226000,6.067,30,297,1455.31,0.698,324000,0
M0103877,C0103877,2022-03-03,264000,250000,5.591,30,306,1514.07,0.679,368000,0
M0103878,C0103878,2024-08-02,574000,560000,4.766,30,335,2999.79,0.626,894000,0
M0103879,C0103879,2022-04-08,318000,302000,7.888,30,307,2308.59,0.569,531000,0
M0103880,C0103880,2020-09-21,279000,260000,4.413,30,289,1399.27,0.554,469000,0
M0103881,C0103881,2024-01-03,194000,188000,5.958,30,328,1157.89,0.774,243000,0
M0103882,C0103882,2020-03-08,216000,200000,4.642,30,282,1112.74,0.5,400000,0
M0103883,C0103883,2024-11-15,178000,174000,5.624,30,339,1024.56,0.662,263000,0
M0103884,C0103884,2020-05-05,510000,472000,5.95,30,284,3041.33,0.514,919000,0
M0103885,C0103885,2023-09-11,221000,213000,5.278,30,324,1224.21,0.664,321000,0
M0103886,C0103886,2021-07-01,180000,169000,4.165,30,298,876.56,0.643,263000,0
M0103887,C0103887,2024-04-27,358000,348000,5.118,30,332,1947.72,0.573,607000,0
M0103888,C0103888,2021-12-23,218000,206000,6.736,30,304,1411.92,0.749,275000,0
M0103889,C0103889,2021-10-13,710000,669000,3.848,30,302,3327.73,0.703,951000,0
M0103890,C0103890,2022-10-03,335000,320000,7.294,30,313,2295.3,0.483,662000,0
M0103891,C0103891,2020-07-31,363000,337000,5.604,30,287,2084.82,0.582,579000,0
M0103892,C0103892,2020-04-01,364000,337000,6.286,30,283,2249.74,0.495,681000,0
M0103893,C0103893,2024-09-29,436000,426000,4.341,30,337,2168.15,0.524,813000,0
M0103894,C0103894,2020-10-20,468000,436000,5.336,30,290,2609.3,0.743,587000,0
M0103895,C0103895,2021-09-28,333000,314000,4.767,30,301,1740.5,0.59,532000,0
M0103896,C0103896,2022-07-22,197000,187000,5.825,30,311,1159.04,0.553,338000,0
M0103897,C0103897,2024-12-19,304000,298000,4.299,30,340,1504.23,0.531,561000,0
M0103898,C0103898,2022-01-24,338000,320000,4.817,30,305,1776.84,0.48,667000,0
M0103899,C0103899,2023-06-02,145000,139000,7.774,30,321,1041.2,0.706,197000,0
M0103900,C0103900,2025-06-21,114000,112000,6.212,30,346,699.1,0.552,203000,0
M0103901,C0103901,2024-08-28,179000,175000,5.918,30,336,1063.78,0.618,283000,0
M0103902,C0103902,2025-02-28,124000,122000,5.9,30,342,735.49,0.635,192000,0
M0103903,C0103903,2023-11-26,257000,249000,7.105,30,327,1727.99,0.776,321000,0
M0103904,C0103904,2024-08-23,223000,218000,5.361,30,336,1246.79,0.491,444000,0
M0103905,C0103905,2020-07-19,343000,318000,6.53,30,287,2174.76,0.541,588000,0
M0103906,C0103906,2023-12-24,467000,452000,2.904,30,328,1944.79,0.562,804000,0
M0103907,C0103907,2023-03-07,379000,363000,5.368,30,318,2120.64,0.491,740000,0
M0103908,C0103908,2021-03-29,407000,381000,5.16,30,295,2224.83,0.657,580000,0
M0103909,C0103909,2025-01-17,526000,516000,4.923,30,341,2798.98,0.552,935000,0
M0103910,C0103910,2023-07-27,278000,268000,6.313,30,323,1723.1,0.605,443000,0
M0103911,C0103911,2024-07-03,89000,87000,5.352,30,334,497.1,0.604,144000,0
M0103912,C0103912,2022-08-05,137000,130000,5.323,30,311,762.73,0.516,252000,0
M0103913,C0103913,2020-08-21,420000,390000,4.637,30,288,2162.4,0.639,610000,0
M0103914,C0103914,2022-06-04,362000,344000,5.067,30,309,1958.14,0.487,707000,0
M0103915,C0103915,2023-03-28,464000,445000,3.292,30,319,2030.07,0.593,750000,0
M0103916,C0103916,2025-03-07,1358000,1334000,5.153,30,342,7417.55,0.6,2223000,0
M0103917,C0103917,2020-02-01,366000,338000,3.943,30,281,1735.33,0.598,565000,0
M0103918,C0103918,2022-12-01,312000,298000,7.199,30,315,2117.61,0.73,408000,0
M0103919,C0103919,2022-05-01,390000,370000,6.307,30,308,2415.77,0.569,650000,0
M0103920,C0103920,2022-09-08,181000,173000,6.504,30,312,1144.52,0.549,315000,0
M0103921,C0103921,2022-08-28,478000,455000,4.047,30,312,2295.02,0.739,616000,0
M0103922,C0103922,2025-02-03,301000,290000,6.422,15,161,2609.14,0.655,443000,0
M0103923,C0103923,2022-12-17,760000,727000,4.766,30,316,3971.85,0.511,1423000,0
M0103924,C0103924,2023-03-06,147000,141000,5.804,30,318,862.9,0.592,238000,0
M0103925,C0103925,2021-01-22,328000,306000,5.295,30,293,1820.38,0.548,558000,0
M0103926,C0103926,2023-02-17,239000,229000,3.983,30,318,1138.68,0.627,365000,0
M0103927,C0103927,2020-09-07,192000,179000,4.359,30,288,956.82,0.722,248000,0
M0103928,C0103928,2021-10-07,447000,421000,6.225,30,301,2744.99,0.564,747000,0
M0103929,C0103929,2024-12-07,280000,274000,6.19,30,339,1713.1,0.678,404000,0
M0103930,C0103930,2020-05-26,637000,590000,3.99,30,285,3037.46,0.52,1135000,0
M0103931,C0103931,2023-04-01,251000,241000,6.75,30,319,1627.98,0.621,388000,0
M0103932,C0103932,2021-06-20,269000,253000,5.08,30,298,1457.23,0.576,439000,0
M0103933,C0103933,2024-01-01,897000,869000,4.09,30,328,4329.09,0.58,1499000,0
M0103934,C0103934,2021-03-11,167000,156000,4.896,30,294,885.91,0.522,299000,0
M0103935,C0103935,2020-04-21,222000,205000,4.009,30,284,1061.01,0.496,413000,0
M0103936,C0103936,2025-07-13,80000,79000,4.702,30,347,415.01,0.745,106000,0
M0103937,C0103937,2021-04-16,262000,245000,4.974,30,296,1402.31,0.708,346000,0
M0103938,C0103938,2021-03-17,463000,433000,6.067,30,295,2795.89,0.682,635000,0
M0103939,C0103939,2023-12-11,402000,389000,6.394,30,327,2512.95,0.555,701000,0
M0103940,C0103940,2023-04-27,352000,338000,6.669,30,320,2264.15,0.668,506000,0
M0103941,C0103941,2023-04-01,211000,203000,6.365,30,319,1314.99,0.526,386000,0
M0103942,C0103942,2023-01-07,298000,285000,3.406,30,316,1322.57,0.622,458000,0
M0103943,C0103943,2023-03-08,269000,258000,3.911,30,318,1270.48,0.613,421000,0
M0103944,C0103944,2020-04-11,327000,303000,6.708,30,283,2111.79,0.555,546000,0
M0103945,C0103945,2020-02-10,358000,303000,4.987,15,101,2828.62,0.494,613000,0
M0103946,C0103946,2020-01-14,275000,254000,5.348,30,281,1535.3,0.73,348000,0
M0103947,C0103947,2022-11-09,332000,302000,6.196,15,134,2836.88,0.583,518000,0
M0103948,C0103948,2021-07-10,312000,274000,6.919,15,118,2790.23,0.472,581000,0
M0103949,C0103949,2025-08-02,234000,228000,6.017,15,167,1976.77,0.57,400000,1
M0103950,C0103950,2025-08-03,341000,337000,4.554,30,347,1738.76,0.678,497000,0
M0103951,C0103951,2021-04-27,173000,162000,4.158,30,296,841.76,0.481,337000,0
M0103952,C0103952,2021-09-19,359000,338000,4.322,30,301,1781.23,0.476,710000,0
M0103953,C0103953,2025-02-12,188000,185000,6.847,30,342,1231.51,0.615,301000,0
M0103954,C0103954,2021-09-20,324000,305000,6.447,30,301,2036.62,0.624,489000,0
M0103955,C0103955,2021-11-30,414000,391000,5.551,30,303,2363.91,0.496,789000,0
M0103956,C0103956,2021-03-22,206000,193000,3.932,30,295,975.42,0.641,301000,0
M0103957,C0103957,2022-08-14,549000,523000,6.481,30,312,3463.2,0.53,986000,0
M0103958,C0103958,2021-02-18,801000,749000,5.708,30,294,4653.07,0.53,1414000,0
M0103959,C0103959,2021-02-14,237000,222000,4.657,30,294,1223.05,0.543,409000,0
M0103960,C0103960,2022-02-18,305000,273000,5.44,15,126,2482.4,0.653,418000,0
M0103961,C0103961,2022-05-26,601000,571000,6.058,30,309,3625.74,0.687,831000,0
M0103962,C0103962,2020-11-30,133000,124000,5.01,30,291,714.79,0.605,205000,0
M0103963,C0103963,2024-08-24,333000,325000,4.36,30,336,1659.68,0.589,552000,0
M0103964,C0103964,2019-10-21,282000,259000,5.708,30,278,1638.16,0.602,430000,0
M0103965,C0103965,2020-05-03,514000,476000,5.777,30,284,3008.39,0.515,925000,0
M0103966,C0103966,2022-06-30,290000,276000,3.417,30,310,1288.83,0.652,423000,0
M0103967,C0103967,2020-04-12,411000,380000,5.421,30,284,2313.28,0.542,701000,0
M0103968,C0103968,2021-05-14,217000,204000,4.573,30,297,1108.94,0.656,311000,0
M0103969,C0103969,2023-03-05,527000,505000,6.024,30,318,3167.77,0.606,833000,0
M0103970,C0103970,2023-02-09,187000,179000,3.626,30,317,852.92,0.611,293000,0
M0103971,C0103971,2022-01-16,507000,479000,4.099,30,305,2449.52,0.579,828000,0
M0103972,C0103972,2024-03-12,340000,330000,2.922,30,331,1419.19,0.535,617000,0
M0103973,C0103973,2022-05-21,101000,96000,5.956,30,309,602.69,0.632,152000,0
M0103974,C0103974,2023-03-26,338000,324000,3.851,30,319,1584.76,0.553,586000,0
M0103975,C0103975,2022-06-30,444000,422000,4.041,30,310,2130.23,0.494,854000,0
M0103976,C0103976,2023-04-07,177000,170000,5.4,30,319,993.91,0.646,263000,0
M0103977,C0103977,2025-02-26,215000,211000,5.325,30,342,1197.25,0.599,352000,0
M0103978,C0103978,2021-05-26,343000,322000,6.201,30,297,2100.99,0.636,506000,0
M0103979,C0103979,2022-09-26,254000,242000,6.311,30,313,1574.01,0.508,476000,0
M0103980,C0103980,2024-07-09,386000,376000,6.743,30,334,2501.79,0.663,567000,0
M0103981,C0103981,2024-05-06,295000,287000,7.276,30,332,2017.63,0.489,587000,0
M0103982,C0103982,2022-08-08,169000,161000,6.647,30,311,1084.59,0.732,220000,0
M0103983,C0103983,2020-11-29,1050000,979000,5.866,30,291,6205.11,0.485,2017000,0
M0103984,C0103984,2024-03-03,277000,261000,5.739,15,150,2298.6,0.509,513000,0
M0103985,C0103985,2020-08-10,349000,299000,6.178,15,107,2978.73,0.627,477000,0
M0103986,C0103986,2020-11-30,795000,688000,3.277,15,111,5596.66,0.495,1391000,0
M0103987,C0103987,2025-08-02,505000,498000,5.33,30,347,2813.7,0.772,645000,0
M0103988,C0103988,2024-11-14,431000,422000,3.49,30,339,1932.98,0.759,556000,0
M0103989,C0103989,2021-04-12,556000,521000,4.692,30,296,2880.95,0.559,932000,0
M0103990,C0103990,2022-05-21,432000,410000,3.877,30,309,2031.92,0.562,730000,0
M0103991,C0103991,2025-01-03,432000,423000,5.928,30,340,2570.09,0.661,640000,0
M0103992,C0103992,2019-10-04,435000,400000,6.161,30,277,2653.24,0.483,828000,0
M0103993,C0103993,2025-08-21,301000,297000,6.838,30,348,1969.92,0.579,513000,0
M0103994,C0103994,2023-04-12,561000,539000,4.436,30,320,2821.21,0.555,972000,0
M0103995,C0103995,2025-08-13,459000,453000,4.776,30,348,2401.56,0.579,783000,0
M0103996,C0103996,2020-04-05,104000,96000,6.691,30,283,670.47,0.593,162000,0
M0103997,C0103997,2022-11-26,502000,480000,4.937,30,315,2675.55,0.735,653000,0
M0103998,C0103998,2021-12-21,220000,208000,4.709,30,304,1142.19,0.565,368000,0
M0103999,C0103999,2020-10-25,370000,345000,6.284,30,290,2286.34,0.499,691000,0
M0104000,C0104000,2024-02-16,142000,138000,6.07,30,330,857.76,0.504,274000,0
M0104001,C0104001,2023-10-31,245000,237000,6.553,30,326,1557.12,0.716,331000,0
M0104002,C0104002,2021-12-04,273000,258000,6.031,30,303,1642.22,0.525,491000,0
M0104003,C0104003,2020-02-26,429000,396000,5.066,30,282,2320.3,0.656,604000,0
M0104004,C0104004,2024-07-29,244000,238000,7.012,30,335,1625.3,0.694,343000,0
M0104005,C0104005,2023-03-04,111000,106000,6.472,30,318,699.55,0.736,144000,0
M0104006,C0104006,2024-02-08,256000,248000,5.481,30,329,1450.49,0.489,507000,0
M0104007,C0104007,2024-07-25,271000,264000,6.475,30,335,1708.45,0.538,491000,0
M0104008,C0104008,2024-07-04,450000,439000,5.485,30,334,2550.82,0.648,677000,0
M0104009,C0104009,2022-12-11,353000,338000,4.48,30,315,1784.41,0.506,668000,0
M0104010,C0104010,2025-01-13,223000,219000,5.622,30,341,1283.29,0.723,303000,0
M0104011,C0104011,2021-12-08,376000,355000,7.619,30,303,2659.75,0.627,566000,0
M0104012,C0104012,2024-08-04,820000,800000,6.646,30,335,5261.94,0.758,1055000,0
M0104013,C0104013,2022-08-31,588000,560000,5.958,30,312,3509.5,0.603,928000,0
M0104014,C0104014,2024-04-18,126000,122000,4.514,30,332,639.47,0.67,182000,0
M0104015,C0104015,2023-01-20,1130000,1082000,4.199,30,317,5525.23,0.481,2251000,0
M0104016,C0104016,2024-10-24,592000,566000,5.231,15,158,4753.04,0.687,824000,0
M0104017,C0104017,2024-07-26,724000,706000,4.832,30,335,3812.59,0.707,998000,0
M0104018,C0104018,2023-09-22,153000,148000,5.52,30,325,870.64,0.751,197000,0
M0104019,C0104019,2021-07-03,266000,250000,5.666,30,298,1538.14,0.577,433000,0
M0104020,C0104020,2023-02-26,440000,422000,3.935,30,318,2084.17,0.733,576000,0
M0104021,C0104021,2023-08-06,187000,180000,4.578,30,323,956.19,0.528,341000,0
M0104022,C0104022,2022-03-31,427000,405000,5.11,30,307,2321.02,0.606,668000,1
M0104023,C0104023,2019-11-17,742000,683000,5.98,30,279,4439.13,0.461,1480000,0
M0104024,C0104024,2020-11-04,277000,258000,6.021,30,290,1664.5,0.715,361000,0
M0104025,C0104025,2023-04-18,768000,707000,4.363,15,140,5821.52,0.582,1215000,0
M0104026,C0104026,2022-08-22,466000,444000,4.153,30,312,2266.06,0.482,922000,0
M0104027,C0104027,2024-05-14,129000,125000,4.459,30,333,650.49,0.616,203000,0
M0104028,C0104028,2021-04-29,212000,199000,6.376,30,296,1322.74,0.622,320000,0
M0104029,C0104029,2020-07-17,570000,529000,4.979,30,287,3052.57,0.686,771000,0
M0104030,C0104030,2020-07-14,196000,182000,5.617,30,287,1127.3,0.545,334000,0
M0104031,C0104031,2024-06-11,562000,547000,5.959,30,333,3354.67,0.655,835000,0
M0104032,C0104032,2021-03-16,445000,417000,6.85,30,295,2915.9,0.558,747000,0
M0104033,C0104033,2024-09-08,383000,374000,4.157,30,336,1863.34,0.503,743000,0
M0104034,C0104034,2025-08-21,246000,240000,6.834,15,168,2188.35,0.58,414000,0
M0104035,C0104035,2021-05-22,381000,334000,6.136,15,117,3243.16,0.676,494000,0
M0104036,C0104036,2023-02-24,760000,729000,7.334,30,318,5227.91,0.592,1231000,0
M0104037,C0104037,2023-11-29,270000,261000,7.046,30,327,1804.67,0.543,481000,0
M0104038,C0104038,2022-09-02,445000,424000,5.621,30,312,2560.55,0.561,756000,0
M0104039,C0104039,2023-03-13,894000,858000,4.677,30,319,4624.27,0.71,1208000,0
M0104040,C0104040,2024-03-28,374000,363000,6.227,30,331,2297.19,0.618,587000,0
M0104041,C0104041,2022-12-29,256000,245000,4.269,30,316,1262.22,0.581,422000,0
M0104042,C0104042,2025-06-26,255000,251000,5.738,30,346,1486.17,0.639,393000,0
M0104043,C0104043,2020-12-31,116000,108000,4.682,30,292,600.37,0.48,225000,0
M0104044,C0104044,2020-01-30,179000,165000,5.235,30,281,986.78,0.463,356000,0
M0104045,C0104045,2022-04-03,388000,368000,3.1,30,307,1656.82,0.521,706000,0
M0104046,C0104046,2021-12-21,532000,503000,5.408,30,304,2990.0,0.487,1033000,0
M0104047,C0104047,2021-04-02,265000,248000,5.632,30,295,1526.66,0.479,518000,0
M0104048,C0104048,2022-10-14,529000,505000,4.914,30,314,2812.05,0.631,800000,0
M0104049,C0104049,2019-10-11,512000,471000,5.407,30,277,2877.28,0.611,771000,0
M0104050,C0104050,2023-12-19,223000,216000,4.308,30,328,1104.61,0.755,286000,0
M0104051,C0104051,2021-06-07,243000,228000,6.358,30,297,1513.3,0.665,343000,0
M0104052,C0104052,2024-01-03,167000,162000,5.527,30,328,951.04,0.711,228000,0
M0104053,C0104053,2024-01-10,475000,460000,7.962,30,328,3472.81,0.703,654000,0
M0104054,C0104054,2023-02-06,328000,314000,5.821,30,317,1928.94,0.699,449000,0
M0104055,C0104055,2021-02-05,511000,478000,5.921,30,293,3037.8,0.622,768000,0
M0104056,C0104056,2023-04-02,318000,292000,4.984,15,139,2512.07,0.529,552000,0
M0104057,C0104057,2020-08-07,205000,176000,6.811,15,107,1821.0,0.452,389000,0
M0104058,C0104058,2023-05-27,484000,465000,5.029,30,321,2606.8,0.693,671000,0
M0104059,C0104059,2023-02-11,122000,117000,7.402,30,318,844.87,0.552,212000,0
M0104060,C0104060,2022-07-30,277000,250000,7.37,15,131,2547.4,0.552,453000,0
M0104061,C0104061,2021-09-28,223000,210000,4.937,30,301,1188.54,0.543,387000,0
M0104062,C0104062,2023-01-30,703000,673000,5.195,30,317,3858.08,0.763,882000,0
M0104063,C0104063,2022-10-04,786000,750000,4.702,30,313,4077.44,0.507,1479000,0
M0104064,C0104064,2025-04-30,405000,399000,4.03,30,344,1940.54,0.638,625000,0
M0104065,C0104065,2024-12-06,245000,240000,5.823,30,339,1441.14,0.533,450000,0
M0104066,C0104066,2024-11-08,775000,758000,5.505,30,338,4402.8,0.65,1167000,0
M0104067,C0104067,2021-04-29,231000,217000,6.227,30,296,1418.85,0.477,455000,0
M0104068,C0104068,2023-06-28,164000,158000,5.445,30,322,925.52,0.549,288000,0
M0104069,C0104069,2023-01-14,121000,116000,6.459,30,317,761.54,0.494,235000,0
M0104070,C0104070,2022-06-22,345000,328000,5.447,30,310,1947.42,0.61,538000,0
M0104071,C0104071,2023-08-15,139000,134000,5.286,30,324,770.67,0.654,205000,0
M0104072,C0104072,2024-12-12,666000,652000,5.596,30,340,3821.69,0.616,1059000,0
M0104073,C0104073,2022-11-22,245000,234000,6.336,30,315,1522.24,0.703,333000,0
M0104074,C0104074,2023-08-20,172000,166000,5.093,30,324,933.13,0.68,244000,0
M0104075,C0104075,2022-03-17,573000,543000,6.499,30,307,3621.37,0.618,879000,0
M0104076,C0104076,2021-12-04,508000,480000,4.689,30,303,2631.32,0.628,764000,0
M0104077,C0104077,2021-02-27,753000,704000,5.154,30,294,4113.43,0.73,965000,0
M0104078,C0104078,2022-08-13,140000,133000,3.448,30,312,624.61,0.672,198000,0
M0104079,C0104079,2020-03-31,126000,117000,5.125,30,283,686.05,0.542,216000,0
M0104080,C0104080,2019-09-16,715000,598000,4.266,15,97,5384.58,0.435,1375000,0
M0104081,C0104081,2021-08-05,81000,76000,6.11,30,299,491.38,0.673,113000,0
M0104082,C0104082,2020-02-10,178000,164000,6.06,30,281,1074.08,0.653,251000,0
M0104083,C0104083,2019-09-26,337000,310000,6.838,30,277,2205.52,0.508,610000,0
M0104084,C0104084,2020-09-08,169000,145000,7.328,15,108,1550.18,0.497,292000,0
M0104085,C0104085,2024-10-02,364000,356000,5.321,30,337,2026.06,0.511,697000,1
M0104086,C0104086,2021-08-30,185000,174000,4.688,30,300,958.15,0.693,251000,0
M0104087,C0104087,2024-10-09,625000,611000,6.016,30,337,3753.62,0.507,1204000,0
M0104088,C0104088,2023-12-07,469000,454000,5.073,30,327,2538.66,0.664,684000,0
M0104089,C0104089,2020-12-15,376000,351000,4.835,30,292,1980.7,0.641,548000,0
M0104090,C0104090,2022-06-15,274000,247000,5.481,15,130,2236.05,0.576,429000,0
M0104091,C0104091,2021-11-24,195000,184000,4.853,30,303,1029.35,0.479,384000,0
M0104092,C0104092,2023-04-26,306000,294000,7.765,30,320,2195.39,0.724,406000,0
M0104093,C0104093,2020-07-11,177000,164000,5.21,30,286,973.02,0.539,304000,0
M0104094,C0104094,2023-08-12,855000,824000,5.466,30,324,4836.37,0.511,1614000,0
M0104095,C0104095,2021-08-17,384000,361000,6.39,30,300,2399.43,0.48,752000,0
M0104096,C0104096,2021-01-22,212000,198000,7.909,30,293,1542.15,0.512,387000,0
M0104097,C0104097,2025-08-15,717000,708000,5.252,30,348,3960.19,0.76,931000,0
M0104098,C0104098,2020-08-15,320000,297000,3.441,30,288,1426.42,0.497,597000,0
M0104099,C0104099,2021-08-30,660000,621000,5.416,30,300,3712.7,0.513,1210000,0
M0104100,C0104100,2024-07-08,650000,633000,3.623,30,334,2963.6,0.497,1274000,0
M0104101,C0104101,2024-06-05,408000,397000,4.932,30,333,2173.31,0.703,565000,0
M0104102,C0104102,2025-04-12,174000,171000,7.147,30,344,1174.86,0.604,283000,0
M0104103,C0104103,2023-01-07,245000,234000,4.618,30,316,1258.62,0.617,379000,0
M0104104,C0104104,2025-05-11,1972000,1941000,4.349,30,344,9815.69,0.556,3490000,0
M0104105,C0104105,2021-07-20,249000,234000,6.444,30,299,1564.69,0.686,341000,0
M0104106,C0104106,2025-04-05,288000,278000,5.26,15,163,2316.68,0.753,369000,0
M0104107,C0104107,2021-10-05,259000,244000,6.831,30,301,1693.84,0.634,385000,0
M0104108,C0104108,2021-04-22,205000,192000,5.193,30,296,1124.79,0.523,367000,0
M0104109,C0104109,2023-05-28,466000,448000,6.21,30,321,2857.13,0.556,806000,0
M0104110,C0104110,2023-08-08,168000,162000,3.803,30,323,783.1,0.653,248000,0
M0104111,C0104111,2021-06-03,216000,203000,4.472,30,297,1090.85,0.555,366000,0
M0104112,C0104112,2020-04-15,382000,325000,5.297,15,104,3080.26,0.516,630000,0
M0104113,C0104113,2020-01-14,289000,267000,5.056,30,281,1561.32,0.622,429000,0
M0104114,C0104114,2021-12-19,356000,317000,8.0,15,124,3402.12,0.704,450000,0
M0104115,C0104115,2024-04-24,323000,314000,6.618,30,332,2066.71,0.597,526000,0
M0104116,C0104116,2023-08-04,182000,175000,6.588,30,323,1160.92,0.764,229000,0
M0104117,C0104117,2024-12-24,682000,668000,5.312,30,340,3792.26,0.55,1215000,0
M0104118,C0104118,2025-07-12,580000,572000,3.968,30,347,2758.32,0.699,818000,0
M0104119,C0104119,2024-11-20,203000,194000,7.341,15,159,1863.54,0.642,302000,0
M0104120,C0104120,2021-01-26,416000,389000,3.717,30,293,1918.78,0.701,555000,0
M0104121,C0104121,2022-12-14,256000,245000,4.895,30,316,1357.88,0.574,427000,0
M0104122,C0104122,2022-04-19,563000,534000,6.131,30,308,3423.03,0.71,752000,0
M0104123,C0104123,2023-11-28,504000,488000,8.0,30,327,3698.17,0.613,796000,0
M0104124,C0104124,2025-05-03,614000,604000,7.415,30,344,4257.5,0.562,1074000,0
M0104125,C0104125,2022-11-23,204000,195000,6.185,30,315,1247.45,0.484,403000,0
M0104126,C0104126,2023-02-04,166000,159000,7.864,30,317,1202.35,0.587,271000,0
M0104127,C0104127,2025-03-11,129000,124000,4.957,15,162,1017.24,0.678,183000,0
M0104128,C0104128,2021-09-19,1249000,1176000,5.996,30,301,7485.17,0.534,2204000,0
M0104129,C0104129,2024-03-20,516000,501000,7.105,30,331,3469.42,0.656,764000,0
M0104130,C0104130,2022-09-01,611000,582000,3.957,30,312,2901.88,0.653,891000,0
M0104131,C0104131,2023-08-13,160000,154000,5.914,30,324,950.45,0.558,276000,0
M0104132,C0104132,2025-02-14,450000,433000,5.987,15,162,3794.2,0.744,582000,0
M0104133,C0104133,2020-02-05,139000,128000,5.952,30,281,829.09,0.598,214000,0
M0104134,C0104134,2021-12-08,411000,388000,4.352,30,303,2046.49,0.619,627000,1
M0104135,C0104135,2023-12-01,331000,320000,5.98,30,327,1980.26,0.708,452000,0
M0104136,C0104136,2024-05-01,282000,266000,5.824,15,152,2352.95,0.553,481000,0
M0104137,C0104137,2025-05-29,250000,242000,4.895,15,165,1963.34,0.53,457000,0
M0104138,C0104138,2021-01-16,590000,551000,6.358,30,293,3674.27,0.631,873000,0
M0104139,C0104139,2023-10-31,252000,244000,6.986,30,326,1674.19,0.632,386000,0
M0104140,C0104140,2024-05-18,645000,628000,4.726,30,333,3355.3,0.634,990000,0
M0104141,C0104141,2020-01-30,320000,295000,6.045,30,281,1927.83,0.546,540000,0
M0104142,C0104142,2019-09-16,395000,363000,7.019,30,277,2632.99,0.503,721000,1
M0104143,C0104143,2023-02-19,432000,414000,7.039,30,318,2885.43,0.705,587000,1
M0104144,C0104144,2022-02-08,412000,390000,5.33,30,305,2295.54,0.75,520000,0
M0104145,C0104145,2020-10-15,367000,342000,6.679,30,290,2363.06,0.516,663000,1
M0104146,C0104146,2022-01-23,962000,910000,5.233,30,305,5302.07,0.628,1450000,0
M0104147,C0104147,2024-02-04,576000,541000,6.399,15,149,4985.65,0.572,946000,0
M0104148,C0104148,2021-02-17,91000,85000,4.687,30,294,471.25,0.535,159000,0
M0104149,C0104149,2024-11-18,295000,289000,3.826,30,339,1378.94,0.491,588000,0
M0104150,C0104150,2022-06-01,689000,655000,6.086,30,309,4169.08,0.521,1256000,0
M0104151,C0104151,2022-09-20,218000,208000,6.468,30,313,1373.32,0.638,326000,0
M0104152,C0104152,2022-02-18,329000,311000,6.277,30,306,2031.49,0.681,457000,0
M0104153,C0104153,2021-06-28,341000,300000,4.601,15,118,2626.26,0.532,564000,0
M0104154,C0104154,2025-05-04,727000,716000,2.8,30,344,2987.2,0.606,1181000,0
M0104155,C0104155,2020-08-18,194000,180000,6.461,30,288,1221.24,0.692,260000,0
M0104156,C0104156,2023-11-16,209000,202000,7.105,30,327,1405.25,0.607,333000,0
M0104157,C0104157,2024-04-02,422000,398000,3.416,15,151,2999.43,0.478,833000,0
M0104158,C0104158,2022-07-03,389000,370000,5.164,30,310,2127.4,0.575,644000,0
M0104159,C0104159,2019-10-13,426000,392000,4.47,30,278,2150.89,0.462,849000,0
M0104160,C0104160,2020-09-09,385000,358000,5.771,30,288,2251.89,0.665,538000,0
M0104161,C0104161,2022-10-06,309000,295000,6.97,30,313,2049.56,0.568,519000,0
M0104162,C0104162,2022-03-04,434000,388000,5.244,15,126,3487.46,0.675,575000,0
M0104163,C0104163,2022-09-07,363000,346000,4.943,30,312,1936.04,0.527,656000,0
M0104164,C0104164,2021-08-06,289000,272000,5.93,30,299,1719.72,0.64,425000,0
M0104165,C0104165,2020-07-19,318000,295000,3.164,30,287,1368.99,0.471,626000,0
M0104166,C0104166,2024-11-07,250000,245000,6.422,30,338,1567.37,0.773,317000,0
M0104167,C0104167,2023-04-04,230000,221000,6.664,30,319,1478.65,0.574,385000,0
M0104168,C0104168,2022-04-17,433000,411000,5.505,30,308,2459.88,0.534,770000,0
M0104169,C0104169,2021-02-26,171000,149000,5.016,15,114,1353.68,0.554,269000,0
M0104170,C0104170,2025-02-14,463000,455000,5.19,30,342,2539.52,0.498,914000,0
M0104171,C0104171,2022-04-17,287000,272000,5.195,30,308,1575.06,0.643,423000,0
M0104172,C0104172,2021-01-19,311000,291000,5.437,30,293,1753.55,0.739,394000,0
M0104173,C0104173,2024-11-19,300000,294000,3.783,30,339,1394.97,0.556,529000,0
M0104174,C0104174,2024-08-31,422000,412000,5.955,30,336,2517.91,0.597,690000,0
M0104175,C0104175,2025-07-01,687000,677000,5.096,30,346,3728.38,0.578,1172000,0
M0104176,C0104176,2020-08-06,808000,751000,5.523,30,287,4599.4,0.558,1345000,0
M0104177,C0104177,2020-02-05,553000,510000,4.864,30,281,2922.83,0.515,990000,1
M0104178,C0104178,2022-11-19,341000,326000,5.919,30,315,2026.74,0.596,547000,0
M0104179,C0104179,2020-07-02,489000,454000,6.962,30,286,3240.86,0.714,636000,0
M0104180,C0104180,2022-02-17,119000,113000,5.73,30,306,692.94,0.734,154000,0
M0104181,C0104181,2019-10-20,444000,408000,3.7,30,278,2043.66,0.722,565000,0
M0104182,C0104182,2025-01-17,398000,390000,5.505,30,341,2261.05,0.497,785000,0
M0104183,C0104183,2021-08-27,151000,142000,5.731,30,300,879.37,0.478,297000,0
M0104184,C0104184,2021-05-09,245000,230000,5.44,30,296,1381.87,0.608,378000,0
M0104185,C0104185,2021-10-28,377000,356000,4.657,30,302,1945.53,0.539,661000,0
M0104186,C0104186,2022-09-24,397000,379000,5.45,30,313,2241.68,0.74,512000,1
M0104187,C0104187,2024-06-12,529000,515000,6.426,30,334,3317.94,0.547,942000,0
M0104188,C0104188,2024-09-06,755000,737000,5.175,30,336,4134.13,0.613,1202000,0
M0104189,C0104189,2021-11-05,304000,287000,7.018,30,302,2026.2,0.581,494000,0
M0104190,C0104190,2022-03-22,186000,176000,4.785,30,307,974.19,0.713,247000,0
M0104191,C0104191,2022-10-08,494000,471000,4.366,30,313,2463.85,0.618,762000,0
M0104192,C0104192,2025-06-18,624000,615000,5.245,30,346,3443.82,0.711,865000,0
M0104193,C0104193,2023-06-08,618000,594000,3.264,30,321,2694.33,0.765,776000,0
M0104194,C0104194,2020-06-29,415000,385000,5.491,30,286,2353.98,0.595,647000,0
M0104195,C0104195,2021-08-09,891000,838000,5.135,30,299,4856.86,0.708,1183000,0
M0104196,C0104196,2021-02-20,286000,267000,6.256,30,294,1762.07,0.673,397000,0
M0104197,C0104197,2025-03-09,729000,716000,3.62,30,342,3322.56,0.664,1079000,0
M0104198,C0104198,2022-12-26,183000,175000,6.342,30,316,1137.74,0.601,291000,0
M0104199,C0104199,2022-09-04,106000,101000,5.67,30,312,613.21,0.664,152000,0
M0104200,C0104200,2021-01-10,182000,170000,7.244,30,292,1240.82,0.475,358000,0
M0104201,C0104201,2021-02-24,246000,230000,5.313,30,294,1368.04,0.482,477000,0
M0104202,C0104202,2025-02-11,328000,322000,5.875,30,342,1940.24,0.684,471000,0
M0104203,C0104203,2020-09-20,206000,192000,6.198,30,289,1261.42,0.587,327000,0
M0104204,C0104204,2025-06-15,349000,344000,3.263,30,346,1521.36,0.578,595000,0
M0104205,C0104205,2022-10-04,453000,432000,6.722,30,313,2929.72,0.686,630000,0
M0104206,C0104206,2024-03-18,391000,380000,5.358,30,331,2185.35,0.565,673000,0
M0104207,C0104207,2023-08-01,306000,295000,4.102,30,323,1478.94,0.616,479000,0
M0104208,C0104208,2023-02-20,598000,573000,5.417,30,318,3364.3,0.753,761000,0
M0104209,C0104209,2022-04-07,220000,197000,6.788,15,127,1951.44,0.621,317000,0
M0104210,C0104210,2025-07-02,291000,283000,5.123,15,166,2319.9,0.7,404000,0
M0104211,C0104211,2024-12-05,249000,239000,5.615,15,159,2049.76,0.514,465000,0
M0104212,C0104212,2021-07-25,454000,427000,3.299,30,299,1988.07,0.579,737000,0
M0104213,C0104213,2025-02-23,265000,260000,4.559,30,342,1352.02,0.708,367000,0
M0104214,C0104214,2024-03-25,400000,389000,6.279,30,331,2470.42,0.58,671000,0
M0104215,C0104215,2020-10-14,493000,459000,6.664,30,290,3169.46,0.59,778000,0
M0104216,C0104216,2024-06-03,254000,241000,5.732,15,153,2106.79,0.604,399000,0
M0104217,C0104217,2024-12-08,147000,144000,6.142,30,339,894.8,0.699,206000,0
M0104218,C0104218,2022-10-29,293000,280000,5.06,30,314,1583.65,0.552,507000,0
M0104219,C0104219,2023-03-13,220000,211000,5.522,30,319,1252.17,0.515,410000,0
M0104220,C0104220,2024-12-12,238000,233000,4.333,30,340,1182.41,0.607,384000,0
M0104221,C0104221,2023-03-25,95000,91000,4.96,30,319,507.66,0.705,129000,0
M0104222,C0104222,2020-08-10,146000,136000,5.469,30,287,826.13,0.645,211000,0
M0104223,C0104223,2019-10-21,489000,450000,3.78,30,278,2272.97,0.62,726000,0
M0104224,C0104224,2025-04-21,205000,198000,8.0,15,164,1959.09,0.505,392000,0
M0104225,C0104225,2021-06-20,584000,548000,4.725,30,298,3037.63,0.546,1003000,0
M0104226,C0104226,2021-07-28,229000,215000,5.731,30,299,1333.62,0.483,445000,0
M0104227,C0104227,2021-02-06,418000,391000,4.125,30,293,2025.84,0.628,623000,0
M0104228,C0104228,2021-02-01,289000,270000,2.8,30,293,1187.48,0.491,550000,0
M0104229,C0104229,2021-09-05,454000,427000,7.384,30,300,3138.45,0.51,837000,0
M0104230,C0104230,2020-06-24,289000,268000,5.562,30,286,1652.17,0.473,567000,0
M0104231,C0104231,2024-01-24,365000,354000,3.109,30,329,1560.39,0.678,522000,0
M0104232,C0104232,2024-12-06,606000,594000,4.371,30,339,3024.24,0.5,1188000,0
M0104233,C0104233,2023-07-14,415000,384000,7.775,15,143,3912.24,0.53,724000,0
M0104234,C0104234,2024-07-10,232000,226000,6.031,30,334,1395.58,0.541,418000,0
M0104235,C0104235,2024-08-06,128000,125000,2.8,30,335,525.94,0.702,178000,0
M0104236,C0104236,2025-06-07,310000,305000,4.937,30,345,1652.23,0.696,438000,0
M0104237,C0104237,2022-06-12,406000,386000,5.299,30,310,2254.28,0.477,810000,0
M0104238,C0104238,2020-10-03,354000,305000,6.078,15,109,3002.19,0.469,651000,0
M0104239,C0104239,2025-03-25,211000,207000,5.49,30,343,1196.71,0.512,404000,0
M0104240,C0104240,2021-09-26,354000,334000,3.592,30,301,1607.85,0.652,512000,0
M0104241,C0104241,2020-04-11,456000,422000,4.803,30,283,2393.3,0.571,739000,0
M0104242,C0104242,2022-10-27,658000,628000,4.502,30,314,3334.77,0.579,1084000,0
M0104243,C0104243,2024-07-08,293000,278000,6.323,15,154,2523.92,0.654,425000,0
M0104244,C0104244,2021-08-30,1120000,988000,4.903,15,120,8800.4,0.65,1521000,0
M0104245,C0104245,2024-06-01,678000,660000,4.89,30,333,3594.21,0.701,942000,0
M0104246,C0104246,2024-12-01,357000,350000,5.213,30,339,1963.19,0.658,532000,0
M0104247,C0104247,2022-10-16,374000,357000,4.552,30,314,1906.58,0.609,586000,0
M0104248,C0104248,2025-08-11,656000,639000,7.159,15,167,5954.78,0.771,829000,0
M0104249,C0104249,2023-10-12,202000,195000,6.735,30,326,1308.15,0.6,325000,0
M0104250,C0104250,2020-12-29,219000,190000,6.786,15,112,1942.33,0.526,361000,0
M0104251,C0104251,2024-09-12,172000,168000,4.143,30,337,835.4,0.609,276000,0
M0104252,C0104252,2022-08-08,288000,260000,5.887,15,131,2412.76,0.533,488000,0
M0104253,C0104253,2019-10-15,213000,196000,6.367,30,278,1327.73,0.698,281000,0
M0104254,C0104254,2024-05-22,274000,267000,4.371,30,333,1367.4,0.51,524000,0
M0104255,C0104255,2024-01-08,322000,312000,4.209,30,328,1576.33,0.68,459000,0
M0104256,C0104256,2021-06-27,165000,155000,4.409,30,298,827.13,0.596,260000,0
M0104257,C0104257,2021-04-06,649000,608000,3.892,30,295,3058.15,0.495,1228000,0
M0104258,C0104258,2022-10-10,595000,568000,6.652,30,313,3820.48,0.534,1063000,0
M0104259,C0104259,2021-05-05,260000,244000,6.55,30,296,1651.94,0.524,466000,0
M0104260,C0104260,2021-11-30,688000,611000,5.144,15,123,5492.41,0.48,1273000,0
M0104261,C0104261,2024-03-25,398000,387000,5.43,30,331,2242.35,0.492,786000,0
M0104262,C0104262,2020-10-05,568000,489000,4.751,15,109,4418.38,0.672,728000,0
M0104263,C0104263,2024-01-12,166000,161000,8.0,30,329,1218.05,0.485,332000,0
M0104264,C0104264,2021-08-21,277000,261000,5.021,30,300,1490.55,0.483,540000,0
M0104265,C0104265,2022-06-29,449000,427000,4.918,30,310,2387.88,0.701,609000,0
M0104266,C0104266,2022-06-26,302000,272000,5.359,15,130,2445.05,0.613,444000,0
M0104267,C0104267,2020-07-14,300000,278000,4.054,30,287,1441.6,0.532,523000,0
M0104268,C0104268,2020-04-05,310000,287000,5.794,30,283,1817.75,0.485,592000,0
M0104269,C0104269,2021-04-06,395000,370000,7.069,30,295,2646.27,0.566,654000,0
M0104270,C0104270,2022-02-11,347000,328000,5.308,30,306,1928.63,0.578,567000,0
M0104271,C0104271,2023-11-18,714000,691000,6.381,30,327,4457.23,0.722,957000,0
M0104272,C0104272,2021-05-17,200000,188000,3.344,30,297,880.76,0.524,359000,0
M0104273,C0104273,2025-06-09,344000,334000,4.452,15,165,2623.15,0.597,559000,1
M0104274,C0104274,2025-01-31,466000,457000,5.606,30,341,2676.97,0.738,619000,0
M0104275,C0104275,2022-01-20,176000,166000,3.467,30,305,787.08,0.488,340000,0
M0104276,C0104276,2024-01-23,276000,268000,5.861,30,329,1630.18,0.68,394000,0
M0104277,C0104277,2022-11-05,358000,342000,5.161,30,314,1957.2,0.579,591000,0
M0104278,C0104278,2020-01-19,695000,641000,5.826,30,281,4089.45,0.492,1303000,0
M0104279,C0104279,2023-08-20,351000,326000,5.244,15,144,2820.5,0.529,616000,0
M0104280,C0104280,2023-03-02,479000,459000,5.319,30,318,2665.56,0.672,683000,1
M0104281,C0104281,2021-10-27,495000,467000,2.8,30,302,2033.93,0.472,990000,0
M0104282,C0104282,2021-04-12,83000,78000,4.299,30,296,410.69,0.709,110000,0
M0104283,C0104283,2019-12-28,341000,314000,6.058,30,280,2057.2,0.497,632000,0
M0104284,C0104284,2023-10-16,264000,246000,3.942,15,146,1945.11,0.583,422000,0
M0104285,C0104285,2020-04-12,695000,643000,4.421,30,284,3488.91,0.71,906000,0
M0104286,C0104286,2024-05-18,465000,452000,5.019,30,333,2501.62,0.679,666000,0
M0104287,C0104287,2021-09-15,508000,449000,5.121,15,121,4049.32,0.673,667000,0
M0104288,C0104288,2025-03-21,425000,418000,6.288,30,343,2627.31,0.7,597000,0
M0104289,C0104289,2019-12-12,345000,291000,5.752,15,100,2865.28,0.441,660000,0
M0104290,C0104290,2020-12-19,498000,465000,4.773,30,292,2604.71,0.635,732000,0
M0104291,C0104291,2023-04-29,324000,311000,3.614,30,320,1475.6,0.562,553000,0
M0104292,C0104292,2020-04-19,623000,577000,8.0,30,284,4571.35,0.662,872000,0
M0104293,C0104293,2025-02-02,192000,188000,5.542,30,341,1095.22,0.684,275000,0
M0104294,C0104294,2023-07-07,551000,531000,6.505,30,322,3484.51,0.636,835000,0
M0104295,C0104295,2022-12-26,273000,261000,2.878,30,316,1133.09,0.488,535000,0
M0104296,C0104296,2021-09-28,460000,433000,5.091,30,301,2495.03,0.668,648000,0
M0104297,C0104297,2021-09-26,149000,140000,5.05,30,301,804.42,0.538,260000,0
M0104298,C0104298,2025-05-19,375000,369000,4.989,30,345,2010.56,0.644,573000,0
M0104299,C0104299,2020-11-21,304000,283000,6.356,30,291,1892.79,0.685,413000,0
M0104300,C0104300,2024-10-31,320000,313000,5.209,30,338,1758.93,0.587,533000,0
M0104301,C0104301,2020-01-27,135000,125000,5.028,30,281,727.02,0.604,207000,0
M0104302,C0104302,2023-03-31,333000,320000,5.485,30,319,1887.6,0.505,634000,0
M0104303,C0104303,2022-08-06,350000,333000,5.528,30,311,1993.41,0.489,681000,0
M0104304,C0104304,2023-05-09,134000,129000,4.168,30,320,652.78,0.573,225000,0
M0104305,C0104305,2023-06-17,184000,177000,6.589,30,322,1173.8,0.653,271000,0
M0104306,C0104306,2022-12-31,355000,340000,4.864,30,316,1876.32,0.581,585000,0
M0104307,C0104307,2024-01-04,402000,389000,5.386,30,328,2253.84,0.506,769000,0
M0104308,C0104308,2020-04-09,320000,296000,7.147,30,283,2160.65,0.527,562000,0
M0104309,C0104309,2022-01-22,335000,317000,8.0,30,305,2458.11,0.719,441000,0
M0104310,C0104310,2022-12-23,332000,318000,6.015,30,316,1993.71,0.738,431000,0
M0104311,C0104311,2021-07-17,250000,235000,3.584,30,299,1134.37,0.689,341000,0
M0104312,C0104312,2025-05-07,300000,291000,5.185,15,164,2401.39,0.58,502000,0
M0104313,C0104313,2021-11-27,163000,154000,7.387,30,303,1127.13,0.688,224000,0
M0104314,C0104314,2024-09-05,245000,239000,5.246,30,336,1352.29,0.677,353000,0
M0104315,C0104315,2024-07-11,321000,313000,6.416,30,334,2011.24,0.593,528000,0
M0104316,C0104316,2021-09-30,608000,538000,6.4,15,121,5262.97,0.528,1018000,0
M0104317,C0104317,2023-01-08,308000,295000,4.726,30,316,1602.22,0.512,576000,0
M0104318,C0104318,2024-08-20,919000,875000,7.582,15,156,8562.12,0.603,1450000,0
M0104319,C0104319,2025-04-02,860000,846000,5.972,30,343,5140.66,0.536,1577000,0
M0104320,C0104320,2022-01-15,339000,321000,5.471,30,305,1918.64,0.723,444000,0
M0104321,C0104321,2022-07-30,266000,253000,5.32,30,311,1480.42,0.574,441000,0
M0104322,C0104322,2024-04-09,1018000,989000,4.211,30,331,4984.73,0.618,1600000,0
M0104323,C0104323,2024-05-30,476000,463000,4.632,30,333,2449.3,0.501,925000,0
M0104324,C0104324,2021-03-30,408000,382000,4.375,30,295,2037.08,0.523,730000,0
M0104325,C0104325,2020-05-13,228000,211000,8.0,30,285,1672.98,0.524,403000,0
M0104326,C0104326,2020-01-30,265000,245000,6.641,30,281,1699.63,0.479,511000,0
M0104327,C0104327,2020-11-06,199000,185000,4.39,30,290,995.34,0.647,286000,0
M0104328,C0104328,2024-04-10,690000,671000,7.528,30,331,4837.82,0.535,1255000,0
M0104329,C0104329,2021-04-24,421000,368000,7.001,15,116,3784.3,0.46,800000,0
M0104330,C0104330,2023-05-20,281000,270000,4.793,30,321,1473.12,0.482,560000,0
M0104331,C0104331,2025-01-08,259000,254000,6.084,30,340,1566.85,0.624,407000,0
M0104332,C0104332,2024-09-05,200000,195000,4.75,30,336,1043.29,0.557,350000,0
M0104333,C0104333,2023-01-07,317000,303000,6.628,30,316,2030.41,0.687,441000,0
M0104334,C0104334,2024-01-07,357000,335000,6.041,15,148,3020.48,0.562,596000,0
M0104335,C0104335,2024-08-13,105000,100000,5.034,15,156,832.19,0.602,166000,0
M0104336,C0104336,2021-01-27,202000,189000,4.139,30,293,980.64,0.692,273000,0
M0104337,C0104337,2025-06-08,234000,231000,5.429,30,345,1318.22,0.509,454000,0
M0104338,C0104338,2019-12-20,564000,475000,6.041,15,100,4771.85,0.437,1087000,0
M0104339,C0104339,2023-04-14,248000,228000,6.93,15,140,2219.4,0.467,488000,0
M0104340,C0104340,2023-09-25,134000,129000,6.192,30,325,820.01,0.694,186000,0
M0104341,C0104341,2023-10-25,189000,176000,6.519,15,146,1648.37,0.736,239000,0
M0104342,C0104342,2021-08-27,776000,730000,4.673,30,300,4012.05,0.521,1402000,0
M0104343,C0104343,2020-03-11,272000,251000,3.324,30,282,1194.84,0.635,395000,0
M0104344,C0104344,2024-01-30,195000,189000,3.639,30,329,890.84,0.562,336000,0
M0104345,C0104345,2020-02-22,142000,131000,5.179,30,282,777.9,0.56,234000,0
M0104346,C0104346,2020-03-31,332000,307000,4.65,30,283,1711.91,0.549,559000,0
M0104347,C0104347,2020-02-03,350000,323000,5.365,30,281,1957.72,0.569,568000,1
M0104348,C0104348,2021-12-29,409000,387000,6.307,30,304,2533.47,0.753,514000,0
M0104349,C0104349,2025-08-11,1281000,1265000,6.19,30,347,7837.42,0.681,1858000,0
M0104350,C0104350,2023-11-02,177000,171000,2.92,30,326,738.62,0.497,344000,1
M0104351,C0104351,2022-08-02,272000,259000,8.0,30,311,1995.84,0.608,426000,0
M0104352,C0104352,2020-12-03,379000,353000,5.93,30,291,2255.27,0.626,564000,0
M0104353,C0104353,2025-08-03,263000,260000,5.818,30,347,1546.18,0.781,333000,0
M0104354,C0104354,2022-03-17,117000,111000,5.337,30,307,652.4,0.62,179000,0
M0104355,C0104355,2022-01-27,423000,400000,5.192,30,305,2320.65,0.668,599000,0
M0104356,C0104356,2025-06-13,239000,236000,6.71,30,346,1543.8,0.602,392000,0
M0104357,C0104357,2022-08-25,193000,184000,4.429,30,312,969.78,0.54,341000,0
M0104358,C0104358,2023-03-12,210000,201000,5.837,30,318,1237.13,0.739,272000,0
M0104359,C0104359,2023-02-12,712000,682000,7.168,30,318,4817.56,0.537,1270000,0
M0104360,C0104360,2021-03-24,628000,588000,5.709,30,295,3648.5,0.739,796000,0
M0104361,C0104361,2025-05-19,190000,187000,6.065,30,345,1147.1,0.558,335000,0
M0104362,C0104362,2021-03-12,138000,129000,3.955,30,295,655.26,0.683,189000,0
M0104363,C0104363,2025-01-25,514000,494000,6.409,15,161,4451.82,0.636,777000,0
M0104364,C0104364,2021-06-10,917000,861000,5.906,30,297,5442.58,0.699,1231000,0
M0104365,C0104365,2023-10-27,1052000,1017000,5.39,30,326,5900.74,0.58,1752000,0
M0104366,C0104366,2022-07-29,161000,153000,6.294,30,311,995.92,0.515,297000,0
M0104367,C0104367,2024-03-31,646000,628000,4.242,30,331,3174.91,0.582,1079000,1
M0104368,C0104368,2019-10-20,327000,301000,7.481,30,278,2282.18,0.478,630000,0
M0104369,C0104369,2024-08-16,125000,122000,8.0,30,336,917.21,0.767,159000,0
M0104370,C0104370,2023-03-27,213000,204000,4.839,30,319,1122.56,0.632,323000,0
M0104371,C0104371,2020-08-04,221000,205000,6.793,30,287,1439.72,0.605,339000,0
M0104372,C0104372,2023-06-04,416000,400000,5.342,30,321,2320.93,0.645,620000,0
M0104373,C0104373,2025-07-11,165000,163000,4.146,30,346,801.69,0.632,258000,0
M0104374,C0104374,2024-06-29,525000,512000,6.927,30,334,3467.14,0.581,881000,0
M0104375,C0104375,2024-05-22,416000,405000,5.188,30,333,2281.22,0.697,581000,0
M0104376,C0104376,2025-03-20,546000,537000,6.173,30,343,3334.52,0.702,765000,0
M0104377,C0104377,2020-03-13,236000,200000,7.601,15,103,2201.32,0.625,320000,0
M0104378,C0104378,2020-09-25,400000,344000,6.081,15,109,3392.96,0.584,589000,0
M0104379,C0104379,2020-06-20,195000,181000,5.73,30,286,1135.49,0.536,338000,0
M0104380,C0104380,2022-05-25,460000,437000,4.444,30,309,2315.47,0.58,753000,0
M0104381,C0104381,2023-07-27,291000,280000,4.448,30,323,1465.48,0.657,426000,0
M0104382,C0104382,2020-07-25,306000,284000,5.35,30,287,1708.75,0.471,603000,0
M0104383,C0104383,2020-11-15,322000,300000,5.083,30,291,1744.94,0.54,556000,0
M0104384,C0104384,2021-05-04,137000,128000,6.248,30,296,843.35,0.643,199000,0
M0104385,C0104385,2024-10-13,594000,581000,4.302,30,338,2940.23,0.761,763000,0
M0104386,C0104386,2020-08-23,342000,318000,4.647,30,288,1762.86,0.652,488000,0
M0104387,C0104387,2021-11-09,595000,561000,5.333,30,302,3316.27,0.583,962000,0
M0104388,C0104388,2021-07-02,574000,539000,5.606,30,298,3297.39,0.669,806000,0
M0104389,C0104389,2020-05-26,218000,202000,5.564,30,285,1246.55,0.622,325000,0
M0104390,C0104390,2024-02-05,286000,269000,5.285,15,149,2304.36,0.473,569000,0
M0104391,C0104391,2022-11-13,151000,144000,4.637,30,315,777.44,0.488,295000,0
M0104392,C0104392,2023-08-30,605000,562000,6.137,15,144,5150.22,0.569,988000,0
M0104393,C0104393,2024-09-11,386000,377000,6.801,30,337,2516.69,0.52,725000,0
M0104394,C0104394,2022-08-23,362000,345000,5.841,30,312,2133.51,0.652,529000,0
M0104395,C0104395,2022-03-24,285000,270000,4.862,30,307,1506.0,0.523,516000,0
M0104396,C0104396,2024-02-01,202000,196000,3.393,30,329,895.05,0.505,388000,0
M0104397,C0104397,2021-03-18,622000,582000,7.326,30,295,4275.25,0.499,1166000,0
M0104398,C0104398,2023-11-20,893000,864000,5.308,30,327,4963.31,0.561,1540000,1
M0104399,C0104399,2020-07-04,635000,589000,6.954,30,286,4205.07,0.496,1188000,0
M0104400,C0104400,2021-04-12,301000,282000,7.306,30,296,2064.8,0.746,378000,0
M0104401,C0104401,2023-06-04,398000,383000,6.384,30,321,2485.35,0.625,613000,0
M0104402,C0104402,2021-04-16,560000,525000,6.55,30,296,3558.02,0.513,1023000,0
M0104403,C0104403,2023-12-29,344000,333000,6.463,30,328,2165.95,0.622,535000,0
M0104404,C0104404,2022-02-12,867000,821000,5.257,30,306,4791.37,0.681,1205000,0
M0104405,C0104405,2021-08-02,612000,539000,4.237,15,119,4599.92,0.481,1120000,0
M0104406,C0104406,2024-06-28,1319000,1285000,6.378,30,334,8231.43,0.57,2253000,0
M0104407,C0104407,2024-03-13,361000,350000,3.817,30,331,1685.6,0.59,593000,0
M0104408,C0104408,2024-12-12,98000,96000,5.068,30,340,530.17,0.653,147000,0
M0104409,C0104409,2024-03-29,340000,330000,4.796,30,331,1783.04,0.733,450000,0
M0104410,C0104410,2021-07-04,271000,255000,6.13,30,298,1647.5,0.496,514000,0
M0104411,C0104411,2024-08-08,357000,340000,5.756,15,155,2965.71,0.68,500000,0
M0104412,C0104412,2020-05-21,799000,740000,4.794,30,285,4189.18,0.537,1379000,0
M0104413,C0104413,2023-06-30,250000,241000,5.036,30,322,1347.56,0.655,368000,0
M0104414,C0104414,2023-11-23,216000,209000,7.654,30,327,1533.15,0.681,307000,0
M0104415,C0104415,2023-01-24,237000,227000,4.637,30,317,1220.21,0.604,376000,0
M0104416,C0104416,2021-11-22,962000,908000,5.298,30,303,5340.84,0.525,1731000,0
M0104417,C0104417,2021-05-08,260000,244000,6.137,30,296,1581.81,0.659,370000,0
M0104418,C0104418,2021-08-25,373000,351000,5.577,30,300,2135.91,0.713,492000,0
M0104419,C0104419,2025-01-19,825000,809000,6.17,30,341,5036.82,0.608,1331000,0
M0104420,C0104420,2020-06-17,457000,424000,6.709,30,286,2951.65,0.559,759000,0
M0104421,C0104421,2023-02-22,106000,102000,7.083,30,318,711.14,0.551,185000,0
M0104422,C0104422,2020-07-15,257000,220000,5.55,15,107,2106.73,0.539,408000,0
M0104423,C0104423,2021-10-02,236000,222000,5.946,30,301,1406.76,0.61,364000,0
M0104424,C0104424,2025-04-07,137000,135000,5.731,30,343,797.84,0.722,187000,0
M0104425,C0104425,2022-06-06,258000,245000,4.515,30,309,1309.55,0.643,381000,0
M0104426,C0104426,2020-09-16,84000,78000,5.715,30,289,488.34,0.645,121000,0
M0104427,C0104427,2020-12-21,386000,334000,3.688,15,112,2795.22,0.641,521000,0
M0104428,C0104428,2021-05-07,329000,288000,5.912,15,116,2760.67,0.445,647000,0
M0104429,C0104429,2020-05-06,230000,213000,3.155,30,284,989.02,0.668,319000,0
M0104430,C0104430,2022-04-27,133000,126000,4.412,30,308,666.96,0.565,223000,0
M0104431,C0104431,2024-06-03,658000,641000,6.441,30,333,4133.51,0.628,1021000,0
M0104432,C0104432,2025-09-05,247000,244000,6.012,30,348,1482.8,0.595,410000,0
M0104433,C0104433,2020-04-01,567000,524000,5.481,30,283,3212.61,0.548,957000,0
M0104434,C0104434,2021-10-23,308000,290000,5.004,30,302,1654.16,0.574,505000,0
M0104435,C0104435,2020-05-22,680000,580000,4.549,15,105,5219.0,0.57,1018000,0
M0104436,C0104436,2020-12-09,439000,410000,4.872,30,291,2322.42,0.62,661000,0
M0104437,C0104437,2023-07-08,347000,334000,6.254,30,322,2137.44,0.699,478000,0
M0104438,C0104438,2024-09-09,215000,210000,5.221,30,336,1183.38,0.627,335000,0
M0104439,C0104439,2020-10-26,628000,585000,3.207,30,290,2718.3,0.612,956000,0
M0104440,C0104440,2020-07-26,296000,275000,4.145,30,287,1438.0,0.466,590000,0
M0104441,C0104441,2022-08-10,218000,208000,4.607,30,311,1118.48,0.722,288000,0
M0104442,C0104442,2024-03-17,303000,285000,5.209,15,151,2429.22,0.559,510000,0
M0104443,C0104443,2020-11-01,320000,298000,5.177,30,290,1752.61,0.468,637000,0
M0104444,C0104444,2020-08-30,507000,471000,4.339,30,288,2520.62,0.477,987000,0
M0104445,C0104445,2021-03-18,128000,120000,6.176,30,295,781.97,0.529,227000,0
M0104446,C0104446,2022-07-16,1079000,1027000,3.322,30,311,4738.62,0.615,1670000,0
M0104447,C0104447,2019-12-05,413000,380000,4.679,30,279,2136.76,0.513,741000,0
M0104448,C0104448,2020-01-10,325000,300000,6.363,30,280,2025.03,0.472,635000,0
M0104449,C0104449,2024-05-15,409000,398000,6.094,30,333,2476.93,0.587,678000,0
M0104450,C0104450,2023-10-28,152000,147000,5.203,30,326,834.93,0.642,229000,0
M0104451,C0104451,2021-04-14,349000,327000,6.533,30,296,2213.5,0.743,440000,0
M0104452,C0104452,2024-10-09,454000,444000,5.787,30,337,2660.1,0.6,740000,0
M0104453,C0104453,2025-08-12,283000,279000,5.578,30,348,1620.72,0.746,374000,0
M0104454,C0104454,2022-08-10,426000,406000,6.161,30,311,2598.35,0.64,634000,1
M0104455,C0104455,2020-03-03,487000,450000,5.947,30,282,2903.24,0.538,836000,0
M0104456,C0104456,2020-06-06,228000,211000,6.965,30,285,1511.53,0.636,332000,0
M0104457,C0104457,2024-07-03,612000,596000,5.197,30,334,3359.42,0.687,868000,0
M0104458,C0104458,2024-05-03,318000,309000,5.233,30,332,1752.66,0.574,538000,0
M0104459,C0104459,2023-06-17,850000,818000,5.717,30,322,4942.56,0.738,1109000,0
M0104460,C0104460,2020-02-22,631000,583000,5.523,30,282,3591.86,0.475,1228000,0
M0104461,C0104461,2020-08-22,402000,374000,7.543,30,288,2822.69,0.468,799000,0
M0104462,C0104462,2020-04-05,218000,202000,6.077,30,283,1317.83,0.465,434000,0
M0104463,C0104463,2022-10-31,310000,296000,4.705,30,314,1608.71,0.761,389000,0
M0104464,C0104464,2025-03-24,542000,533000,3.86,30,343,2544.04,0.786,678000,0
M0104465,C0104465,2021-09-19,248000,234000,7.228,30,301,1688.1,0.711,329000,0
M0104466,C0104466,2020-04-16,407000,377000,5.087,30,284,2206.56,0.478,789000,0
M0104467,C0104467,2023-07-13,431000,415000,5.864,30,323,2546.5,0.506,820000,0
M0104468,C0104468,2024-04-04,310000,301000,5.48,30,331,1756.26,0.768,392000,0
M0104469,C0104469,2022-05-14,217000,206000,6.387,30,309,1355.5,0.728,283000,0
M0104470,C0104470,2024-04-04,729000,708000,4.892,30,331,3865.45,0.657,1077000,0
M0104471,C0104471,2020-08-17,416000,387000,5.631,30,288,2396.31,0.638,607000,0
M0104472,C0104472,2023-04-16,282000,271000,4.9,30,320,1496.65,0.768,353000,0
M0104473,C0104473,2020-05-06,221000,205000,8.0,30,284,1621.62,0.707,290000,0
M0104474,C0104474,2022-01-29,514000,486000,4.672,30,305,2657.15,0.538,904000,0
M0104475,C0104475,2022-12-17,317000,303000,6.116,30,316,1924.28,0.564,537000,0
M0104476,C0104476,2022-12-21,534000,511000,8.0,30,316,3918.3,0.632,809000,0
M0104477,C0104477,2021-05-18,207000,194000,6.708,30,297,1336.82,0.653,297000,0
M0104478,C0104478,2024-03-24,381000,370000,5.477,30,331,2157.78,0.605,612000,0
M0104479,C0104479,2022-11-23,258000,247000,5.684,30,315,1494.82,0.554,446000,0
M0104480,C0104480,2020-07-07,783000,670000,4.606,15,106,6032.4,0.579,1158000,0
M0104481,C0104481,2020-01-24,394000,364000,7.348,30,281,2714.01,0.684,532000,0
M0104482,C0104482,2025-06-09,199000,196000,5.252,30,345,1099.13,0.508,386000,0
M0104483,C0104483,2021-05-02,523000,458000,5.419,15,116,4250.9,0.655,699000,0
M0104484,C0104484,2020-08-26,608000,565000,4.534,30,288,3092.94,0.495,1142000,0
M0104485,C0104485,2023-02-10,277000,265000,5.156,30,317,1513.52,0.572,463000,0
M0104486,C0104486,2024-04-19,219000,213000,5.572,30,332,1253.37,0.607,351000,0
M0104487,C0104487,2022-09-17,109000,104000,6.698,30,313,703.21,0.662,157000,0
M0104488,C0104488,2020-04-17,568000,526000,5.793,30,284,3330.23,0.522,1008000,0
M0104489,C0104489,2024-08-06,136000,133000,6.704,30,335,877.94,0.605,220000,0
M0104490,C0104490,2023-10-19,320000,309000,2.987,30,326,1346.89,0.727,425000,0
M0104491,C0104491,2020-01-21,138000,127000,7.041,30,281,921.92,0.494,257000,0
M0104492,C0104492,2021-09-24,807000,760000,4.024,30,301,3863.92,0.534,1423000,0
M0104493,C0104493,2024-03-02,639000,620000,6.346,30,330,3974.42,0.531,1168000,0
M0104494,C0104494,2021-08-17,381000,358000,2.8,30,300,1565.51,0.662,541000,0
M0104495,C0104495,2024-08-10,553000,540000,5.572,30,335,3164.9,0.655,825000,0
M0104496,C0104496,2021-05-19,307000,288000,6.542,30,297,1948.94,0.627,459000,0
M0104497,C0104497,2022-12-26,217000,208000,4.575,30,316,1109.2,0.7,297000,0
M0104498,C0104498,2020-05-26,142000,132000,5.539,30,285,809.74,0.487,271000,0
M0104499,C0104499,2021-05-05,487000,457000,6.519,30,296,3084.26,0.616,742000,0
M0104500,C0104500,2024-12-21,198000,190000,6.308,15,160,1703.96,0.648,293000,0
M0104501,C0104501,2021-08-08,1159000,1021000,3.784,15,119,8448.07,0.548,1862000,0
M0104502,C0104502,2021-09-27,188000,166000,6.599,15,121,1647.93,0.449,370000,0
M0104503,C0104503,2024-03-03,544000,528000,7.38,30,330,3759.13,0.637,829000,0
M0104504,C0104504,2022-08-07,620000,590000,6.837,30,311,4057.23,0.489,1207000,0
M0104505,C0104505,2024-02-09,168000,163000,4.147,30,329,816.36,0.497,328000,0
M0104506,C0104506,2021-04-07,262000,245000,4.306,30,295,1297.49,0.628,390000,0
M0104507,C0104507,2024-04-13,292000,284000,5.584,30,332,1673.37,0.574,495000,0
M0104508,C0104508,2023-04-01,1870000,1795000,6.144,30,319,11385.3,0.554,3238000,0
M0104509,C0104509,2022-01-29,290000,274000,6.458,30,305,1824.99,0.645,425000,0
M0104510,C0104510,2025-05-31,186000,183000,4.629,30,345,956.74,0.493,371000,0
M0104511,C0104511,2019-12-16,419000,386000,5.418,30,280,2357.52,0.543,711000,0
M0104512,C0104512,2025-06-12,194000,191000,4.6,30,346,994.53,0.552,346000,0
M0104513,C0104513,2020-05-13,318000,295000,4.393,30,285,1591.11,0.525,562000,0
M0104514,C0104514,2021-10-16,261000,246000,5.947,30,302,1555.94,0.665,370000,0
M0104515,C0104515,2022-09-03,425000,405000,5.419,30,312,2391.55,0.562,720000,0
M0104516,C0104516,2022-10-07,248000,237000,6.001,30,313,1487.04,0.503,471000,0
M0104517,C0104517,2023-06-07,231000,222000,4.871,30,321,1221.91,0.527,421000,0
M0104518,C0104518,2021-05-19,562000,527000,6.237,30,297,3455.58,0.589,895000,0
M0104519,C0104519,2023-04-29,379000,364000,4.26,30,320,1866.67,0.58,628000,0
M0104520,C0104520,2022-07-17,332000,316000,4.999,30,311,1782.04,0.55,575000,0
M0104521,C0104521,2020-11-11,125000,116000,4.283,30,291,617.34,0.607,191000,0
M0104522,C0104522,2021-10-16,447000,421000,5.813,30,302,2626.49,0.628,670000,0
M0104523,C0104523,2021-10-18,259000,244000,7.494,30,302,1809.9,0.594,411000,0
M0104524,C0104524,2022-04-14,377000,338000,5.906,15,128,3162.23,0.448,754000,0
M0104525,C0104525,2025-06-13,130000,128000,5.388,30,346,729.02,0.554,231000,0
M0104526,C0104526,2025-04-16,376000,370000,5.283,30,344,2083.98,0.728,508000,0
M0104527,C0104527,2025-03-30,361000,355000,4.862,30,343,1907.59,0.732,485000,0
M0104528,C0104528,2024-01-26,292000,283000,6.716,30,329,1887.31,0.716,395000,0
M0104529,C0104529,2022-10-23,210000,200000,5.953,30,314,1252.72,0.499,401000,0
M0104530,C0104530,2024-04-04,587000,570000,3.659,30,331,2688.27,0.714,798000,0
M0104531,C0104531,2022-07-04,226000,215000,6.697,30,310,1457.88,0.599,359000,0
M0104532,C0104532,2020-06-12,517000,479000,4.542,30,286,2632.48,0.535,896000,0
M0104533,C0104533,2019-12-09,553000,509000,4.778,30,279,2894.05,0.495,1028000,0
M0104534,C0104534,2021-10-03,216000,204000,5.943,30,301,1287.12,0.634,322000,0
M0104535,C0104535,2024-11-07,476000,456000,4.842,15,158,3725.12,0.673,678000,0
M0104536,C0104536,2021-03-26,264000,247000,7.967,30,295,1931.07,0.706,350000,0
M0104537,C0104537,2020-11-08,451000,420000,5.238,30,290,2487.09,0.711,591000,0
M0104538,C0104538,2020-12-29,205000,191000,6.196,30,292,1255.03,0.682,280000,0
M0104539,C0104539,2020-04-29,309000,286000,3.801,30,284,1439.98,0.525,545000,0
M0104540,C0104540,2025-09-02,341000,337000,4.822,30,348,1793.65,0.759,444000,0
M0104541,C0104541,2023-06-07,323000,311000,5.356,30,321,1804.88,0.554,561000,0
M0104542,C0104542,2022-02-27,397000,376000,6.597,30,306,2534.69,0.5,752000,0
M0104543,C0104543,2024-09-22,219000,214000,4.316,30,337,1085.83,0.596,359000,0
M0104544,C0104544,2023-04-25,249000,239000,6.819,30,320,1626.45,0.491,487000,0
M0104545,C0104545,2024-03-21,468000,441000,5.64,15,151,3858.81,0.59,748000,0
M0104546,C0104546,2024-05-24,267000,260000,5.86,30,333,1576.85,0.607,428000,0
M0104547,C0104547,2021-09-21,256000,241000,4.68,30,301,1324.64,0.689,350000,0
M0104548,C0104548,2021-09-14,215000,190000,4.438,15,121,1637.93,0.512,371000,0
M0104549,C0104549,2025-04-12,260000,256000,3.105,30,344,1110.95,0.541,473000,0
M0104550,C0104550,2021-08-08,196000,184000,5.83,30,299,1153.78,0.669,275000,0
M0104551,C0104551,2020-05-21,472000,437000,6.19,30,285,2887.79,0.542,807000,0
M0104552,C0104552,2025-06-15,262000,258000,5.102,30,346,1422.85,0.631,409000,0
M0104553,C0104553,2021-02-28,191000,179000,3.758,30,294,885.42,0.472,379000,0
M0104554,C0104554,2021-06-25,296000,278000,4.888,30,298,1568.79,0.718,387000,0
M0104555,C0104555,2020-12-07,163000,152000,5.91,30,291,967.86,0.603,252000,0
M0104556,C0104556,2019-12-03,214000,197000,5.702,30,279,1242.33,0.59,334000,0
M0104557,C0104557,2021-04-04,645000,604000,6.239,30,295,3966.76,0.585,1032000,0
M0104558,C0104558,2023-07-18,190000,183000,3.721,30,323,876.8,0.651,281000,0
M0104559,C0104559,2024-12-04,305000,299000,5.054,30,339,1647.39,0.67,446000,0
M0104560,C0104560,2020-04-09,988000,914000,5.39,30,283,5541.76,0.611,1496000,0
M0104561,C0104561,2021-04-25,371000,348000,6.196,30,296,2271.3,0.684,509000,0
M0104562,C0104562,2023-01-08,254000,243000,4.836,30,316,1338.18,0.711,342000,0
M0104563,C0104563,2022-02-07,121000,108000,6.088,15,125,1026.83,0.466,232000,0
M0104564,C0104564,2022-07-03,356000,339000,4.456,30,310,1794.5,0.584,580000,0
M0104565,C0104565,2025-05-23,223000,220000,5.739,30,345,1299.81,0.538,409000,0
M0104566,C0104566,2024-03-04,433000,420000,5.177,30,330,2371.5,0.643,653000,0
M0104567,C0104567,2023-12-28,234000,227000,5.113,30,328,1272.37,0.498,456000,0
M0104568,C0104568,2021-12-24,376000,335000,8.0,15,124,3593.25,0.479,699000,0
M0104569,C0104569,2023-02-28,675000,647000,5.134,30,318,3679.03,0.486,1331000,0
M0104570,C0104570,2023-03-01,458000,439000,5.035,30,318,2468.45,0.524,837000,0
M0104571,C0104571,2022-06-11,170000,162000,3.933,30,309,805.05,0.533,304000,0
M0104572,C0104572,2020-05-11,343000,318000,6.589,30,284,2188.11,0.547,581000,0
M0104573,C0104573,2024-08-12,531000,518000,4.902,30,336,2818.8,0.528,981000,0
M0104574,C0104574,2025-01-06,153000,150000,5.465,30,340,865.36,0.661,227000,0
M0104575,C0104575,2022-07-15,762000,725000,4.571,30,311,3893.15,0.732,991000,0
M0104576,C0104576,2020-07-24,352000,327000,5.957,30,287,2100.7,0.611,535000,1
M0104577,C0104577,2019-12-15,437000,403000,6.526,30,280,2769.61,0.504,800000,0
M0104578,C0104578,2023-09-14,276000,266000,6.94,30,325,1825.13,0.725,367000,0
M0104579,C0104579,2023-07-28,335000,323000,5.372,30,323,1875.28,0.502,643000,0
M0104580,C0104580,2020-09-15,210000,195000,4.847,30,289,1107.77,0.562,347000,0
M0104581,C0104581,2024-10-15,710000,694000,4.776,30,338,3714.83,0.529,1313000,0
M0104582,C0104582,2023-07-11,803000,773000,5.519,30,322,4568.92,0.59,1310000,0
M0104583,C0104583,2022-11-20,959000,916000,5.779,30,315,5614.14,0.508,1804000,0
M0104584,C0104584,2023-12-04,136000,132000,6.099,30,327,824.07,0.487,271000,0
M0104585,C0104585,2022-12-30,386000,369000,4.568,30,316,1971.43,0.515,717000,0
M0104586,C0104586,2019-10-08,407000,374000,5.648,30,277,2348.84,0.481,777000,0
M0104587,C0104587,2020-03-13,230000,195000,4.379,15,103,1745.29,0.455,429000,0
M0104588,C0104588,2023-05-27,395000,380000,5.358,30,321,2207.7,0.606,627000,0
M0104589,C0104589,2022-12-04,160000,153000,7.035,30,315,1068.25,0.632,242000,0
M0104590,C0104590,2020-02-26,684000,632000,5.249,30,282,3776.65,0.552,1145000,0
M0104591,C0104591,2024-03-28,152000,148000,4.527,30,331,772.6,0.695,213000,0
M0104592,C0104592,2022-04-12,371000,352000,5.886,30,308,2197.21,0.601,586000,0
M0104593,C0104593,2024-05-08,486000,473000,6.484,30,332,3066.74,0.721,656000,0
M0104594,C0104594,2021-11-23,243000,229000,4.654,30,303,1253.58,0.64,358000,0
M0104595,C0104595,2025-06-28,651000,642000,4.009,30,346,3111.35,0.554,1158000,0
M0104596,C0104596,2024-06-01,132000,128000,4.607,30,333,677.24,0.744,172000,0
M0104597,C0104597,2021-04-02,323000,302000,5.016,30,295,1737.09,0.482,627000,0
M0104598,C0104598,2021-07-15,141000,133000,7.17,30,299,954.23,0.735,181000,0
M0104599,C0104599,2024-02-03,223000,216000,3.956,30,329,1058.99,0.673,321000,0
M0104600,C0104600,2024-06-23,256000,249000,3.636,30,334,1169.08,0.494,504000,0
M0104601,C0104601,2020-12-21,248000,231000,5.799,30,292,1454.99,0.489,472000,0
M0104602,C0104602,2019-10-27,619000,569000,4.717,30,278,3216.7,0.695,819000,0
M0104603,C0104603,2022-05-25,182000,173000,4.409,30,309,912.35,0.499,347000,0
M0104604,C0104604,2021-05-16,151000,142000,6.215,30,297,926.3,0.498,285000,0
M0104605,C0104605,2021-06-06,264000,248000,5.6,30,297,1515.57,0.584,425000,0
M0104606,C0104606,2020-04-17,347000,321000,6.606,30,284,2217.52,0.486,660000,0
M0104607,C0104607,2024-06-24,422000,400000,6.308,15,154,3631.68,0.587,681000,0
M0104608,C0104608,2022-04-16,584000,524000,4.171,15,128,4369.99,0.66,794000,0
M0104609,C0104609,2024-10-07,112000,109000,3.653,30,337,512.54,0.686,159000,0
M0104610,C0104610,2023-09-13,762000,709000,6.731,15,145,6734.99,0.621,1142000,0
M0104611,C0104611,2023-03-11,218000,209000,5.363,30,318,1219.11,0.637,328000,0
M0104612,C0104612,2020-02-08,285000,263000,8.0,30,281,2091.23,0.512,514000,0
M0104613,C0104613,2023-07-23,332000,320000,6.564,30,323,2112.46,0.682,469000,0
M0104614,C0104614,2025-07-16,111000,110000,7.008,30,347,739.08,0.547,201000,0
M0104615,C0104615,2022-08-30,264000,252000,4.461,30,312,1331.54,0.574,439000,0
M0104616,C0104616,2023-02-23,538000,493000,5.408,15,138,4369.69,0.54,913000,0
M0104617,C0104617,2021-03-18,449000,420000,6.39,30,295,2805.58,0.524,801000,0
M0104618,C0104618,2025-09-05,255000,249000,5.407,15,168,2071.0,0.53,470000,0
M0104619,C0104619,2020-03-31,365000,310000,5.562,15,103,2994.38,0.552,562000,0
M0104620,C0104620,2021-04-04,413000,387000,5.768,30,295,2414.88,0.532,728000,0
M0104621,C0104621,2022-02-18,288000,273000,4.704,30,306,1494.37,0.738,370000,0
M0104622,C0104622,2020-07-16,419000,389000,4.528,30,287,2129.99,0.508,766000,0
M0104623,C0104623,2024-05-05,220000,214000,5.298,30,332,1221.4,0.534,401000,0
M0104624,C0104624,2023-04-19,204000,188000,5.044,15,140,1617.9,0.465,404000,0
M0104625,C0104625,2023-12-05,283000,274000,4.535,30,327,1439.81,0.699,392000,0
M0104626,C0104626,2024-01-18,98000,95000,5.361,30,329,547.92,0.72,132000,1
M0104627,C0104627,2020-04-07,464000,429000,4.063,30,283,2232.09,0.476,901000,0
M0104628,C0104628,2020-04-11,342000,316000,6.339,30,283,2125.59,0.616,513000,0
M0104629,C0104629,2024-06-09,293000,278000,6.149,15,153,2496.15,0.556,500000,0
M0104630,C0104630,2024-03-14,488000,460000,6.252,15,151,4184.76,0.48,959000,0
M0104631,C0104631,2025-02-16,398000,391000,4.577,30,342,2034.86,0.559,699000,0
M0104632,C0104632,2024-10-09,558000,545000,4.438,30,337,2806.79,0.675,808000,0
M0104633,C0104633,2020-03-04,722000,667000,6.953,30,282,4780.72,0.688,970000,0
M0104634,C0104634,2024-07-18,387000,368000,5.285,15,155,3118.13,0.631,583000,0
M0104635,C0104635,2025-07-15,229000,223000,6.127,15,167,1948.18,0.556,401000,0
M0104636,C0104636,2020-06-14,471000,437000,4.232,30,286,2312.08,0.473,924000,0
M0104637,C0104637,2021-03-16,229000,214000,5.186,30,295,1255.48,0.721,297000,0
M0104638,C0104638,2021-06-05,224000,210000,6.811,30,297,1461.95,0.595,353000,0
M0104639,C0104639,2024-10-28,283000,271000,5.647,15,158,2334.48,0.517,524000,0
M0104640,C0104640,2025-08-01,585000,577000,5.225,30,347,3221.34,0.517,1115000,0
M0104641,C0104641,2021-09-13,477000,449000,6.123,30,301,2897.69,0.497,903000,0
M0104642,C0104642,2022-05-14,510000,484000,5.848,30,309,3008.05,0.518,935000,0
M0104643,C0104643,2024-07-30,349000,340000,7.793,30,335,2510.66,0.701,485000,0
M0104644,C0104644,2022-12-23,436000,398000,5.545,15,136,3572.9,0.603,660000,0
M0104645,C0104645,2020-04-26,443000,410000,6.212,30,284,2716.69,0.547,749000,0
M0104646,C0104646,2020-04-10,232000,215000,5.352,30,283,1295.81,0.687,313000,0
M0104647,C0104647,2025-05-25,440000,433000,4.412,30,345,2206.47,0.638,679000,0
M0104648,C0104648,2025-06-29,327000,322000,5.964,30,346,1952.97,0.698,461000,0
M0104649,C0104649,2023-11-15,268000,250000,3.887,15,147,1967.22,0.633,395000,0
M0104650,C0104650,2021-03-14,274000,256000,6.585,30,295,1747.21,0.506,506000,0
M0104651,C0104651,2021-01-01,249000,232000,4.052,30,292,1196.24,0.528,439000,0
M0104652,C0104652,2022-07-23,285000,257000,4.526,15,131,2184.02,0.72,357000,0
M0104653,C0104653,2022-04-18,326000,309000,4.434,30,308,1639.03,0.486,636000,0
M0104654,C0104654,2022-11-14,457000,437000,6.183,30,315,2793.94,0.582,751000,0
M0104655,C0104655,2023-03-03,697000,668000,4.268,30,318,3436.17,0.551,1213000,0
M0104656,C0104656,2024-12-11,435000,417000,6.06,15,160,3684.89,0.559,746000,0
M0104657,C0104657,2023-02-01,348000,333000,4.759,30,317,1817.22,0.733,454000,0
M0104658,C0104658,2019-10-17,121000,111000,5.371,30,278,677.26,0.478,232000,0
M0104659,C0104659,2022-09-07,1099000,1048000,4.91,30,312,5839.37,0.541,1938000,0
M0104660,C0104660,2022-02-17,230000,218000,8.0,30,306,1687.66,0.657,332000,0
M0104661,C0104661,2019-09-25,234000,215000,3.67,30,277,1073.1,0.698,308000,0
M0104662,C0104662,2025-07-11,617000,609000,6.039,30,346,3714.71,0.495,1231000,0
M0104663,C0104663,2021-08-28,189000,178000,5.489,30,300,1071.82,0.482,369000,0
M0104664,C0104664,2024-03-04,395000,383000,4.642,30,330,2034.87,0.541,708000,0
M0104665,C0104665,2022-10-11,260000,248000,5.934,30,313,1547.82,0.578,429000,0
M0104666,C0104666,2025-08-17,289000,285000,4.444,30,348,1454.72,0.582,490000,0
M0104667,C0104667,2023-10-08,336000,325000,4.319,30,325,1666.52,0.597,544000,0
M0104668,C0104668,2022-06-11,180000,171000,4.239,30,309,884.33,0.501,341000,0
M0104669,C0104669,2022-09-04,308000,279000,5.591,15,132,2531.51,0.502,556000,0
M0104670,C0104670,2023-05-02,547000,526000,4.84,30,320,2883.16,0.739,712000,0
M0104671,C0104671,2020-03-01,316000,268000,4.546,15,102,2424.81,0.567,473000,0
M0104672,C0104672,2024-05-23,1885000,1834000,5.877,30,333,11152.9,0.542,3381000,0
M0104673,C0104673,2024-05-20,343000,334000,6.686,30,333,2210.12,0.49,682000,0
M0104674,C0104674,2022-04-08,180000,171000,3.939,30,307,853.03,0.523,327000,0
M0104675,C0104675,2023-08-17,253000,244000,5.864,30,324,1494.81,0.595,410000,0
M0104676,C0104676,2024-01-05,125000,121000,6.076,30,328,755.56,0.531,228000,0
M0104677,C0104677,2025-04-22,562000,553000,6.901,30,344,3701.71,0.549,1008000,1
M0104678,C0104678,2022-07-27,731000,696000,5.182,30,311,4005.88,0.534,1304000,0
M0104679,C0104679,2021-12-03,500000,472000,7.199,30,303,3393.6,0.482,980000,0
M0104680,C0104680,2022-04-15,215000,204000,6.142,30,308,1308.73,0.554,368000,0
M0104681,C0104681,2021-02-05,212000,198000,3.433,30,293,944.06,0.571,347000,0
M0104682,C0104682,2021-09-20,474000,446000,5.83,30,301,2790.27,0.52,857000,0
M0104683,C0104683,2021-11-27,253000,239000,5.481,30,303,1433.49,0.494,484000,0
M0104684,C0104684,2023-10-24,213000,206000,6.582,30,326,1357.81,0.563,366000,1
M0104685,C0104685,2020-10-30,202000,188000,6.798,30,290,1316.62,0.737,255000,0
M0104686,C0104686,2020-05-11,834000,772000,4.431,30,284,4191.63,0.71,1088000,0
M0104687,C0104687,2021-01-28,260000,243000,6.497,30,293,1642.86,0.499,487000,0
M0104688,C0104688,2025-01-25,497000,488000,5.358,30,341,2777.79,0.603,809000,0
M0104689,C0104689,2019-11-13,431000,397000,4.72,30,279,2240.51,0.463,858000,0
M0104690,C0104690,2022-05-20,214000,203000,7.094,30,309,1437.28,0.672,302000,0
M0104691,C0104691,2022-12-26,334000,305000,4.976,15,136,2637.08,0.513,595000,0
M0104692,C0104692,2024-05-03,199000,188000,5.535,15,152,1629.69,0.605,311000,0
M0104693,C0104693,2025-03-11,676000,664000,5.418,30,342,3803.55,0.777,855000,0
M0104694,C0104694,2020-09-03,208000,193000,6.066,30,288,1255.9,0.609,317000,0
M0104695,C0104695,2022-06-27,393000,374000,6.952,30,310,2601.98,0.682,548000,0
M0104696,C0104696,2020-03-18,256000,237000,7.27,30,283,1749.85,0.559,424000,0
M0104697,C0104697,2021-01-27,206000,192000,6.495,30,293,1301.38,0.49,392000,0
M0104698,C0104698,2020-11-03,562000,524000,3.641,30,290,2568.07,0.467,1121000,0
M0104699,C0104699,2023-04-04,253000,243000,7.103,30,319,1700.75,0.577,421000,0
M0104700,C0104700,2023-06-14,131000,126000,6.161,30,322,799.02,0.494,255000,0
M0104701,C0104701,2023-01-02,405000,370000,6.707,15,136,3574.24,0.48,771000,0
M0104702,C0104702,2025-08-31,230000,227000,5.169,30,348,1258.55,0.707,321000,0
M0104703,C0104703,2021-04-11,355000,333000,5.486,30,295,2012.53,0.738,451000,0
M0104704,C0104704,2020-04-24,503000,466000,6.545,30,284,3194.2,0.489,953000,0
M0104705,C0104705,2025-08-06,392000,387000,7.713,30,347,2798.32,0.587,659000,0
M0104706,C0104706,2020-05-06,511000,435000,5.713,15,104,4233.28,0.465,936000,0
M0104707,C0104707,2021-10-03,171000,161000,4.127,30,301,828.95,0.544,296000,0
M0104708,C0104708,2022-05-18,597000,537000,6.156,15,129,5088.28,0.633,848000,0
M0104709,C0104709,2021-06-16,282000,248000,5.295,15,118,2273.61,0.554,448000,0
M0104710,C0104710,2025-07-27,161000,157000,4.339,15,167,1218.43,0.643,244000,0
M0104711,C0104711,2019-11-17,96000,88000,5.355,30,279,536.38,0.518,170000,0
M0104712,C0104712,2020-06-24,281000,261000,6.025,30,286,1689.26,0.719,363000,0
M0104713,C0104713,2021-04-27,221000,207000,6.658,30,296,1419.91,0.591,350000,0
M0104714,C0104714,2023-09-16,223000,215000,4.969,30,325,1192.89,0.672,320000,0
M0104715,C0104715,2024-11-29,387000,371000,5.016,15,159,3063.6,0.538,689000,0
M0104716,C0104716,2023-11-17,775000,750000,5.388,30,327,4346.06,0.605,1239000,0
M0104717,C0104717,2022-09-16,209000,199000,7.432,30,313,1451.64,0.536,371000,0
M0104718,C0104718,2019-10-12,343000,315000,6.976,30,278,2276.46,0.498,633000,0
M0104719,C0104719,2023-04-06,247000,237000,6.121,30,319,1500.16,0.525,451000,0
M0104720,C0104720,2021-04-28,200000,187000,6.08,30,296,1209.41,0.481,389000,0
M0104721,C0104721,2023-04-17,197000,189000,5.154,30,320,1076.16,0.724,261000,0
M0104722,C0104722,2025-04-27,745000,733000,6.349,30,344,4635.17,0.75,977000,0
M0104723,C0104723,2020-12-27,330000,308000,4.407,30,292,1653.88,0.655,470000,0
M0104724,C0104724,2023-09-02,298000,287000,6.027,30,324,1791.84,0.605,474000,0
M0104725,C0104725,2022-03-19,233000,221000,3.265,30,307,1015.95,0.583,379000,0
M0104726,C0104726,2023-09-12,339000,327000,3.696,30,325,1559.59,0.502,652000,0
M0104727,C0104727,2021-04-25,238000,223000,3.372,30,296,1051.79,0.47,474000,0
M0104728,C0104728,2020-10-22,860000,801000,7.57,30,290,6054.52,0.619,1293000,0
M0104729,C0104729,2021-03-23,372000,348000,5.326,30,295,2071.74,0.477,730000,0
M0104730,C0104730,2020-04-23,351000,299000,4.012,15,104,2598.42,0.591,506000,0
M0104731,C0104731,2021-07-27,347000,326000,8.0,30,299,2546.16,0.676,482000,0
M0104732,C0104732,2022-07-12,630000,599000,4.647,30,310,3247.38,0.538,1114000,0
M0104733,C0104733,2021-02-25,324000,303000,6.079,30,294,1959.03,0.61,497000,0
M0104734,C0104734,2021-08-07,258000,243000,4.638,30,299,1328.49,0.509,477000,0
M0104735,C0104735,2024-05-21,355000,336000,6.373,15,153,3067.7,0.491,685000,0
M0104736,C0104736,2023-12-08,487000,456000,5.484,15,147,3975.06,0.558,817000,0
M0104737,C0104737,2025-02-07,592000,570000,4.678,15,161,4582.8,0.506,1127000,0
M0104738,C0104738,2021-02-12,365000,341000,4.031,30,294,1749.1,0.628,543000,0
M0104739,C0104739,2024-09-23,368000,360000,4.72,30,337,1913.01,0.753,478000,0
M0104740,C0104740,2025-03-07,538000,528000,4.394,30,342,2692.19,0.591,894000,0
M0104741,C0104741,2020-11-05,84000,78000,3.562,30,290,380.11,0.47,166000,0
M0104742,C0104742,2025-05-25,343000,338000,6.308,30,345,2124.87,0.575,588000,0
M0104743,C0104743,2019-12-19,245000,207000,6.728,15,100,2165.04,0.47,440000,0
M0104744,C0104744,2024-05-15,337000,328000,4.751,30,333,1758.15,0.503,652000,0
M0104745,C0104745,2020-01-30,392000,362000,3.209,30,281,1697.2,0.503,719000,0
M0104746,C0104746,2021-10-04,611000,576000,5.899,30,301,3623.67,0.554,1040000,0
M0104747,C0104747,2025-08-14,164000,162000,5.671,30,348,948.84,0.531,305000,0
M0104748,C0104748,2021-01-06,229000,214000,4.4,30,292,1146.74,0.622,344000,0
M0104749,C0104749,2019-09-24,210000,193000,5.435,30,277,1183.81,0.545,354000,0
M0104750,C0104750,2020-02-27,242000,224000,2.8,30,282,994.36,0.484,463000,0
M0104751,C0104751,2020-05-19,165000,141000,5.509,15,105,1348.98,0.547,258000,0
M0104752,C0104752,2024-03-31,954000,927000,5.332,30,331,5316.58,0.52,1781000,0
M0104753,C0104753,2024-07-03,507000,494000,6.962,30,334,3360.15,0.542,911000,0
M0104754,C0104754,2023-10-30,222000,207000,5.779,15,146,1846.96,0.622,333000,0
M0104755,C0104755,2022-05-10,330000,297000,5.6,15,128,2713.92,0.518,573000,0
M0104756,C0104756,2021-01-13,264000,247000,7.661,30,293,1875.12,0.592,417000,0
M0104757,C0104757,2019-10-17,354000,325000,4.627,30,278,1820.48,0.607,535000,0
M0104758,C0104758,2022-10-23,223000,213000,3.854,30,314,1045.95,0.539,395000,0
M0104759,C0104759,2022-11-15,153000,146000,6.504,30,315,967.47,0.699,209000,0
M0104760,C0104760,2020-08-08,246000,229000,6.65,30,287,1579.23,0.534,429000,0
M0104761,C0104761,2019-12-24,654000,603000,6.676,30,280,4209.71,0.675,893000,0
M0104762,C0104762,2023-02-16,156000,150000,5.244,30,318,860.86,0.595,252000,0
M0104763,C0104763,2022-06-09,567000,539000,4.718,30,309,2946.81,0.522,1032000,0
M0104764,C0104764,2024-02-20,434000,421000,4.133,30,330,2105.4,0.555,759000,0
M0104765,C0104765,2023-08-19,268000,258000,4.524,30,324,1361.74,0.628,411000,0
M0104766,C0104766,2021-02-17,477000,446000,3.845,30,294,2234.85,0.589,757000,0
M0104767,C0104767,2024-09-25,364000,347000,5.016,15,157,2881.52,0.665,522000,0
M0104768,C0104768,2023-12-23,113000,109000,7.325,30,328,776.62,0.619,176000,0
M0104769,C0104769,2025-01-27,268000,263000,4.901,30,341,1422.51,0.509,517000,0
M0104770,C0104770,2024-03-05,272000,264000,5.641,30,330,1568.53,0.516,512000,0
M0104771,C0104771,2021-06-17,675000,634000,6.102,30,298,4091.34,0.71,893000,0
M0104772,C0104772,2020-07-21,268000,249000,5.103,30,287,1455.6,0.669,372000,0
M0104773,C0104773,2023-09-25,295000,285000,5.094,30,325,1600.61,0.756,377000,1
M0104774,C0104774,2020-04-24,183000,169000,6.914,30,284,1206.95,0.591,286000,0
M0104775,C0104775,2023-04-03,318000,305000,5.705,30,319,1846.68,0.513,595000,0
M0104776,C0104776,2024-02-07,181000,176000,6.742,30,329,1173.0,0.577,305000,0
M0104777,C0104777,2020-01-29,564000,520000,8.0,30,281,4138.43,0.646,805000,0
M0104778,C0104778,2022-08-13,266000,253000,4.543,30,312,1354.59,0.616,411000,0
M0104779,C0104779,2024-07-01,181000,176000,5.329,30,334,1008.36,0.736,239000,0
M0104780,C0104780,2024-05-14,605000,589000,5.316,30,333,3365.61,0.633,930000,0
M0104781,C0104781,2023-06-17,171000,165000,4.955,30,322,913.27,0.63,262000,0
M0104782,C0104782,2025-01-17,372000,365000,5.025,30,341,2002.66,0.676,540000,0
M0104783,C0104783,2020-03-30,156000,144000,7.043,30,283,1042.38,0.655,220000,0
M0104784,C0104784,2021-12-27,379000,358000,5.609,30,304,2177.91,0.669,535000,0
M0104785,C0104785,2020-01-22,559000,516000,8.0,30,281,4101.74,0.68,759000,0
M0104786,C0104786,2024-04-05,237000,230000,5.053,30,331,1279.96,0.717,321000,0
M0104787,C0104787,2020-11-18,182000,170000,7.157,30,291,1230.1,0.471,361000,0
M0104788,C0104788,2021-08-23,185000,174000,7.435,30,300,1285.32,0.54,322000,0
M0104789,C0104789,2023-05-26,319000,307000,5.409,30,321,1793.08,0.556,552000,0
M0104790,C0104790,2023-08-07,859000,828000,5.992,30,323,5145.72,0.624,1327000,0
M0104791,C0104791,2024-12-11,559000,548000,6.471,30,340,3522.61,0.713,769000,0
M0104792,C0104792,2020-11-26,588000,548000,4.887,30,291,3116.03,0.577,950000,0
M0104793,C0104793,2020-12-18,192000,179000,7.33,30,292,1320.21,0.609,294000,0
M0104794,C0104794,2022-05-03,567000,538000,4.608,30,308,2909.41,0.663,812000,0
M0104795,C0104795,2020-08-31,537000,499000,4.927,30,288,2858.82,0.511,977000,0
M0104796,C0104796,2021-12-23,382000,361000,4.939,30,304,2036.44,0.664,544000,0
M0104797,C0104797,2021-05-30,239000,210000,5.748,15,117,1984.42,0.491,428000,0
M0104798,C0104798,2019-09-20,533000,490000,5.861,30,277,3148.13,0.683,717000,0
M0104799,C0104799,2023-09-04,234000,226000,4.8,30,324,1227.72,0.595,380000,0
M0104800,C0104800,2021-10-11,455000,429000,5.376,30,301,2548.15,0.536,800000,0
M0104801,C0104801,2021-10-14,271000,240000,4.274,15,122,2041.97,0.501,479000,0
M0104802,C0104802,2020-04-02,200000,185000,6.781,30,283,1301.32,0.466,397000,0
M0104803,C0104803,2021-06-27,268000,235000,6.264,15,118,2299.94,0.552,426000,0
M0104804,C0104804,2024-02-06,877000,824000,5.118,15,149,6989.29,0.613,1345000,0
M0104805,C0104805,2020-05-17,183000,170000,5.289,30,285,1014.96,0.514,331000,0
M0104806,C0104806,2020-10-26,538000,501000,4.771,30,290,2813.28,0.718,698000,0
M0104807,C0104807,2024-11-11,499000,488000,4.478,30,339,2521.84,0.604,808000,0
M0104808,C0104808,2021-04-10,299000,280000,4.311,30,295,1481.6,0.492,569000,0
M0104809,C0104809,2024-02-12,249000,242000,4.482,30,330,1258.98,0.67,361000,0
M0104810,C0104810,2024-01-26,176000,171000,6.554,30,329,1118.7,0.598,286000,0
M0104811,C0104811,2023-04-11,624000,599000,6.639,30,319,4001.32,0.7,856000,0
M0104812,C0104812,2023-10-24,181000,175000,3.994,30,326,863.5,0.493,355000,0
M0104813,C0104813,2020-10-30,81000,75000,6.269,30,290,499.73,0.49,153000,0
M0104814,C0104814,2024-07-11,382000,372000,4.157,30,334,1858.47,0.534,697000,0
M0104815,C0104815,2020-05-03,167000,155000,6.341,30,284,1038.15,0.683,227000,0
M0104816,C0104816,2025-05-14,310000,305000,5.592,30,345,1778.08,0.604,505000,0
M0104817,C0104817,2024-01-11,167000,162000,4.927,30,329,889.06,0.686,236000,0
M0104818,C0104818,2022-12-25,245000,234000,5.99,30,316,1467.32,0.493,475000,0
M0104819,C0104819,2022-09-03,339000,323000,6.983,30,312,2251.51,0.489,660000,0
M0104820,C0104820,2020-05-23,375000,320000,3.438,15,105,2669.41,0.475,674000,0
M0104821,C0104821,2022-01-20,640000,605000,6.752,30,305,4151.88,0.542,1116000,0
M0104822,C0104822,2022-07-11,328000,312000,4.625,30,310,1686.38,0.664,470000,0
M0104823,C0104823,2024-09-14,346000,330000,7.066,15,157,3122.73,0.732,451000,0
M0104824,C0104824,2025-06-10,291000,287000,6.453,30,345,1830.33,0.525,547000,0
M0104825,C0104825,2020-12-11,520000,450000,4.267,15,112,3916.32,0.606,743000,0
M0104826,C0104826,2022-03-31,186000,176000,4.86,30,307,982.63,0.652,270000,0
M0104827,C0104827,2022-11-15,263000,251000,6.028,30,315,1581.56,0.662,379000,1
M0104828,C0104828,2022-09-04,328000,313000,6.542,30,312,2082.25,0.631,496000,0
M0104829,C0104829,2020-05-01,208000,193000,6.024,30,284,1250.28,0.621,311000,0
M0104830,C0104830,2022-12-15,659000,630000,5.929,30,316,3921.01,0.663,950000,0
M0104831,C0104831,2022-05-30,384000,365000,4.797,30,309,2014.02,0.706,517000,0
M0104832,C0104832,2022-08-10,178000,161000,5.537,15,131,1457.91,0.494,326000,0
M0104833,C0104833,2020-09-13,402000,374000,5.419,30,289,2262.12,0.475,787000,0
M0104834,C0104834,2024-05-08,631000,614000,3.849,30,332,2957.82,0.714,860000,0
M0104835,C0104835,2025-05-27,229000,226000,5.869,30,345,1353.74,0.587,385000,0
M0104836,C0104836,2019-12-14,647000,596000,5.096,30,280,3511.29,0.583,1022000,0
M0104837,C0104837,2023-01-24,373000,341000,7.014,15,137,3355.55,0.576,592000,0
M0104838,C0104838,2022-03-28,363000,344000,6.787,30,307,2363.35,0.522,659000,0
M0104839,C0104839,2023-03-09,597000,573000,5.703,30,318,3466.13,0.529,1084000,0
M0104840,C0104840,2023-12-07,363000,340000,6.715,15,147,3205.18,0.722,471000,0
M0104841,C0104841,2024-07-14,398000,378000,6.177,15,155,3396.73,0.495,764000,0
M0104842,C0104842,2021-08-19,343000,323000,5.475,30,300,1942.14,0.748,432000,0
M0104843,C0104843,2022-05-01,136000,129000,3.943,30,308,644.82,0.6,215000,0
M0104844,C0104844,2021-12-13,403000,381000,5.324,30,304,2243.89,0.716,532000,0
M0104845,C0104845,2021-03-13,372000,348000,5.133,30,295,2027.32,0.535,651000,0
M0104846,C0104846,2023-11-25,271000,262000,5.378,30,327,1518.03,0.619,423000,0
M0104847,C0104847,2022-09-27,92000,88000,5.248,30,313,507.91,0.704,125000,0
M0104848,C0104848,2022-02-05,447000,399000,6.714,15,125,3946.63,0.594,672000,0
M0104849,C0104849,2020-09-16,213000,198000,6.835,30,289,1393.57,0.643,308000,0
M0104850,C0104850,2025-02-10,187000,184000,4.963,30,342,999.63,0.566,325000,0
M0104851,C0104851,2023-12-10,178000,172000,4.043,30,327,854.22,0.551,312000,0
M0104852,C0104852,2024-07-07,123000,120000,4.432,30,334,618.26,0.588,204000,0
M0104853,C0104853,2023-11-28,413000,400000,6.866,30,327,2710.63,0.528,758000,0
M0104854,C0104854,2020-02-03,1064000,982000,6.553,30,281,6762.33,0.728,1348000,0
M0104855,C0104855,2024-09-11,245000,239000,4.246,30,337,1204.68,0.56,427000,0
M0104856,C0104856,2021-03-14,494000,462000,3.886,30,295,2326.08,0.538,859000,0
M0104857,C0104857,2020-12-29,313000,271000,4.85,15,112,2450.8,0.542,500000,0
M0104858,C0104858,2021-03-26,376000,352000,7.475,30,295,2622.61,0.499,706000,0
M0104859,C0104859,2024-10-22,317000,303000,5.961,15,158,2668.35,0.732,414000,0
M0104860,C0104860,2025-03-14,485000,477000,5.24,30,343,2675.18,0.54,883000,0
M0104861,C0104861,2024-10-19,179000,175000,5.362,30,338,1000.9,0.658,266000,0
M0104862,C0104862,2020-09-06,344000,320000,3.431,30,288,1531.49,0.731,438000,0
M0104863,C0104863,2025-08-27,578000,571000,5.179,30,348,3166.37,0.779,733000,0
M0104864,C0104864,2021-05-17,465000,436000,6.864,30,297,3051.3,0.654,667000,0
M0104865,C0104865,2023-05-15,386000,371000,5.066,30,321,2087.73,0.569,652000,0
M0104866,C0104866,2020-01-05,344000,317000,5.231,30,280,1895.53,0.538,589000,0
M0104867,C0104867,2023-01-29,274000,251000,5.862,15,137,2291.79,0.686,366000,0
M0104868,C0104868,2022-12-08,275000,263000,4.264,30,315,1355.09,0.651,404000,0
M0104869,C0104869,2022-12-29,151000,144000,5.866,30,316,892.35,0.72,200000,0
M0104870,C0104870,2020-11-08,422000,393000,4.589,30,290,2160.59,0.496,792000,0
M0104871,C0104871,2021-02-07,648000,606000,4.951,30,293,3459.22,0.495,1225000,0
M0104872,C0104872,2019-12-14,380000,350000,5.084,30,280,2059.47,0.657,533000,0
M0104873,C0104873,2023-03-18,330000,317000,5.085,30,319,1788.69,0.499,635000,0
M0104874,C0104874,2020-08-27,442000,411000,5.612,30,288,2540.77,0.709,580000,0
M0104875,C0104875,2025-09-02,114000,113000,5.419,30,348,641.5,0.598,189000,0
M0104876,C0104876,2021-12-25,254000,226000,5.3,15,124,2048.53,0.498,454000,0
M0104877,C0104877,2022-01-16,316000,299000,5.634,30,305,1820.87,0.61,490000,0
M0104878,C0104878,2025-05-23,140000,136000,4.501,15,165,1071.06,0.735,185000,0
M0104879,C0104879,2024-09-02,355000,347000,3.126,30,336,1520.93,0.536,647000,0
M0104880,C0104880,2019-11-08,130000,120000,5.491,30,278,737.39,0.502,239000,0
M0104881,C0104881,2025-07-19,463000,457000,4.744,30,347,2413.55,0.66,692000,0
M0104882,C0104882,2022-08-30,367000,350000,6.0,30,312,2200.35,0.753,465000,0
M0104883,C0104883,2021-01-13,298000,278000,4.893,30,293,1580.3,0.481,578000,0
M0104884,C0104884,2019-10-21,480000,441000,3.412,30,278,2131.91,0.701,629000,0
M0104885,C0104885,2024-03-22,353000,343000,5.368,30,331,1975.16,0.671,511000,0
M0104886,C0104886,2021-12-13,416000,393000,6.657,30,304,2672.5,0.599,656000,0
M0104887,C0104887,2021-03-02,378000,354000,5.844,30,294,2228.53,0.591,599000,0
M0104888,C0104888,2020-04-10,213000,197000,3.937,30,283,1009.17,0.563,350000,0
M0104889,C0104889,2021-11-06,718000,677000,4.812,30,302,3772.31,0.67,1011000,0
M0104890,C0104890,2024-04-19,611000,594000,4.954,30,332,3262.82,0.631,942000,0
M0104891,C0104891,2020-05-26,406000,376000,5.298,30,285,2254.03,0.475,791000,0
M0104892,C0104892,2020-01-14,353000,326000,4.854,30,281,1863.61,0.482,676000,0
M0104893,C0104893,2023-07-20,477000,442000,3.568,15,143,3425.94,0.703,629000,0
M0104894,C0104894,2022-09-22,615000,587000,5.349,30,313,3433.86,0.52,1129000,0
M0104895,C0104895,2021-10-19,849000,801000,7.076,30,302,5691.82,0.567,1412000,0
M0104896,C0104896,2020-09-17,250000,215000,4.781,15,109,1948.58,0.674,319000,0
M0104897,C0104897,2022-04-16,553000,496000,4.132,15,128,4127.15,0.487,1018000,0
M0104898,C0104898,2021-03-16,314000,274000,7.067,15,115,2834.1,0.639,429000,0
M0104899,C0104899,2021-01-01,147000,137000,7.613,30,292,1039.24,0.649,211000,0
M0104900,C0104900,2024-06-14,498000,485000,5.051,30,334,2688.92,0.745,651000,0
M0104901,C0104901,2023-09-21,683000,659000,5.761,30,325,3990.58,0.529,1246000,0
M0104902,C0104902,2020-08-19,533000,495000,5.743,30,288,3108.07,0.522,949000,0
M0104903,C0104903,2022-02-07,301000,285000,6.478,30,305,1898.17,0.504,565000,0
M0104904,C0104904,2024-06-30,398000,388000,4.271,30,334,1962.82,0.598,649000,0
M0104905,C0104905,2022-06-15,465000,442000,5.467,30,310,2630.6,0.604,732000,0
M0104906,C0104906,2024-06-05,436000,424000,4.301,30,333,2157.9,0.585,725000,0
M0104907,C0104907,2025-06-08,606000,597000,5.88,30,345,3586.66,0.784,761000,0
M0104908,C0104908,2022-12-10,525000,502000,7.164,30,315,3550.85,0.522,962000,0
M0104909,C0104909,2025-06-29,245000,242000,5.867,30,346,1448.02,0.528,458000,0
M0104910,C0104910,2019-12-23,332000,306000,4.565,30,280,1695.04,0.712,430000,0
M0104911,C0104911,2020-04-13,255000,217000,6.595,15,104,2234.66,0.44,493000,0
M0104912,C0104912,2024-05-23,355000,345000,4.828,30,333,1868.57,0.624,553000,0
M0104913,C0104913,2021-11-08,129000,122000,6.021,30,302,775.16,0.663,184000,0
M0104914,C0104914,2023-05-19,860000,827000,4.646,30,321,4432.42,0.752,1100000,0
M0104915,C0104915,2022-01-08,222000,210000,4.039,30,304,1064.86,0.476,441000,0
M0104916,C0104916,2022-07-26,254000,242000,4.664,30,311,1311.85,0.545,444000,0
M0104917,C0104917,2021-03-29,342000,320000,2.8,30,295,1405.26,0.546,586000,1
M0104918,C0104918,2021-02-25,165000,144000,4.308,15,114,1246.11,0.643,224000,0
M0104919,C0104919,2025-08-08,277000,273000,7.855,30,347,2004.6,0.532,513000,0
M0104920,C0104920,2020-08-16,357000,332000,2.8,30,288,1466.89,0.55,604000,0
M0104921,C0104921,2024-04-21,747000,726000,3.772,30,332,3468.81,0.641,1133000,0
M0104922,C0104922,2021-11-20,352000,332000,7.416,30,303,2441.02,0.549,605000,0
M0104923,C0104923,2021-10-19,268000,253000,4.445,30,302,1349.17,0.697,363000,0
M0104924,C0104924,2021-11-24,187000,177000,5.056,30,303,1010.27,0.604,293000,0
M0104925,C0104925,2021-05-22,955000,896000,5.483,30,297,5412.2,0.686,1306000,0
M0104926,C0104926,2024-11-30,341000,334000,3.687,30,339,1567.06,0.732,456000,0
M0104927,C0104927,2021-12-03,342000,323000,6.648,30,303,2195.07,0.473,683000,0
M0104928,C0104928,2023-06-12,165000,152000,5.367,15,142,1336.57,0.628,242000,0
M0104929,C0104929,2023-03-26,426000,409000,4.802,30,319,2235.59,0.763,536000,0
M0104930,C0104930,2024-10-24,244000,239000,6.538,30,338,1548.35,0.693,345000,0
M0104931,C0104931,2022-03-02,684000,648000,4.036,30,306,3279.73,0.621,1043000,0
M0104932,C0104932,2023-10-04,413000,399000,5.542,30,325,2355.86,0.767,520000,0
M0104933,C0104933,2021-07-02,349000,328000,4.384,30,298,1744.36,0.546,601000,0
M0104934,C0104934,2022-11-04,169000,161000,4.119,30,314,818.47,0.581,277000,0
M0104935,C0104935,2023-04-05,312000,299000,7.703,30,319,2225.08,0.636,470000,0
M0104936,C0104936,2022-08-22,295000,267000,5.639,15,132,2432.21,0.473,565000,0
M0104937,C0104937,2022-04-25,349000,313000,6.542,15,128,3048.23,0.626,500000,0
M0104938,C0104938,2021-08-20,122000,115000,4.928,30,300,649.56,0.714,161000,0
M0104939,C0104939,2025-03-23,208000,204000,4.368,30,343,1037.65,0.739,276000,0
M0104940,C0104940,2020-11-22,256000,239000,2.8,30,291,1051.89,0.506,472000,0
M0104941,C0104941,2024-09-05,421000,411000,5.151,30,336,2299.03,0.648,634000,0
M0104942,C0104942,2024-04-21,125000,122000,3.676,30,332,573.66,0.506,241000,0
M0104943,C0104943,2021-01-24,654000,568000,5.604,15,113,5379.89,0.663,857000,0
M0104944,C0104944,2025-09-03,610000,603000,4.078,30,348,2939.73,0.597,1010000,0
M0104945,C0104945,2023-06-02,199000,191000,6.015,30,321,1195.03,0.654,292000,0
M0104946,C0104946,2021-09-18,1126000,1061000,7.764,30,301,8077.7,0.482,2202000,0
M0104947,C0104947,2021-01-12,369000,345000,8.0,30,293,2707.59,0.582,593000,0
M0104948,C0104948,2020-05-04,310000,264000,5.853,15,104,2591.4,0.585,451000,0
M0104949,C0104949,2021-08-27,441000,389000,5.488,15,120,3600.53,0.692,562000,0
M0104950,C0104950,2024-04-18,404000,393000,4.729,30,332,2102.34,0.602,653000,0
M0104951,C0104951,2023-07-10,348000,335000,4.64,30,322,1792.33,0.705,475000,0
M0104952,C0104952,2025-07-23,191000,188000,4.49,30,347,966.63,0.755,249000,0
M0104953,C0104953,2021-01-27,263000,246000,7.131,30,293,1772.94,0.687,358000,1
M0104954,C0104954,2025-08-27,392000,387000,5.069,30,348,2120.9,0.601,644000,0
M0104955,C0104955,2024-12-09,497000,487000,7.876,30,339,3603.94,0.683,713000,0
M0104956,C0104956,2019-11-12,673000,619000,4.478,30,279,3401.2,0.587,1055000,0
M0104957,C0104957,2024-09-25,261000,255000,5.345,30,337,1456.65,0.594,429000,0
M0104958,C0104958,2023-12-29,341000,330000,4.105,30,328,1648.7,0.752,439000,0
M0104959,C0104959,2023-03-30,236000,217000,6.086,15,139,2002.48,0.551,394000,0
M0104960,C0104960,2024-11-14,566000,554000,5.277,30,339,3134.94,0.617,898000,0
M0104961,C0104961,2021-10-06,281000,265000,5.463,30,301,1588.97,0.566,468000,0
M0104962,C0104962,2023-10-31,244000,236000,5.159,30,326,1333.66,0.545,433000,0
M0104963,C0104963,2023-11-29,338000,327000,6.112,30,327,2050.88,0.542,603000,0
M0104964,C0104964,2022-04-05,142000,135000,6.238,30,307,873.21,0.536,252000,0
M0104965,C0104965,2023-10-05,430000,401000,6.414,15,145,3725.46,0.714,562000,0
M0104966,C0104966,2024-05-23,281000,273000,4.465,30,333,1417.95,0.504,542000,0
M0104967,C0104967,2020-07-12,1308000,1214000,5.853,30,287,7718.93,0.5,2430000,0
M0104968,C0104968,2022-03-21,241000,228000,4.953,30,307,1286.83,0.496,460000,0
M0104969,C0104969,2020-04-20,287000,266000,6.961,30,284,1901.91,0.672,396000,0
M0104970,C0104970,2023-07-20,545000,525000,5.772,30,323,3188.09,0.57,921000,0
M0104971,C0104971,2020-03-23,485000,448000,5.83,30,283,2855.02,0.474,945000,0
M0104972,C0104972,2020-05-14,550000,509000,5.196,30,285,3018.75,0.475,1072000,0
M0104973,C0104973,2025-07-25,285000,281000,4.605,30,347,1461.89,0.644,436000,0
M0104974,C0104974,2024-12-09,185000,181000,5.581,30,339,1059.83,0.517,350000,0
M0104975,C0104975,2020-11-28,1244000,1160000,6.847,30,291,8148.93,0.584,1987000,1
M0104976,C0104976,2023-12-03,424000,410000,4.654,30,327,2187.32,0.737,556000,0
M0104977,C0104977,2021-02-16,367000,343000,6.952,30,294,2429.84,0.472,727000,0
M0104978,C0104978,2023-02-05,490000,469000,6.126,30,317,2977.61,0.646,726000,0
M0104979,C0104979,2024-02-24,171000,161000,3.267,15,150,1202.98,0.641,251000,0
M0104980,C0104980,2024-05-21,261000,254000,4.493,30,333,1321.36,0.506,502000,0
M0104981,C0104981,2024-05-03,195000,184000,8.0,15,152,1863.52,0.521,353000,0
M0104982,C0104982,2021-09-18,356000,335000,5.366,30,301,1991.5,0.618,542000,0
M0104983,C0104983,2025-06-27,165000,163000,4.506,30,346,836.62,0.534,305000,0
M0104984,C0104984,2024-07-25,459000,448000,4.541,30,335,2336.88,0.771,581000,0
M0104985,C0104985,2020-10-07,592000,551000,5.35,30,289,3305.81,0.552,998000,0
M0104986,C0104986,2023-10-13,582000,562000,6.51,30,326,3682.46,0.664,846000,0
M0104987,C0104987,2022-01-20,408000,386000,5.129,30,305,2222.51,0.568,680000,0
M0104988,C0104988,2023-11-26,361000,337000,4.647,15,147,2788.82,0.623,541000,0
M0104989,C0104989,2025-08-08,266000,263000,3.008,30,347,1122.61,0.553,476000,0
M0104990,C0104990,2023-01-04,410000,392000,4.499,30,316,2077.17,0.554,708000,0
M0104991,C0104991,2024-05-06,310000,302000,4.732,30,332,1613.75,0.544,555000,0
M0104992,C0104992,2021-04-13,129000,121000,5.854,30,296,761.35,0.526,230000,0
M0104993,C0104993,2020-09-18,241000,224000,5.946,30,289,1436.56,0.514,436000,0
M0104994,C0104994,2020-05-29,487000,451000,7.083,30,285,3267.22,0.466,968000,0
M0104995,C0104995,2022-02-01,187000,177000,4.191,30,305,913.48,0.598,296000,0
M0104996,C0104996,2025-03-19,185000,182000,5.647,30,343,1067.54,0.542,336000,0
M0104997,C0104997,2020-07-25,297000,276000,5.677,30,287,1719.46,0.656,421000,0
M0104998,C0104998,2020-08-19,111000,103000,4.4,30,288,555.84,0.47,219000,0
M0104999,C0104999,2024-10-25,472000,462000,6.504,30,338,2984.6,0.519,891000,0
M0105000,C0105000,2023-04-03,452000,434000,7.375,30,319,3121.85,0.726,598000,0
M0105001,C0105001,2019-12-26,526000,485000,5.526,30,280,2995.16,0.498,973000,0
M0105002,C0105002,2020-11-08,366000,341000,4.975,30,290,1959.18,0.552,618000,0
M0105003,C0105003,2024-06-14,214000,203000,7.143,15,154,1940.64,0.611,332000,0
M0105004,C0105004,2021-12-08,177000,167000,5.98,30,303,1058.93,0.708,236000,0
M0105005,C0105005,2023-11-17,432000,418000,4.163,30,327,2103.24,0.563,742000,0
M0105006,C0105006,2020-06-28,469000,435000,5.287,30,286,2600.59,0.565,770000,0
M0105007,C0105007,2020-02-22,188000,174000,5.102,30,282,1020.98,0.493,353000,0
M0105008,C0105008,2021-01-02,175000,163000,4.57,30,292,893.99,0.601,271000,0
M0105009,C0105009,2023-10-27,325000,314000,4.621,30,326,1670.18,0.589,533000,0
M0105010,C0105010,2023-05-02,351000,323000,4.764,15,140,2732.73,0.585,552000,0
M0105011,C0105011,2022-02-16,523000,495000,6.392,30,306,3268.66,0.723,685000,0
M0105012,C0105012,2020-01-05,456000,420000,5.176,30,280,2497.19,0.577,728000,0
M0105013,C0105013,2023-08-20,315000,304000,5.595,30,324,1807.36,0.49,620000,0
M0105014,C0105014,2022-05-14,550000,522000,6.564,30,309,3499.56,0.752,694000,0
M0105015,C0105015,2021-04-06,275000,258000,5.171,30,295,1505.13,0.521,495000,0
M0105016,C0105016,2023-06-19,281000,270000,4.177,30,322,1370.37,0.614,440000,0
M0105017,C0105017,2023-10-31,501000,484000,6.539,30,326,3179.52,0.698,693000,0
M0105018,C0105018,2023-05-09,529000,488000,5.082,15,140,4205.93,0.524,932000,0
M0105019,C0105019,2023-01-19,536000,490000,7.46,15,137,4956.61,0.599,818000,0
M0105020,C0105020,2025-02-19,300000,295000,6.61,30,342,1917.96,0.493,598000,0
M0105021,C0105021,2025-03-12,340000,334000,6.082,30,342,2056.43,0.6,557000,0
M0105022,C0105022,2021-07-03,213000,200000,5.749,30,298,1242.87,0.602,332000,0
M0105023,C0105023,2020-03-05,514000,436000,6.735,15,102,4544.16,0.43,1014000,0
M0105024,C0105024,2020-11-12,244000,227000,5.774,30,291,1427.64,0.636,357000,0
M0105025,C0105025,2020-04-06,121000,112000,3.111,30,283,517.41,0.469,239000,0
M0105026,C0105026,2020-09-02,263000,245000,5.388,30,288,1474.86,0.508,482000,0
M0105027,C0105027,2020-11-15,214000,199000,6.129,30,291,1300.84,0.561,355000,0
M0105028,C0105028,2025-05-07,85000,84000,4.395,30,344,425.4,0.646,130000,0
M0105029,C0105029,2020-06-17,246000,228000,8.0,30,286,1805.06,0.712,320000,0
M0105030,C0105030,2023-01-06,485000,464000,5.339,30,316,2704.99,0.489,949000,0
M0105031,C0105031,2022-01-30,403000,381000,6.118,30,305,2446.85,0.547,696000,0
M0105032,C0105032,2020-05-12,403000,373000,6.789,30,285,2624.31,0.563,662000,0
M0105033,C0105033,2025-03-08,669000,657000,6.165,30,342,4082.24,0.564,1164000,0
M0105034,C0105034,2024-03-05,245000,238000,5.383,30,330,1373.15,0.507,469000,0
M0105035,C0105035,2025-04-10,185000,182000,5.941,30,343,1102.16,0.667,273000,0
M0105036,C0105036,2023-03-07,420000,403000,5.287,30,318,2328.89,0.586,688000,0
M0105037,C0105037,2020-12-25,392000,366000,5.396,30,292,2200.22,0.501,730000,0
M0105038,C0105038,2022-09-30,174000,166000,4.238,30,313,854.75,0.498,333000,0
M0105039,C0105039,2022-08-06,300000,286000,5.214,30,311,1649.93,0.535,535000,1
M0105040,C0105040,2024-04-17,429000,417000,4.177,30,332,2092.13,0.575,725000,0
M0105041,C0105041,2024-01-14,376000,364000,5.495,30,329,2133.71,0.628,580000,0
M0105042,C0105042,2022-05-10,473000,449000,5.052,30,308,2554.22,0.662,678000,0
M0105043,C0105043,2025-06-21,234000,227000,6.052,15,166,1981.2,0.56,405000,0
M0105044,C0105044,2023-01-14,161000,154000,3.855,30,317,755.24,0.537,287000,0
M0105045,C0105045,2019-10-18,208000,191000,4.479,30,278,1051.31,0.57,335000,0
M0105046,C0105046,2022-04-12,505000,479000,4.488,30,308,2555.16,0.484,990000,0
M0105047,C0105047,2025-02-12,550000,540000,5.484,30,342,3117.32,0.718,752000,0
M0105048,C0105048,2023-03-09,301000,289000,5.23,30,318,1658.41,0.586,493000,0
M0105049,C0105049,2023-07-07,698000,672000,6.706,30,322,4506.82,0.549,1225000,0
M0105050,C0105050,2021-07-02,302000,284000,5.546,30,298,1723.45,0.481,591000,0
M0105051,C0105051,2021-08-14,254000,239000,5.5,30,300,1442.18,0.651,367000,0
M0105052,C0105052,2019-10-30,162000,149000,4.339,30,278,805.41,0.642,232000,0
M0105053,C0105053,2021-12-17,316000,299000,5.182,30,304,1731.68,0.586,510000,0
M0105054,C0105054,2024-04-12,557000,526000,4.032,15,152,4129.0,0.531,990000,0
M0105055,C0105055,2024-12-09,618000,605000,6.043,30,339,3722.32,0.659,918000,0
M0105056,C0105056,2024-10-01,559000,546000,6.414,30,337,3501.7,0.599,912000,0
M0105057,C0105057,2021-12-23,421000,398000,3.842,30,304,1971.76,0.702,567000,0
M0105058,C0105058,2022-02-11,728000,689000,5.549,30,306,4155.91,0.486,1418000,0
M0105059,C0105059,2023-09-06,202000,195000,5.385,30,324,1132.4,0.691,282000,0
M0105060,C0105060,2021-04-12,593000,518000,6.825,15,116,5272.2,0.607,854000,0
M0105061,C0105061,2024-09-03,377000,368000,4.4,30,336,1887.87,0.623,591000,0
M0105062,C0105062,2021-05-31,364000,342000,4.664,30,297,1879.97,0.694,493000,0
M0105063,C0105063,2021-12-30,161000,143000,5.79,15,124,1340.41,0.451,317000,0
M0105064,C0105064,2024-08-23,389000,380000,4.963,30,336,2079.45,0.561,677000,0
M0105065,C0105065,2020-04-19,584000,540000,5.021,30,284,3142.54,0.53,1019000,0
M0105066,C0105066,2020-06-26,113000,105000,5.001,30,286,606.68,0.665,158000,0
M0105067,C0105067,2021-03-11,488000,457000,6.075,30,294,2949.38,0.622,735000,0
M0105068,C0105068,2021-09-17,105000,99000,6.75,30,301,681.03,0.678,146000,0
M0105069,C0105069,2024-09-21,161000,157000,5.409,30,337,904.97,0.744,211000,0
M0105070,C0105070,2019-11-24,313000,263000,5.202,15,99,2508.24,0.535,492000,0
M0105071,C0105071,2024-08-26,723000,706000,6.231,30,336,4442.7,0.612,1153000,0
M0105072,C0105072,2020-11-10,307000,286000,5.727,30,290,1787.09,0.531,539000,0
M0105073,C0105073,2022-11-19,415000,397000,5.675,30,315,2402.09,0.605,656000,0
M0105074,C0105074,2021-09-07,208000,196000,6.747,30,300,1348.67,0.473,414000,0
M0105075,C0105075,2025-07-27,297000,289000,4.327,15,167,2245.86,0.602,480000,0
M0105076,C0105076,2023-10-19,319000,308000,5.21,30,326,1753.63,0.609,506000,0
M0105077,C0105077,2025-07-28,740000,730000,4.421,30,347,3714.82,0.68,1073000,0
M0105078,C0105078,2021-05-01,226000,212000,4.91,30,296,1200.82,0.548,387000,0
M0105079,C0105079,2024-03-09,236000,229000,4.098,30,330,1140.07,0.522,439000,0
M0105080,C0105080,2023-10-23,562000,543000,5.084,30,326,3045.85,0.489,1110000,0
M0105081,C0105081,2025-01-21,290000,284000,5.907,30,341,1721.4,0.721,394000,0
M0105082,C0105082,2024-11-26,347000,340000,2.8,30,339,1425.8,0.771,441000,0
M0105083,C0105083,2022-06-02,407000,387000,5.141,30,309,2220.07,0.48,807000,0
M0105084,C0105084,2023-08-23,238000,221000,5.401,15,144,1932.18,0.594,372000,0
M0105085,C0105085,2025-06-08,117000,115000,5.197,30,345,642.24,0.561,205000,0
M0105086,C0105086,2020-08-31,561000,522000,3.657,30,288,2568.56,0.474,1101000,0
M0105087,C0105087,2024-03-27,347000,337000,6.551,30,331,2204.93,0.766,440000,0
M0105088,C0105088,2025-06-10,173000,170000,6.537,30,345,1097.69,0.711,239000,0
M0105089,C0105089,2025-05-07,484000,476000,6.758,30,344,3141.79,0.533,893000,1
M0105090,C0105090,2023-04-06,895000,859000,4.886,30,319,4742.39,0.545,1576000,0
M0105091,C0105091,2022-07-08,595000,566000,5.69,30,310,3449.61,0.6,943000,0
M0105092,C0105092,2024-12-05,928000,890000,4.697,15,159,7192.93,0.487,1828000,0
M0105093,C0105093,2023-08-01,177000,171000,4.32,30,323,878.0,0.553,309000,0
M0105094,C0105094,2023-08-13,371000,358000,4.263,30,324,1827.92,0.758,472000,1
M0105095,C0105095,2025-03-14,391000,384000,5.721,30,343,2274.57,0.74,519000,0
M0105096,C0105096,2021-10-19,309000,291000,6.42,30,302,1936.86,0.492,591000,0
M0105097,C0105097,2023-07-28,278000,268000,6.915,30,323,1833.7,0.49,547000,0
M0105098,C0105098,2021-06-29,80000,75000,5.446,30,298,451.52,0.652,115000,0
M0105099,C0105099,2025-09-10,764000,755000,4.75,30,348,3985.39,0.697,1083000,0
M0105100,C0105100,2025-06-29,146000,144000,5.394,30,346,819.29,0.77,187000,0
M0105101,C0105101,2020-09-30,515000,479000,6.568,30,289,3278.22,0.696,688000,0
M0105102,C0105102,2023-09-29,330000,307000,7.285,15,145,3018.96,0.65,472000,0
M0105103,C0105103,2023-07-08,323000,311000,6.795,30,322,2104.64,0.498,624000,0
M0105104,C0105104,2023-03-11,296000,284000,6.687,30,318,1907.47,0.71,400000,1
M0105105,C0105105,2021-09-14,362000,341000,6.998,30,301,2407.91,0.721,473000,0
M0105106,C0105106,2021-06-06,452000,424000,5.581,30,297,2589.42,0.473,897000,0
M0105107,C0105107,2021-06-12,527000,495000,5.81,30,298,3095.55,0.705,702000,0
M0105108,C0105108,2020-06-18,308000,286000,6.666,30,286,1980.51,0.675,424000,0
M0105109,C0105109,2022-05-15,179000,170000,6.066,30,309,1080.8,0.576,295000,0
M0105110,C0105110,2024-03-10,176000,171000,6.454,30,330,1107.12,0.668,256000,0
M0105111,C0105111,2022-03-02,551000,522000,4.831,30,306,2901.24,0.606,861000,0
M0105112,C0105112,2023-12-13,286000,277000,7.038,30,328,1910.07,0.62,447000,0
M0105113,C0105113,2023-02-16,196000,188000,4.951,30,318,1046.31,0.571,329000,0
M0105114,C0105114,2025-07-12,226000,223000,6.723,30,347,1461.78,0.78,286000,0
M0105115,C0105115,2023-04-03,313000,288000,5.402,15,139,2541.22,0.495,582000,0
M0105116,C0105116,2022-02-07,173000,164000,4.913,30,305,919.52,0.626,262000,0
M0105117,C0105117,2023-11-11,323000,312000,3.307,30,326,1415.84,0.484,645000,0
M0105118,C0105118,2025-01-16,613000,601000,5.26,30,341,3388.81,0.518,1160000,1
M0105119,C0105119,2025-04-08,309000,304000,4.128,30,343,1498.11,0.779,390000,0
M0105120,C0105120,2024-12-26,135000,130000,4.485,15,160,1031.71,0.512,254000,0
M0105121,C0105121,2023-08-08,506000,488000,6.06,30,323,3053.27,0.688,709000,0
M0105122,C0105122,2019-09-24,571000,525000,3.83,30,277,2670.38,0.735,714000,0
M0105123,C0105123,2022-12-04,586000,560000,6.853,30,315,3840.99,0.745,752000,0
M0105124,C0105124,2020-03-31,338000,313000,8.0,30,283,2480.12,0.489,640000,0
M0105125,C0105125,2024-11-23,1052000,1008000,4.969,15,159,8302.17,0.633,1593000,0
M0105126,C0105126,2019-11-15,474000,436000,6.825,30,279,3098.02,0.614,710000,0
M0105127,C0105127,2020-04-02,1461000,1351000,3.963,30,283,6943.91,0.499,2707000,0
M0105128,C0105128,2025-03-04,644000,633000,5.94,30,342,3836.3,0.493,1285000,0
M0105129,C0105129,2025-08-24,597000,582000,5.891,15,168,5002.74,0.507,1149000,0
M0105130,C0105130,2021-11-03,240000,226000,8.0,30,302,1761.03,0.478,473000,0
M0105131,C0105131,2024-05-09,204000,198000,5.091,30,332,1106.49,0.736,269000,0
M0105132,C0105132,2021-11-08,347000,327000,6.008,30,302,2082.23,0.606,540000,0
M0105133,C0105133,2021-08-15,298000,280000,5.297,30,300,1654.25,0.656,427000,0
M0105134,C0105134,2025-04-25,250000,246000,5.091,30,344,1355.99,0.575,428000,0
M0105135,C0105135,2020-10-04,307000,286000,5.348,30,289,1713.95,0.471,607000,0
M0105136,C0105136,2020-07-02,297000,276000,5.292,30,286,1647.78,0.471,586000,0
M0105137,C0105137,2022-11-09,238000,217000,4.803,15,134,1857.76,0.522,416000,0
M0105138,C0105138,2020-02-13,455000,420000,5.795,30,282,2668.28,0.504,833000,1
M0105139,C0105139,2022-03-02,225000,213000,4.515,30,306,1142.05,0.497,429000,0
M0105140,C0105140,2021-04-26,321000,301000,5.061,30,296,1735.18,0.594,507000,0
M0105141,C0105141,2024-01-23,179000,173000,7.614,30,329,1265.6,0.581,298000,0
M0105142,C0105142,2021-11-26,345000,326000,5.373,30,303,1931.47,0.495,658000,0
M0105143,C0105143,2019-12-23,362000,334000,6.475,30,280,2282.14,0.597,559000,0
M0105144,C0105144,2021-01-16,203000,190000,5.416,30,293,1141.94,0.611,311000,0
M0105145,C0105145,2021-11-01,340000,321000,6.345,30,302,2114.49,0.503,638000,0
M0105146,C0105146,2023-04-06,312000,300000,5.308,30,319,1734.1,0.505,594000,0
M0105147,C0105147,2024-11-28,260000,255000,2.8,30,339,1068.33,0.539,473000,0
M0105148,C0105148,2023-08-24,262000,253000,5.466,30,324,1482.02,0.604,419000,0
M0105149,C0105149,2021-04-13,410000,358000,4.398,15,116,3115.14,0.56,639000,0
M0105150,C0105150,2022-07-16,332000,300000,5.17,15,131,2654.93,0.676,444000,0
M0105151,C0105151,2024-12-06,529000,518000,6.257,30,339,3259.55,0.657,789000,0
M0105152,C0105152,2024-04-14,195000,190000,7.498,30,332,1363.2,0.683,278000,0
M0105153,C0105153,2023-04-12,298000,286000,3.951,30,320,1414.29,0.691,414000,0
M0105154,C0105154,2025-06-03,241000,234000,5.237,15,165,1935.7,0.535,437000,0
M0105155,C0105155,2022-10-02,338000,322000,5.519,30,313,1923.16,0.546,590000,0
M0105156,C0105156,2020-03-21,375000,347000,5.554,30,283,2141.93,0.711,488000,0
M0105157,C0105157,2021-05-13,182000,171000,5.561,30,297,1040.35,0.684,250000,0
M0105158,C0105158,2020-02-01,441000,407000,6.12,30,281,2678.14,0.607,670000,0
M0105159,C0105159,2019-09-22,966000,887000,5.018,30,277,5196.33,0.581,1526000,0
M0105160,C0105160,2025-05-16,357000,351000,5.282,30,345,1978.45,0.521,674000,0
M0105161,C0105161,2023-06-21,212000,196000,5.934,15,142,1781.43,0.723,271000,0
M0105162,C0105162,2024-06-26,283000,276000,4.731,30,334,1473.02,0.688,401000,0
M0105163,C0105163,2021-08-24,279000,246000,4.85,15,120,2184.58,0.461,534000,0
M0105164,C0105164,2025-06-27,235000,228000,5.427,15,166,1911.05,0.635,359000,0
M0105165,C0105165,2021-08-31,470000,442000,4.85,30,300,2480.15,0.664,666000,0
M0105166,C0105166,2023-05-19,132000,127000,4.424,30,321,662.88,0.57,223000,0
M0105167,C0105167,2024-08-04,376000,367000,4.296,30,335,1859.83,0.495,741000,0
M0105168,C0105168,2024-06-12,625000,609000,5.452,30,334,3529.88,0.5,1219000,0
M0105169,C0105169,2021-11-04,605000,571000,7.007,30,302,4027.92,0.574,995000,0
M0105170,C0105170,2022-11-08,547000,498000,5.932,15,134,4595.83,0.686,726000,0
M0105171,C0105171,2020-06-04,236000,219000,4.453,30,285,1189.2,0.682,321000,0
M0105172,C0105172,2019-10-31,679000,625000,7.203,30,278,4610.35,0.62,1008000,0
M0105173,C0105173,2022-05-13,394000,374000,4.949,30,309,2102.81,0.501,747000,0
M0105174,C0105174,2021-07-26,668000,628000,7.246,30,299,4555.13,0.509,1235000,0
M0105175,C0105175,2022-10-27,563000,538000,5.418,30,314,3167.75,0.482,1116000,0
M0105176,C0105176,2023-05-07,384000,369000,5.793,30,320,2251.42,0.589,626000,0
M0105177,C0105177,2021-10-24,290000,273000,5.098,30,302,1574.2,0.558,489000,0
M0105178,C0105178,2025-08-14,1069000,1056000,5.171,30,348,5850.86,0.664,1590000,0
M0105179,C0105179,2020-11-10,135000,126000,7.02,30,290,899.97,0.57,221000,0
M0105180,C0105180,2021-08-04,301000,283000,5.303,30,299,1672.03,0.524,540000,0
M0105181,C0105181,2024-05-06,162000,153000,6.537,15,152,1414.49,0.739,207000,0
M0105182,C0105182,2025-09-03,347000,343000,5.552,30,348,1981.56,0.516,665000,0
M0105183,C0105183,2024-09-19,392000,383000,5.373,30,337,2194.6,0.572,670000,0
M0105184,C0105184,2021-06-28,238000,224000,6.186,30,298,1455.51,0.635,353000,0
M0105185,C0105185,2021-10-16,247000,233000,5.37,30,302,1382.36,0.631,369000,0
M0105186,C0105186,2021-09-16,169000,159000,4.633,30,301,869.71,0.472,337000,0
M0105187,C0105187,2025-06-28,411000,399000,4.666,15,166,3179.1,0.658,606000,0
M0105188,C0105188,2025-08-07,260000,257000,6.137,30,347,1581.81,0.592,434000,0
M0105189,C0105189,2020-09-30,405000,377000,3.07,30,289,1722.82,0.613,615000,0
M0105190,C0105190,2022-12-20,252000,230000,5.914,15,136,2114.83,0.548,420000,0
M0105191,C0105191,2023-11-20,371000,359000,3.919,30,327,1753.93,0.617,582000,0
M0105192,C0105192,2025-03-22,474000,466000,5.692,30,343,2748.7,0.608,766000,0
M0105193,C0105193,2025-01-11,416000,408000,6.972,30,341,2759.84,0.749,545000,0
M0105194,C0105194,2021-04-05,364000,341000,4.528,30,295,1850.4,0.722,472000,0
M0105195,C0105195,2021-02-10,311000,291000,6.076,30,294,1879.83,0.495,588000,0
M0105196,C0105196,2024-01-04,416000,403000,6.737,30,328,2694.57,0.513,785000,0
M0105197,C0105197,2024-05-11,242000,229000,4.867,15,152,1897.0,0.477,480000,0
M0105198,C0105198,2023-11-23,297000,278000,4.788,15,147,2315.99,0.547,508000,0
M0105199,C0105199,2023-04-16,390000,359000,5.913,15,140,3272.74,0.623,576000,0
M0105200,C0105200,2020-08-10,707000,657000,6.875,30,287,4644.49,0.487,1348000,0
M0105201,C0105201,2023-03-20,241000,231000,8.0,30,319,1768.37,0.488,473000,0
M0105202,C0105202,2021-01-25,211000,183000,4.686,15,113,1634.27,0.59,310000,0
M0105203,C0105203,2020-10-11,378000,352000,6.212,30,290,2318.08,0.597,590000,0
M0105204,C0105204,2022-02-12,599000,567000,4.972,30,306,3205.32,0.581,976000,0
M0105205,C0105205,2024-02-10,492000,477000,4.258,30,329,2422.65,0.615,775000,0
M0105206,C0105206,2019-10-13,331000,304000,5.243,30,278,1826.36,0.544,559000,0
M0105207,C0105207,2021-11-25,605000,571000,5.246,30,303,3339.33,0.49,1166000,0
M0105208,C0105208,2021-07-15,133000,125000,5.595,30,299,763.11,0.484,258000,0
M0105209,C0105209,2019-09-16,543000,454000,5.961,15,97,4570.71,0.63,721000,0
M0105210,C0105210,2022-01-12,280000,265000,5.756,30,305,1635.07,0.53,500000,0
M0105211,C0105211,2022-02-07,449000,425000,6.837,30,305,2938.22,0.704,604000,0
M0105212,C0105212,2020-09-22,543000,505000,7.566,30,289,3821.31,0.622,812000,0
M0105213,C0105213,2024-11-07,361000,353000,5.517,30,338,2053.57,0.631,559000,0
M0105214,C0105214,2019-12-03,339000,312000,4.959,30,279,1811.34,0.476,655000,0
M0105215,C0105215,2023-12-31,269000,261000,5.281,30,328,1490.6,0.637,410000,0
M0105216,C0105216,2019-11-19,764000,703000,5.247,30,279,4217.42,0.541,1300000,0
M0105217,C0105217,2022-06-28,389000,370000,4.849,30,310,2052.49,0.551,671000,0
M0105218,C0105218,2020-06-02,366000,339000,3.851,30,285,1716.05,0.61,556000,0
M0105219,C0105219,2023-10-07,697000,673000,4.018,30,325,3334.82,0.544,1236000,0
M0105220,C0105220,2021-02-23,255000,238000,6.252,30,294,1570.41,0.567,420000,0
M0105221,C0105221,2022-08-07,289000,275000,6.325,30,311,1793.54,0.638,431000,0
M0105222,C0105222,2021-10-26,524000,494000,5.858,30,302,3093.97,0.592,834000,0
M0105223,C0105223,2022-06-10,796000,756000,5.234,30,309,4387.66,0.677,1117000,0
M0105224,C0105224,2019-10-13,335000,308000,4.944,30,278,1786.9,0.721,427000,0
M0105225,C0105225,2021-04-15,398000,373000,3.99,30,296,1897.82,0.616,606000,0
M0105226,C0105226,2024-03-09,148000,144000,4.783,30,330,774.98,0.502,287000,0
M0105227,C0105227,2021-12-17,622000,588000,4.695,30,304,3224.06,0.616,955000,0
M0105228,C0105228,2023-07-03,191000,184000,3.944,30,322,905.71,0.503,366000,0
M0105229,C0105229,2021-07-06,250000,235000,5.739,30,298,1457.19,0.716,328000,0
M0105230,C0105230,2022-10-28,360000,344000,4.687,30,314,1864.28,0.596,577000,0
M0105231,C0105231,2024-05-21,237000,231000,5.545,30,333,1352.36,0.662,349000,0
M0105232,C0105232,2024-05-10,124000,121000,3.873,30,332,582.95,0.624,194000,0
M0105233,C0105233,2023-02-28,177000,162000,6.146,15,138,1507.62,0.516,314000,0
M0105234,C0105234,2022-10-21,344000,328000,5.972,30,314,2056.27,0.643,510000,0
M0105235,C0105235,2020-09-30,693000,645000,4.935,30,289,3692.69,0.688,938000,0
M0105236,C0105236,2021-11-14,665000,628000,7.011,30,303,4429.18,0.737,852000,0
M0105237,C0105237,2021-03-09,397000,371000,5.411,30,294,2232.0,0.633,586000,0
M0105238,C0105238,2024-10-21,354000,346000,5.649,30,338,2043.19,0.547,633000,0
M0105239,C0105239,2024-08-09,488000,464000,3.782,15,155,3556.6,0.593,782000,0
M0105240,C0105240,2025-06-22,636000,627000,4.639,30,346,3275.26,0.495,1266000,0
M0105241,C0105241,2025-04-24,348000,337000,4.784,15,164,2712.96,0.681,495000,0
M0105242,C0105242,2024-10-27,354000,346000,6.36,30,338,2205.03,0.505,685000,0
M0105243,C0105243,2021-10-12,363000,342000,6.56,30,302,2308.75,0.504,678000,0
M0105244,C0105244,2022-12-16,543000,519000,4.873,30,316,2872.94,0.522,994000,0
M0105245,C0105245,2023-01-13,165000,158000,5.687,30,317,956.3,0.541,292000,0
M0105246,C0105246,2021-04-06,330000,309000,6.442,30,295,2073.25,0.739,418000,0
M0105247,C0105247,2023-03-28,400000,384000,5.126,30,319,2178.19,0.525,731000,1
M0105248,C0105248,2025-08-28,127000,125000,3.892,30,348,598.44,0.698,179000,0
M0105249,C0105249,2025-07-19,518000,511000,6.282,30,347,3200.2,0.669,764000,0
M0105250,C0105250,2024-08-14,561000,534000,5.967,15,156,4724.04,0.673,794000,0
M0105251,C0105251,2023-05-30,124000,119000,5.82,30,321,729.15,0.61,195000,0
M0105252,C0105252,2020-05-27,267000,247000,6.556,30,285,1697.47,0.655,377000,0
M0105253,C0105253,2024-08-16,271000,264000,6.646,30,336,1739.01,0.516,512000,0
M0105254,C0105254,2021-04-16,210000,197000,6.183,30,296,1283.87,0.532,370000,0
M0105255,C0105255,2025-06-28,225000,219000,4.212,15,166,1688.3,0.562,390000,0
M0105256,C0105256,2025-01-16,252000,247000,3.836,30,341,1179.38,0.543,455000,0
M0105257,C0105257,2023-04-22,445000,427000,5.886,30,320,2635.47,0.645,662000,0
M0105258,C0105258,2021-11-17,612000,578000,5.572,30,303,3502.57,0.567,1019000,0
M0105259,C0105259,2020-10-01,432000,402000,5.654,30,289,2494.75,0.537,748000,0
M0105260,C0105260,2021-04-04,208000,195000,7.36,30,295,1434.48,0.56,348000,0
M0105261,C0105261,2020-05-08,487000,451000,6.509,30,284,3081.05,0.55,820000,0
M0105262,C0105262,2023-02-05,443000,424000,5.297,30,317,2459.17,0.739,574000,0
M0105263,C0105263,2024-04-08,80000,78000,4.69,30,331,414.43,0.614,127000,0
M0105264,C0105264,2023-03-05,609000,584000,6.209,30,318,3733.49,0.569,1026000,0
M0105265,C0105265,2024-01-18,350000,339000,6.009,30,329,2100.45,0.727,466000,0
M0105266,C0105266,2023-07-26,357000,344000,5.263,30,323,1974.24,0.695,495000,0
M0105267,C0105267,2025-02-08,137000,134000,2.8,30,341,562.93,0.583,230000,0
M0105268,C0105268,2021-02-03,735000,687000,4.446,30,293,3700.59,0.677,1015000,0
M0105269,C0105269,2020-03-30,388000,359000,6.432,30,283,2435.1,0.566,634000,0
M0105270,C0105270,2025-02-14,483000,474000,4.079,30,342,2327.97,0.693,684000,0
M0105271,C0105271,2025-04-22,169000,166000,6.137,30,344,1028.17,0.709,234000,0
M0105272,C0105272,2020-11-17,423000,394000,5.988,30,291,2532.84,0.505,780000,0
M0105273,C0105273,2020-01-29,428000,362000,4.41,15,101,3254.52,0.455,795000,0
M0105274,C0105274,2025-08-07,303000,299000,6.49,30,347,1913.17,0.659,454000,0
M0105275,C0105275,2021-11-07,172000,162000,5.413,30,302,967.23,0.63,257000,0
M0105276,C0105276,2023-03-18,318000,292000,5.337,15,139,2570.9,0.589,496000,0
M0105277,C0105277,2020-12-24,203000,189000,4.235,30,292,996.86,0.665,284000,0
M0105278,C0105278,2022-08-09,231000,220000,6.927,30,311,1525.54,0.573,384000,1
M0105279,C0105279,2024-05-18,585000,569000,4.189,30,333,2857.0,0.491,1158000,0
M0105280,C0105280,2023-12-16,342000,331000,4.176,30,328,1667.65,0.531,623000,0
M0105281,C0105281,2022-01-20,315000,298000,5.656,30,305,1819.49,0.648,460000,0
M0105282,C0105282,2024-02-23,182000,177000,4.422,30,330,913.75,0.644,275000,0
M0105283,C0105283,2025-01-16,320000,308000,7.775,15,161,3016.67,0.689,447000,0
M0105284,C0105284,2022-07-04,304000,289000,4.413,30,310,1524.65,0.535,540000,1
M0105285,C0105285,2021-09-30,201000,178000,6.372,15,121,1736.81,0.589,302000,0
M0105286,C0105286,2020-11-27,564000,526000,7.307,30,291,3869.3,0.489,1075000,0
M0105287,C0105287,2022-02-05,550000,521000,6.287,30,305,3399.69,0.529,985000,0
M0105288,C0105288,2023-04-14,223000,214000,4.669,30,320,1152.41,0.631,339000,0
M0105289,C0105289,2020-10-03,399000,371000,5.878,30,289,2361.0,0.604,614000,0
M0105290,C0105290,2022-12-15,130000,119000,6.991,15,136,1167.82,0.676,176000,0
M0105291,C0105291,2021-10-30,384000,362000,3.851,30,302,1800.44,0.589,615000,0
M0105292,C0105292,2020-04-15,484000,448000,6.707,30,284,3125.39,0.475,944000,0
M0105293,C0105293,2019-11-15,187000,172000,6.04,30,279,1125.97,0.533,323000,0
M0105294,C0105294,2023-01-13,330000,302000,7.579,15,137,3073.97,0.568,532000,0
M0105295,C0105295,2022-10-04,349000,333000,5.971,30,313,2085.93,0.613,543000,1
M0105296,C0105296,2020-06-25,1390000,1289000,5.667,30,286,8038.52,0.543,2376000,0
M0105297,C0105297,2022-05-22,1191000,1131000,6.252,30,309,7334.74,0.492,2299000,0
M0105298,C0105298,2021-03-05,385000,335000,4.136,15,114,2874.11,0.562,596000,0
M0105299,C0105299,2025-03-29,235000,231000,4.603,30,343,1205.14,0.575,402000,0
M0105300,C0105300,2020-10-03,370000,319000,5.576,15,109,3038.15,0.434,735000,0
M0105301,C0105301,2025-01-17,576000,565000,4.924,30,341,3065.39,0.578,977000,0
M0105302,C0105302,2023-05-14,142000,136000,4.827,30,321,747.34,0.542,251000,0
M0105303,C0105303,2024-08-28,115000,112000,7.742,30,336,823.24,0.509,220000,0
M0105304,C0105304,2020-02-17,185000,171000,7.473,30,282,1290.13,0.58,295000,1
M0105305,C0105305,2024-12-26,480000,470000,2.8,30,340,1972.29,0.756,622000,0
M0105306,C0105306,2022-06-04,494000,469000,5.544,30,309,2818.53,0.601,780000,0
M0105307,C0105307,2024-11-15,409000,392000,4.189,15,159,3064.21,0.71,552000,0
M0105308,C0105308,2025-08-02,571000,564000,6.766,30,347,3709.57,0.516,1094000,0
M0105309,C0105309,2024-02-19,299000,290000,5.745,30,330,1743.93,0.525,552000,0
M0105310,C0105310,2025-03-25,286000,281000,7.112,30,343,1924.33,0.539,521000,0
M0105311,C0105311,2024-01-11,397000,385000,4.552,30,329,2023.83,0.621,620000,0
M0105312,C0105312,2024-09-25,771000,753000,4.455,30,337,3885.96,0.538,1399000,0
M0105313,C0105313,2021-07-11,403000,354000,5.259,15,118,3241.53,0.522,678000,0
M0105314,C0105314,2024-09-01,312000,305000,4.843,30,336,1645.07,0.735,415000,0
M0105315,C0105315,2022-10-12,401000,383000,5.398,30,314,2251.24,0.699,548000,0
M0105316,C0105316,2025-09-10,668000,660000,6.806,30,348,4357.53,0.528,1249000,0
M0105317,C0105317,2020-02-20,274000,253000,6.014,30,282,1645.24,0.484,523000,0
M0105318,C0105318,2023-01-18,262000,251000,5.174,30,317,1434.47,0.553,454000,0
M0105319,C0105319,2023-08-22,259000,250000,5.559,30,324,1480.18,0.672,372000,0
M0105320,C0105320,2023-10-02,493000,476000,3.759,30,325,2285.68,0.501,951000,0
M0105321,C0105321,2025-04-26,222000,218000,3.352,30,344,978.63,0.515,423000,0
M0105322,C0105322,2024-02-22,452000,439000,6.832,30,330,2956.34,0.545,805000,1
M0105323,C0105323,2020-08-20,157000,146000,4.663,30,288,810.77,0.51,286000,0
M0105324,C0105324,2023-05-20,288000,277000,7.077,30,321,1930.99,0.721,384000,0
M0105325,C0105325,2020-08-23,318000,296000,5.163,30,288,1738.91,0.512,578000,0
M0105326,C0105326,2024-08-16,801000,782000,5.648,30,336,4622.65,0.512,1527000,0
M0105327,C0105327,2023-07-09,532000,512000,6.414,30,322,3332.57,0.547,936000,0
M0105328,C0105328,2021-11-28,274000,259000,6.542,30,303,1739.44,0.485,534000,0
M0105329,C0105329,2025-04-10,253000,249000,4.934,30,343,1347.97,0.748,333000,0
M0105330,C0105330,2023-07-31,234000,217000,5.578,15,143,1921.67,0.678,320000,0
M0105331,C0105331,2020-05-31,187000,173000,5.48,30,285,1059.42,0.465,372000,0
M0105332,C0105332,2022-09-24,735000,701000,5.916,30,313,4367.08,0.5,1403000,0
M0105333,C0105333,2020-02-06,225000,208000,5.712,30,281,1307.61,0.64,325000,0
M0105334,C0105334,2024-11-04,775000,758000,4.697,30,338,4018.05,0.502,1509000,0
M0105335,C0105335,2019-09-20,344000,316000,5.664,30,277,1988.74,0.713,443000,0
M0105336,C0105336,2020-06-06,315000,292000,3.89,30,285,1483.95,0.583,501000,0
M0105337,C0105337,2023-05-09,344000,331000,5.503,30,320,1953.84,0.69,480000,0
M0105338,C0105338,2022-04-29,600000,569000,5.63,30,308,3455.83,0.488,1166000,0
M0105339,C0105339,2024-12-07,214000,205000,4.421,15,159,1628.46,0.48,427000,0
M0105340,C0105340,2024-10-02,423000,413000,5.19,30,337,2320.13,0.732,564000,0
M0105341,C0105341,2023-06-07,321000,309000,4.935,30,321,1710.47,0.503,614000,0
M0105342,C0105342,2023-09-25,401000,373000,4.956,15,145,3161.9,0.716,521000,1
M0105343,C0105343,2022-03-09,296000,265000,6.333,15,126,2551.38,0.458,578000,0
M0105344,C0105344,2020-04-10,274000,253000,6.009,30,283,1644.35,0.476,532000,0
M0105345,C0105345,2025-06-09,426000,420000,6.557,30,345,2708.6,0.533,788000,0
M0105346,C0105346,2020-09-03,164000,152000,7.786,30,288,1179.0,0.731,208000,0
M0105347,C0105347,2024-01-20,658000,638000,6.707,30,329,4248.98,0.668,955000,0
M0105348,C0105348,2021-10-16,346000,326000,3.81,30,302,1614.18,0.571,571000,0
M0105349,C0105349,2020-01-19,249000,230000,4.779,30,281,1303.26,0.582,395000,0
M0105350,C0105350,2021-04-19,394000,369000,6.976,30,296,2614.94,0.592,623000,0
M0105351,C0105351,2025-06-07,232000,225000,5.066,15,165,1842.63,0.549,410000,0
M0105352,C0105352,2022-02-21,341000,323000,4.993,30,306,1829.1,0.696,464000,0
M0105353,C0105353,2024-10-16,342000,334000,5.868,30,338,2021.53,0.566,590000,0
M0105354,C0105354,2024-03-05,615000,597000,5.187,30,330,3372.09,0.712,838000,0
M0105355,C0105355,2022-03-19,377000,357000,7.38,30,307,2605.13,0.654,546000,0
M0105356,C0105356,2022-03-16,187000,177000,5.323,30,307,1041.09,0.558,317000,0
M0105357,C0105357,2019-12-15,438000,404000,8.0,30,280,3213.89,0.522,774000,0
M0105358,C0105358,2023-12-30,470000,455000,4.884,30,328,2489.85,0.68,669000,0
M0105359,C0105359,2020-01-22,146000,135000,4.777,30,281,763.98,0.625,216000,0
M0105360,C0105360,2023-01-31,181000,173000,4.581,30,317,925.83,0.524,330000,0
M0105361,C0105361,2024-02-26,895000,868000,4.634,30,330,4606.37,0.576,1507000,0
M0105362,C0105362,2021-12-17,278000,263000,6.296,30,304,1720.02,0.638,412000,0
M0105363,C0105363,2022-01-06,281000,266000,4.022,30,304,1345.1,0.57,467000,0
M0105364,C0105364,2020-04-23,322000,274000,4.395,15,104,2446.03,0.631,434000,0
M0105365,C0105365,2019-11-29,238000,219000,6.072,30,279,1437.97,0.587,373000,0
M0105366,C0105366,2021-09-17,135000,127000,3.113,30,301,577.43,0.51,249000,0
M0105367,C0105367,2021-12-03,187000,177000,3.88,30,303,879.88,0.496,357000,0
M0105368,C0105368,2023-12-23,238000,230000,5.443,30,328,1342.84,0.769,299000,0
M0105369,C0105369,2024-05-14,255000,241000,5.949,15,153,2144.82,0.532,453000,0
M0105370,C0105370,2022-02-19,223000,211000,5.13,30,306,1214.89,0.751,281000,0
M0105371,C0105371,2021-07-15,155000,136000,5.979,15,119,1306.22,0.486,280000,0
M0105372,C0105372,2023-06-29,249000,240000,4.553,30,322,1269.5,0.511,470000,0
M0105373,C0105373,2022-08-19,572000,545000,7.165,30,312,3869.13,0.491,1111000,0
M0105374,C0105374,2022-04-02,234000,222000,6.502,30,307,1479.35,0.718,309000,0
M0105375,C0105375,2022-09-26,299000,285000,4.604,30,313,1533.52,0.758,376000,0
M0105376,C0105376,2025-06-03,675000,665000,5.293,30,345,3745.37,0.646,1030000,0
M0105377,C0105377,2022-10-08,232000,221000,3.339,30,313,1021.05,0.662,334000,0
M0105378,C0105378,2024-05-31,1511000,1471000,6.523,30,333,9573.41,0.625,2355000,0
M0105379,C0105379,2025-01-08,512000,502000,4.093,30,340,2471.9,0.713,704000,0
M0105380,C0105380,2022-11-20,341000,326000,4.908,30,315,1811.44,0.523,623000,0
M0105381,C0105381,2020-12-18,290000,271000,5.178,30,292,1588.48,0.537,505000,0
M0105382,C0105382,2020-12-01,641000,598000,3.986,30,291,3055.06,0.603,991000,0
M0105383,C0105383,2023-08-14,232000,224000,4.584,30,324,1187.12,0.544,412000,0
M0105384,C0105384,2022-04-16,264000,250000,5.91,30,308,1567.57,0.628,398000,0
M0105385,C0105385,2024-08-03,732000,714000,4.952,30,335,3908.09,0.581,1228000,0
M0105386,C0105386,2024-01-06,272000,255000,6.459,15,148,2363.29,0.59,432000,0
M0105387,C0105387,2023-01-20,260000,249000,6.316,30,317,1612.04,0.638,390000,0
M0105388,C0105388,2023-05-12,235000,226000,4.566,30,320,1199.94,0.743,304000,0
M0105389,C0105389,2021-11-03,125000,118000,5.001,30,302,671.1,0.634,186000,0
M0105390,C0105390,2021-03-24,544000,509000,5.002,30,295,2920.97,0.585,870000,0
M0105391,C0105391,2022-05-18,321000,305000,5.056,30,309,1734.2,0.643,474000,0
M0105392,C0105392,2025-07-10,560000,552000,7.122,30,346,3771.69,0.498,1108000,0
M0105393,C0105393,2020-10-14,301000,280000,5.711,30,290,1749.1,0.67,418000,0
M0105394,C0105394,2022-12-20,265000,253000,3.675,30,316,1216.01,0.62,408000,0
M0105395,C0105395,2020-08-22,235000,218000,4.78,30,288,1230.12,0.525,415000,0
M0105396,C0105396,2024-01-21,461000,447000,4.992,30,329,2472.49,0.668,669000,0
M0105397,C0105397,2021-12-22,219000,195000,5.966,15,124,1844.03,0.546,357000,0
M0105398,C0105398,2024-03-24,397000,374000,7.482,15,151,3676.18,0.527,710000,0
M0105399,C0105399,2022-05-22,334000,317000,6.366,30,309,2081.76,0.482,658000,0
M0105400,C0105400,2020-09-05,195000,181000,5.388,30,288,1093.52,0.56,323000,0
M0105401,C0105401,2022-04-19,262000,249000,4.564,30,308,1337.5,0.529,471000,0
M0105402,C0105402,2019-09-17,329000,302000,7.063,30,277,2202.78,0.494,611000,0
M0105403,C0105403,2023-05-05,281000,259000,5.174,15,140,2247.68,0.609,425000,0
M0105404,C0105404,2024-12-08,845000,828000,3.937,30,339,4003.53,0.615,1347000,0
M0105405,C0105405,2022-11-19,369000,353000,5.893,30,315,2187.02,0.504,701000,0
M0105406,C0105406,2020-09-13,297000,276000,4.141,30,289,1442.17,0.537,514000,0
M0105407,C0105407,2022-07-16,273000,260000,6.226,30,311,1676.65,0.754,345000,0
M0105408,C0105408,2022-01-12,292000,276000,5.067,30,305,1579.5,0.491,562000,0
M0105409,C0105409,2020-11-23,242000,226000,5.164,30,291,1323.47,0.601,376000,0
M0105410,C0105410,2024-02-14,217000,210000,2.8,30,330,891.64,0.541,388000,0
M0105411,C0105411,2021-03-23,442000,414000,6.685,30,295,2847.73,0.622,666000,0
M0105412,C0105412,2019-12-24,708000,653000,4.203,30,280,3463.48,0.561,1165000,0
M0105413,C0105413,2024-07-10,262000,255000,4.705,30,334,1359.62,0.603,423000,0
M0105414,C0105414,2024-08-02,406000,396000,5.71,30,335,2359.0,0.75,528000,0
M0105415,C0105415,2019-11-01,235000,216000,5.34,30,278,1310.81,0.595,363000,0
M0105416,C0105416,2019-11-14,345000,318000,8.0,30,279,2531.49,0.641,496000,0
M0105417,C0105417,2019-11-28,170000,157000,3.603,30,279,773.18,0.543,289000,0
M0105418,C0105418,2020-07-22,214000,199000,5.079,30,287,1159.15,0.473,421000,0
M0105419,C0105419,2024-01-09,210000,203000,6.365,30,328,1308.75,0.527,385000,0
M0105420,C0105420,2022-05-02,305000,274000,5.013,15,128,2413.99,0.464,590000,0
M0105421,C0105421,2019-09-16,183000,168000,5.496,30,277,1038.59,0.568,296000,0
M0105422,C0105422,2021-06-26,107000,100000,8.0,30,298,785.13,0.725,138000,0
M0105423,C0105423,2022-07-20,165000,157000,5.572,30,311,944.32,0.662,237000,0
M0105424,C0105424,2022-01-19,300000,284000,7.041,30,305,2004.17,0.588,483000,0
M0105425,C0105425,2024-05-03,221000,215000,6.215,30,332,1355.71,0.64,336000,0
M0105426,C0105426,2023-08-05,245000,227000,6.311,15,143,2108.84,0.581,391000,0
M0105427,C0105427,2021-05-18,374000,351000,5.282,30,297,2072.66,0.493,712000,0
M0105428,C0105428,2019-12-02,217000,200000,3.708,30,279,999.8,0.733,273000,0
M0105429,C0105429,2025-05-29,315000,310000,6.696,30,345,2031.79,0.698,444000,0
M0105430,C0105430,2023-03-19,954000,915000,6.112,30,319,5788.59,0.485,1885000,0
M0105431,C0105431,2021-07-29,271000,255000,6.089,30,299,1640.32,0.552,462000,0
M0105432,C0105432,2022-11-29,296000,283000,5.335,30,315,1650.14,0.626,452000,1
M0105433,C0105433,2020-09-09,396000,368000,4.787,30,288,2074.56,0.663,555000,0
M0105434,C0105434,2021-10-28,218000,206000,6.955,30,302,1443.78,0.601,343000,0
M0105435,C0105435,2023-08-06,244000,235000,5.859,30,323,1440.86,0.519,453000,0
M0105436,C0105436,2021-02-09,312000,271000,3.488,15,113,2228.6,0.438,619000,0
M0105437,C0105437,2023-09-10,361000,348000,5.441,30,324,2036.37,0.665,523000,0
M0105438,C0105438,2023-03-22,206000,198000,5.166,30,319,1126.85,0.518,382000,0
M0105439,C0105439,2024-01-24,433000,420000,2.8,30,329,1779.17,0.758,554000,0
M0105440,C0105440,2019-09-16,710000,594000,4.677,15,97,5495.9,0.461,1288000,0
M0105441,C0105441,2023-04-03,126000,121000,8.0,30,319,924.54,0.511,237000,0
M0105442,C0105442,2019-12-24,399000,368000,2.904,30,280,1661.61,0.624,590000,0
M0105443,C0105443,2022-04-05,313000,297000,4.23,30,307,1536.11,0.533,557000,0
M0105444,C0105444,2024-12-11,283000,277000,2.824,30,340,1166.45,0.496,558000,0
M0105445,C0105445,2021-02-16,386000,361000,3.759,30,294,1789.6,0.535,675000,0
M0105446,C0105446,2024-07-11,653000,636000,3.478,30,334,2924.25,0.575,1107000,0
M0105447,C0105447,2020-05-19,373000,346000,4.197,30,285,1823.38,0.708,489000,0
M0105448,C0105448,2019-11-30,529000,487000,7.388,30,279,3658.36,0.652,747000,0
M0105449,C0105449,2022-05-29,321000,305000,6.497,30,309,2028.31,0.653,467000,0
M0105450,C0105450,2023-04-22,393000,362000,5.215,15,140,3152.01,0.67,540000,0
M0105451,C0105451,2022-11-06,250000,239000,7.341,30,314,1720.9,0.724,330000,0
M0105452,C0105452,2021-01-17,334000,312000,4.976,30,293,1788.09,0.489,638000,0
M0105453,C0105453,2023-06-14,286000,275000,4.449,30,322,1440.47,0.688,400000,0
M0105454,C0105454,2025-05-24,346000,341000,5.024,30,345,1862.48,0.519,657000,0
M0105455,C0105455,2022-02-16,143000,135000,3.758,30,306,662.9,0.484,279000,0
M0105456,C0105456,2021-04-06,188000,176000,3.425,30,295,836.35,0.599,294000,0
M0105457,C0105457,2024-10-29,594000,581000,6.226,30,338,3648.09,0.669,868000,0
M0105458,C0105458,2023-07-17,658000,610000,5.865,15,143,5504.7,0.501,1217000,0
M0105459,C0105459,2022-11-24,138000,132000,4.084,30,315,665.53,0.482,274000,0
M0105460,C0105460,2022-01-08,247000,234000,6.014,30,304,1483.11,0.696,336000,0
M0105461,C0105461,2022-08-24,226000,205000,6.058,15,132,1914.21,0.603,340000,0
M0105462,C0105462,2021-03-03,372000,348000,4.835,30,294,1959.63,0.512,680000,0
M0105463,C0105463,2021-12-03,314000,279000,4.452,15,123,2394.38,0.708,394000,0
M0105464,C0105464,2021-06-02,461000,433000,6.371,30,297,2874.83,0.612,707000,0
M0105465,C0105465,2025-04-14,167000,164000,5.993,30,344,1000.5,0.732,224000,0
M0105466,C0105466,2020-03-08,390000,331000,7.414,15,102,3596.31,0.456,726000,0
M0105467,C0105467,2023-02-14,277000,265000,5.98,30,318,1657.19,0.662,400000,0
M0105468,C0105468,2023-02-27,227000,218000,3.55,30,318,1025.68,0.56,389000,0
M0105469,C0105469,2021-02-16,409000,382000,3.815,30,294,1909.26,0.555,688000,0
M0105470,C0105470,2023-03-17,290000,278000,5.261,30,319,1603.37,0.492,565000,0
M0105471,C0105471,2020-12-29,312000,291000,6.39,30,292,1949.54,0.713,408000,0
M0105472,C0105472,2020-10-01,639000,595000,5.853,30,289,3770.95,0.578,1029000,0
M0105473,C0105473,2022-06-10,340000,306000,4.822,15,129,2657.28,0.469,653000,0
M0105474,C0105474,2022-04-22,867000,823000,3.649,30,308,3965.69,0.576,1428000,0
M0105475,C0105475,2020-06-20,102000,95000,7.116,30,286,686.57,0.473,201000,0
M0105476,C0105476,2021-03-20,326000,305000,7.063,30,295,2182.7,0.655,466000,0
M0105477,C0105477,2021-03-04,188000,176000,3.952,30,294,892.35,0.581,303000,0
M0105478,C0105478,2021-07-03,206000,194000,6.231,30,298,1265.83,0.508,382000,0
M0105479,C0105479,2020-11-30,236000,220000,5.781,30,291,1381.88,0.588,374000,0
M0105480,C0105480,2021-01-30,520000,486000,6.253,30,293,3202.74,0.65,748000,0
M0105481,C0105481,2020-12-10,267000,249000,7.17,30,291,1806.95,0.699,356000,0
M0105482,C0105482,2023-04-07,185000,178000,7.068,30,319,1239.27,0.51,349000,1
M0105483,C0105483,2021-04-30,456000,427000,6.057,30,296,2750.68,0.69,619000,0
M0105484,C0105484,2022-08-09,181000,172000,5.232,30,311,997.47,0.705,244000,0
M0105485,C0105485,2020-07-24,756000,702000,5.171,30,287,4137.75,0.603,1164000,0
M0105486,C0105486,2022-09-27,172000,156000,5.259,15,133,1383.48,0.466,335000,0
M0105487,C0105487,2025-02-11,284000,279000,8.0,30,342,2083.89,0.584,478000,0
M0105488,C0105488,2020-10-23,858000,799000,5.55,30,290,4898.58,0.612,1306000,0
M0105489,C0105489,2022-09-04,279000,266000,6.358,30,312,1737.5,0.492,541000,0
M0105490,C0105490,2025-06-13,405000,393000,5.958,15,166,3408.44,0.664,592000,0
M0105491,C0105491,2020-09-30,310000,267000,4.412,15,109,2357.56,0.679,393000,0
M0105492,C0105492,2025-05-24,328000,323000,6.026,30,345,1972.01,0.649,498000,0
M0105493,C0105493,2025-01-15,218000,214000,4.771,30,341,1139.95,0.569,376000,0
M0105494,C0105494,2021-06-09,411000,386000,4.459,30,297,2072.48,0.489,789000,0
M0105495,C0105495,2024-10-07,636000,622000,6.154,30,337,3876.34,0.57,1092000,0
M0105496,C0105496,2024-01-31,124000,120000,4.109,30,329,599.81,0.574,209000,0
M0105497,C0105497,2023-04-16,206000,198000,6.465,30,320,1297.32,0.537,369000,0
M0105498,C0105498,2019-11-08,249000,229000,6.127,30,278,1513.27,0.654,350000,0
M0105499,C0105499,2022-04-25,210000,199000,6.891,30,308,1381.8,0.495,402000,0
M0105500,C0105500,2019-11-16,452000,416000,6.028,30,279,2718.11,0.544,765000,0
M0105501,C0105501,2021-05-10,242000,227000,4.449,30,296,1218.86,0.569,399000,0
M0105502,C0105502,2023-12-20,341000,330000,6.726,30,328,2206.28,0.559,590000,0
M0105503,C0105503,2022-05-02,691000,656000,6.782,30,308,4496.52,0.718,914000,0
M0105504,C0105504,2023-09-08,134000,129000,6.483,30,324,845.47,0.558,231000,0
M0105505,C0105505,2024-05-25,384000,374000,6.306,30,333,2378.36,0.728,514000,0
M0105506,C0105506,2022-07-01,308000,293000,3.874,30,310,1448.15,0.585,501000,0
M0105507,C0105507,2020-08-12,309000,287000,6.442,30,288,1941.32,0.497,577000,0
M0105508,C0105508,2020-12-18,208000,194000,4.126,30,292,1008.19,0.686,283000,0
M0105509,C0105509,2024-02-09,271000,263000,4.816,30,329,1424.47,0.626,420000,0
M0105510,C0105510,2024-02-23,326000,316000,4.585,30,330,1668.3,0.562,562000,0
M0105511,C0105511,2020-07-20,299000,278000,3.775,30,287,1388.96,0.536,519000,0
M0105512,C0105512,2021-11-27,464000,438000,5.695,30,303,2691.59,0.688,637000,0
M0105513,C0105513,2022-09-23,190000,181000,5.466,30,313,1074.75,0.635,285000,0
M0105514,C0105514,2020-10-05,163000,152000,6.961,30,289,1080.18,0.738,206000,1
M0105515,C0105515,2025-06-15,120000,118000,6.826,30,346,784.39,0.532,222000,0
M0105516,C0105516,2021-03-07,352000,329000,5.695,30,294,2041.89,0.502,655000,0
M0105517,C0105517,2022-10-27,478000,456000,6.367,30,314,2979.6,0.578,789000,0
M0105518,C0105518,2022-10-14,182000,174000,5.385,30,314,1020.28,0.482,361000,0
M0105519,C0105519,2021-10-10,174000,164000,5.378,30,301,974.68,0.707,232000,0
M0105520,C0105520,2024-05-07,843000,820000,5.638,30,332,4859.7,0.563,1457000,0
M0105521,C0105521,2020-06-02,621000,576000,5.334,30,285,3461.57,0.662,870000,0
M0105522,C0105522,2025-03-11,639000,617000,5.733,15,162,5300.51,0.639,966000,0
M0105523,C0105523,2022-03-17,390000,370000,6.23,30,307,2396.23,0.739,501000,0
M0105524,C0105524,2022-11-04,466000,445000,4.158,30,314,2267.41,0.705,631000,0
M0105525,C0105525,2019-10-02,284000,261000,5.051,30,277,1533.44,0.603,433000,0
M0105526,C0105526,2021-10-18,161000,152000,6.353,30,302,1002.12,0.563,270000,0
M0105527,C0105527,2023-06-01,165000,159000,4.89,30,321,874.7,0.598,266000,0
M0105528,C0105528,2023-03-04,328000,315000,4.913,30,318,1743.38,0.485,650000,0
M0105529,C0105529,2024-03-22,520000,505000,6.617,30,331,3326.87,0.525,962000,0
M0105530,C0105530,2025-05-23,301000,296000,4.686,30,345,1558.57,0.763,388000,0
M0105531,C0105531,2023-01-15,444000,406000,5.977,15,137,3741.21,0.72,564000,0
M0105532,C0105532,2025-07-27,313000,305000,5.665,15,167,2584.96,0.505,604000,0
M0105533,C0105533,2021-10-01,382000,338000,6.476,15,121,3322.59,0.537,629000,0
M0105534,C0105534,2020-04-15,482000,446000,5.427,30,284,2714.71,0.465,959000,0
M0105535,C0105535,2025-02-15,638000,615000,4.63,15,162,4923.15,0.754,816000,0
M0105536,C0105536,2019-11-15,378000,348000,4.783,30,279,1979.35,0.475,733000,0
M0105537,C0105537,2025-02-26,864000,848000,7.321,30,342,5935.67,0.56,1514000,0
M0105538,C0105538,2022-11-06,292000,279000,4.913,30,314,1552.03,0.594,470000,0
M0105539,C0105539,2021-12-14,635000,600000,4.841,30,304,3347.38,0.651,922000,0
M0105540,C0105540,2021-11-08,439000,389000,4.992,15,122,3469.75,0.543,717000,0
M0105541,C0105541,2023-05-25,131000,126000,5.202,30,321,719.5,0.543,232000,0
M0105542,C0105542,2025-06-06,665000,655000,5.051,30,345,3590.62,0.695,943000,0
M0105543,C0105543,2020-12-31,207000,193000,6.121,30,292,1257.22,0.497,388000,0
M0105544,C0105544,2022-12-03,289000,276000,5.612,30,315,1661.28,0.505,546000,0
M0105545,C0105545,2024-02-12,507000,492000,4.851,30,330,2675.7,0.561,877000,0
M0105546,C0105546,2022-12-29,226000,216000,6.295,30,316,1398.14,0.584,370000,0
M0105547,C0105547,2023-02-05,316000,303000,5.81,30,317,1856.15,0.497,610000,0
M0105548,C0105548,2022-02-13,455000,431000,6.96,30,306,3014.91,0.623,692000,0
M0105549,C0105549,2022-08-11,217000,207000,5.848,30,311,1279.89,0.556,372000,1
M0105550,C0105550,2022-02-07,291000,275000,5.359,30,305,1626.61,0.597,461000,0
M0105551,C0105551,2020-01-18,275000,254000,5.276,30,281,1522.99,0.623,408000,0
M0105552,C0105552,2020-03-02,531000,491000,5.66,30,282,3068.48,0.475,1033000,0
M0105553,C0105553,2025-08-26,718000,709000,5.904,30,348,4260.56,0.685,1035000,0
M0105554,C0105554,2021-11-01,189000,178000,5.498,30,302,1072.88,0.544,327000,0
M0105555,C0105555,2024-05-24,341000,332000,5.015,30,333,1833.69,0.668,497000,0
M0105556,C0105556,2025-04-15,252000,248000,6.189,30,344,1541.62,0.578,429000,0
M0105557,C0105557,2025-02-22,333000,327000,5.976,30,342,1991.37,0.54,606000,0
M0105558,C0105558,2021-11-14,793000,704000,5.521,15,123,6488.31,0.559,1260000,0
M0105559,C0105559,2019-10-03,396000,332000,6.235,15,97,3392.16,0.532,624000,0
M0105560,C0105560,2021-01-06,247000,231000,5.416,30,292,1389.45,0.578,400000,0
M0105561,C0105561,2024-11-26,165000,162000,5.513,30,339,938.2,0.593,273000,0
M0105562,C0105562,2024-06-08,540000,526000,6.195,30,333,3305.58,0.596,882000,0
M0105563,C0105563,2020-10-05,261000,243000,6.381,30,289,1629.32,0.681,357000,0
M0105564,C0105564,2022-01-21,222000,198000,6.219,15,125,1899.73,0.525,377000,0
M0105565,C0105565,2022-07-31,382000,364000,4.659,30,311,1971.79,0.524,695000,0
M0105566,C0105566,2024-08-06,438000,427000,5.913,30,335,2601.58,0.542,788000,0
M0105567,C0105567,2021-01-02,273000,255000,5.548,30,292,1558.3,0.535,477000,0
M0105568,C0105568,2020-09-11,204000,175000,5.931,15,109,1713.87,0.556,315000,0
M0105569,C0105569,2023-11-21,650000,629000,7.506,30,327,4547.57,0.587,1072000,0
M0105570,C0105570,2019-09-17,461000,423000,5.268,30,277,2550.8,0.498,849000,0
M0105571,C0105571,2022-11-05,537000,513000,5.524,30,314,3057.12,0.706,727000,0
M0105572,C0105572,2025-06-18,274000,270000,4.881,30,346,1451.03,0.612,441000,0
M0105573,C0105573,2019-11-01,216000,199000,5.289,30,278,1197.98,0.575,346000,0
M0105574,C0105574,2024-07-13,251000,245000,4.755,30,335,1310.09,0.566,433000,1
M0105575,C0105575,2025-02-15,153000,150000,4.32,30,342,758.95,0.547,274000,0
M0105576,C0105576,2022-12-24,277000,265000,3.349,30,316,1220.62,0.678,391000,0
M0105577,C0105577,2021-12-22,234000,221000,4.735,30,304,1218.54,0.68,325000,0
M0105578,C0105578,2021-12-04,315000,297000,4.811,30,303,1654.79,0.691,430000,0
M0105579,C0105579,2019-12-14,336000,283000,5.435,15,100,2733.82,0.487,581000,0
M0105580,C0105580,2022-12-04,343000,328000,4.907,30,315,1821.85,0.564,582000,0
M0105581,C0105581,2024-12-08,245000,240000,6.636,30,339,1570.54,0.708,339000,0
M0105582,C0105582,2022-12-22,181000,173000,5.749,30,316,1056.15,0.562,308000,0
M0105583,C0105583,2020-08-29,159000,148000,6.316,30,288,985.83,0.507,292000,0
M0105584,C0105584,2025-08-17,361000,357000,6.581,30,348,2301.03,0.726,492000,0
M0105585,C0105585,2024-01-16,351000,340000,7.026,30,329,2341.34,0.69,493000,0
M0105586,C0105586,2021-08-22,163000,153000,6.57,30,300,1037.79,0.662,231000,0
M0105587,C0105587,2024-06-29,669000,652000,4.528,30,334,3400.86,0.558,1169000,0
M0105588,C0105588,2022-10-11,498000,475000,6.445,30,313,3129.71,0.496,957000,0
M0105589,C0105589,2024-09-12,197000,188000,5.852,15,157,1646.69,0.74,254000,0
M0105590,C0105590,2024-12-09,374000,366000,6.981,30,339,2483.46,0.517,708000,0
M0105591,C0105591,2021-04-14,306000,287000,5.528,30,296,1742.81,0.602,477000,0
M0105592,C0105592,2021-01-10,374000,349000,6.759,30,292,2427.99,0.498,701000,0
M0105593,C0105593,2025-06-25,357000,347000,5.61,15,166,2937.87,0.519,669000,0
M0105594,C0105594,2022-06-26,459000,436000,5.654,30,310,2650.67,0.548,796000,0
M0105595,C0105595,2023-03-06,687000,659000,6.233,30,318,4222.38,0.67,984000,0
M0105596,C0105596,2023-06-29,381000,367000,5.154,30,322,2081.3,0.757,485000,0
M0105597,C0105597,2021-07-08,428000,402000,6.108,30,298,2595.87,0.681,590000,0
M0105598,C0105598,2021-11-15,682000,644000,3.83,30,303,3189.49,0.633,1017000,0
M0105599,C0105599,2024-11-10,250000,239000,6.032,15,158,2113.97,0.523,457000,0
M0105600,C0105600,2019-11-13,206000,190000,4.101,30,279,995.51,0.516,368000,0
M0105601,C0105601,2024-05-09,459000,446000,6.11,30,332,2784.48,0.592,754000,0
M0105602,C0105602,2022-06-01,178000,169000,2.8,30,309,731.39,0.744,227000,0
M0105603,C0105603,2024-10-13,219000,214000,3.504,30,338,983.9,0.73,293000,0
M0105604,C0105604,2022-02-03,696000,659000,5.558,30,305,3977.18,0.487,1354000,0
M0105605,C0105605,2025-07-16,139000,137000,5.577,30,347,795.95,0.55,249000,0
M0105606,C0105606,2024-01-31,381000,369000,5.222,30,329,2097.29,0.5,738000,0
M0105607,C0105607,2022-12-17,159000,145000,6.295,15,136,1367.21,0.551,263000,0
M0105608,C0105608,2025-02-08,402000,395000,6.526,30,341,2547.79,0.761,519000,0
M0105609,C0105609,2022-09-20,819000,781000,8.0,30,313,6009.53,0.519,1504000,0
M0105610,C0105610,2022-03-19,198000,188000,5.548,30,307,1130.19,0.477,394000,0
M0105611,C0105611,2020-01-10,115000,97000,6.638,15,100,1010.52,0.516,188000,0
M0105612,C0105612,2023-06-13,392000,377000,4.589,30,322,2006.99,0.731,516000,0
M0105613,C0105613,2021-05-01,239000,224000,4.898,30,296,1268.15,0.542,413000,0
M0105614,C0105614,2024-02-10,299000,290000,4.597,30,329,1532.27,0.533,544000,0
M0105615,C0105615,2019-11-18,393000,362000,5.379,30,279,2201.67,0.492,736000,0
M0105616,C0105616,2019-11-30,434000,400000,5.746,30,279,2531.6,0.508,787000,0
M0105617,C0105617,2021-02-27,436000,408000,6.646,30,294,2797.81,0.472,865000,0
M0105618,C0105618,2024-06-01,323000,306000,5.88,15,153,2704.76,0.616,497000,0
M0105619,C0105619,2019-10-30,408000,375000,6.97,30,278,2706.22,0.509,737000,0
M0105620,C0105620,2023-04-21,298000,286000,6.988,30,320,1980.2,0.536,534000,0
M0105621,C0105621,2024-03-17,278000,270000,5.544,30,331,1586.14,0.632,427000,0
M0105622,C0105622,2023-04-15,325000,312000,5.385,30,320,1821.93,0.5,624000,0
M0105623,C0105623,2024-09-09,437000,427000,3.823,30,336,2041.96,0.684,624000,0
M0105624,C0105624,2023-07-19,237000,228000,4.903,30,323,1258.25,0.547,417000,0
M0105625,C0105625,2023-05-09,365000,351000,4.61,30,320,1873.33,0.619,567000,0
M0105626,C0105626,2019-09-20,261000,240000,4.658,30,277,1347.06,0.63,381000,0
M0105627,C0105627,2022-10-01,227000,217000,5.034,30,313,1223.31,0.716,303000,0
M0105628,C0105628,2021-04-02,554000,519000,6.079,30,295,3349.7,0.746,696000,0
M0105629,C0105629,2020-10-01,395000,368000,5.819,30,289,2322.46,0.657,560000,0
M0105630,C0105630,2020-01-13,396000,365000,6.587,30,281,2525.69,0.516,708000,0
M0105631,C0105631,2022-06-14,204000,194000,5.923,30,310,1213.0,0.593,327000,0
M0105632,C0105632,2022-03-11,290000,275000,4.849,30,306,1530.13,0.52,529000,0
M0105633,C0105633,2019-12-27,443000,408000,6.333,30,280,2751.59,0.466,876000,0
M0105634,C0105634,2021-08-12,395000,348000,3.992,15,120,2920.18,0.646,539000,0
M0105635,C0105635,2023-12-20,1182000,1144000,6.575,30,328,7529.44,0.641,1785000,0
M0105636,C0105636,2022-02-18,366000,347000,4.658,30,306,1888.99,0.675,514000,0
M0105637,C0105637,2022-03-24,235000,223000,2.975,30,307,987.6,0.562,397000,0
M0105638,C0105638,2022-03-08,264000,250000,6.099,30,306,1599.66,0.519,482000,0
M0105639,C0105639,2021-10-15,214000,190000,5.16,15,122,1710.19,0.629,302000,0
M0105640,C0105640,2023-02-10,237000,227000,6.792,30,317,1543.8,0.518,438000,0
M0105641,C0105641,2024-10-05,345000,337000,6.559,30,337,2194.04,0.764,441000,0
M0105642,C0105642,2023-07-06,260000,250000,4.415,30,322,1304.28,0.554,451000,0
M0105643,C0105643,2020-12-26,639000,596000,7.175,30,292,4326.65,0.495,1205000,1
M0105644,C0105644,2019-09-14,509000,467000,3.427,30,277,2264.95,0.473,987000,0
M0105645,C0105645,2021-11-11,505000,477000,6.011,30,303,3031.3,0.623,766000,0
M0105646,C0105646,2021-01-12,289000,270000,7.067,30,293,1935.75,0.701,385000,0
M0105647,C0105647,2024-07-18,518000,505000,4.383,30,335,2588.74,0.6,842000,0
M0105648,C0105648,2020-12-28,547000,511000,7.823,30,292,3946.4,0.584,875000,0
M0105649,C0105649,2023-03-21,728000,698000,5.678,30,319,4215.17,0.558,1251000,0
M0105650,C0105650,2021-06-26,250000,235000,5.91,30,298,1484.44,0.558,421000,0
M0105651,C0105651,2021-11-08,330000,293000,6.792,15,122,2927.89,0.634,462000,0
M0105652,C0105652,2021-02-19,225000,210000,5.96,30,294,1343.21,0.727,289000,0
M0105653,C0105653,2021-04-19,1226000,1072000,4.043,15,116,9095.01,0.442,2425000,0
M0105654,C0105654,2021-10-27,296000,279000,2.8,30,302,1216.25,0.604,462000,0
M0105655,C0105655,2023-03-12,620000,595000,4.426,30,318,3114.25,0.571,1042000,0
M0105656,C0105656,2020-10-25,354000,330000,4.524,30,290,1798.72,0.73,452000,0
M0105657,C0105657,2021-05-13,509000,446000,4.457,15,117,3882.64,0.634,703000,0
M0105658,C0105658,2024-11-13,325000,318000,4.804,30,339,1705.95,0.605,526000,0
M0105659,C0105659,2024-02-19,520000,504000,2.8,30,330,2136.65,0.609,827000,1
M0105660,C0105660,2024-01-31,376000,353000,4.189,15,149,2816.97,0.654,540000,0
M0105661,C0105661,2023-11-14,769000,718000,6.101,15,147,6531.3,0.504,1424000,0
M0105662,C0105662,2021-06-25,382000,359000,6.646,30,298,2451.29,0.487,737000,0
M0105663,C0105663,2025-08-17,228000,222000,4.698,15,168,1767.35,0.663,335000,0
M0105664,C0105664,2024-02-19,425000,412000,6.26,30,330,2619.56,0.549,751000,0
M0105665,C0105665,2022-10-10,329000,314000,2.8,30,313,1351.84,0.696,451000,0
M0105666,C0105666,2024-08-17,200000,195000,5.797,30,336,1173.12,0.733,266000,0
M0105667,C0105667,2024-07-26,396000,386000,6.803,30,335,2582.42,0.704,548000,0
M0105668,C0105668,2023-02-11,241000,231000,6.067,30,318,1455.31,0.704,328000,0
M0105669,C0105669,2022-02-01,291000,275000,5.471,30,305,1646.98,0.585,470000,0
M0105670,C0105670,2023-09-10,335000,323000,2.8,30,324,1376.5,0.686,471000,0
M0105671,C0105671,2019-11-28,119000,100000,7.579,15,99,1108.49,0.581,172000,0
M0105672,C0105672,2023-03-09,264000,242000,7.635,15,138,2467.61,0.647,374000,0
M0105673,C0105673,2019-09-14,520000,478000,6.271,30,277,3208.83,0.531,901000,0
M0105674,C0105674,2022-04-27,298000,283000,6.965,30,308,1975.6,0.489,579000,0
M0105675,C0105675,2023-06-15,127000,122000,5.502,30,322,721.25,0.659,185000,0
M0105676,C0105676,2025-01-05,315000,309000,6.337,30,340,1957.37,0.684,452000,0
M0105677,C0105677,2021-04-19,417000,364000,6.423,15,116,3614.89,0.65,560000,0
M0105678,C0105678,2022-06-20,282000,268000,5.43,30,310,1588.8,0.478,561000,0
M0105679,C0105679,2019-12-09,287000,264000,4.591,30,279,1469.75,0.493,536000,0
M0105680,C0105680,2019-11-24,262000,241000,6.463,30,279,1649.65,0.604,399000,0
M0105681,C0105681,2022-07-23,447000,425000,7.567,30,311,3146.02,0.751,566000,0
M0105682,C0105682,2024-03-21,217000,211000,6.866,30,331,1424.23,0.591,357000,0
M0105683,C0105683,2023-09-11,431000,416000,5.875,30,324,2549.53,0.691,602000,0
M0105684,C0105684,2025-04-08,287000,282000,5.79,30,343,1682.15,0.779,362000,0
M0105685,C0105685,2024-10-05,613000,599000,5.853,30,337,3617.51,0.633,947000,0
M0105686,C0105686,2023-03-22,257000,247000,2.987,30,319,1081.72,0.55,449000,0
M0105687,C0105687,2024-08-22,188000,183000,5.383,30,336,1053.68,0.529,346000,0
M0105688,C0105688,2020-07-23,447000,415000,5.262,30,287,2471.67,0.643,645000,0
M0105689,C0105689,2020-07-29,419000,389000,4.172,30,287,2042.14,0.575,676000,0
M0105690,C0105690,2024-08-23,403000,393000,6.66,30,336,2589.79,0.543,724000,0
M0105691,C0105691,2024-02-22,500000,485000,5.81,30,330,2936.95,0.487,996000,0
M0105692,C0105692,2020-09-25,199000,185000,2.8,30,289,817.68,0.479,386000,0
M0105693,C0105693,2024-01-28,221000,214000,5.758,30,329,1290.82,0.652,328000,0
M0105694,C0105694,2024-02-19,634000,615000,6.904,30,330,4177.22,0.622,989000,0
M0105695,C0105695,2021-03-21,407000,381000,4.845,30,295,2146.47,0.481,792000,0
M0105696,C0105696,2023-04-16,261000,251000,4.373,30,320,1302.83,0.574,437000,0
M0105697,C0105697,2020-09-05,136000,117000,4.082,15,108,1011.57,0.684,171000,0
M0105698,C0105698,2022-07-11,176000,167000,5.61,30,310,1011.49,0.53,315000,0
M0105699,C0105699,2024-06-12,203000,198000,4.701,30,334,1052.96,0.611,324000,0
M0105700,C0105700,2024-10-11,248000,242000,3.882,30,338,1167.18,0.537,451000,0
M0105701,C0105701,2021-07-26,382000,359000,7.282,30,299,2614.21,0.486,739000,0
M0105702,C0105702,2023-01-05,166000,159000,5.724,30,316,965.99,0.626,254000,0
M0105703,C0105703,2023-01-07,252000,241000,4.923,30,316,1340.96,0.598,403000,0
M0105704,C0105704,2021-08-14,174000,164000,7.341,30,300,1197.75,0.596,275000,0
M0105705,C0105705,2024-01-14,265000,257000,5.802,30,329,1555.23,0.63,408000,0
M0105706,C0105706,2019-09-16,1080000,992000,5.352,30,277,6032.21,0.57,1741000,0
M0105707,C0105707,2022-07-30,594000,565000,5.74,30,311,3462.65,0.554,1019000,0
M0105708,C0105708,2020-07-16,437000,406000,4.919,30,287,2324.33,0.74,549000,0
M0105709,C0105709,2021-01-13,252000,219000,5.346,15,113,2038.51,0.457,479000,0
M0105710,C0105710,2022-01-19,191000,181000,6.142,30,305,1162.64,0.499,363000,0
M0105711,C0105711,2025-02-06,314000,308000,7.349,30,341,2163.16,0.706,436000,0
M0105712,C0105712,2021-04-12,151000,141000,4.896,30,296,801.03,0.698,202000,0
M0105713,C0105713,2025-04-09,453000,445000,6.191,30,343,2771.84,0.551,807000,0
M0105714,C0105714,2021-04-11,297000,278000,3.878,30,295,1397.11,0.477,583000,0
M0105715,C0105715,2020-03-25,323000,299000,6.056,30,283,1948.19,0.68,440000,0
M0105716,C0105716,2022-07-03,143000,136000,7.484,30,310,998.31,0.509,267000,0
M0105717,C0105717,2019-12-03,336000,309000,5.526,30,279,1913.26,0.469,659000,0
M0105718,C0105718,2021-12-08,291000,275000,4.865,30,303,1538.23,0.506,543000,0
M0105719,C0105719,2022-07-12,203000,193000,4.915,30,310,1079.23,0.573,337000,0
M0105720,C0105720,2022-07-04,367000,349000,6.032,30,310,2207.91,0.49,712000,0
M0105721,C0105721,2024-11-01,269000,263000,5.566,30,338,1538.51,0.776,339000,0
M0105722,C0105722,2025-04-19,380000,374000,5.055,30,344,2052.71,0.519,721000,0
M0105723,C0105723,2025-03-23,446000,438000,6.219,30,343,2737.11,0.555,789000,0
M0105724,C0105724,2020-04-30,191000,177000,4.534,30,284,971.63,0.6,295000,0
M0105725,C0105725,2024-10-05,346000,338000,6.452,30,337,2176.04,0.515,656000,0
M0105726,C0105726,2021-11-17,343000,324000,5.153,30,303,1873.5,0.524,618000,0
M0105727,C0105727,2024-01-02,610000,591000,6.225,30,328,3745.96,0.524,1127000,0
M0105728,C0105728,2023-05-27,499000,480000,6.424,30,321,3129.12,0.658,730000,0
M0105729,C0105729,2021-08-06,275000,259000,3.363,30,299,1213.94,0.561,462000,0
M0105730,C0105730,2020-06-20,265000,246000,5.422,30,286,1491.7,0.61,403000,0
M0105731,C0105731,2025-01-13,353000,346000,3.818,30,341,1648.45,0.563,615000,0
M0105732,C0105732,2022-07-21,187000,178000,3.596,30,311,849.77,0.527,338000,0
M0105733,C0105733,2024-11-16,201000,197000,5.242,30,339,1108.93,0.564,349000,0
M0105734,C0105734,2024-06-27,259000,252000,5.838,30,334,1525.96,0.51,494000,0
M0105735,C0105735,2021-06-03,100000,94000,3.801,30,297,466.01,0.696,135000,0
M0105736,C0105736,2025-07-08,200000,197000,5.798,30,346,1173.25,0.592,333000,0
M0105737,C0105737,2024-02-26,278000,270000,4.538,30,330,1414.87,0.588,459000,0
M0105738,C0105738,2022-05-09,1300000,1234000,5.575,30,308,7442.55,0.524,2355000,0
M0105739,C0105739,2024-05-26,238000,232000,8.0,30,333,1746.36,0.604,384000,0
M0105740,C0105740,2023-05-22,456000,438000,5.151,30,321,2490.16,0.667,657000,0
M0105741,C0105741,2022-03-16,297000,281000,4.248,30,307,1460.71,0.657,428000,0
M0105742,C0105742,2020-04-16,408000,378000,5.48,30,284,2311.46,0.618,612000,0
M0105743,C0105743,2025-03-23,191000,188000,5.291,30,343,1059.56,0.631,298000,0
M0105744,C0105744,2022-08-27,151000,144000,5.12,30,312,821.71,0.541,266000,0
M0105745,C0105745,2021-12-04,653000,617000,5.538,30,303,3723.25,0.604,1022000,0
M0105746,C0105746,2022-10-29,169000,161000,5.297,30,314,938.15,0.674,239000,0
M0105747,C0105747,2025-07-31,688000,679000,4.139,30,347,3339.99,0.73,930000,0
M0105748,C0105748,2021-02-18,272000,254000,6.407,30,294,1702.62,0.525,484000,0
M0105749,C0105749,2024-04-19,217000,211000,6.945,30,332,1435.7,0.73,289000,0
M0105750,C0105750,2025-02-07,253000,248000,5.091,30,341,1372.26,0.665,373000,0
M0105751,C0105751,2022-12-30,730000,698000,5.886,30,316,4323.36,0.678,1029000,0
M0105752,C0105752,2024-07-20,231000,225000,3.25,30,335,1005.33,0.743,303000,0
M0105753,C0105753,2021-11-30,271000,256000,5.48,30,303,1535.31,0.493,519000,0
M0105754,C0105754,2022-06-18,534000,508000,7.616,30,310,3776.31,0.73,696000,0
M0105755,C0105755,2024-06-22,415000,393000,6.38,15,154,3587.77,0.664,592000,0
M0105756,C0105756,2020-03-09,926000,856000,5.669,30,282,5356.33,0.671,1276000,0
M0105757,C0105757,2020-06-04,587000,544000,5.451,30,285,3314.9,0.491,1109000,0
M0105758,C0105758,2023-10-23,231000,223000,5.171,30,326,1264.31,0.502,444000,0
M0105759,C0105759,2020-03-09,629000,581000,5.962,30,282,3755.82,0.554,1048000,0
M0105760,C0105760,2023-09-29,125000,116000,6.631,15,145,1097.91,0.523,222000,0
M0105761,C0105761,2022-10-25,482000,460000,4.948,30,314,2572.18,0.507,907000,0
M0105762,C0105762,2022-04-21,236000,224000,6.326,30,308,1464.78,0.64,350000,0
M0105763,C0105763,2024-01-24,441000,427000,4.611,30,329,2263.66,0.591,723000,0
M0105764,C0105764,2022-02-04,875000,828000,5.019,30,305,4707.35,0.753,1099000,0
M0105765,C0105765,2025-01-13,142000,139000,4.277,30,341,700.8,0.681,204000,0
M0105766,C0105766,2022-01-26,520000,492000,5.676,30,305,3010.18,0.576,854000,0
M0105767,C0105767,2020-01-26,499000,460000,5.592,30,281,2862.14,0.614,749000,0
M0105768,C0105768,2023-10-04,456000,440000,5.936,30,325,2715.22,0.711,619000,0
M0105769,C0105769,2024-11-23,201000,193000,5.839,15,159,1678.72,0.728,265000,0
M0105770,C0105770,2022-03-24,313000,297000,6.295,30,307,1936.36,0.503,591000,0
M0105771,C0105771,2023-11-27,202000,195000,7.793,30,327,1453.16,0.533,366000,0
M0105772,C0105772,2021-03-29,406000,380000,6.306,30,295,2514.62,0.509,747000,0
M0105773,C0105773,2023-09-22,171000,165000,3.329,30,325,751.64,0.548,301000,0
M0105774,C0105774,2025-04-27,263000,259000,5.227,30,344,1448.55,0.713,363000,0
M0105775,C0105775,2024-02-02,449000,435000,5.461,30,329,2538.4,0.538,809000,0
M0105776,C0105776,2020-09-26,227000,211000,3.757,30,289,1052.17,0.558,378000,0
M0105777,C0105777,2025-09-07,269000,266000,6.413,30,348,1684.9,0.785,339000,0
M0105778,C0105778,2020-05-20,208000,193000,7.467,30,285,1449.67,0.72,268000,0
M0105779,C0105779,2024-06-15,373000,363000,4.547,30,334,1900.37,0.688,528000,0
M0105780,C0105780,2024-01-23,306000,297000,6.889,30,329,2013.07,0.528,563000,0
M0105781,C0105781,2021-03-17,227000,212000,6.681,30,295,1461.92,0.549,386000,0
M0105782,C0105782,2020-02-07,239000,221000,5.802,30,281,1402.64,0.544,406000,0
M0105783,C0105783,2024-06-19,355000,346000,6.414,30,334,2223.8,0.489,707000,0
M0105784,C0105784,2020-03-23,193000,178000,4.659,30,283,996.22,0.569,313000,0
M0105785,C0105785,2021-02-11,321000,300000,6.766,30,294,2085.42,0.586,512000,0
M0105786,C0105786,2025-07-15,333000,329000,6.893,30,347,2191.58,0.618,532000,0
M0105787,C0105787,2023-03-16,354000,325000,6.025,15,139,2992.04,0.619,525000,0
M0105788,C0105788,2024-03-06,251000,244000,5.836,30,330,1478.51,0.687,355000,0
M0105789,C0105789,2025-03-18,444000,429000,4.627,15,163,3425.46,0.741,579000,1
M0105790,C0105790,2020-02-27,530000,449000,6.541,15,102,4628.82,0.571,787000,0
M0105791,C0105791,2020-09-26,453000,422000,5.516,30,289,2576.63,0.696,606000,0
M0105792,C0105792,2020-06-15,364000,338000,5.35,30,286,2032.63,0.681,496000,0
M0105793,C0105793,2021-11-21,161000,152000,6.539,30,303,1021.76,0.561,271000,0
M0105794,C0105794,2021-04-29,758000,711000,5.182,30,296,4153.84,0.662,1074000,0
M0105795,C0105795,2022-01-10,337000,300000,4.724,15,124,2616.77,0.647,464000,0
M0105796,C0105796,2025-06-02,383000,377000,6.697,30,345,2470.65,0.598,630000,0
M0105797,C0105797,2024-10-18,230000,225000,3.84,30,338,1076.95,0.779,289000,0
M0105798,C0105798,2020-05-15,294000,272000,6.301,30,285,1819.97,0.551,494000,0
M0105799,C0105799,2021-12-16,591000,558000,4.146,30,304,2871.5,0.614,909000,0
M0105800,C0105800,2023-10-03,485000,468000,3.509,30,325,2180.3,0.658,711000,0
M0105801,C0105801,2020-12-02,281000,243000,6.223,15,111,2405.23,0.666,365000,0
M0105802,C0105802,2022-07-13,704000,670000,5.857,30,311,4156.33,0.665,1007000,0
M0105803,C0105803,2019-09-21,198000,182000,4.805,30,277,1039.44,0.506,360000,0
M0105804,C0105804,2022-09-18,141000,134000,4.229,30,313,691.9,0.606,221000,0
M0105805,C0105805,2021-09-03,125000,110000,5.872,15,120,1046.2,0.507,217000,0
M0105806,C0105806,2019-10-21,488000,449000,4.985,30,278,2615.22,0.488,920000,0
M0105807,C0105807,2023-02-08,231000,221000,6.37,30,317,1440.38,0.508,435000,0
M0105808,C0105808,2020-02-18,306000,259000,4.866,15,102,2398.52,0.456,568000,0
M0105809,C0105809,2020-10-14,566000,527000,5.032,30,290,3049.49,0.687,767000,0
M0105810,C0105810,2025-06-25,386000,381000,6.72,30,346,2495.9,0.556,685000,0
M0105811,C0105811,2025-05-24,181000,178000,4.37,30,345,903.17,0.709,251000,0
M0105812,C0105812,2025-02-22,738000,725000,3.899,30,342,3480.49,0.567,1279000,0
M0105813,C0105813,2023-03-08,283000,271000,4.472,30,318,1429.22,0.609,445000,0
M0105814,C0105814,2020-10-31,318000,296000,5.766,30,290,1859.0,0.477,621000,0
M0105815,C0105815,2021-04-22,229000,215000,7.602,30,296,1617.23,0.611,352000,0
M0105816,C0105816,2021-04-09,188000,176000,5.667,30,295,1087.22,0.503,350000,0
M0105817,C0105817,2023-07-17,368000,354000,4.541,30,323,1873.58,0.678,522000,0
M0105818,C0105818,2025-06-06,159000,157000,4.588,30,345,813.96,0.777,202000,0
M0105819,C0105819,2025-05-05,314000,309000,5.951,30,344,1872.71,0.541,571000,0
M0105820,C0105820,2024-11-14,724000,709000,3.593,30,339,3288.79,0.55,1289000,0
M0105821,C0105821,2025-01-12,477000,468000,3.43,30,341,2123.35,0.704,665000,0
M0105822,C0105822,2020-01-09,363000,335000,5.716,30,280,2110.54,0.654,512000,0
M0105823,C0105823,2024-09-10,189000,185000,6.473,30,336,1191.25,0.51,363000,0
M0105824,C0105824,2023-10-12,318000,307000,6.501,30,326,2010.19,0.613,501000,0
M0105825,C0105825,2020-09-17,220000,189000,5.881,15,109,1842.37,0.512,369000,0
M0105826,C0105826,2024-06-13,674000,639000,6.817,15,154,5989.35,0.71,900000,0
M0105827,C0105827,2021-05-17,259000,243000,5.292,30,297,1436.95,0.704,345000,0
M0105828,C0105828,2022-11-27,221000,211000,5.083,30,315,1197.61,0.526,401000,0
M0105829,C0105829,2021-02-12,294000,275000,5.443,30,294,1658.8,0.631,436000,0
M0105830,C0105830,2023-11-22,222000,215000,5.825,30,327,1306.13,0.538,400000,0
M0105831,C0105831,2020-03-30,369000,341000,8.0,30,283,2707.59,0.697,489000,0
M0105832,C0105832,2021-04-24,815000,764000,5.283,30,296,4517.13,0.744,1027000,0
M0105833,C0105833,2023-11-19,329000,318000,5.697,30,327,1908.89,0.619,514000,0
M0105834,C0105834,2021-09-14,207000,195000,7.411,30,301,1434.78,0.609,320000,0
M0105835,C0105835,2021-03-29,303000,284000,6.11,30,295,1838.12,0.475,598000,0
M0105836,C0105836,2019-10-13,174000,160000,3.652,30,278,796.18,0.724,221000,0
M0105837,C0105837,2023-07-06,1379000,1328000,7.391,30,322,9539.45,0.562,2363000,0
M0105838,C0105838,2019-11-02,806000,742000,5.857,30,278,4758.53,0.493,1504000,0
M0105839,C0105839,2020-12-26,611000,570000,2.8,30,292,2510.57,0.618,923000,0
M0105840,C0105840,2023-01-28,477000,457000,5.052,30,317,2575.82,0.543,842000,0
M0105841,C0105841,2021-07-10,302000,284000,4.708,30,298,1567.74,0.511,556000,0
M0105842,C0105842,2022-04-23,305000,289000,4.978,30,308,1633.21,0.645,448000,1
M0105843,C0105843,2019-10-06,294000,270000,5.461,30,277,1662.11,0.496,544000,0
M0105844,C0105844,2025-04-30,1076000,1042000,6.295,15,164,9252.28,0.49,2127000,0
M0105845,C0105845,2021-02-27,298000,279000,6.894,30,294,1961.43,0.631,442000,0
M0105846,C0105846,2020-09-13,247000,230000,6.934,30,289,1632.36,0.667,345000,0
M0105847,C0105847,2025-08-30,311000,307000,7.263,30,348,2124.31,0.51,602000,0
M0105848,C0105848,2022-08-23,424000,404000,5.28,30,312,2349.23,0.752,537000,0
M0105849,C0105849,2021-07-02,80000,75000,3.202,30,298,346.06,0.694,108000,0
M0105850,C0105850,2020-08-07,399000,371000,2.8,30,287,1639.47,0.603,615000,0
M0105851,C0105851,2025-02-01,92000,90000,6.351,30,341,572.52,0.556,162000,0
M0105852,C0105852,2024-01-12,684000,663000,5.434,30,329,3855.4,0.498,1332000,0
M0105853,C0105853,2022-06-04,138000,131000,7.147,30,309,931.78,0.575,228000,0
M0105854,C0105854,2021-11-04,219000,207000,6.01,30,302,1314.42,0.515,402000,0
M0105855,C0105855,2024-10-02,126000,123000,3.57,30,337,570.73,0.672,183000,0
M0105856,C0105856,2020-10-03,806000,750000,4.835,30,289,4245.87,0.527,1423000,0
M0105857,C0105857,2022-09-24,326000,296000,5.971,15,133,2745.87,0.631,469000,0
M0105858,C0105858,2023-04-16,998000,919000,4.275,15,140,7520.37,0.486,1891000,0
M0105859,C0105859,2020-12-11,886000,827000,7.156,30,292,5987.7,0.614,1346000,0
M0105860,C0105860,2022-08-16,612000,583000,5.015,30,312,3290.96,0.53,1099000,0
M0105861,C0105861,2023-12-18,163000,158000,5.146,30,328,889.62,0.629,251000,0
M0105862,C0105862,2023-01-31,356000,341000,3.735,30,317,1645.66,0.569,599000,0
M0105863,C0105863,2024-10-12,649000,635000,7.742,30,338,4645.93,0.568,1118000,0
M0105864,C0105864,2020-08-22,398000,370000,5.285,30,288,2206.41,0.653,567000,0
M0105865,C0105865,2023-10-24,272000,263000,5.82,30,326,1599.43,0.656,401000,0
M0105866,C0105866,2023-08-08,391000,363000,4.65,15,143,3021.19,0.642,565000,0
M0105867,C0105867,2024-08-27,410000,400000,5.066,30,336,2217.54,0.618,647000,0
M0105868,C0105868,2023-06-17,157000,151000,5.838,30,322,925.0,0.748,202000,0
M0105869,C0105869,2024-08-05,247000,241000,5.977,30,335,1477.24,0.49,492000,0
M0105870,C0105870,2025-06-02,454000,447000,6.134,30,345,2761.19,0.671,666000,0
M0105871,C0105871,2021-07-08,507000,476000,6.612,30,298,3242.02,0.595,800000,0
M0105872,C0105872,2023-06-09,370000,356000,6.263,30,321,2281.28,0.66,539000,0
M0105873,C0105873,2021-06-22,267000,251000,6.1,30,298,1618.01,0.609,412000,0
M0105874,C0105874,2024-05-11,298000,290000,4.776,30,332,1559.18,0.504,575000,0
M0105875,C0105875,2022-07-11,225000,214000,5.252,30,310,1242.74,0.538,398000,0
M0105876,C0105876,2024-06-09,311000,303000,4.15,30,333,1511.78,0.6,505000,0
M0105877,C0105877,2024-03-08,501000,486000,4.95,30,330,2674.19,0.55,883000,0
M0105878,C0105878,2019-11-20,1104000,1016000,5.97,30,279,6597.76,0.567,1791000,0
M0105879,C0105879,2022-07-10,179000,170000,5.941,30,310,1066.42,0.677,251000,0
M0105880,C0105880,2025-08-30,617000,610000,6.229,30,348,3790.55,0.672,908000,0
M0105881,C0105881,2020-01-04,397000,366000,7.118,30,280,2672.79,0.57,642000,0
M0105882,C0105882,2020-10-06,147000,137000,4.055,30,289,706.47,0.517,265000,0
M0105883,C0105883,2023-05-25,312000,300000,3.446,30,321,1391.63,0.744,403000,0
M0105884,C0105884,2024-04-03,299000,282000,5.211,15,151,2397.47,0.617,457000,0
M0105885,C0105885,2023-02-27,327000,314000,7.122,30,318,2202.4,0.712,441000,0
M0105886,C0105886,2021-01-22,553000,517000,7.086,30,293,3711.12,0.536,964000,0
M0105887,C0105887,2022-09-25,880000,839000,5.718,30,313,5117.57,0.674,1244000,0
M0105888,C0105888,2024-08-26,626000,611000,5.186,30,336,3432.02,0.646,946000,0
M0105889,C0105889,2024-08-17,365000,356000,5.788,30,336,2138.86,0.627,568000,0
M0105890,C0105890,2019-09-29,385000,354000,6.732,30,277,2492.5,0.587,603000,0
M0105891,C0105891,2024-03-25,927000,900000,4.643,30,331,4776.06,0.584,1542000,0
M0105892,C0105892,2022-03-24,193000,183000,4.872,30,307,1021.02,0.712,257000,1
M0105893,C0105893,2021-07-21,610000,573000,5.605,30,299,3503.81,0.506,1132000,0
M0105894,C0105894,2024-10-08,185000,177000,6.731,15,157,1635.13,0.577,307000,0
M0105895,C0105895,2024-09-23,153000,149000,6.419,30,337,958.93,0.589,253000,0
M0105896,C0105896,2023-10-29,449000,434000,3.333,30,326,1974.59,0.662,656000,0
M0105897,C0105897,2022-01-27,143000,135000,6.421,30,305,896.44,0.754,179000,0
M0105898,C0105898,2020-08-16,269000,250000,5.484,30,288,1524.65,0.545,459000,0
M0105899,C0105899,2023-05-20,652000,627000,6.2,30,321,3993.3,0.598,1048000,0
M0105900,C0105900,2023-12-27,208000,201000,5.263,30,328,1150.26,0.624,322000,0
M0105901,C0105901,2023-11-11,805000,752000,6.049,15,146,6814.38,0.563,1335000,0
M0105902,C0105902,2021-01-21,106000,92000,5.551,15,113,868.98,0.487,189000,0
M0105903,C0105903,2022-05-27,552000,524000,4.901,30,309,2929.95,0.572,916000,0
M0105904,C0105904,2021-12-25,164000,155000,4.666,30,304,847.22,0.601,258000,0
M0105905,C0105905,2024-05-05,297000,289000,5.289,30,332,1647.23,0.488,592000,0
M0105906,C0105906,2021-11-06,365000,324000,4.076,15,122,2713.78,0.525,617000,0
M0105907,C0105907,2023-11-03,285000,276000,5.013,30,326,1532.21,0.665,415000,0
M0105908,C0105908,2020-05-20,288000,267000,5.146,30,285,1571.85,0.653,409000,0
M0105909,C0105909,2022-07-21,159000,151000,6.64,30,311,1019.67,0.592,255000,0
M0105910,C0105910,2024-10-06,665000,650000,6.23,30,337,4085.87,0.725,897000,0
M0105911,C0105911,2021-10-03,177000,167000,7.714,30,301,1263.65,0.742,225000,0
M0105912,C0105912,2025-07-14,177000,175000,3.655,30,347,810.2,0.593,295000,0
M0105913,C0105913,2020-09-06,312000,290000,5.218,30,288,1716.7,0.597,486000,0
M0105914,C0105914,2023-04-05,231000,222000,6.856,30,319,1514.57,0.517,429000,0
M0105915,C0105915,2020-10-01,498000,463000,5.802,30,289,2922.66,0.742,624000,0
M0105916,C0105916,2020-01-23,251000,232000,5.26,30,281,1387.59,0.518,448000,0
M0105917,C0105917,2022-09-17,328000,313000,4.474,30,313,1656.86,0.534,586000,0
M0105918,C0105918,2025-01-11,347000,340000,6.264,30,341,2139.7,0.522,651000,0
M0105919,C0105919,2025-04-02,533000,524000,5.705,30,343,3095.22,0.528,992000,0
M0105920,C0105920,2023-10-14,252000,243000,5.128,30,326,1372.57,0.487,499000,0
M0105921,C0105921,2024-07-27,142000,138000,6.609,30,335,907.74,0.723,191000,0
M0105922,C0105922,2021-06-01,219000,206000,7.962,30,297,1601.15,0.626,329000,0
M0105923,C0105923,2025-09-10,579000,565000,4.523,15,168,4436.12,0.496,1139000,0
M0105924,C0105924,2021-06-01,390000,366000,6.142,30,297,2373.97,0.501,730000,0
M0105925,C0105925,2024-08-01,272000,265000,5.652,30,335,1570.43,0.525,505000,0
M0105926,C0105926,2024-12-11,338000,331000,6.214,30,340,2073.22,0.584,567000,0
M0105927,C0105927,2025-07-06,287000,283000,6.953,30,346,1900.37,0.503,563000,0
M0105928,C0105928,2020-11-09,486000,453000,7.064,30,290,3254.29,0.592,765000,0
M0105929,C0105929,2021-05-30,388000,364000,4.952,30,297,2071.5,0.622,585000,0
M0105930,C0105930,2020-04-27,285000,264000,3.676,30,284,1307.94,0.466,567000,0
M0105931,C0105931,2022-06-03,519000,467000,5.397,15,129,4212.35,0.597,782000,0
M0105932,C0105932,2022-02-15,590000,559000,5.404,30,306,3314.5,0.491,1138000,0
M0105933,C0105933,2025-06-25,207000,204000,2.8,30,346,850.55,0.642,318000,1
M0105934,C0105934,2025-07-27,209000,206000,6.614,30,347,1336.73,0.549,375000,0
M0105935,C0105935,2021-12-29,1089000,1029000,4.922,30,304,5794.18,0.585,1758000,0
M0105936,C0105936,2022-08-18,448000,427000,5.443,30,312,2527.7,0.563,759000,0
M0105937,C0105937,2020-10-25,755000,703000,4.872,30,290,3994.15,0.483,1455000,0
M0105938,C0105938,2022-05-23,512000,461000,5.272,15,129,4121.78,0.503,917000,0
M0105939,C0105939,2025-07-11,412000,401000,6.904,15,166,3681.1,0.526,762000,0
M0105940,C0105940,2021-10-30,113000,107000,5.593,30,302,648.21,0.594,180000,0
M0105941,C0105941,2024-12-07,178000,174000,7.834,30,339,1285.56,0.737,236000,0
M0105942,C0105942,2020-05-19,454000,421000,6.192,30,285,2778.25,0.478,881000,0
M0105943,C0105943,2022-11-15,208000,199000,6.272,30,315,1283.67,0.483,412000,0
M0105944,C0105944,2023-01-17,304000,278000,5.275,15,137,2447.79,0.625,445000,0
M0105945,C0105945,2025-06-11,517000,509000,5.434,30,345,2914.1,0.517,985000,0
M0105946,C0105946,2023-11-12,351000,339000,6.636,30,327,2250.05,0.578,586000,0
M0105947,C0105947,2025-07-27,400000,395000,6.806,30,347,2609.3,0.65,608000,0
M0105948,C0105948,2025-01-16,656000,643000,5.793,30,341,3846.18,0.772,833000,0
M0105949,C0105949,2022-03-16,689000,653000,6.112,30,307,4180.65,0.512,1275000,0
M0105950,C0105950,2022-10-15,319000,304000,5.346,30,314,1780.55,0.479,634000,0
M0105951,C0105951,2022-04-28,620000,588000,5.742,30,308,3615.0,0.674,872000,0
M0105952,C0105952,2020-11-09,203000,189000,5.596,30,290,1164.87,0.741,255000,0
M0105953,C0105953,2020-11-10,367000,317000,5.543,15,110,3007.08,0.577,549000,0
M0105954,C0105954,2020-05-30,435000,403000,6.602,30,285,2778.74,0.479,842000,0
M0105955,C0105955,2025-03-25,311000,306000,5.445,30,343,1755.11,0.518,591000,0
M0105956,C0105956,2025-03-31,293000,288000,4.808,30,343,1538.69,0.622,463000,0
M0105957,C0105957,2020-04-26,187000,159000,5.204,15,104,1498.73,0.457,348000,0
M0105958,C0105958,2020-06-23,322000,299000,5.185,30,286,1765.15,0.632,473000,0
M0105959,C0105959,2025-08-02,147000,145000,5.985,30,347,879.92,0.587,247000,0
M0105960,C0105960,2025-07-08,307000,303000,4.886,30,346,1626.72,0.563,538000,0
M0105961,C0105961,2023-11-22,338000,316000,6.738,15,147,2988.75,0.701,451000,0
M0105962,C0105962,2022-05-28,476000,452000,5.204,30,309,2614.94,0.694,651000,0
M0105963,C0105963,2025-05-28,182000,177000,7.226,15,165,1658.95,0.741,239000,0
M0105964,C0105964,2023-01-04,388000,371000,5.529,30,316,2210.09,0.479,775000,0
M0105965,C0105965,2024-03-26,436000,423000,6.081,30,331,2636.79,0.629,672000,0
M0105966,C0105966,2020-03-05,324000,299000,6.593,30,282,2067.76,0.62,482000,0
M0105967,C0105967,2020-10-22,410000,354000,6.846,15,110,3649.99,0.572,619000,0
M0105968,C0105968,2022-07-23,375000,357000,6.19,30,311,2294.33,0.482,741000,0
M0105969,C0105969,2024-12-11,89000,87000,8.0,30,340,653.05,0.77,113000,0
M0105970,C0105970,2024-02-11,207000,195000,5.504,15,150,1691.8,0.484,403000,0
M0105971,C0105971,2024-06-26,957000,932000,3.84,30,334,4481.03,0.58,1608000,0
M0105972,C0105972,2020-07-19,455000,422000,5.462,30,287,2572.6,0.561,752000,0
M0105973,C0105973,2022-01-12,243000,230000,6.374,30,305,1515.84,0.627,367000,0
M0105974,C0105974,2023-08-20,394000,366000,6.0,15,144,3324.8,0.731,501000,0
M0105975,C0105975,2025-07-26,468000,462000,4.38,30,347,2338.04,0.524,882000,0
M0105976,C0105976,2020-09-18,708000,659000,5.128,30,289,3856.27,0.566,1165000,0
M0105977,C0105977,2022-01-31,270000,255000,4.609,30,305,1385.59,0.752,339000,0
M0105978,C0105978,2024-04-02,243000,236000,4.77,30,331,1270.53,0.546,432000,0
M0105979,C0105979,2020-05-02,256000,237000,5.397,30,284,1437.04,0.591,401000,0
M0105980,C0105980,2021-03-01,246000,230000,6.013,30,294,1476.95,0.605,380000,0
M0105981,C0105981,2025-04-12,242000,238000,4.698,30,344,1254.81,0.758,314000,0
M0105982,C0105982,2025-08-26,360000,351000,4.802,15,168,2809.86,0.555,632000,0
M0105983,C0105983,2025-08-30,266000,263000,6.282,30,348,1643.35,0.569,462000,0
M0105984,C0105984,2024-01-28,318000,308000,4.558,30,329,1622.24,0.49,629000,0
M0105985,C0105985,2023-04-06,836000,803000,4.508,30,319,4239.86,0.721,1113000,0
M0105986,C0105986,2020-02-15,203000,172000,7.918,15,102,1930.38,0.432,398000,0
M0105987,C0105987,2020-08-09,388000,360000,4.921,30,287,2064.18,0.577,624000,0
M0105988,C0105988,2019-09-18,186000,171000,3.492,30,277,834.39,0.712,240000,0
M0105989,C0105989,2020-02-02,521000,441000,4.136,15,101,3889.38,0.466,946000,0
M0105990,C0105990,2025-09-02,573000,566000,3.308,30,348,2512.01,0.633,894000,0
M0105991,C0105991,2020-11-22,212000,198000,7.314,30,291,1455.43,0.71,279000,0
M0105992,C0105992,2020-02-28,231000,213000,5.42,30,282,1300.02,0.685,311000,0
M0105993,C0105993,2021-10-20,457000,431000,4.355,30,302,2276.35,0.478,901000,0
M0105994,C0105994,2019-12-04,286000,263000,6.117,30,279,1736.29,0.528,498000,0
M0105995,C0105995,2023-02-20,666000,638000,7.384,30,318,4603.98,0.488,1308000,0
M0105996,C0105996,2020-12-20,180000,168000,5.312,30,292,1000.89,0.509,330000,0
M0105997,C0105997,2020-12-19,562000,524000,7.296,30,292,3851.38,0.542,966000,0
M0105998,C0105998,2024-05-03,1003000,975000,5.13,30,332,5464.29,0.726,1343000,0
M0105999,C0105999,2021-02-27,399000,373000,4.206,30,294,1952.58,0.589,633000,0
M0106000,C0106000,2022-11-06,238000,227000,7.491,30,314,1662.66,0.668,340000,0
M0106001,C0106001,2024-08-05,222000,217000,4.707,30,335,1152.31,0.714,304000,0
M0106002,C0106002,2025-01-19,302000,296000,4.878,30,341,1598.76,0.605,489000,0
M0106003,C0106003,2021-05-28,460000,432000,6.643,30,297,2950.91,0.633,683000,0
M0106004,C0106004,2020-10-28,155000,144000,5.539,30,290,883.87,0.472,305000,0
M0106005,C0106005,2020-12-11,281000,262000,5.379,30,292,1574.22,0.734,357000,0
M0106006,C0106006,2019-11-18,350000,322000,5.22,30,279,1926.21,0.724,445000,0
M0106007,C0106007,2020-04-18,713000,660000,4.767,30,284,3726.66,0.539,1225000,0
M0106008,C0106008,2024-08-02,831000,811000,5.699,30,335,4822.6,0.739,1097000,0
M0106009,C0106009,2021-04-28,307000,288000,6.036,30,296,1847.73,0.564,511000,0
M0106010,C0106010,2024-05-15,188000,183000,5.254,30,333,1038.61,0.523,350000,0
M0106011,C0106011,2021-04-22,352000,330000,6.123,30,296,2138.33,0.698,473000,0
M0106012,C0106012,2023-02-10,358000,328000,5.953,15,137,3011.92,0.704,466000,0
M0106013,C0106013,2020-04-16,593000,504000,5.926,15,104,4980.39,0.433,1164000,0
M0106014,C0106014,2024-12-13,263000,258000,5.187,30,340,1442.05,0.518,498000,0
M0106015,C0106015,2024-07-13,200000,195000,5.091,30,335,1084.79,0.679,287000,0
M0106016,C0106016,2021-12-23,326000,308000,5.908,30,304,1935.29,0.587,525000,0
M0106017,C0106017,2022-05-26,276000,262000,4.18,30,309,1346.47,0.695,377000,0
M0106018,C0106018,2020-07-17,273000,253000,8.0,30,287,2003.18,0.493,513000,0
M0106019,C0106019,2020-05-04,212000,196000,2.8,30,284,871.1,0.662,296000,0
M0106020,C0106020,2024-02-16,175000,165000,4.883,15,150,1373.25,0.503,328000,0
M0106021,C0106021,2021-11-28,445000,420000,6.066,30,303,2686.91,0.657,639000,0
M0106022,C0106022,2021-02-25,374000,350000,6.303,30,294,2315.69,0.703,498000,0
M0106023,C0106023,2020-02-11,219000,202000,4.571,30,282,1118.9,0.654,309000,0
M0106024,C0106024,2023-07-28,494000,476000,4.785,30,323,2587.37,0.582,818000,0
M0106025,C0106025,2025-05-24,130000,126000,5.555,15,165,1066.01,0.506,249000,0
M0106026,C0106026,2023-08-04,267000,257000,4.006,30,323,1275.62,0.754,341000,0
M0106027,C0106027,2024-05-31,365000,355000,4.177,30,333,1780.02,0.717,495000,0
M0106028,C0106028,2025-05-30,570000,561000,6.464,30,345,3589.3,0.591,949000,0
M0106029,C0106029,2024-05-15,248000,241000,6.399,30,333,1551.09,0.737,327000,0
M0106030,C0106030,2024-07-14,575000,561000,5.513,30,335,3269.48,0.646,869000,0
M0106031,C0106031,2025-03-24,237000,233000,6.347,30,343,1474.23,0.642,363000,0
M0106032,C0106032,2021-02-01,494000,462000,5.603,30,293,2836.88,0.579,798000,0
M0106033,C0106033,2021-12-18,760000,718000,4.649,30,304,3918.38,0.528,1359000,0
M0106034,C0106034,2024-10-09,199000,195000,4.226,30,337,976.17,0.684,285000,1
M0106035,C0106035,2023-04-16,354000,340000,6.187,30,320,2165.15,0.643,529000,0
M0106036,C0106036,2020-09-02,429000,399000,4.758,30,288,2239.94,0.59,676000,0
M0106037,C0106037,2024-03-29,176000,171000,6.39,30,331,1099.74,0.629,272000,0
M0106038,C0106038,2024-04-12,407000,396000,5.164,30,332,2225.84,0.545,727000,0
M0106039,C0106039,2021-05-02,247000,232000,6.929,30,296,1631.54,0.732,317000,0
M0106040,C0106040,2023-04-24,215000,207000,4.448,30,320,1082.74,0.706,293000,0
M0106041,C0106041,2021-08-23,265000,234000,4.247,15,120,1993.14,0.652,359000,0
M0106042,C0106042,2024-07-16,256000,250000,5.727,30,335,1490.21,0.591,423000,0
M0106043,C0106043,2025-06-18,489000,482000,5.117,30,346,2660.13,0.751,642000,0
M0106044,C0106044,2022-06-23,328000,312000,5.662,30,310,1895.82,0.729,428000,0
M0106045,C0106045,2023-01-23,1041000,997000,5.42,30,317,5858.54,0.522,1911000,0
M0106046,C0106046,2020-08-16,251000,233000,4.933,30,288,1337.16,0.468,498000,0
M0106047,C0106047,2021-05-18,415000,389000,5.205,30,297,2280.09,0.734,530000,0
M0106048,C0106048,2023-09-03,304000,293000,3.091,30,324,1296.64,0.699,419000,0
M0106049,C0106049,2025-01-28,173000,170000,7.139,30,341,1167.17,0.603,282000,0
M0106050,C0106050,2022-06-12,726000,690000,4.794,30,310,3806.44,0.494,1398000,0
M0106051,C0106051,2020-12-06,348000,325000,5.979,30,291,2081.74,0.573,567000,0
M0106052,C0106052,2023-11-21,222000,215000,3.212,30,327,961.53,0.63,341000,0
M0106053,C0106053,2022-01-01,400000,378000,4.524,30,304,2032.45,0.503,752000,0
M0106054,C0106054,2025-07-02,549000,541000,5.775,30,346,3212.54,0.539,1004000,0
M0106055,C0106055,2021-05-23,214000,201000,7.487,30,297,1494.41,0.508,396000,0
M0106056,C0106056,2020-09-05,336000,312000,5.986,30,288,2011.47,0.651,479000,0
M0106057,C0106057,2024-03-12,551000,535000,6.104,30,331,3340.46,0.559,957000,0
M0106058,C0106058,2021-09-06,356000,314000,4.951,15,120,2806.15,0.636,494000,0
M0106059,C0106059,2021-03-19,432000,404000,5.476,30,295,2446.35,0.587,688000,0
M0106060,C0106060,2024-04-07,287000,279000,5.272,30,331,1588.74,0.518,539000,0
M0106061,C0106061,2024-08-27,149000,142000,5.827,15,156,1243.46,0.516,275000,0
M0106062,C0106062,2023-05-25,289000,278000,6.853,30,321,1894.28,0.577,482000,0
M0106063,C0106063,2020-07-15,248000,230000,5.103,30,287,1346.97,0.508,453000,0
M0106064,C0106064,2023-06-28,310000,298000,5.517,30,322,1763.45,0.739,403000,0
M0106065,C0106065,2024-06-17,249000,243000,5.055,30,334,1345.07,0.521,466000,0
M0106066,C0106066,2023-12-25,357000,346000,5.203,30,328,1960.99,0.525,659000,0
M0106067,C0106067,2024-02-02,276000,259000,6.736,15,149,2440.21,0.519,499000,0
M0106068,C0106068,2022-07-03,491000,467000,5.981,30,310,2937.8,0.7,667000,0
M0106069,C0106069,2021-09-03,446000,420000,5.839,30,300,2628.01,0.668,629000,0
M0106070,C0106070,2024-01-19,206000,200000,5.35,30,329,1150.33,0.687,291000,0
M0106071,C0106071,2023-09-12,614000,593000,4.539,30,325,3125.29,0.548,1083000,0
M0106072,C0106072,2022-10-08,228000,218000,6.255,30,313,1404.58,0.655,333000,0
M0106073,C0106073,2023-11-05,187000,181000,6.412,30,326,1171.17,0.718,252000,0
M0106074,C0106074,2022-12-24,556000,532000,6.459,30,316,3499.32,0.572,930000,0
M0106075,C0106075,2025-04-28,244000,240000,5.474,30,344,1381.43,0.649,370000,0
M0106076,C0106076,2023-06-01,344000,331000,4.635,30,321,1770.7,0.597,554000,0
M0106077,C0106077,2020-10-11,172000,160000,6.195,30,290,1052.89,0.518,309000,0
M0106078,C0106078,2023-01-26,273000,261000,6.679,30,317,1757.81,0.671,389000,0
M0106079,C0106079,2022-12-10,309000,295000,6.414,30,315,1935.65,0.495,596000,0
M0106080,C0106080,2022-01-31,269000,255000,4.633,30,305,1384.32,0.53,481000,0
M0106081,C0106081,2023-05-05,253000,233000,5.906,15,140,2122.13,0.494,472000,0
M0106082,C0106082,2023-03-03,335000,321000,3.351,30,318,1476.58,0.614,523000,0
M0106083,C0106083,2024-03-23,538000,522000,6.965,30,331,3566.69,0.574,909000,0
M0106084,C0106084,2021-02-25,205000,192000,5.68,30,294,1187.22,0.509,377000,0
M0106085,C0106085,2022-05-15,93000,88000,5.712,30,309,540.48,0.733,120000,0
M0106086,C0106086,2025-08-06,609000,601000,7.196,30,347,4132.17,0.647,929000,0
M0106087,C0106087,2022-05-05,236000,224000,4.848,30,308,1245.07,0.711,315000,0
M0106088,C0106088,2023-07-15,246000,228000,5.627,15,143,2026.64,0.501,455000,0
M0106089,C0106089,2025-09-06,250000,244000,4.551,15,168,1919.01,0.493,495000,0
M0106090,C0106090,2022-08-27,169000,161000,3.853,30,312,792.58,0.494,326000,0
M0106091,C0106091,2025-03-08,269000,264000,5.807,30,342,1579.56,0.506,522000,0
M0106092,C0106092,2024-07-16,285000,278000,5.756,30,335,1664.27,0.638,436000,0
M0106093,C0106093,2022-01-08,407000,385000,3.164,30,304,1752.14,0.576,668000,0
M0106094,C0106094,2022-08-12,249000,237000,6.302,30,312,1541.57,0.617,384000,0
M0106095,C0106095,2023-12-30,97000,94000,5.454,30,328,547.96,0.635,148000,0
M0106096,C0106096,2020-06-30,168000,156000,6.328,30,286,1042.94,0.736,212000,0
M0106097,C0106097,2019-10-19,572000,526000,5.759,30,278,3341.31,0.543,968000,0
M0106098,C0106098,2025-02-18,215000,211000,6.65,30,342,1380.22,0.528,400000,0
M0106099,C0106099,2024-03-16,431000,418000,6.776,30,331,2802.91,0.627,667000,0
M0106100,C0106100,2025-09-02,229000,226000,5.719,30,348,1331.88,0.523,432000,0
M0106101,C0106101,2024-10-14,492000,481000,6.515,30,338,3114.63,0.617,780000,0
M0106102,C0106102,2023-07-06,344000,331000,6.471,30,322,2167.76,0.556,595000,0
M0106103,C0106103,2025-06-06,159000,154000,4.2,15,165,1192.1,0.77,200000,0
M0106104,C0106104,2020-03-12,183000,169000,4.529,30,283,930.39,0.538,314000,0
M0106105,C0106105,2021-07-31,156000,147000,4.389,30,299,780.17,0.642,229000,0
M0106106,C0106106,2025-03-14,517000,508000,6.23,30,343,3176.54,0.531,957000,0
M0106107,C0106107,2023-12-15,175000,169000,4.722,30,328,909.93,0.772,219000,0
M0106108,C0106108,2021-05-31,272000,255000,3.264,30,297,1185.85,0.704,362000,0
M0106109,C0106109,2024-01-21,315000,305000,4.39,30,329,1575.54,0.52,587000,0
M0106110,C0106110,2022-11-05,366000,350000,5.079,30,314,1982.48,0.603,580000,0
M0106111,C0106111,2025-01-13,260000,250000,6.006,15,161,2194.87,0.663,377000,0
M0106112,C0106112,2020-07-08,149000,138000,6.922,30,286,983.51,0.734,188000,0
M0106113,C0106113,2025-05-20,179000,176000,6.548,30,345,1137.06,0.647,272000,0
M0106114,C0106114,2025-02-13,194000,190000,5.696,30,342,1125.49,0.531,358000,0
M0106115,C0106115,2024-04-25,87000,85000,4.59,30,332,445.48,0.594,143000,0
M0106116,C0106116,2023-07-04,407000,392000,3.295,30,322,1781.36,0.719,545000,0
M0106117,C0106117,2023-04-27,422000,405000,4.964,30,320,2256.11,0.628,645000,0
M0106118,C0106118,2021-07-20,192000,180000,5.185,30,299,1052.51,0.621,290000,1
M0106119,C0106119,2021-09-23,629000,593000,5.61,30,301,3614.92,0.709,836000,0
M0106120,C0106120,2025-09-03,311000,307000,6.484,30,348,1962.46,0.646,475000,0
M0106121,C0106121,2025-02-02,501000,482000,6.238,15,161,4292.41,0.711,678000,0
M0106122,C0106122,2023-10-17,483000,467000,5.603,30,326,2773.72,0.542,862000,1
M0106123,C0106123,2023-07-03,306000,295000,5.062,30,322,1654.29,0.68,434000,0
M0106124,C0106124,2021-01-24,119000,111000,3.825,30,293,556.18,0.638,174000,0
M0106125,C0106125,2019-09-30,362000,303000,4.619,15,97,2791.34,0.613,494000,0
M0106126,C0106126,2024-03-10,426000,414000,4.439,30,330,2143.07,0.527,786000,0
M0106127,C0106127,2021-08-12,237000,223000,8.0,30,300,1739.02,0.484,461000,0
M0106128,C0106128,2024-01-19,355000,344000,7.694,30,329,2529.54,0.695,495000,0
M0106129,C0106129,2019-09-15,323000,270000,4.115,15,97,2407.85,0.508,532000,0
M0106130,C0106130,2021-12-18,203000,192000,5.932,30,304,1208.23,0.49,392000,0
M0106131,C0106131,2025-03-22,312000,307000,4.014,30,343,1492.06,0.502,611000,0
M0106132,C0106132,2025-02-19,254000,249000,5.746,30,342,1481.63,0.724,344000,0
M0106133,C0106133,2023-04-09,395000,363000,4.96,15,139,3115.41,0.541,671000,1
M0106134,C0106134,2023-01-13,244000,223000,5.344,15,137,1973.54,0.562,397000,0
M0106135,C0106135,2024-04-25,230000,224000,6.657,30,332,1477.59,0.626,358000,0
M0106136,C0106136,2025-03-19,145000,142000,5.91,30,343,860.98,0.526,270000,0
M0106137,C0106137,2020-01-19,988000,911000,6.457,30,281,6216.92,0.726,1254000,0
M0106138,C0106138,2021-07-30,261000,245000,6.053,30,299,1573.73,0.499,491000,0
M0106139,C0106139,2020-04-08,186000,172000,4.694,30,283,964.0,0.649,265000,0
M0106140,C0106140,2023-12-23,443000,415000,4.058,15,148,3289.71,0.689,602000,0
M0106141,C0106141,2022-04-14,360000,341000,5.171,30,308,1970.35,0.55,620000,0
M0106142,C0106142,2021-11-19,431000,407000,5.169,30,303,2358.42,0.483,843000,0
M0106143,C0106143,2023-11-09,455000,440000,4.925,30,326,2421.73,0.59,746000,0
M0106144,C0106144,2021-11-01,567000,535000,4.725,30,302,2949.2,0.478,1119000,0
M0106145,C0106145,2022-06-06,192000,182000,5.573,30,309,1098.96,0.555,328000,0
M0106146,C0106146,2020-07-23,353000,328000,6.953,30,287,2337.39,0.548,599000,0
M0106147,C0106147,2020-06-22,149000,138000,3.19,30,286,643.56,0.667,207000,0
M0106148,C0106148,2020-02-17,281000,259000,4.133,30,282,1363.17,0.676,383000,0
M0106149,C0106149,2022-04-04,458000,434000,5.787,30,307,2683.54,0.55,789000,0
M0106150,C0106150,2025-05-13,209000,206000,3.457,30,345,933.49,0.76,271000,0
M0106151,C0106151,2021-02-09,1000000,935000,3.912,30,293,4723.56,0.472,1980000,0
M0106152,C0106152,2023-03-23,331000,318000,7.827,30,319,2388.96,0.658,483000,0
M0106153,C0106153,2021-07-28,133000,125000,6.119,30,299,807.61,0.59,212000,0
M0106154,C0106154,2021-09-11,466000,439000,8.0,30,301,3419.34,0.68,646000,0
M0106155,C0106155,2025-02-10,995000,977000,3.621,30,342,4535.47,0.618,1580000,0
M0106156,C0106156,2024-07-19,107000,104000,7.793,30,335,769.74,0.684,152000,0
M0106157,C0106157,2021-02-25,468000,407000,4.057,15,114,3475.12,0.463,879000,0
M0106158,C0106158,2022-05-14,200000,190000,6.485,30,309,1262.16,0.731,260000,0
M0106159,C0106159,2024-06-12,319000,311000,3.106,30,334,1363.22,0.624,498000,0
M0106160,C0106160,2020-08-02,170000,158000,5.82,30,287,999.65,0.51,310000,0
M0106161,C0106161,2020-06-23,502000,429000,5.897,15,106,4208.28,0.447,960000,0
M0106162,C0106162,2024-05-12,280000,272000,5.007,30,333,1504.3,0.492,553000,0
M0106163,C0106163,2023-11-03,585000,566000,3.968,30,326,2782.1,0.749,756000,0
M0106164,C0106164,2024-07-14,196000,191000,5.191,30,335,1075.17,0.723,264000,0
M0106165,C0106165,2022-04-25,296000,281000,5.764,30,308,1730.01,0.661,425000,0
M0106166,C0106166,2021-02-03,103000,96000,4.234,30,293,505.73,0.473,203000,0
M0106167,C0106167,2023-12-26,1201000,1163000,5.273,30,328,6649.09,0.49,2374000,0
M0106168,C0106168,2025-08-03,856000,845000,5.43,30,347,4822.75,0.587,1439000,0
M0106169,C0106169,2025-08-24,974000,962000,5.997,30,348,5837.74,0.549,1753000,0
M0106170,C0106170,2024-02-13,705000,684000,3.748,30,330,3264.16,0.606,1129000,0
M0106171,C0106171,2021-01-07,244000,212000,4.846,15,112,1910.02,0.451,470000,0
M0106172,C0106172,2023-07-11,321000,309000,5.694,30,322,1861.87,0.722,428000,0
M0106173,C0106173,2021-05-30,379000,332000,5.063,15,117,3009.56,0.473,702000,0
M0106174,C0106174,2020-04-04,395000,365000,4.292,30,283,1952.89,0.575,635000,0
M0106175,C0106175,2020-02-28,190000,176000,6.529,30,282,1204.56,0.583,302000,0
M0106176,C0106176,2023-11-02,185000,179000,6.566,30,326,1177.37,0.577,310000,0
M0106177,C0106177,2022-04-07,168000,159000,6.329,30,307,1043.05,0.589,270000,0
M0106178,C0106178,2021-04-30,265000,248000,5.097,30,296,1438.33,0.495,501000,0
M0106179,C0106179,2024-07-26,279000,265000,5.274,15,155,2246.34,0.664,399000,1
M0106180,C0106180,2021-07-11,261000,245000,6.873,30,298,1714.24,0.698,351000,0
M0106181,C0106181,2024-09-02,372000,363000,6.382,30,336,2322.5,0.564,644000,0
M0106182,C0106182,2022-04-23,164000,156000,6.89,30,308,1079.01,0.525,297000,0
M0106183,C0106183,2023-05-13,214000,206000,5.592,30,321,1227.45,0.594,347000,0
M0106184,C0106184,2023-05-27,224000,215000,6.17,30,321,1367.57,0.553,389000,0
M0106185,C0106185,2023-09-18,494000,460000,6.231,15,145,4230.56,0.578,796000,0
M0106186,C0106186,2022-10-06,362000,345000,7.087,30,313,2429.58,0.508,679000,0
M0106187,C0106187,2023-04-02,388000,372000,2.993,30,319,1634.36,0.538,692000,0
M0106188,C0106188,2024-02-18,205000,199000,5.635,30,330,1181.39,0.493,404000,0
M0106189,C0106189,2024-05-07,334000,325000,6.549,30,332,2121.88,0.571,569000,0
M0106190,C0106190,2022-10-11,223000,213000,6.794,30,313,1452.9,0.543,392000,0
M0106191,C0106191,2019-10-08,226000,208000,5.002,30,277,1213.49,0.558,373000,0
M0106192,C0106192,2021-10-17,394000,371000,5.929,30,302,2344.27,0.568,653000,0
M0106193,C0106193,2025-03-08,237000,233000,6.309,30,342,1468.36,0.752,310000,0
M0106194,C0106194,2025-04-06,311000,306000,6.88,30,343,2044.09,0.621,493000,0
M0106195,C0106195,2021-04-07,286000,250000,5.891,15,115,2396.62,0.613,408000,0
M0106196,C0106196,2022-06-04,182000,173000,5.783,30,309,1065.92,0.481,360000,0
M0106197,C0106197,2022-04-17,246000,233000,5.202,30,308,1351.12,0.493,473000,0
M0106198,C0106198,2023-06-20,248000,239000,6.733,30,322,1605.72,0.619,386000,0
M0106199,C0106199,2022-05-14,271000,257000,6.868,30,309,1779.01,0.712,361000,0
M0106200,C0106200,2022-03-09,133000,126000,6.648,30,306,853.64,0.615,205000,0
M0106201,C0106201,2022-01-07,228000,216000,6.316,30,304,1413.64,0.475,455000,0
M0106202,C0106202,2020-01-16,517000,477000,5.77,30,281,3023.64,0.709,673000,0
M0106203,C0106203,2020-04-11,408000,377000,4.854,30,283,2153.97,0.48,786000,0
M0106204,C0106204,2020-09-08,268000,249000,4.686,30,288,1387.7,0.699,356000,0
M0106205,C0106205,2021-08-25,182000,171000,6.633,30,300,1166.33,0.562,304000,0
M0106206,C0106206,2021-08-01,345000,304000,6.746,15,119,3052.17,0.463,656000,0
M0106207,C0106207,2024-01-27,532000,516000,5.77,30,329,3111.37,0.566,912000,0
M0106208,C0106208,2020-07-08,700000,650000,5.769,30,286,4093.46,0.673,966000,0
M0106209,C0106209,2024-01-31,252000,244000,5.735,30,329,1468.2,0.485,503000,0
M0106210,C0106210,2024-12-15,193000,189000,6.818,30,340,1260.53,0.516,366000,0
M0106211,C0106211,2020-09-24,417000,388000,6.332,30,289,2589.82,0.682,569000,0
M0106212,C0106212,2023-03-22,392000,360000,5.026,15,139,3105.22,0.561,642000,0
M0106213,C0106213,2022-10-31,329000,314000,6.06,30,314,1985.23,0.55,571000,0
M0106214,C0106214,2021-12-01,239000,226000,3.759,30,303,1108.07,0.558,405000,0
M0106215,C0106215,2021-06-21,170000,160000,4.821,30,298,894.09,0.62,258000,0
M0106216,C0106216,2025-03-21,459000,443000,3.576,15,163,3298.47,0.518,855000,0
M0106217,C0106217,2023-06-11,513000,494000,4.558,30,321,2617.0,0.66,749000,0
M0106218,C0106218,2020-12-26,274000,256000,4.66,30,292,1414.49,0.632,405000,0
M0106219,C0106219,2021-04-09,771000,722000,3.209,30,295,3338.12,0.564,1280000,0
M0106220,C0106220,2021-12-03,369000,348000,6.79,30,303,2403.15,0.727,479000,0
M0106221,C0106221,2023-02-26,300000,275000,4.94,15,138,2363.01,0.7,393000,0
M0106222,C0106222,2023-07-28,181000,174000,5.145,30,323,987.75,0.487,357000,0
M0106223,C0106223,2022-09-27,140000,134000,4.553,30,313,713.78,0.606,221000,0
M0106224,C0106224,2024-08-10,254000,248000,6.122,30,335,1542.84,0.584,425000,0
M0106225,C0106225,2020-02-17,394000,364000,7.019,30,282,2626.32,0.464,785000,0
M0106226,C0106226,2024-07-25,1053000,1027000,6.075,30,335,6364.13,0.492,2087000,0
M0106227,C0106227,2022-09-24,339000,323000,5.883,30,313,2007.05,0.521,620000,0
M0106228,C0106228,2021-02-27,441000,384000,3.328,15,114,3115.51,0.515,745000,1
M0106229,C0106229,2024-05-07,217000,211000,5.388,30,332,1216.9,0.676,312000,0
M0106230,C0106230,2019-10-09,364000,335000,6.212,30,277,2232.22,0.663,505000,0
M0106231,C0106231,2022-07-06,341000,324000,6.819,30,310,2227.38,0.709,457000,0
M0106232,C0106232,2024-10-01,204000,199000,6.167,30,337,1245.07,0.638,312000,0
M0106233,C0106233,2025-08-24,640000,632000,7.797,30,348,4605.84,0.682,927000,0
M0106234,C0106234,2023-10-30,307000,297000,4.699,30,326,1592.03,0.514,578000,0
M0106235,C0106235,2024-01-10,570000,534000,4.699,15,148,4418.66,0.483,1106000,0
M0106236,C0106236,2025-05-26,329000,324000,5.922,30,345,1956.05,0.578,561000,0
M0106237,C0106237,2022-01-27,278000,263000,6.905,30,305,1831.84,0.543,484000,0
M0106238,C0106238,2022-08-06,222000,211000,7.083,30,311,1489.37,0.575,367000,0
M0106239,C0106239,2025-04-09,275000,270000,3.261,30,343,1198.48,0.736,367000,0
M0106240,C0106240,2020-09-20,682000,587000,5.621,15,109,5616.4,0.455,1291000,0
M0106241,C0106241,2022-12-19,209000,200000,6.548,30,316,1327.63,0.749,267000,0
M0106242,C0106242,2022-03-02,457000,433000,6.517,30,306,2893.66,0.539,803000,0
M0106243,C0106243,2022-02-08,281000,266000,6.121,30,305,1706.66,0.689,386000,0
M0106244,C0106244,2020-09-03,440000,409000,5.406,30,288,2472.38,0.507,807000,0
M0106245,C0106245,2024-05-03,363000,353000,2.8,30,332,1491.55,0.559,631000,0
M0106246,C0106246,2025-06-12,168000,166000,7.762,30,346,1204.97,0.689,241000,0
M0106247,C0106247,2024-05-22,356000,346000,6.173,30,333,2174.16,0.53,653000,0
M0106248,C0106248,2021-08-12,968000,911000,4.53,30,300,4921.98,0.512,1779000,0
M0106249,C0106249,2021-09-08,382000,360000,5.144,30,300,2084.41,0.58,621000,0
M0106250,C0106250,2023-11-01,521000,504000,5.787,30,326,3052.67,0.582,866000,0
M0106251,C0106251,2019-11-09,380000,350000,6.023,30,278,2283.91,0.693,505000,0
M0106252,C0106252,2021-07-22,486000,457000,3.971,30,299,2312.12,0.599,763000,0
M0106253,C0106253,2023-11-08,229000,221000,4.41,30,326,1148.1,0.552,400000,0
M0106254,C0106254,2019-10-17,308000,283000,6.05,30,278,1856.53,0.706,401000,0
M0106255,C0106255,2024-06-14,509000,496000,4.865,30,334,2690.58,0.642,773000,0
M0106256,C0106256,2025-07-07,275000,271000,3.544,30,346,1241.64,0.62,437000,0
M0106257,C0106257,2019-10-19,560000,515000,4.629,30,278,2880.52,0.516,999000,0
M0106258,C0106258,2023-01-28,198000,190000,5.486,30,317,1122.48,0.629,302000,0
M0106259,C0106259,2020-09-10,338000,314000,3.697,30,288,1555.18,0.478,657000,0
M0106260,C0106260,2020-07-19,288000,267000,7.298,30,287,1974.05,0.5,534000,0
M0106261,C0106261,2020-02-01,1226000,1037000,6.807,15,101,10887.77,0.52,1994000,0
M0106262,C0106262,2021-02-21,270000,253000,6.508,30,294,1708.0,0.525,482000,0
M0106263,C0106263,2025-06-03,404000,398000,5.6,30,345,2319.28,0.664,599000,0
M0106264,C0106264,2022-06-06,121000,115000,4.141,30,309,587.55,0.587,196000,0
M0106265,C0106265,2020-02-06,183000,169000,4.577,30,281,935.63,0.55,307000,0
M0106266,C0106266,2021-02-09,382000,357000,6.955,30,293,2529.92,0.639,559000,0
M0106267,C0106267,2020-09-02,287000,267000,4.627,30,288,1475.92,0.494,541000,0
M0106268,C0106268,2020-12-23,290000,271000,5.464,30,292,1640.04,0.561,483000,0
M0106269,C0106269,2023-11-25,279000,270000,5.181,30,327,1528.75,0.607,445000,0
M0106270,C0106270,2021-01-17,299000,279000,5.328,30,293,1665.56,0.628,444000,0
M0106271,C0106271,2021-12-14,139000,124000,5.362,15,124,1125.59,0.466,266000,0
M0106272,C0106272,2022-03-21,314000,298000,5.237,30,307,1731.39,0.641,465000,0
M0106273,C0106273,2024-08-30,294000,287000,5.003,30,336,1578.79,0.727,395000,0
M0106274,C0106274,2025-01-17,559000,548000,5.149,30,341,3051.94,0.746,735000,0
M0106275,C0106275,2023-03-12,498000,457000,5.27,15,138,4008.55,0.484,944000,0
M0106276,C0106276,2024-03-19,80000,78000,4.461,30,331,403.5,0.655,119000,0
M0106277,C0106277,2022-01-31,227000,203000,3.959,15,125,1674.43,0.515,394000,0
M0106278,C0106278,2023-10-22,807000,753000,5.093,15,146,6420.87,0.468,1610000,0
M0106279,C0106279,2025-01-13,516000,496000,4.537,15,161,3957.13,0.664,747000,0
M0106280,C0106280,2025-06-29,419000,407000,5.427,15,166,3407.37,0.563,723000,0
M0106281,C0106281,2019-11-26,255000,235000,4.326,30,279,1265.82,0.556,423000,0
M0106282,C0106282,2025-01-18,475000,466000,3.418,30,341,2111.28,0.754,618000,0
M0106283,C0106283,2020-02-16,154000,142000,7.1,30,282,1034.93,0.612,232000,0
M0106284,C0106284,2022-05-03,247000,222000,4.804,15,128,1928.13,0.669,332000,0
M0106285,C0106285,2020-06-30,389000,361000,3.054,30,286,1651.39,0.648,557000,0
M0106286,C0106286,2020-03-27,444000,411000,6.318,30,283,2753.45,0.489,841000,0
M0106287,C0106287,2024-12-04,365000,357000,4.959,30,339,1950.26,0.653,547000,0
M0106288,C0106288,2022-06-13,399000,379000,5.425,30,310,2246.74,0.748,507000,0
M0106289,C0106289,2021-09-07,356000,335000,5.629,30,300,2050.24,0.491,682000,0
M0106290,C0106290,2021-11-29,280000,264000,6.512,30,303,1772.0,0.485,544000,0
M0106291,C0106291,2020-05-10,641000,594000,5.736,30,284,3735.0,0.559,1062000,0
M0106292,C0106292,2024-09-08,827000,808000,3.859,30,336,3881.3,0.645,1253000,0
M0106293,C0106293,2024-11-14,320000,313000,4.084,30,339,1543.27,0.526,595000,0
M0106294,C0106294,2020-09-10,182000,157000,3.819,15,108,1329.78,0.651,241000,0
M0106295,C0106295,2021-10-25,291000,274000,4.852,30,302,1535.94,0.55,498000,0
M0106296,C0106296,2020-03-10,342000,316000,5.828,30,282,2012.8,0.68,465000,0
M0106297,C0106297,2024-06-21,109000,106000,4.506,30,334,552.68,0.512,207000,0
M0106298,C0106298,2025-05-11,640000,630000,4.654,30,344,3301.61,0.539,1168000,0
M0106299,C0106299,2021-07-24,238000,209000,4.608,15,119,1833.85,0.456,458000,0
M0106300,C0106300,2021-02-25,217000,203000,4.757,30,294,1132.89,0.473,429000,0
M0106301,C0106301,2021-10-24,277000,261000,6.149,30,302,1687.38,0.51,512000,0
M0106302,C0106302,2025-05-29,259000,255000,5.088,30,345,1404.33,0.678,376000,0
M0106303,C0106303,2020-06-21,337000,288000,6.626,15,106,2959.03,0.498,578000,0
M0106304,C0106304,2024-03-06,486000,472000,4.825,30,330,2557.22,0.497,949000,0
M0106305,C0106305,2022-10-14,620000,592000,5.445,30,314,3498.93,0.685,864000,0
M0106306,C0106306,2025-07-23,487000,481000,5.201,30,347,2674.47,0.708,679000,0
M0106307,C0106307,2021-02-23,205000,192000,5.733,30,294,1194.11,0.518,371000,0
M0106308,C0106308,2020-10-18,310000,267000,6.006,15,110,2616.96,0.5,534000,0
M0106309,C0106309,2024-07-18,345000,336000,5.451,30,335,1948.28,0.613,548000,0
M0106310,C0106310,2025-03-24,382000,375000,8.0,30,343,2802.98,0.746,503000,0
M0106311,C0106311,2021-11-04,419000,395000,7.106,30,302,2817.51,0.518,763000,0
M0106312,C0106312,2022-05-17,341000,307000,4.835,15,129,2667.39,0.598,513000,0
M0106313,C0106313,2020-06-09,314000,291000,6.917,30,285,2071.58,0.479,607000,0
M0106314,C0106314,2023-12-09,517000,500000,6.798,30,327,3369.76,0.57,877000,0
M0106315,C0106315,2021-05-12,307000,269000,4.021,15,117,2274.07,0.483,557000,0
M0106316,C0106316,2020-08-12,529000,491000,3.141,30,288,2270.71,0.67,733000,0
M0106317,C0106317,2020-06-05,492000,456000,5.706,30,285,2857.44,0.528,864000,0
M0106318,C0106318,2025-03-10,678000,666000,5.324,30,342,3775.08,0.497,1340000,0
M0106319,C0106319,2021-12-02,365000,345000,2.8,30,303,1499.76,0.666,518000,0
M0106320,C0106320,2023-08-18,675000,651000,5.611,30,324,3879.72,0.534,1219000,0
M0106321,C0106321,2022-05-23,282000,268000,5.522,30,309,1605.06,0.61,439000,0
M0106322,C0106322,2021-09-04,390000,367000,4.802,30,300,2046.67,0.71,517000,0
M0106323,C0106323,2020-03-18,480000,407000,7.207,15,103,4370.12,0.441,922000,0
M0106324,C0106324,2022-11-18,198000,189000,5.225,30,315,1090.3,0.606,312000,0
M0106325,C0106325,2023-10-04,269000,260000,5.037,30,325,1450.14,0.64,406000,0
M0106326,C0106326,2024-07-19,235000,229000,5.472,30,335,1330.18,0.529,433000,0
M0106327,C0106327,2021-03-18,318000,298000,3.972,30,295,1513.05,0.743,401000,0
M0106328,C0106328,2023-08-28,251000,242000,4.464,30,324,1266.42,0.569,425000,0
M0106329,C0106329,2021-07-17,346000,325000,2.8,30,299,1421.69,0.729,446000,0
M0106330,C0106330,2024-02-04,315000,296000,5.896,15,149,2640.48,0.481,616000,0
M0106331,C0106331,2020-10-24,285000,265000,6.479,30,290,1797.46,0.483,549000,0
M0106332,C0106332,2021-09-10,353000,332000,5.782,30,300,2067.19,0.542,613000,0
M0106333,C0106333,2022-09-18,233000,222000,5.696,30,313,1351.74,0.58,383000,0
M0106334,C0106334,2019-10-08,213000,196000,5.371,30,277,1192.21,0.501,391000,0
M0106335,C0106335,2022-09-27,180000,172000,7.121,30,313,1212.21,0.538,320000,0
M0106336,C0106336,2022-06-16,134000,127000,5.296,30,310,743.78,0.602,211000,0
M0106337,C0106337,2025-06-29,233000,230000,6.442,30,346,1463.84,0.721,319000,0
M0106338,C0106338,2021-10-23,429000,405000,6.33,30,302,2663.79,0.502,807000,1
M0106339,C0106339,2020-02-11,297000,274000,3.94,30,282,1407.67,0.522,525000,0
M0106340,C0106340,2022-03-17,330000,313000,6.175,30,307,2015.8,0.639,490000,0
M0106341,C0106341,2023-05-17,268000,258000,4.226,30,321,1314.64,0.611,422000,0
M0106342,C0106342,2021-10-26,861000,812000,4.835,30,302,4535.6,0.525,1547000,0
M0106343,C0106343,2022-05-22,356000,338000,5.254,30,309,1966.73,0.55,614000,0
M0106344,C0106344,2024-06-04,247000,234000,6.831,15,153,2196.83,0.489,479000,0
M0106345,C0106345,2024-07-04,193000,188000,4.665,30,334,996.91,0.764,246000,0
M0106346,C0106346,2020-04-26,772000,715000,5.817,30,284,4538.09,0.538,1329000,0
M0106347,C0106347,2022-01-01,163000,154000,3.737,30,304,753.68,0.614,251000,0
M0106348,C0106348,2020-05-18,220000,204000,5.248,30,285,1214.58,0.632,323000,0
M0106349,C0106349,2023-08-16,220000,204000,4.928,15,144,1731.51,0.482,423000,0
M0106350,C0106350,2019-12-20,322000,297000,6.841,30,280,2108.0,0.587,506000,0
M0106351,C0106351,2022-03-10,391000,370000,4.629,30,306,2011.22,0.604,613000,0
M0106352,C0106352,2020-07-02,339000,315000,3.735,30,286,1567.08,0.638,494000,0
M0106353,C0106353,2021-04-15,273000,256000,4.98,30,296,1462.19,0.518,494000,0
M0106354,C0106354,2020-02-19,163000,151000,4.778,30,282,853.04,0.585,258000,0
M0106355,C0106355,2022-01-15,829000,784000,5.725,30,305,4824.66,0.612,1281000,0
M0106356,C0106356,2021-01-28,374000,349000,6.91,30,293,2465.67,0.527,662000,0
M0106357,C0106357,2025-07-06,435000,429000,5.089,30,346,2358.89,0.575,746000,0
M0106358,C0106358,2022-06-25,234000,222000,5.862,30,310,1382.25,0.475,467000,0
M0106359,C0106359,2020-11-11,283000,264000,5.351,30,291,1580.49,0.629,420000,0
M0106360,C0106360,2020-10-16,589000,548000,6.011,30,290,3535.52,0.477,1149000,0
M0106361,C0106361,2022-05-02,109000,103000,4.386,30,308,544.93,0.582,177000,0
M0106362,C0106362,2020-01-12,480000,443000,5.437,30,281,2706.44,0.726,610000,0
M0106363,C0106363,2024-04-07,290000,282000,6.501,30,331,1833.19,0.543,519000,0
M0106364,C0106364,2020-12-07,404000,377000,4.624,30,291,2076.88,0.606,622000,0
M0106365,C0106365,2023-10-04,753000,727000,5.271,30,325,4167.89,0.506,1437000,0
M0106366,C0106366,2024-02-23,258000,250000,5.386,30,330,1446.5,0.622,402000,0
M0106367,C0106367,2020-10-31,85000,79000,3.83,30,290,397.52,0.693,114000,0
M0106368,C0106368,2020-11-10,190000,177000,6.255,30,290,1170.48,0.53,334000,0
M0106369,C0106369,2020-01-31,330000,305000,4.834,30,281,1738.18,0.614,497000,0
M0106370,C0106370,2023-02-17,748000,717000,5.41,30,318,4204.92,0.559,1283000,0
M0106371,C0106371,2020-10-26,270000,251000,6.137,30,290,1642.64,0.632,397000,0
M0106372,C0106372,2021-02-01,711000,664000,6.248,30,293,4376.82,0.622,1068000,0
M0106373,C0106373,2020-05-20,103000,95000,4.154,30,285,500.93,0.562,169000,0
M0106374,C0106374,2023-10-28,255000,246000,5.917,30,326,1515.27,0.59,417000,0
M0106375,C0106375,2022-10-05,551000,526000,6.544,30,313,3498.65,0.478,1100000,0
M0106376,C0106376,2021-06-15,525000,461000,4.74,15,118,4080.91,0.53,869000,0
M0106377,C0106377,2023-03-14,123000,113000,6.336,15,139,1060.4,0.541,209000,0
M0106378,C0106378,2019-09-16,215000,197000,5.917,30,277,1277.58,0.484,407000,0
M0106379,C0106379,2020-10-14,306000,264000,6.006,15,110,2583.19,0.688,384000,0
M0106380,C0106380,2025-07-27,235000,232000,6.414,30,347,1472.09,0.504,460000,0
M0106381,C0106381,2023-05-01,588000,565000,4.493,30,320,2976.86,0.64,883000,0
M0106382,C0106382,2022-06-24,330000,314000,4.428,30,310,1657.97,0.509,617000,0
M0106383,C0106383,2021-06-19,159000,149000,6.746,30,298,1030.85,0.554,269000,0
M0106384,C0106384,2022-06-18,413000,393000,5.131,30,310,2250.26,0.503,781000,0
M0106385,C0106385,2022-01-08,424000,401000,3.878,30,304,1994.53,0.615,652000,0
M0106386,C0106386,2022-03-12,184000,174000,5.302,30,306,1021.99,0.5,348000,0
M0106387,C0106387,2024-10-12,210000,205000,5.364,30,338,1174.5,0.501,409000,0
M0106388,C0106388,2023-07-26,230000,222000,5.753,30,323,1342.66,0.655,339000,0
M0106389,C0106389,2023-11-06,649000,627000,5.06,30,326,3507.81,0.563,1113000,0
M0106390,C0106390,2023-06-23,314000,302000,7.396,30,322,2173.22,0.683,442000,0
M0106391,C0106391,2024-06-03,109000,103000,4.499,15,153,833.79,0.542,190000,0
M0106392,C0106392,2019-12-19,180000,166000,3.349,30,280,793.18,0.474,350000,0
M0106393,C0106393,2024-12-11,469000,459000,3.871,30,340,2204.34,0.564,814000,0
M0106394,C0106394,2023-09-14,267000,258000,4.674,30,325,1380.59,0.536,481000,0
M0106395,C0106395,2023-03-06,177000,170000,6.007,30,318,1062.0,0.503,338000,0
M0106396,C0106396,2021-12-18,271000,241000,5.257,15,124,2179.51,0.505,477000,0
M0106397,C0106397,2024-07-04,535000,521000,5.864,30,334,3160.97,0.677,770000,0
M0106398,C0106398,2021-06-14,973000,854000,4.744,15,118,7565.29,0.503,1699000,0
M0106399,C0106399,2025-04-08,318000,313000,5.934,30,343,1893.1,0.506,619000,0
M0106400,C0106400,2025-05-06,419000,412000,3.738,30,344,1937.6,0.549,751000,0
M0106401,C0106401,2024-06-15,312000,304000,5.655,30,334,1801.96,0.671,453000,0
M0106402,C0106402,2024-05-16,366000,356000,6.136,30,333,2226.46,0.506,704000,0
M0106403,C0106403,2021-12-26,206000,195000,4.463,30,304,1039.25,0.488,400000,0
M0106404,C0106404,2020-11-10,675000,629000,7.327,30,290,4640.0,0.652,964000,0
M0106405,C0106405,2020-11-06,261000,243000,3.414,30,290,1159.51,0.611,398000,0
M0106406,C0106406,2024-08-12,189000,180000,6.248,15,156,1620.32,0.714,252000,0
M0106407,C0106407,2022-12-03,223000,203000,6.396,15,135,1929.84,0.468,434000,0
M0106408,C0106408,2024-08-28,457000,446000,4.525,30,336,2322.35,0.58,769000,0
M0106409,C0106409,2022-01-16,231000,218000,5.825,30,305,1359.08,0.632,345000,0
M0106410,C0106410,2024-03-09,700000,659000,4.531,15,150,5366.05,0.647,1018000,1
M0106411,C0106411,2021-10-18,451000,425000,5.798,30,302,2645.68,0.563,755000,0
M0106412,C0106412,2021-01-21,504000,438000,5.231,15,113,4046.51,0.44,996000,0
M0106413,C0106413,2021-10-16,266000,251000,5.476,30,302,1506.32,0.591,425000,0
M0106414,C0106414,2025-08-25,240000,237000,4.831,30,348,1263.7,0.497,477000,0
M0106415,C0106415,2019-10-12,333000,306000,4.837,30,278,1754.59,0.509,601000,0
M0106416,C0106416,2022-12-23,181000,165000,4.624,15,136,1396.14,0.512,322000,0
M0106417,C0106417,2022-01-17,415000,370000,6.181,15,125,3542.72,0.653,567000,0
M0106418,C0106418,2021-08-01,518000,487000,7.31,30,299,3554.78,0.674,723000,0
M0106419,C0106419,2022-06-03,232000,220000,7.98,30,309,1699.1,0.525,419000,0
M0106420,C0106420,2019-12-17,463000,427000,6.504,30,280,2927.69,0.671,636000,0
M0106421,C0106421,2020-07-01,372000,345000,5.47,30,286,2105.18,0.557,619000,0
M0106422,C0106422,2021-10-04,573000,540000,6.573,30,301,3649.3,0.576,937000,0
M0106423,C0106423,2021-12-22,745000,704000,5.863,30,304,4401.24,0.527,1336000,0
M0106424,C0106424,2023-08-08,485000,467000,5.1,30,323,2633.31,0.579,807000,0
M0106425,C0106425,2022-12-13,319000,305000,7.648,30,316,2262.91,0.676,451000,0
M0106426,C0106426,2025-08-30,599000,592000,6.555,30,348,3807.78,0.538,1100000,0
M0106427,C0106427,2021-03-31,336000,315000,4.663,30,295,1735.16,0.51,618000,0
M0106428,C0106428,2024-11-28,287000,281000,6.541,30,339,1821.78,0.766,367000,0
M0106429,C0106429,2024-05-08,242000,235000,6.117,30,332,1469.17,0.586,401000,0
M0106430,C0106430,2022-03-30,344000,326000,4.453,30,307,1733.4,0.723,451000,0
M0106431,C0106431,2021-08-31,542000,478000,5.567,15,120,4447.89,0.659,725000,0
M0106432,C0106432,2025-06-30,196000,193000,5.422,30,346,1103.29,0.763,253000,0
M0106433,C0106433,2021-02-04,176000,165000,2.8,30,293,723.17,0.516,320000,0
M0106434,C0106434,2024-11-12,178000,174000,3.936,30,339,843.24,0.584,298000,0
M0106435,C0106435,2021-11-13,546000,485000,6.688,15,123,4812.86,0.545,890000,0
M0106436,C0106436,2021-01-09,400000,374000,4.699,30,292,2074.31,0.663,564000,0
M0106437,C0106437,2024-07-27,685000,668000,6.14,30,335,4168.78,0.77,868000,0
M0106438,C0106438,2023-04-20,253000,233000,6.889,15,140,2258.36,0.649,359000,0
M0106439,C0106439,2022-08-11,178000,170000,3.219,30,311,771.64,0.642,265000,0
M0106440,C0106440,2022-05-24,714000,678000,7.27,30,309,4880.43,0.5,1355000,0
M0106441,C0106441,2020-11-03,227000,196000,5.309,15,110,1831.85,0.634,309000,0
M0106442,C0106442,2019-12-22,460000,424000,5.924,30,280,2735.5,0.655,647000,0
M0106443,C0106443,2023-04-13,168000,161000,7.631,30,320,1189.79,0.709,227000,0
M0106444,C0106444,2022-02-16,359000,321000,6.56,15,126,3139.13,0.487,659000,0
M0106445,C0106445,2020-02-19,302000,279000,5.304,30,282,1677.77,0.68,410000,0
M0106446,C0106446,2022-01-24,161000,152000,4.912,30,305,855.64,0.714,213000,0
M0106447,C0106447,2025-05-29,844000,831000,5.005,30,345,4533.35,0.603,1378000,1
M0106448,C0106448,2023-11-03,210000,203000,4.877,30,326,1111.59,0.594,342000,0
M0106449,C0106449,2021-09-16,205000,193000,6.888,30,301,1348.49,0.596,324000,0
M0106450,C0106450,2019-10-15,236000,217000,6.094,30,278,1429.23,0.487,446000,0
M0106451,C0106451,2024-04-20,110000,107000,5.73,30,332,640.53,0.585,183000,0
M0106452,C0106452,2024-05-28,278000,271000,5.259,30,333,1536.68,0.77,352000,0
M0106453,C0106453,2021-10-22,236000,223000,6.301,30,302,1460.93,0.635,351000,0
M0106454,C0106454,2025-01-01,538000,527000,3.427,30,340,2393.99,0.535,985000,0
M0106455,C0106455,2020-01-02,384000,354000,7.549,30,280,2697.88,0.679,521000,0
M0106456,C0106456,2020-03-27,174000,161000,5.205,30,283,955.99,0.491,328000,0
M0106457,C0106457,2022-04-01,236000,224000,4.453,30,307,1189.2,0.58,386000,0
M0106458,C0106458,2023-08-31,963000,929000,6.761,30,324,6253.04,0.644,1442000,0
M0106459,C0106459,2023-01-29,208000,199000,6.736,30,317,1347.15,0.677,294000,0
M0106460,C0106460,2022-05-20,495000,470000,5.418,30,309,2785.14,0.637,738000,0
M0106461,C0106461,2020-07-19,233000,200000,6.96,15,107,2089.06,0.664,301000,0
M0106462,C0106462,2021-05-14,198000,173000,6.603,15,117,1736.02,0.524,330000,0
M0106463,C0106463,2022-12-01,250000,239000,5.918,30,315,1485.72,0.662,361000,0
M0106464,C0106464,2021-11-16,684000,646000,3.696,30,303,3146.79,0.495,1304000,0
M0106465,C0106465,2022-04-25,157000,149000,5.639,30,308,905.17,0.7,213000,0
M0106466,C0106466,2024-12-27,455000,446000,5.51,30,340,2586.3,0.613,727000,0
M0106467,C0106467,2023-11-09,603000,583000,5.226,30,326,3320.83,0.539,1081000,0
M0106468,C0106468,2024-06-22,249000,243000,5.092,30,334,1350.72,0.538,452000,0
M0106469,C0106469,2022-05-27,540000,513000,6.327,30,309,3351.96,0.671,764000,0
M0106470,C0106470,2019-11-18,499000,459000,4.131,30,279,2420.14,0.468,980000,0
M0106471,C0106471,2021-05-28,219000,205000,6.813,30,297,1429.61,0.477,430000,0
M0106472,C0106472,2021-09-23,204000,192000,5.445,30,301,1151.26,0.602,319000,0
M0106473,C0106473,2022-08-23,303000,289000,4.574,30,312,1548.61,0.598,483000,0
M0106474,C0106474,2023-07-29,346000,333000,5.181,30,323,1895.86,0.642,519000,0
M0106475,C0106475,2024-06-07,272000,265000,5.719,30,333,1581.97,0.629,421000,0
M0106476,C0106476,2020-04-02,435000,402000,7.087,30,283,2919.53,0.501,802000,0
M0106477,C0106477,2025-07-30,223000,220000,6.281,30,347,1377.55,0.604,364000,0
M0106478,C0106478,2020-03-28,208000,177000,6.799,15,103,1846.27,0.442,400000,0
M0106479,C0106479,2024-05-22,328000,319000,5.431,30,333,1848.17,0.624,511000,0
M0106480,C0106480,2020-11-18,367000,342000,5.267,30,291,2030.45,0.526,650000,0
M0106481,C0106481,2020-08-06,632000,587000,7.543,30,287,4437.66,0.516,1138000,0
M0106482,C0106482,2020-03-13,411000,380000,5.348,30,283,2294.57,0.616,617000,0
M0106483,C0106483,2019-12-12,467000,430000,4.897,30,280,2477.64,0.476,903000,0
M0106484,C0106484,2022-09-07,276000,263000,4.785,30,312,1445.58,0.584,450000,0
M0106485,C0106485,2022-04-29,277000,263000,5.824,30,308,1629.54,0.582,452000,0
M0106486,C0106486,2025-07-04,239000,236000,4.308,30,346,1183.87,0.766,308000,0
M0106487,C0106487,2020-09-22,359000,334000,5.701,30,289,2083.87,0.493,678000,0
M0106488,C0106488,2022-03-19,352000,334000,5.68,30,307,2038.55,0.556,601000,0
M0106489,C0106489,2025-06-01,344000,339000,6.15,30,345,2095.74,0.693,489000,0
M0106490,C0106490,2023-08-15,296000,285000,3.575,30,324,1341.6,0.648,440000,1
M0106491,C0106491,2020-07-30,321000,275000,3.302,15,107,2263.69,0.561,490000,0
M0106492,C0106492,2023-05-24,750000,692000,5.018,15,141,5937.99,0.492,1407000,0
M0106493,C0106493,2023-12-23,376000,364000,5.347,30,328,2098.93,0.522,697000,0
M0106494,C0106494,2024-01-25,439000,426000,4.271,30,329,2165.02,0.586,727000,0
M0106495,C0106495,2024-08-23,414000,404000,3.995,30,336,1975.31,0.531,761000,0
M0106496,C0106496,2022-06-16,300000,285000,5.976,30,310,1794.03,0.567,503000,1
M0106497,C0106497,2024-01-14,429000,416000,5.157,30,329,2344.3,0.712,584000,0
M0106498,C0106498,2022-03-14,331000,314000,6.39,30,307,2068.26,0.67,469000,0
M0106499,C0106499,2022-09-17,175000,167000,3.986,30,313,834.06,0.64,261000,0
M0106500,C0106500,2021-10-16,245000,231000,5.381,30,302,1372.85,0.664,348000,0
M0106501,C0106501,2022-03-05,888000,841000,7.34,30,306,6112.03,0.492,1709000,0
M0106502,C0106502,2025-05-05,587000,578000,5.173,30,344,3213.5,0.705,820000,0
M0106503,C0106503,2025-08-27,282000,275000,4.858,15,168,2209.23,0.737,373000,1
M0106504,C0106504,2023-11-16,459000,444000,6.503,30,327,2902.1,0.516,861000,0
M0106505,C0106505,2023-08-22,366000,340000,6.84,15,144,3257.06,0.685,496000,0
M0106506,C0106506,2022-12-28,783000,749000,4.801,30,316,4108.6,0.764,981000,0
M0106507,C0106507,2021-06-22,307000,288000,4.882,30,298,1625.97,0.533,540000,0
M0106508,C0106508,2019-11-14,367000,309000,6.452,15,99,3187.29,0.618,500000,0
M0106509,C0106509,2021-03-13,220000,206000,5.83,30,295,1295.06,0.604,341000,0
M0106510,C0106510,2023-07-03,306000,295000,5.855,30,322,1806.2,0.646,457000,0
M0106511,C0106511,2024-04-16,83000,81000,5.76,30,332,484.89,0.494,164000,0
M0106512,C0106512,2023-07-25,373000,359000,5.444,30,323,2104.77,0.727,494000,0
M0106513,C0106513,2024-03-21,541000,510000,6.603,15,151,4743.38,0.73,699000,0
M0106514,C0106514,2022-05-04,764000,725000,7.027,30,308,5096.77,0.517,1401000,0
M0106515,C0106515,2021-08-15,417000,368000,4.367,15,120,3161.75,0.589,625000,0
M0106516,C0106516,2024-02-15,273000,265000,6.476,30,330,1721.24,0.58,457000,0
M0106517,C0106517,2022-01-16,217000,205000,5.452,30,305,1225.57,0.751,273000,0
M0106518,C0106518,2023-06-25,258000,248000,4.085,30,322,1244.41,0.482,514000,0
M0106519,C0106519,2022-09-19,147000,140000,4.483,30,313,743.34,0.547,256000,0
M0106520,C0106520,2024-04-08,289000,281000,5.05,30,331,1560.26,0.559,503000,0
M0106521,C0106521,2022-06-03,178000,169000,6.664,30,309,1144.35,0.523,323000,0
M0106522,C0106522,2025-02-24,243000,239000,4.362,30,342,1211.4,0.646,370000,0
M0106523,C0106523,2022-09-14,296000,282000,3.519,30,313,1332.31,0.614,459000,0
M0106524,C0106524,2023-01-08,386000,369000,5.209,30,316,2121.71,0.606,609000,0
M0106525,C0106525,2023-04-04,144000,138000,4.975,30,319,770.82,0.519,266000,0
M0106526,C0106526,2020-04-15,276000,235000,6.678,15,104,2431.35,0.649,362000,0
M0106527,C0106527,2020-12-21,462000,431000,5.783,30,292,2705.8,0.636,678000,0
M0106528,C0106528,2022-04-05,660000,626000,6.284,30,307,4078.34,0.517,1212000,0
M0106529,C0106529,2020-05-14,316000,269000,5.067,15,105,2509.95,0.655,411000,0
M0106530,C0106530,2021-09-30,983000,926000,4.161,30,301,4784.69,0.48,1928000,0
M0106531,C0106531,2021-11-10,465000,439000,6.943,30,302,3075.88,0.567,774000,0
M0106532,C0106532,2022-10-24,338000,307000,4.851,15,134,2646.72,0.678,453000,0
M0106533,C0106533,2024-01-30,610000,591000,6.212,30,329,3740.81,0.693,853000,0
M0106534,C0106534,2023-11-26,254000,246000,5.095,30,327,1378.31,0.689,357000,0
M0106535,C0106535,2019-11-09,194000,179000,6.223,30,278,1191.09,0.663,270000,0
M0106536,C0106536,2021-08-18,521000,459000,5.832,15,120,4349.35,0.537,854000,0
M0106537,C0106537,2025-03-02,427000,419000,5.641,30,342,2462.37,0.528,793000,0
M0106538,C0106538,2024-04-14,552000,521000,5.955,15,152,4644.68,0.688,757000,0
M0106539,C0106539,2019-12-27,546000,503000,5.235,30,280,3009.96,0.716,703000,0
M0106540,C0106540,2024-06-12,896000,873000,3.625,30,334,4086.22,0.764,1143000,0
M0106541,C0106541,2022-05-13,159000,151000,5.818,30,309,934.76,0.706,214000,0
M0106542,C0106542,2023-07-31,275000,255000,6.76,15,143,2435.03,0.662,385000,0
M0106543,C0106543,2021-06-09,284000,267000,5.451,30,297,1603.8,0.604,442000,0
M0106544,C0106544,2020-07-14,587000,545000,5.155,30,287,3206.98,0.514,1061000,0
M0106545,C0106545,2023-02-27,395000,379000,5.787,30,318,2314.41,0.756,501000,0
M0106546,C0106546,2025-08-20,588000,581000,6.577,30,348,3746.39,0.676,860000,0
M0106547,C0106547,2023-07-22,378000,364000,5.191,30,323,2073.54,0.758,480000,0
M0106548,C0106548,2025-07-25,325000,321000,3.856,30,347,1524.74,0.495,648000,0
M0106549,C0106549,2024-05-10,461000,448000,5.674,30,332,2668.06,0.549,816000,0
M0106550,C0106550,2023-05-22,373000,359000,5.901,30,321,2212.64,0.688,522000,0
M0106551,C0106551,2025-01-09,398000,390000,5.692,30,340,2307.98,0.739,528000,0
M0106552,C0106552,2025-06-26,454000,441000,4.956,15,166,3579.81,0.664,664000,0
M0106553,C0106553,2023-10-28,407000,393000,5.868,30,326,2405.74,0.535,734000,0
M0106554,C0106554,2025-07-16,536000,529000,5.246,30,347,2958.48,0.494,1071000,0
M0106555,C0106555,2024-03-03,336000,326000,5.019,30,330,1807.62,0.669,487000,0
M0106556,C0106556,2024-12-29,357000,350000,5.186,30,340,1957.24,0.527,664000,0
M0106557,C0106557,2022-07-01,199000,189000,5.69,30,310,1153.74,0.507,373000,0
M0106558,C0106558,2020-11-26,536000,500000,5.809,30,291,3148.07,0.531,942000,1
M0106559,C0106559,2020-07-22,771000,716000,4.935,30,287,4108.32,0.568,1261000,0
M0106560,C0106560,2021-12-21,133000,126000,5.719,30,304,773.53,0.486,259000,0
M0106561,C0106561,2025-03-12,452000,444000,5.92,30,342,2686.76,0.563,788000,0
M0106562,C0106562,2025-04-05,305000,300000,6.113,30,343,1850.85,0.6,500000,0
M0106563,C0106563,2021-03-21,299000,280000,6.03,30,295,1798.43,0.548,511000,0
M0106564,C0106564,2021-03-19,449000,420000,6.933,30,295,2967.03,0.512,821000,1
M0106565,C0106565,2024-02-04,323000,313000,6.255,30,329,1989.82,0.718,436000,1
M0106566,C0106566,2019-10-01,399000,367000,7.705,30,277,2846.09,0.491,748000,0
M0106567,C0106567,2021-11-08,274000,243000,6.635,15,122,2407.22,0.47,517000,0
M0106568,C0106568,2023-01-27,696000,667000,6.6,30,317,4445.07,0.633,1054000,0
M0106569,C0106569,2021-12-08,292000,276000,4.151,30,303,1419.59,0.728,379000,0
M0106570,C0106570,2025-08-01,224000,221000,6.332,30,347,1391.17,0.538,411000,0
M0106571,C0106571,2021-04-10,390000,365000,6.436,30,295,2448.67,0.491,744000,0
M0106572,C0106572,2024-05-16,216000,210000,5.451,30,333,1219.79,0.577,364000,0
M0106573,C0106573,2025-08-09,369000,364000,3.247,30,347,1605.3,0.545,668000,0
M0106574,C0106574,2021-12-12,747000,706000,2.938,30,304,3124.46,0.518,1362000,0
M0106575,C0106575,2025-09-08,320000,316000,5.192,30,348,1755.57,0.672,470000,0
M0106576,C0106576,2025-07-16,167000,165000,4.908,30,347,887.13,0.74,223000,0
M0106577,C0106577,2024-09-07,266000,260000,3.859,30,336,1248.4,0.512,508000,0
M0106578,C0106578,2019-12-22,492000,453000,5.926,30,280,2926.42,0.641,707000,0
M0106579,C0106579,2019-10-26,346000,290000,4.253,15,98,2603.41,0.532,545000,0
M0106580,C0106580,2023-03-05,465000,446000,3.668,30,318,2131.91,0.503,886000,0
M0106581,C0106581,2023-08-25,239000,231000,7.77,30,324,1715.53,0.649,356000,0
M0106582,C0106582,2023-02-20,267000,256000,6.055,30,318,1610.25,0.614,417000,0
M0106583,C0106583,2021-12-12,450000,425000,5.032,30,304,2424.51,0.743,572000,0
M0106584,C0106584,2022-03-31,733000,695000,3.946,30,307,3476.67,0.725,958000,0
M0106585,C0106585,2023-11-07,270000,261000,4.526,30,326,1372.22,0.554,471000,0
M0106586,C0106586,2024-03-08,334000,324000,4.815,30,330,1755.41,0.495,654000,0
M0106587,C0106587,2022-10-09,568000,542000,4.902,30,313,3015.22,0.711,762000,0
M0106588,C0106588,2023-12-22,350000,339000,5.145,30,328,1910.01,0.501,676000,0
M0106589,C0106589,2023-01-27,451000,432000,4.201,30,317,2205.73,0.718,602000,0
M0106590,C0106590,2025-07-11,226000,223000,4.539,30,346,1150.35,0.516,432000,0
M0106591,C0106591,2024-07-27,328000,320000,3.618,30,335,1494.56,0.509,629000,0
M0106592,C0106592,2019-11-19,240000,221000,3.322,30,279,1054.0,0.722,306000,0
M0106593,C0106593,2023-07-20,141000,136000,3.811,30,323,657.88,0.638,213000,0
M0106594,C0106594,2023-02-05,211000,202000,4.829,30,317,1110.75,0.678,298000,0
M0106595,C0106595,2024-07-21,410000,400000,5.161,30,335,2241.49,0.491,815000,0
M0106596,C0106596,2020-06-16,432000,401000,6.012,30,286,2593.39,0.631,636000,0
M0106597,C0106597,2024-01-08,481000,466000,5.957,30,328,2870.55,0.583,799000,0
M0106598,C0106598,2023-12-09,423000,409000,6.186,30,327,2586.9,0.617,663000,0
M0106599,C0106599,2023-03-13,293000,281000,5.165,30,319,1602.57,0.583,482000,0
M0106600,C0106600,2020-11-07,131000,122000,6.221,30,290,804.12,0.53,230000,0
M0106601,C0106601,2020-12-04,185000,173000,3.142,30,291,794.21,0.616,281000,0
M0106602,C0106602,2024-08-07,569000,555000,6.164,30,335,3471.67,0.507,1094000,0
M0106603,C0106603,2024-07-08,215000,210000,5.456,30,334,1214.82,0.686,306000,0
M0106604,C0106604,2024-03-02,316000,297000,6.558,15,150,2762.78,0.495,600000,0
M0106605,C0106605,2024-07-10,338000,329000,2.8,30,334,1388.82,0.582,565000,0
M0106606,C0106606,2022-09-11,164000,149000,6.503,15,133,1428.89,0.467,319000,1
M0106607,C0106607,2024-03-19,387000,376000,3.711,30,331,1783.7,0.517,727000,0
M0106608,C0106608,2025-04-06,704000,692000,6.731,30,343,4557.24,0.541,1279000,0
M0106609,C0106609,2020-12-18,325000,303000,4.573,30,292,1660.85,0.621,488000,0
M0106610,C0106610,2023-08-24,286000,276000,5.957,30,324,1706.82,0.683,404000,0
M0106611,C0106611,2024-03-19,184000,179000,5.405,30,331,1033.79,0.504,355000,0
M0106612,C0106612,2024-11-02,286000,274000,6.616,15,158,2509.64,0.704,389000,0
M0106613,C0106613,2020-10-13,430000,400000,5.666,30,290,2486.46,0.731,547000,0
M0106614,C0106614,2022-02-01,327000,309000,7.227,30,305,2225.62,0.503,614000,0
M0106615,C0106615,2023-10-06,263000,254000,4.708,30,325,1365.28,0.518,490000,0
M0106616,C0106616,2020-09-24,542000,467000,4.362,15,109,4108.14,0.445,1050000,0
M0106617,C0106617,2023-11-18,288000,279000,4.781,30,327,1507.73,0.536,521000,0
M0106618,C0106618,2024-03-14,265000,257000,6.197,30,331,1622.53,0.516,498000,0
M0106619,C0106619,2023-06-06,352000,339000,6.242,30,321,2165.49,0.715,474000,0
M0106620,C0106620,2025-06-18,630000,621000,4.084,30,346,3038.31,0.578,1075000,0
M0106621,C0106621,2023-01-04,303000,290000,4.567,30,316,1547.34,0.494,587000,0
M0106622,C0106622,2021-03-12,210000,197000,5.817,30,295,1234.46,0.486,405000,0
M0106623,C0106623,2023-03-07,431000,413000,6.87,30,318,2829.92,0.498,829000,0
M0106624,C0106624,2022-03-20,278000,263000,4.727,30,307,1446.33,0.53,496000,0
M0106625,C0106625,2023-05-02,433000,416000,3.931,30,320,2050.02,0.63,660000,0
M0106626,C0106626,2020-10-05,118000,110000,6.603,30,289,753.85,0.667,165000,0
M0106627,C0106627,2019-09-18,334000,307000,3.577,30,277,1514.2,0.703,437000,0
M0106628,C0106628,2022-06-12,289000,275000,6.094,30,310,1750.21,0.72,382000,0
M0106629,C0106629,2021-07-17,203000,191000,3.115,30,299,868.5,0.687,278000,0
M0106630,C0106630,2022-01-16,179000,169000,5.368,30,305,1001.57,0.565,299000,0
M0106631,C0106631,2020-05-30,285000,264000,5.111,30,285,1549.33,0.727,363000,0
M0106632,C0106632,2020-04-07,192000,178000,4.639,30,283,988.76,0.672,265000,0
M0106633,C0106633,2020-05-03,80000,74000,7.083,30,284,536.71,0.612,121000,0
M0106634,C0106634,2025-04-12,182000,179000,5.408,30,344,1022.9,0.568,315000,0
M0106635,C0106635,2023-02-20,178000,171000,5.315,30,318,990.1,0.509,336000,0
M0106636,C0106636,2022-09-10,333000,317000,5.218,30,312,1832.24,0.612,518000,0
M0106637,C0106637,2021-01-18,181000,169000,4.655,30,293,933.85,0.617,274000,0
M0106638,C0106638,2022-04-24,328000,294000,7.51,15,128,3042.46,0.546,538000,0
M0106639,C0106639,2022-11-16,204000,186000,5.085,15,135,1622.27,0.538,346000,0
M0106640,C0106640,2022-07-02,485000,461000,7.54,30,310,3404.48,0.626,737000,0
M0106641,C0106641,2022-02-17,395000,374000,4.592,30,306,2023.06,0.546,685000,0
M0106642,C0106642,2022-01-29,282000,267000,5.52,30,305,1604.71,0.611,437000,0
M0106643,C0106643,2021-04-17,352000,330000,4.974,30,296,1884.02,0.671,492000,0
M0106644,C0106644,2023-04-19,437000,420000,4.616,30,320,2244.44,0.51,824000,0
M0106645,C0106645,2022-03-17,338000,320000,5.292,30,307,1875.25,0.674,475000,0
M0106646,C0106646,2024-12-21,352000,338000,7.331,15,160,3229.37,0.521,649000,0
M0106647,C0106647,2022-08-28,114000,103000,6.916,15,132,1019.32,0.534,193000,0
M0106648,C0106648,2023-06-15,253000,243000,5.527,30,322,1440.79,0.528,460000,0
M0106649,C0106649,2025-08-17,222000,219000,3.997,30,348,1059.48,0.785,279000,0
M0106650,C0106650,2024-06-16,554000,540000,5.854,30,334,3269.69,0.691,782000,0
M0106651,C0106651,2019-11-19,270000,249000,4.918,30,279,1435.92,0.583,427000,0
M0106652,C0106652,2022-05-28,234000,222000,4.438,30,309,1177.04,0.499,445000,0
M0106653,C0106653,2025-06-20,438000,425000,6.203,15,166,3744.3,0.731,581000,0
M0106654,C0106654,2020-05-21,153000,142000,4.091,30,285,738.49,0.555,256000,0
M0106655,C0106655,2024-12-22,314000,308000,5.614,30,340,1805.38,0.522,590000,0
M0106656,C0106656,2021-12-14,122000,115000,5.991,30,304,730.75,0.747,154000,0
M0106657,C0106657,2025-06-10,229000,226000,6.225,30,345,1406.27,0.771,293000,0
M0106658,C0106658,2020-09-06,260000,242000,4.089,30,288,1254.66,0.602,402000,0
M0106659,C0106659,2021-12-10,679000,641000,7.339,30,303,4673.04,0.716,895000,0
M0106660,C0106660,2020-07-25,304000,282000,5.793,30,287,1782.37,0.705,400000,0
M0106661,C0106661,2023-11-19,210000,203000,5.47,30,327,1188.41,0.686,296000,0
M0106662,C0106662,2020-05-05,307000,284000,4.012,30,284,1467.79,0.575,494000,0
M0106663,C0106663,2020-05-03,674000,574000,4.563,15,104,5177.78,0.568,1011000,0
M0106664,C0106664,2022-10-31,117000,112000,5.076,30,314,633.53,0.483,232000,1
M0106665,C0106665,2022-02-21,482000,456000,5.437,30,306,2717.72,0.597,764000,0
M0106666,C0106666,2023-06-10,396000,381000,5.846,30,321,2335.16,0.572,666000,0
M0106667,C0106667,2021-01-04,309000,289000,5.079,30,292,1673.73,0.611,473000,0
M0106668,C0106668,2021-11-07,281000,249000,7.06,15,122,2535.14,0.668,373000,0
M0106669,C0106669,2024-10-28,672000,657000,5.05,30,338,3628.0,0.625,1051000,0
M0106670,C0106670,2023-03-28,469000,450000,5.68,30,319,2716.14,0.604,745000,0
M0106671,C0106671,2023-03-27,195000,187000,6.717,30,319,1260.49,0.488,383000,0
M0106672,C0106672,2023-02-01,331000,317000,4.863,30,317,1749.27,0.498,636000,0
M0106673,C0106673,2021-12-14,611000,577000,3.963,30,304,2903.99,0.753,766000,0
M0106674,C0106674,2024-01-08,429000,416000,5.011,30,328,2305.85,0.666,625000,0
M0106675,C0106675,2024-07-27,374000,365000,6.471,30,335,2356.81,0.58,629000,0
M0106676,C0106676,2022-12-15,171000,164000,5.542,30,316,975.43,0.539,304000,0
M0106677,C0106677,2023-05-29,1042000,1002000,6.211,30,321,6389.37,0.607,1652000,0
M0106678,C0106678,2020-04-03,470000,435000,4.023,30,283,2250.09,0.519,838000,0
M0106679,C0106679,2021-03-04,799000,748000,3.692,30,294,3674.05,0.523,1430000,0
M0106680,C0106680,2024-03-23,381000,370000,6.106,30,331,2310.32,0.545,679000,0
M0106681,C0106681,2021-08-10,325000,306000,5.853,30,299,1917.93,0.654,468000,0
M0106682,C0106682,2022-01-25,237000,224000,4.461,30,305,1195.36,0.752,298000,0
M0106683,C0106683,2020-04-15,534000,494000,4.208,30,284,2613.85,0.663,745000,0
M0106684,C0106684,2021-03-24,693000,605000,5.287,15,115,5584.36,0.577,1049000,0
M0106685,C0106685,2022-05-08,552000,524000,5.419,30,308,3106.2,0.599,875000,0
M0106686,C0106686,2024-03-13,1012000,983000,4.127,30,331,4905.83,0.737,1333000,0
M0106687,C0106687,2024-06-15,350000,341000,5.392,30,334,1963.61,0.55,620000,0
M0106688,C0106688,2023-06-15,240000,231000,3.873,30,322,1128.29,0.709,326000,0
M0106689,C0106689,2020-06-05,373000,346000,4.769,30,285,1950.02,0.633,547000,0
M0106690,C0106690,2020-04-22,490000,453000,4.023,30,284,2345.84,0.62,731000,0
M0106691,C0106691,2019-12-06,287000,264000,5.35,30,279,1602.65,0.544,485000,0
M0106692,C0106692,2019-10-25,321000,295000,4.766,30,278,1677.59,0.51,578000,0
M0106693,C0106693,2022-10-14,365000,348000,6.955,30,314,2417.33,0.643,541000,0
M0106694,C0106694,2022-02-02,419000,374000,5.805,15,125,3491.77,0.475,787000,0
M0106695,C0106695,2025-03-11,351000,345000,4.026,30,342,1680.99,0.648,532000,0
M0106696,C0106696,2024-09-27,364000,347000,6.472,15,157,3165.23,0.514,675000,0
M0106697,C0106697,2024-03-07,450000,437000,5.253,30,330,2485.75,0.709,616000,0
M0106698,C0106698,2024-09-05,481000,458000,6.302,15,156,4137.85,0.627,731000,0
M0106699,C0106699,2021-03-09,256000,223000,4.047,15,114,1899.64,0.516,432000,0
M0106700,C0106700,2020-08-21,131000,122000,6.131,30,288,796.48,0.573,213000,0
M0106701,C0106701,2025-09-11,195000,193000,7.725,30,349,1393.64,0.65,297000,0
M0106702,C0106702,2021-08-07,413000,388000,6.112,30,299,2505.96,0.667,582000,0
M0106703,C0106703,2023-12-06,227000,220000,4.818,30,327,1193.46,0.595,370000,0
M0106704,C0106704,2022-09-24,374000,357000,6.735,30,313,2422.03,0.724,493000,0
M0106705,C0106705,2023-06-26,318000,306000,4.718,30,322,1652.71,0.622,492000,0
M0106706,C0106706,2024-10-15,339000,331000,6.002,30,338,2032.91,0.749,442000,0
M0106707,C0106707,2020-12-20,419000,391000,7.942,30,292,3057.55,0.592,660000,0
M0106708,C0106708,2023-11-07,594000,574000,4.834,30,326,3128.73,0.49,1171000,0
M0106709,C0106709,2023-01-28,325000,311000,6.034,30,317,1955.65,0.592,525000,0
M0106710,C0106710,2022-02-26,195000,185000,7.677,30,306,1387.18,0.561,330000,0
M0106711,C0106711,2022-07-19,383000,364000,6.554,30,311,2434.44,0.584,623000,1
M0106712,C0106712,2024-08-03,468000,457000,6.257,30,335,2883.69,0.691,661000,0
M0106713,C0106713,2021-09-02,106000,100000,3.311,30,300,464.87,0.709,141000,0
M0106714,C0106714,2024-09-27,228000,223000,4.413,30,337,1143.49,0.652,342000,0
M0106715,C0106715,2020-12-28,333000,311000,6.426,30,292,2088.61,0.571,545000,0
M0106716,C0106716,2021-10-23,258000,229000,5.131,15,122,2057.9,0.501,457000,0
M0106717,C0106717,2023-09-02,351000,339000,4.928,30,324,1868.83,0.557,609000,0
M0106718,C0106718,2023-07-29,240000,231000,6.766,30,323,1559.19,0.585,395000,0
M0106719,C0106719,2024-08-31,524000,512000,6.2,30,336,3209.34,0.644,795000,0
M0106720,C0106720,2023-01-15,336000,322000,4.568,30,317,1716.07,0.664,485000,0
M0106721,C0106721,2024-08-09,133000,130000,6.31,30,335,824.1,0.542,240000,0
M0106722,C0106722,2022-08-28,472000,450000,4.414,30,312,2367.5,0.497,905000,0
M0106723,C0106723,2024-09-26,488000,477000,3.722,30,337,2252.26,0.567,841000,0
M0106724,C0106724,2020-05-15,322000,298000,5.817,30,285,1892.83,0.698,427000,0
M0106725,C0106725,2025-01-04,131000,128000,4.104,30,340,633.29,0.529,242000,0
M0106726,C0106726,2021-05-20,515000,483000,4.085,30,297,2483.99,0.554,872000,0
M0106727,C0106727,2023-01-20,197000,189000,4.342,30,317,979.76,0.551,343000,0
M0106728,C0106728,2023-08-30,274000,264000,5.643,30,324,1580.41,0.544,485000,0
M0106729,C0106729,2024-08-06,246000,240000,6.324,30,335,1526.52,0.611,393000,0
M0106730,C0106730,2021-11-16,160000,151000,5.136,30,303,872.26,0.579,261000,0
M0106731,C0106731,2021-01-02,329000,285000,4.133,15,112,2455.56,0.584,488000,0
M0106732,C0106732,2021-10-24,363000,342000,4.217,30,302,1778.74,0.548,624000,0
M0106733,C0106733,2025-09-11,347000,339000,3.747,15,169,2522.95,0.603,562000,0
M0106734,C0106734,2020-09-15,295000,274000,6.243,30,289,1815.02,0.616,445000,0
M0106735,C0106735,2019-12-24,226000,208000,4.461,30,280,1139.88,0.646,322000,0
M0106736,C0106736,2021-06-19,683000,641000,5.702,30,298,3965.0,0.546,1175000,0
M0106737,C0106737,2025-08-14,360000,351000,3.465,15,168,2567.39,0.615,571000,0
M0106738,C0106738,2022-09-02,205000,195000,6.849,30,312,1343.14,0.677,288000,0
M0106739,C0106739,2023-09-30,408000,394000,5.437,30,325,2300.48,0.527,748000,0
M0106740,C0106740,2021-10-13,393000,370000,3.725,30,302,1814.47,0.569,650000,0
M0106741,C0106741,2021-03-05,446000,417000,4.785,30,294,2335.97,0.542,769000,0
M0106742,C0106742,2020-05-17,323000,299000,5.65,30,285,1864.47,0.554,540000,0
M0106743,C0106743,2020-06-20,240000,223000,4.476,30,286,1212.62,0.54,413000,0
M0106744,C0106744,2019-11-29,165000,152000,5.849,30,279,973.3,0.7,217000,1
M0106745,C0106745,2025-03-04,251000,247000,6.855,30,342,1645.54,0.671,368000,0
M0106746,C0106746,2024-12-27,143000,140000,6.454,30,340,899.54,0.534,262000,0
M0106747,C0106747,2020-11-22,381000,355000,5.421,30,291,2144.43,0.504,704000,0
M0106748,C0106748,2021-05-27,147000,138000,7.019,30,297,979.87,0.73,189000,0
M0106749,C0106749,2021-03-11,274000,256000,5.662,30,294,1583.71,0.519,493000,0
M0106750,C0106750,2024-04-15,472000,459000,5.308,30,332,2623.38,0.685,670000,0
M0106751,C0106751,2022-12-09,290000,277000,5.337,30,315,1617.05,0.509,544000,0
M0106752,C0106752,2021-11-04,318000,300000,5.543,30,302,1814.16,0.612,490000,0
M0106753,C0106753,2021-12-09,409000,364000,5.924,15,123,3434.6,0.604,603000,0
M0106754,C0106754,2020-07-19,424000,363000,4.462,15,107,3235.34,0.583,623000,0
M0106755,C0106755,2023-06-30,551000,530000,6.692,30,322,3552.56,0.546,971000,0
M0106756,C0106756,2020-09-05,434000,404000,6.872,30,288,2850.2,0.529,764000,0
M0106757,C0106757,2023-10-30,392000,379000,8.0,30,326,2876.36,0.568,667000,0
M0106758,C0106758,2021-02-20,123000,115000,3.558,30,294,556.31,0.477,241000,0
M0106759,C0106759,2025-07-01,370000,365000,5.484,30,346,2097.11,0.666,548000,0
M0106760,C0106760,2024-06-19,751000,731000,4.565,30,334,3834.27,0.569,1284000,0
M0106761,C0106761,2025-08-28,453000,448000,6.16,30,348,2762.74,0.626,716000,0
M0106762,C0106762,2024-05-26,532000,518000,6.793,30,333,3465.76,0.581,891000,0
M0106763,C0106763,2022-07-17,234000,223000,5.493,30,311,1327.6,0.701,318000,0
M0106764,C0106764,2020-06-22,317000,294000,5.114,30,286,1723.88,0.479,614000,0
M0106765,C0106765,2025-08-17,435000,430000,4.923,30,348,2314.75,0.519,828000,0
M0106766,C0106766,2022-03-10,409000,387000,5.244,30,306,2256.99,0.481,805000,0
M0106767,C0106767,2024-12-16,487000,477000,5.871,30,340,2879.54,0.543,878000,0
M0106768,C0106768,2024-08-27,186000,182000,5.864,30,336,1098.95,0.55,331000,0
M0106769,C0106769,2025-02-12,220000,216000,7.105,30,342,1479.21,0.761,284000,0
M0106770,C0106770,2022-03-03,172000,163000,5.285,30,306,953.52,0.599,272000,0
M0106771,C0106771,2021-11-25,373000,352000,6.468,30,303,2349.77,0.739,476000,0
M0106772,C0106772,2024-01-15,298000,289000,4.491,30,329,1508.33,0.498,580000,0
M0106773,C0106773,2021-09-08,297000,262000,4.078,15,120,2208.5,0.521,503000,0
M0106774,C0106774,2023-04-19,233000,224000,6.581,30,320,1485.15,0.742,302000,0
M0106775,C0106775,2021-03-05,215000,201000,5.932,30,294,1279.65,0.551,365000,0
M0106776,C0106776,2022-07-22,328000,312000,4.906,30,311,1741.98,0.548,569000,0
M0106777,C0106777,2019-11-11,570000,525000,4.475,30,279,2879.65,0.464,1132000,0
M0106778,C0106778,2021-09-12,718000,676000,4.966,30,301,3839.47,0.54,1251000,0
M0106779,C0106779,2019-10-28,719000,661000,5.729,30,278,4186.3,0.496,1334000,0
M0106780,C0106780,2020-03-28,259000,220000,5.663,15,103,2138.72,0.464,474000,0
M0106781,C0106781,2024-06-14,181000,176000,3.9,30,334,853.72,0.543,324000,0
M0106782,C0106782,2023-08-15,510000,492000,4.094,30,324,2462.54,0.725,679000,0
M0106783,C0106783,2023-08-03,620000,575000,5.643,15,143,5113.09,0.618,930000,0
M0106784,C0106784,2022-01-13,404000,382000,6.137,30,305,2457.88,0.521,733000,0
M0106785,C0106785,2022-05-01,324000,308000,4.627,30,308,1666.2,0.495,622000,0
M0106786,C0106786,2022-11-14,240000,229000,3.932,30,315,1136.41,0.696,329000,0
M0106787,C0106787,2025-06-07,444000,437000,5.532,30,345,2529.9,0.787,555000,0
M0106788,C0106788,2023-01-05,437000,418000,3.071,30,316,1859.19,0.507,825000,0
M0106789,C0106789,2024-07-17,378000,369000,5.071,30,335,2045.62,0.685,539000,0
M0106790,C0106790,2020-01-03,188000,173000,6.153,30,280,1145.71,0.56,309000,0
M0106791,C0106791,2020-07-30,199000,185000,5.229,30,287,1096.3,0.466,397000,0
M0106792,C0106792,2024-08-09,313000,305000,3.775,30,335,1454.0,0.539,566000,0
M0106793,C0106793,2023-04-02,552000,530000,7.157,30,319,3730.86,0.7,757000,0
M0106794,C0106794,2021-11-21,517000,488000,5.506,30,303,2937.42,0.485,1006000,0
M0106795,C0106795,2022-10-16,268000,256000,5.729,30,314,1560.4,0.677,378000,0
M0106796,C0106796,2024-09-02,131000,128000,6.466,30,336,825.08,0.522,245000,0
M0106797,C0106797,2021-04-12,639000,599000,5.3,30,296,3548.4,0.745,804000,0
M0106798,C0106798,2020-04-04,610000,564000,5.197,30,283,3348.45,0.648,870000,0
M0106799,C0106799,2020-11-05,349000,325000,6.85,30,290,2286.85,0.699,465000,0
M0106800,C0106800,2023-07-28,264000,254000,4.6,30,323,1353.38,0.577,440000,0
M0106801,C0106801,2020-07-05,281000,261000,6.506,30,286,1777.22,0.546,478000,0
M0106802,C0106802,2020-05-27,522000,445000,4.256,15,105,3928.48,0.479,929000,0
M0106803,C0106803,2020-05-01,429000,397000,4.699,30,284,2224.7,0.629,631000,0
M0106804,C0106804,2020-09-30,265000,247000,5.82,30,289,1558.27,0.475,520000,0
M0106805,C0106805,2023-12-06,985000,921000,7.071,15,147,8892.6,0.742,1241000,0
M0106806,C0106806,2022-09-10,153000,146000,5.662,30,312,884.33,0.64,228000,0
M0106807,C0106807,2021-10-21,243000,229000,3.96,30,302,1154.52,0.729,314000,0
M0106808,C0106808,2020-10-26,245000,228000,6.282,30,290,1513.61,0.61,374000,0
M0106809,C0106809,2025-01-11,346000,339000,4.626,30,341,1779.13,0.5,678000,0
M0106810,C0106810,2025-04-18,577000,568000,6.196,30,344,3532.45,0.667,852000,0
M0106811,C0106811,2019-11-21,496000,457000,5.816,30,279,2915.35,0.623,734000,0
M0106812,C0106812,2021-07-10,349000,328000,3.849,30,298,1635.94,0.639,513000,0
M0106813,C0106813,2024-02-03,169000,159000,5.896,15,149,1416.64,0.503,316000,0
M0106814,C0106814,2019-09-22,528000,485000,4.142,30,277,2564.17,0.543,893000,0
M0106815,C0106815,2023-05-11,186000,179000,6.987,30,320,1235.84,0.615,291000,0
M0106816,C0106816,2021-11-27,268000,253000,3.77,30,303,1244.19,0.619,409000,0
M0106817,C0106817,2020-02-12,316000,292000,5.325,30,282,1759.67,0.524,557000,0
M0106818,C0106818,2020-07-28,219000,203000,4.459,30,287,1104.31,0.467,435000,0
M0106819,C0106819,2021-12-01,217000,205000,7.052,30,303,1451.29,0.594,345000,0
M0106820,C0106820,2022-05-23,511000,460000,3.796,15,129,3727.78,0.634,725000,0
M0106821,C0106821,2023-12-20,678000,656000,8.0,30,328,4974.92,0.625,1049000,0
M0106822,C0106822,2024-08-20,316000,308000,5.103,30,336,1716.3,0.703,438000,0
M0106823,C0106823,2025-03-07,135000,133000,4.879,30,342,714.76,0.564,236000,0
M0106824,C0106824,2025-08-06,377000,372000,6.35,30,347,2345.83,0.78,477000,0
M0106825,C0106825,2022-10-07,231000,210000,5.462,15,133,1882.81,0.575,365000,0
M0106826,C0106826,2023-08-08,393000,379000,4.565,30,323,2006.48,0.758,500000,0
M0106827,C0106827,2022-02-26,380000,360000,4.66,30,306,1961.7,0.742,485000,0
M0106828,C0106828,2022-08-19,128000,122000,4.953,30,312,683.46,0.622,196000,0
M0106829,C0106829,2021-09-09,270000,254000,4.738,30,300,1406.5,0.518,490000,0
M0106830,C0106830,2024-07-14,446000,435000,6.391,30,335,2787.13,0.557,781000,0
M0106831,C0106831,2024-09-16,313000,299000,5.595,15,157,2573.28,0.497,602000,0
M0106832,C0106832,2024-12-08,189000,185000,6.009,30,339,1134.24,0.623,297000,0
M0106833,C0106833,2021-06-19,455000,427000,5.039,30,298,2453.39,0.684,624000,0
M0106834,C0106834,2020-03-27,143000,132000,6.209,30,283,876.67,0.706,187000,0
M0106835,C0106835,2023-07-10,368000,354000,4.737,30,322,1916.78,0.67,528000,0
M0106836,C0106836,2024-10-31,250000,245000,4.487,30,338,1264.78,0.602,407000,0
M0106837,C0106837,2020-01-14,407000,375000,4.94,30,281,2169.96,0.631,594000,0
M0106838,C0106838,2024-04-26,292000,284000,7.067,30,332,1955.84,0.535,531000,0
M0106839,C0106839,2021-10-11,418000,394000,4.866,30,301,2209.81,0.54,729000,0
M0106840,C0106840,2020-05-29,647000,552000,4.916,15,105,5088.17,0.543,1017000,0
M0106841,C0106841,2020-03-11,464000,429000,5.74,30,282,2704.83,0.518,828000,0
M0106842,C0106842,2024-05-09,460000,447000,5.356,30,332,2570.42,0.609,734000,0
M0106843,C0106843,2025-07-08,439000,433000,4.304,30,346,2173.52,0.769,563000,0
M0106844,C0106844,2023-03-04,139000,133000,4.201,30,318,679.82,0.53,251000,0
M0106845,C0106845,2020-04-12,341000,315000,6.324,30,284,2116.03,0.529,595000,0
M0106846,C0106846,2022-11-11,375000,358000,4.193,30,315,1832.28,0.582,615000,0
M0106847,C0106847,2020-06-07,432000,400000,6.473,30,285,2722.87,0.681,587000,0
M0106848,C0106848,2020-09-12,314000,292000,4.986,30,289,1682.93,0.568,514000,0
M0106849,C0106849,2022-08-20,469000,425000,2.945,15,132,3226.44,0.627,678000,0
M0106850,C0106850,2020-06-25,203000,188000,6.212,30,286,1244.89,0.468,402000,0
M0106851,C0106851,2019-11-04,888000,817000,6.382,30,278,5544.03,0.575,1420000,0
M0106852,C0106852,2021-08-15,433000,407000,6.14,30,300,2635.16,0.511,796000,0
M0106853,C0106853,2021-03-16,207000,194000,4.987,30,295,1109.58,0.559,347000,0
M0106854,C0106854,2023-01-08,645000,617000,5.109,30,316,3505.59,0.513,1203000,0
M0106855,C0106855,2019-09-24,188000,157000,5.0,15,97,1486.69,0.523,300000,0
M0106856,C0106856,2023-07-28,329000,317000,4.707,30,323,1707.7,0.572,554000,0
M0106857,C0106857,2021-02-28,347000,325000,5.809,30,294,2038.02,0.581,559000,0
M0106858,C0106858,2020-01-18,267000,246000,5.274,30,281,1478.36,0.47,523000,0
M0106859,C0106859,2020-03-17,308000,285000,4.989,30,283,1651.34,0.687,415000,0
M0106860,C0106860,2020-05-28,338000,288000,4.717,15,105,2623.32,0.564,511000,0
M0106861,C0106861,2024-07-07,192000,182000,5.662,15,154,1585.35,0.571,319000,0
M0106862,C0106862,2019-10-27,376000,346000,6.894,30,278,2474.83,0.699,495000,0
M0106863,C0106863,2024-07-07,328000,320000,5.631,30,334,1889.4,0.519,617000,0
M0106864,C0106864,2024-04-13,866000,842000,4.009,30,332,4138.91,0.511,1649000,0
M0106865,C0106865,2022-08-27,688000,656000,5.473,30,312,3894.74,0.678,967000,0
M0106866,C0106866,2024-10-31,227000,222000,6.029,30,338,1365.21,0.5,444000,0
M0106867,C0106867,2021-04-28,305000,286000,6.281,30,296,1884.09,0.548,522000,0
M0106868,C0106868,2020-02-18,232000,214000,6.068,30,282,1401.12,0.545,393000,0
M0106869,C0106869,2024-02-09,289000,272000,5.647,15,149,2383.98,0.622,437000,0
M0106870,C0106870,2023-09-26,504000,487000,8.0,30,325,3698.17,0.576,845000,0
M0106871,C0106871,2023-03-13,311000,298000,4.19,30,319,1519.03,0.664,449000,0
M0106872,C0106872,2025-03-05,255000,250000,7.139,30,342,1720.39,0.769,325000,0
M0106873,C0106873,2024-08-30,444000,423000,6.109,15,156,3772.92,0.529,800000,0
M0106874,C0106874,2020-01-02,124000,114000,8.0,30,280,909.87,0.467,244000,0
M0106875,C0106875,2020-02-24,270000,249000,3.906,30,282,1274.43,0.699,356000,0
M0106876,C0106876,2022-09-07,650000,620000,7.19,30,312,4407.72,0.562,1103000,0
M0106877,C0106877,2021-03-26,666000,624000,7.302,30,295,4566.81,0.65,960000,0
M0106878,C0106878,2025-05-28,629000,620000,5.327,30,345,3503.42,0.644,963000,0
M0106879,C0106879,2025-06-19,177000,174000,4.565,30,346,903.68,0.672,259000,0
M0106880,C0106880,2020-05-22,176000,163000,7.835,30,285,1271.24,0.712,229000,0
M0106881,C0106881,2025-07-24,256000,253000,4.593,30,347,1311.3,0.497,509000,0
M0106882,C0106882,2021-06-16,330000,310000,6.651,30,298,2118.7,0.559,555000,0
M0106883,C0106883,2019-09-27,227000,209000,7.145,30,277,1532.41,0.55,380000,0
M0106884,C0106884,2020-12-10,141000,122000,5.323,15,111,1138.89,0.515,237000,0
M0106885,C0106885,2023-04-28,521000,500000,5.316,30,320,2898.32,0.731,684000,0
M0106886,C0106886,2022-06-25,480000,456000,7.442,30,310,3337.19,0.615,742000,0
M0106887,C0106887,2022-01-31,244000,231000,5.162,30,305,1334.11,0.487,474000,0
M0106888,C0106888,2023-01-12,468000,448000,4.887,30,317,2480.1,0.576,778000,0
M0106889,C0106889,2020-01-06,525000,484000,2.8,30,280,2157.2,0.595,813000,0
M0106890,C0106890,2025-06-07,100000,99000,6.734,30,345,647.53,0.702,141000,0
M0106891,C0106891,2019-12-19,452000,417000,5.089,30,280,2451.08,0.643,649000,0
M0106892,C0106892,2020-07-18,318000,295000,6.361,30,287,1981.0,0.501,589000,0
M0106893,C0106893,2025-02-13,93000,91000,5.338,30,342,518.63,0.565,161000,0
M0106894,C0106894,2022-04-18,545000,517000,6.969,30,308,3614.56,0.634,816000,0
M0106895,C0106895,2021-11-20,341000,322000,7.013,30,303,2271.66,0.491,656000,0
M0106896,C0106896,2019-10-17,148000,136000,4.405,30,278,741.56,0.727,187000,0
M0106897,C0106897,2019-09-29,400000,335000,4.99,15,97,3161.09,0.46,729000,0
M0106898,C0106898,2022-11-16,359000,327000,6.139,15,135,3056.47,0.553,591000,0
M0106899,C0106899,2024-08-14,430000,420000,7.048,30,336,2874.68,0.508,826000,0
M0106900,C0106900,2020-11-12,125000,116000,5.624,30,291,719.49,0.487,238000,0
M0106901,C0106901,2021-09-21,282000,266000,5.736,30,301,1643.17,0.633,420000,0
M0106902,C0106902,2022-08-14,201000,191000,5.883,30,312,1190.02,0.746,256000,0
M0106903,C0106903,2021-01-20,302000,282000,4.537,30,293,1536.84,0.49,575000,0
M0106904,C0106904,2025-03-14,140000,135000,5.001,15,163,1107.18,0.515,262000,0
M0106905,C0106905,2025-03-30,187000,184000,5.296,30,343,1037.96,0.719,256000,0
M0106906,C0106906,2022-10-24,708000,676000,6.601,30,314,4522.17,0.579,1168000,0
M0106907,C0106907,2023-05-18,586000,563000,7.474,30,321,4086.97,0.627,898000,0
M0106908,C0106908,2024-10-03,533000,521000,4.499,30,337,2700.32,0.544,957000,0
M0106909,C0106909,2024-06-19,684000,666000,6.294,30,334,4231.1,0.512,1301000,0
M0106910,C0106910,2022-10-12,129000,123000,5.74,30,314,751.99,0.554,222000,0
M0106911,C0106911,2025-05-10,319000,314000,4.948,30,344,1702.34,0.502,626000,0
M0106912,C0106912,2021-06-07,370000,325000,4.444,15,117,2819.9,0.681,477000,0
M0106913,C0106913,2025-02-06,270000,265000,5.751,30,341,1575.82,0.634,418000,0
M0106914,C0106914,2021-09-12,129000,121000,4.857,30,301,681.27,0.621,195000,0
M0106915,C0106915,2023-08-25,510000,492000,5.91,30,324,3028.26,0.669,735000,0
M0106916,C0106916,2024-10-02,446000,436000,4.398,30,337,2232.87,0.642,679000,0
M0106917,C0106917,2022-03-23,240000,227000,4.286,30,307,1185.72,0.703,323000,0
M0106918,C0106918,2021-11-29,500000,472000,6.683,30,303,3220.75,0.581,813000,0
M0106919,C0106919,2019-12-24,349000,294000,5.715,15,100,2891.59,0.565,520000,0
M0106920,C0106920,2023-01-30,450000,431000,5.689,30,317,2608.67,0.566,761000,0
M0106921,C0106921,2020-02-01,207000,191000,4.943,30,281,1104.02,0.588,325000,0
M0106922,C0106922,2022-11-06,369000,352000,6.334,30,314,2292.19,0.76,463000,0
M0106923,C0106923,2020-06-19,371000,344000,5.299,30,286,2059.95,0.563,611000,0
M0106924,C0106924,2024-01-04,292000,283000,6.356,30,328,1818.07,0.582,486000,0
M0106925,C0106925,2021-01-26,86000,80000,5.001,30,293,461.72,0.494,162000,0
M0106926,C0106926,2024-05-18,357000,347000,4.331,30,333,1773.2,0.662,524000,0
M0106927,C0106927,2025-06-14,370000,365000,4.701,30,346,1919.18,0.546,668000,0
M0106928,C0106928,2024-11-30,204000,200000,5.966,30,339,1218.63,0.514,389000,0
M0106929,C0106929,2023-04-07,436000,419000,4.413,30,319,2186.67,0.543,771000,0
M0106930,C0106930,2024-11-30,370000,362000,7.493,30,339,2585.32,0.734,493000,0
M0106931,C0106931,2021-01-09,402000,375000,4.003,30,292,1919.9,0.596,629000,0
M0106932,C0106932,2025-02-28,271000,266000,5.335,30,342,1510.77,0.633,420000,0
M0106933,C0106933,2019-11-24,139000,128000,6.81,30,279,907.1,0.64,200000,0
M0106934,C0106934,2023-08-06,141000,136000,5.814,30,323,828.58,0.642,212000,0
M0106935,C0106935,2022-12-04,462000,421000,5.112,15,135,3680.48,0.513,820000,0
M0106936,C0106936,2021-03-26,190000,166000,6.766,15,115,1683.01,0.57,291000,0
M0106937,C0106937,2021-06-29,220000,207000,4.479,30,298,1111.96,0.672,308000,0
M0106938,C0106938,2020-09-03,499000,464000,5.183,30,288,2734.83,0.503,922000,0
M0106939,C0106939,2019-09-24,113000,104000,3.721,30,277,521.46,0.598,174000,0
M0106940,C0106940,2023-11-14,147000,142000,6.472,30,327,926.43,0.615,231000,0
M0106941,C0106941,2021-12-17,486000,459000,6.116,30,304,2950.16,0.719,638000,0
M0106942,C0106942,2021-09-05,342000,322000,6.119,30,300,2076.7,0.511,630000,0
M0106943,C0106943,2021-01-10,121000,113000,5.643,30,292,697.92,0.711,159000,0
M0106944,C0106944,2023-12-20,263000,255000,5.589,30,328,1508.0,0.577,442000,0
M0106945,C0106945,2019-11-26,358000,330000,5.619,30,279,2059.49,0.507,651000,0
M0106946,C0106946,2024-04-06,189000,184000,5.835,30,331,1113.18,0.724,254000,0
M0106947,C0106947,2021-06-09,159000,149000,5.643,30,297,917.1,0.634,235000,0
M0106948,C0106948,2020-05-23,141000,131000,4.475,30,285,712.33,0.466,281000,0
M0106949,C0106949,2024-11-27,500000,490000,3.016,30,339,2112.34,0.619,792000,0
M0106950,C0106950,2022-06-22,552000,525000,7.797,30,310,3972.54,0.565,930000,0
M0106951,C0106951,2019-10-29,478000,440000,4.787,30,278,2504.15,0.485,907000,0
M0106952,C0106952,2024-10-22,607000,594000,5.307,30,338,3373.34,0.509,1168000,0
M0106953,C0106953,2020-11-16,622000,580000,6.725,30,291,4023.95,0.619,937000,0
M0106954,C0106954,2020-09-01,154000,143000,5.871,30,288,910.57,0.493,290000,0
M0106955,C0106955,2024-02-10,541000,525000,3.927,30,329,2560.1,0.65,808000,0
M0106956,C0106956,2021-06-16,347000,326000,4.219,30,298,1700.74,0.506,644000,0
M0106957,C0106957,2019-10-11,847000,779000,6.468,30,277,5335.8,0.498,1564000,0
M0106958,C0106958,2023-05-17,1781000,1643000,6.157,15,141,15180.57,0.547,3001000,0
M0106959,C0106959,2025-03-21,297000,292000,4.932,30,343,1582.04,0.566,516000,0
M0106960,C0106960,2024-02-21,281000,273000,5.455,30,330,1587.56,0.58,471000,0
M0106961,C0106961,2020-01-23,271000,229000,5.542,15,101,2220.34,0.634,361000,0
M0106962,C0106962,2020-03-07,340000,314000,5.772,30,282,1988.9,0.585,537000,0
M0106963,C0106963,2020-08-26,368000,342000,5.963,30,288,2197.6,0.694,493000,0
M0106964,C0106964,2022-03-18,1226000,1098000,5.072,15,127,9741.17,0.694,1582000,0
M0106965,C0106965,2024-01-18,352000,341000,6.271,30,329,2172.13,0.598,570000,0
M0106966,C0106966,2021-12-30,264000,250000,6.153,30,304,1608.88,0.654,382000,0
M0106967,C0106967,2020-07-15,330000,306000,6.459,30,287,2076.93,0.613,499000,0
M0106968,C0106968,2020-10-09,217000,202000,6.348,30,289,1349.97,0.542,373000,0
M0106969,C0106969,2025-05-02,142000,140000,6.32,30,344,880.79,0.617,227000,0
M0106970,C0106970,2021-06-07,304000,285000,5.0,30,297,1631.94,0.56,509000,0
M0106971,C0106971,2019-12-27,1053000,971000,5.364,30,280,5889.28,0.525,1848000,0
M0106972,C0106972,2024-12-11,511000,501000,4.563,30,340,2608.33,0.56,895000,0
M0106973,C0106973,2022-01-26,258000,244000,5.721,30,305,1500.87,0.535,456000,0
M0106974,C0106974,2021-12-21,391000,369000,4.618,30,304,2008.65,0.593,622000,0
M0106975,C0106975,2022-07-28,1152000,1097000,6.017,30,311,6919.42,0.535,2052000,0
M0106976,C0106976,2021-03-10,362000,339000,6.819,30,294,2364.55,0.646,525000,0
M0106977,C0106977,2019-10-03,210000,176000,5.499,15,97,1715.76,0.46,383000,0
M0106978,C0106978,2021-10-18,339000,300000,4.904,15,122,2663.87,0.479,626000,0
M0106979,C0106979,2025-07-16,452000,446000,6.043,30,347,2722.48,0.513,869000,0
M0106980,C0106980,2022-08-04,404000,365000,6.636,15,131,3549.55,0.461,791000,0
M0106981,C0106981,2022-08-16,678000,646000,4.677,30,312,3507.0,0.581,1112000,0
M0106982,C0106982,2024-01-26,345000,334000,5.627,30,329,1986.45,0.587,569000,0
M0106983,C0106983,2021-04-15,102000,96000,5.845,30,296,601.41,0.615,156000,0
M0106984,C0106984,2022-04-09,415000,394000,5.194,30,307,2277.27,0.518,761000,0
M0106985,C0106985,2025-01-09,401000,385000,6.064,15,160,3397.75,0.662,582000,0
M0106986,C0106986,2021-01-14,388000,362000,3.699,30,293,1785.68,0.539,671000,0
M0106987,C0106987,2025-08-10,214000,211000,5.878,30,347,1266.3,0.589,358000,0
M0106988,C0106988,2020-06-27,888000,759000,7.473,15,106,8218.25,0.586,1296000,0
M0106989,C0106989,2022-01-03,190000,180000,6.116,30,304,1153.35,0.657,274000,0
M0106990,C0106990,2019-09-24,201000,185000,5.542,30,277,1146.56,0.673,275000,0
M0106991,C0106991,2023-09-02,292000,282000,4.162,30,324,1421.46,0.536,526000,0
M0106992,C0106992,2024-05-11,636000,619000,5.123,30,332,3462.15,0.521,1187000,0
M0106993,C0106993,2022-10-22,650000,621000,5.84,30,314,3830.47,0.689,901000,0
M0106994,C0106994,2020-11-07,451000,420000,5.603,30,290,2589.95,0.482,871000,0
M0106995,C0106995,2021-12-19,512000,484000,4.142,30,304,2486.47,0.673,719000,0
M0106996,C0106996,2023-01-10,171000,164000,5.774,30,316,1000.52,0.722,227000,0
M0106997,C0106997,2023-05-20,140000,135000,4.557,30,321,714.11,0.506,267000,1
M0106998,C0106998,2020-12-19,272000,254000,4.868,30,292,1438.29,0.481,528000,0
M0106999,C0106999,2024-05-30,510000,483000,6.487,15,153,4439.0,0.69,700000,0
M0107000,C0107000,2025-06-30,517000,510000,5.238,30,346,2851.05,0.713,715000,0
M0107001,C0107001,2024-04-07,212000,206000,4.789,30,331,1110.88,0.66,312000,0
M0107002,C0107002,2024-06-10,201000,196000,4.417,30,333,1008.55,0.754,260000,0
M0107003,C0107003,2024-07-28,588000,573000,4.713,30,335,3054.19,0.623,920000,0
M0107004,C0107004,2023-11-04,360000,348000,4.907,30,326,1912.15,0.54,644000,0
M0107005,C0107005,2021-05-27,116000,109000,6.444,30,297,728.93,0.717,152000,0
M0107006,C0107006,2024-03-19,187000,182000,5.465,30,331,1057.66,0.659,276000,0
M0107007,C0107007,2024-11-21,418000,400000,6.825,15,159,3716.32,0.63,635000,0
M0107008,C0107008,2023-04-22,181000,167000,4.215,15,140,1358.42,0.472,354000,0
M0107009,C0107009,2019-11-13,200000,184000,6.92,30,279,1319.88,0.508,362000,0
M0107010,C0107010,2020-01-27,204000,188000,5.335,30,281,1137.26,0.605,311000,0
M0107011,C0107011,2025-09-01,508000,502000,5.251,30,348,2805.51,0.703,714000,0
M0107012,C0107012,2025-08-15,326000,322000,5.239,30,348,1797.96,0.519,620000,0
M0107013,C0107013,2023-11-17,758000,733000,7.986,30,327,5554.54,0.661,1109000,0
M0107014,C0107014,2024-10-29,264000,258000,4.976,30,338,1413.34,0.568,454000,0
M0107015,C0107015,2020-11-19,295000,275000,7.778,30,291,2119.13,0.527,522000,0
M0107016,C0107016,2024-10-19,387000,378000,6.45,30,338,2433.39,0.53,713000,0
M0107017,C0107017,2025-02-26,240000,236000,4.284,30,342,1185.44,0.574,411000,1
M0107018,C0107018,2024-05-05,147000,143000,4.442,30,332,739.77,0.627,228000,0
M0107019,C0107019,2022-03-04,275000,260000,5.711,30,306,1598.02,0.695,374000,0
M0107020,C0107020,2024-09-13,225000,220000,5.614,30,337,1293.66,0.698,315000,0
M0107021,C0107021,2023-12-15,308000,298000,5.062,30,328,1665.1,0.572,521000,0
M0107022,C0107022,2022-09-06,243000,232000,4.911,30,312,1291.29,0.592,392000,0
M0107023,C0107023,2019-11-28,411000,378000,7.204,30,279,2790.93,0.598,632000,0
M0107024,C0107024,2020-07-04,275000,255000,5.669,30,286,1590.7,0.562,454000,0
M0107025,C0107025,2024-05-20,146000,142000,6.017,30,333,876.94,0.513,277000,0
M0107026,C0107026,2023-12-16,240000,232000,5.629,30,328,1382.18,0.753,308000,0
M0107027,C0107027,2025-04-09,180000,177000,5.548,30,343,1027.45,0.725,244000,0
M0107028,C0107028,2023-12-04,857000,829000,7.87,30,327,6210.87,0.773,1072000,0
M0107029,C0107029,2022-01-06,335000,298000,6.13,15,124,2850.5,0.597,499000,0
M0107030,C0107030,2022-08-04,458000,414000,8.0,15,131,4376.89,0.657,630000,0
M0107031,C0107031,2023-06-11,312000,300000,6.356,30,321,1942.6,0.659,455000,0
M0107032,C0107032,2025-08-01,820000,809000,4.782,30,347,4293.34,0.755,1071000,0
M0107033,C0107033,2020-04-11,174000,161000,6.868,30,283,1142.24,0.615,262000,0
M0107034,C0107034,2023-05-11,221000,204000,5.415,15,140,1795.8,0.595,343000,0
M0107035,C0107035,2020-03-18,572000,529000,7.177,30,283,3873.77,0.476,1112000,0
M0107036,C0107036,2021-04-16,253000,237000,4.756,30,296,1320.68,0.558,425000,0
M0107037,C0107037,2020-12-05,225000,210000,3.757,30,291,1042.9,0.495,424000,0
M0107038,C0107038,2023-03-03,248000,238000,5.612,30,318,1425.59,0.559,426000,0
M0107039,C0107039,2024-12-04,861000,843000,7.115,30,339,5794.91,0.618,1365000,0
M0107040,C0107040,2024-05-08,911000,886000,4.806,30,332,4783.01,0.507,1748000,0
M0107041,C0107041,2021-10-01,402000,379000,6.138,30,301,2445.97,0.516,735000,0
M0107042,C0107042,2022-03-11,362000,343000,4.759,30,306,1890.33,0.746,460000,0
M0107043,C0107043,2025-02-22,485000,476000,6.539,30,342,3077.98,0.694,686000,0
M0107044,C0107044,2020-07-13,399000,342000,5.098,15,107,3175.67,0.429,798000,0
M0107045,C0107045,2025-07-18,358000,353000,5.795,30,347,2099.44,0.54,654000,0
M0107046,C0107046,2022-11-15,262000,250000,5.134,30,315,1428.01,0.611,409000,0
M0107047,C0107047,2024-07-07,241000,235000,4.675,30,334,1246.3,0.576,408000,0
M0107048,C0107048,2024-08-28,420000,410000,3.385,30,336,1859.13,0.534,768000,0
M0107049,C0107049,2022-09-25,351000,335000,4.07,30,313,1689.92,0.618,542000,0
M0107050,C0107050,2023-09-26,683000,659000,5.194,30,325,3747.9,0.751,877000,0
M0107051,C0107051,2022-12-29,288000,276000,5.994,30,316,1725.59,0.56,493000,0
M0107052,C0107052,2020-01-11,206000,190000,7.539,30,281,1445.89,0.691,275000,0
M0107053,C0107053,2021-01-16,158000,148000,4.928,30,293,841.24,0.655,226000,0
M0107054,C0107054,2023-09-30,223000,208000,4.799,15,145,1740.21,0.568,366000,0
M0107055,C0107055,2022-07-23,160000,152000,4.043,30,311,767.84,0.514,296000,0
M0107056,C0107056,2023-06-14,582000,560000,6.441,30,322,3656.08,0.678,826000,0
M0107057,C0107057,2024-02-11,265000,249000,6.129,15,150,2254.73,0.675,369000,0
M0107058,C0107058,2022-12-17,223000,213000,5.992,30,316,1335.85,0.609,350000,0
M0107059,C0107059,2024-11-10,417000,408000,5.879,30,338,2467.78,0.723,564000,0
M0107060,C0107060,2024-04-14,869000,820000,5.089,15,152,6912.35,0.657,1249000,0
M0107061,C0107061,2022-04-13,265000,251000,6.994,30,308,1761.98,0.642,391000,0
M0107062,C0107062,2021-04-13,186000,174000,4.646,30,296,958.64,0.51,341000,1
M0107063,C0107063,2021-08-26,269000,253000,4.979,30,300,1440.6,0.538,470000,0
M0107064,C0107064,2019-10-13,129000,119000,4.382,30,278,644.61,0.607,196000,0
M0107065,C0107065,2024-06-02,424000,401000,5.358,15,153,3432.57,0.483,831000,0
M0107066,C0107066,2024-12-21,437000,419000,4.647,15,160,3375.94,0.658,637000,0
M0107067,C0107067,2021-11-28,263000,248000,4.808,30,303,1381.14,0.578,429000,0
M0107068,C0107068,2022-04-19,187000,168000,4.18,15,128,1400.14,0.523,321000,0
M0107069,C0107069,2020-07-16,1088000,1010000,4.446,30,287,5477.88,0.472,2140000,0
M0107070,C0107070,2024-12-07,177000,173000,3.731,30,339,817.81,0.516,335000,0
M0107071,C0107071,2024-03-30,225000,219000,5.894,30,331,1333.69,0.637,344000,0
M0107072,C0107072,2023-03-24,333000,306000,4.552,15,139,2556.29,0.566,541000,0
M0107073,C0107073,2020-10-13,504000,469000,7.272,30,290,3445.69,0.584,803000,0
M0107074,C0107074,2024-07-07,304000,296000,6.542,30,334,1929.89,0.658,450000,0
M0107075,C0107075,2019-12-31,334000,308000,5.577,30,280,1912.58,0.572,538000,0
M0107076,C0107076,2025-01-12,445000,436000,6.127,30,341,2704.44,0.744,586000,0
M0107077,C0107077,2020-01-31,1628000,1502000,6.444,30,281,10230.18,0.715,2102000,0
M0107078,C0107078,2021-08-28,245000,231000,4.956,30,300,1308.63,0.724,319000,0
M0107079,C0107079,2024-11-06,254000,249000,5.276,30,338,1406.69,0.726,343000,0
M0107080,C0107080,2019-10-07,311000,286000,6.686,30,277,2003.93,0.629,455000,0
M0107081,C0107081,2025-05-27,460000,453000,6.757,30,345,2985.69,0.569,796000,0
M0107082,C0107082,2023-05-12,1158000,1113000,4.652,30,320,5972.46,0.511,2178000,0
M0107083,C0107083,2021-05-04,310000,291000,8.0,30,296,2274.67,0.511,569000,0
M0107084,C0107084,2023-08-20,433000,418000,4.012,30,324,2070.2,0.646,647000,0
M0107085,C0107085,2023-05-29,111000,107000,2.986,30,321,467.14,0.754,142000,0
M0107086,C0107086,2023-12-25,339000,328000,7.395,30,328,2346.01,0.749,438000,0
M0107087,C0107087,2024-08-18,325000,317000,6.302,30,336,2012.09,0.527,601000,0
M0107088,C0107088,2022-03-15,546000,517000,5.704,30,307,3170.37,0.498,1039000,0
M0107089,C0107089,2023-01-06,253000,242000,6.391,30,316,1581.04,0.491,493000,0
M0107090,C0107090,2020-10-31,178000,166000,4.753,30,290,928.85,0.472,352000,0
M0107091,C0107091,2022-06-11,368000,331000,3.588,15,129,2646.7,0.477,694000,0
M0107092,C0107092,2022-08-14,150000,143000,5.005,30,312,805.69,0.63,227000,0
M0107093,C0107093,2024-09-22,219000,209000,4.733,15,157,1701.53,0.594,352000,0
M0107094,C0107094,2024-03-09,337000,327000,4.413,30,330,1690.15,0.517,632000,0
M0107095,C0107095,2025-06-21,99000,98000,4.837,30,346,521.64,0.516,190000,0
M0107096,C0107096,2019-11-09,288000,265000,4.852,30,278,1520.1,0.605,438000,0
M0107097,C0107097,2021-01-03,722000,674000,4.981,30,292,3867.47,0.542,1243000,0
M0107098,C0107098,2024-01-28,146000,142000,5.919,30,329,867.76,0.703,202000,0
M0107099,C0107099,2022-12-18,233000,213000,6.114,15,136,1980.57,0.729,292000,0
M0107100,C0107100,2022-04-29,440000,395000,5.829,15,128,3672.44,0.592,667000,0
M0107101,C0107101,2024-03-25,493000,465000,2.8,15,151,3357.35,0.486,957000,0
M0107102,C0107102,2024-12-05,337000,330000,4.381,30,339,1683.78,0.562,587000,0
M0107103,C0107103,2019-12-21,299000,252000,4.396,15,100,2271.47,0.439,574000,0
M0107104,C0107104,2023-07-23,749000,722000,6.816,30,323,4890.91,0.634,1138000,0
M0107105,C0107105,2021-02-22,365000,341000,4.567,30,294,1863.96,0.727,469000,0
M0107106,C0107106,2021-11-25,193000,182000,3.413,30,303,857.31,0.621,293000,0
M0107107,C0107107,2023-04-14,348000,334000,6.258,30,320,2144.51,0.611,547000,0
M0107108,C0107108,2022-01-02,306000,289000,5.6,30,304,1756.68,0.538,537000,0
M0107109,C0107109,2024-01-23,263000,255000,8.0,30,329,1929.8,0.491,519000,0
M0107110,C0107110,2024-03-08,141000,137000,3.981,30,330,671.61,0.656,209000,0
M0107111,C0107111,2021-04-29,327000,307000,5.26,30,296,1807.73,0.517,594000,0
M0107112,C0107112,2021-01-14,439000,410000,4.359,30,293,2187.72,0.488,841000,0
M0107113,C0107113,2021-05-09,477000,447000,4.361,30,296,2377.65,0.653,685000,0
M0107114,C0107114,2021-07-02,330000,310000,4.595,30,298,1690.74,0.512,606000,0
M0107115,C0107115,2020-05-25,334000,309000,4.292,30,285,1651.3,0.47,657000,0
M0107116,C0107116,2023-11-16,248000,240000,5.704,30,327,1440.02,0.527,455000,0
M0107117,C0107117,2025-08-14,532000,525000,5.569,30,348,3043.71,0.637,824000,0
M0107118,C0107118,2024-01-14,181000,175000,5.465,30,329,1023.73,0.574,305000,0
M0107119,C0107119,2021-12-03,253000,239000,6.895,30,303,1665.41,0.522,458000,0
M0107120,C0107120,2022-02-11,219000,207000,6.114,30,306,1329.11,0.51,406000,0
M0107121,C0107121,2024-01-03,310000,300000,6.419,30,328,1942.93,0.543,552000,0
M0107122,C0107122,2021-01-11,632000,590000,5.678,30,293,3659.32,0.471,1253000,0
M0107123,C0107123,2019-11-08,181000,167000,5.84,30,278,1066.64,0.487,343000,0
M0107124,C0107124,2024-12-16,377000,369000,6.52,30,340,2387.86,0.694,532000,0
M0107125,C0107125,2025-07-19,381000,376000,4.242,30,347,1872.51,0.493,762000,0
M0107126,C0107126,2021-07-13,202000,190000,4.78,30,299,1057.38,0.529,359000,0
M0107127,C0107127,2022-10-10,298000,284000,5.58,30,313,1707.0,0.492,577000,0
M0107128,C0107128,2021-09-06,209000,197000,5.546,30,300,1192.72,0.581,339000,0
M0107129,C0107129,2021-06-08,345000,324000,3.937,30,297,1634.58,0.489,662000,0
M0107130,C0107130,2025-06-16,309000,305000,6.338,30,346,1920.29,0.497,614000,0
M0107131,C0107131,2021-03-11,696000,651000,7.083,30,294,4669.37,0.501,1299000,0
M0107132,C0107132,2024-08-24,224000,219000,7.0,30,336,1490.28,0.529,414000,0
M0107133,C0107133,2021-11-25,301000,284000,4.737,30,303,1567.8,0.668,425000,0
M0107134,C0107134,2019-10-15,272000,250000,6.435,30,278,1707.61,0.679,368000,0
M0107135,C0107135,2022-11-13,646000,588000,5.057,15,135,5127.73,0.498,1180000,0
M0107136,C0107136,2023-08-08,256000,247000,5.578,30,323,1466.09,0.542,456000,0
M0107137,C0107137,2020-03-30,210000,194000,6.712,30,283,1356.76,0.537,361000,0
M0107138,C0107138,2023-03-13,222000,204000,6.975,15,139,1992.3,0.58,352000,0
M0107139,C0107139,2022-03-28,221000,210000,5.014,30,307,1188.27,0.732,287000,0
M0107140,C0107140,2024-06-29,245000,239000,4.929,30,334,1304.6,0.582,411000,0
M0107141,C0107141,2022-07-28,214000,204000,7.148,30,311,1445.08,0.578,353000,0
M0107142,C0107142,2025-04-03,330000,324000,5.389,30,343,1850.79,0.549,590000,0
M0107143,C0107143,2020-07-22,171000,147000,2.8,15,107,1164.52,0.653,225000,0
M0107144,C0107144,2022-01-15,437000,413000,5.984,30,305,2615.54,0.609,678000,0
M0107145,C0107145,2023-01-15,335000,321000,4.619,30,317,1721.16,0.613,524000,0
M0107146,C0107146,2021-03-17,737000,690000,5.187,30,295,4041.03,0.586,1178000,0
M0107147,C0107147,2022-01-19,414000,392000,6.152,30,305,2522.74,0.742,528000,0
M0107148,C0107148,2023-03-08,394000,378000,3.466,30,318,1761.77,0.568,665000,0
M0107149,C0107149,2023-09-22,895000,864000,6.341,30,325,5563.75,0.692,1248000,0
M0107150,C0107150,2025-04-16,407000,400000,3.833,30,344,1904.1,0.508,787000,0
M0107151,C0107151,2024-06-04,294000,286000,4.683,30,333,1521.79,0.564,507000,0
M0107152,C0107152,2023-04-14,212000,204000,5.85,30,320,1250.67,0.514,397000,0
M0107153,C0107153,2022-12-08,678000,648000,4.147,30,315,3294.6,0.59,1098000,0
M0107154,C0107154,2019-09-26,198000,182000,4.15,30,277,962.48,0.601,303000,0
M0107155,C0107155,2023-09-07,185000,178000,5.868,30,324,1093.52,0.667,267000,0
M0107156,C0107156,2022-10-24,186000,178000,6.082,30,314,1124.99,0.618,288000,0
M0107157,C0107157,2025-06-21,225000,222000,5.305,30,346,1250.13,0.508,437000,0
M0107158,C0107158,2025-02-24,335000,329000,6.182,30,342,2047.86,0.505,651000,0
M0107159,C0107159,2022-10-12,287000,274000,8.0,30,314,2105.9,0.488,561000,0
M0107160,C0107160,2023-08-11,426000,411000,3.861,30,323,1999.8,0.529,777000,0
M0107161,C0107161,2021-10-05,190000,179000,3.037,30,301,804.84,0.681,263000,0
M0107162,C0107162,2020-08-21,212000,197000,6.736,30,288,1373.06,0.52,379000,0
M0107163,C0107163,2025-05-21,354000,343000,4.199,15,165,2653.94,0.645,532000,0
M0107164,C0107164,2024-09-14,202000,197000,5.907,30,337,1199.04,0.621,317000,0
M0107165,C0107165,2022-04-18,166000,157000,6.168,30,308,1013.25,0.592,265000,0
M0107166,C0107166,2025-02-06,153000,147000,5.462,15,161,1247.05,0.665,221000,0
M0107167,C0107167,2023-11-03,320000,309000,5.806,30,326,1878.83,0.687,450000,0
M0107168,C0107168,2021-06-15,317000,298000,7.38,30,298,2190.52,0.708,421000,0
M0107169,C0107169,2025-06-14,309000,305000,4.827,30,346,1626.26,0.625,488000,0
M0107170,C0107170,2021-12-28,602000,569000,6.904,30,304,3966.38,0.558,1020000,0
M0107171,C0107171,2025-02-11,381000,374000,4.059,30,342,1831.94,0.514,728000,0
M0107172,C0107172,2021-02-22,328000,307000,5.886,30,294,1942.55,0.742,414000,0
M0107173,C0107173,2021-05-27,643000,603000,6.035,30,297,3869.59,0.73,826000,0
M0107174,C0107174,2025-05-19,534000,518000,5.416,15,165,4339.46,0.537,965000,0
M0107175,C0107175,2022-06-19,228000,205000,6.567,15,130,1994.53,0.488,420000,0
M0107176,C0107176,2022-11-14,497000,453000,5.548,15,135,4073.58,0.715,634000,0
M0107177,C0107177,2019-12-19,795000,733000,5.866,30,280,4698.15,0.506,1448000,0
M0107178,C0107178,2025-06-17,797000,786000,4.723,30,346,4144.57,0.591,1331000,0
M0107179,C0107179,2021-08-11,534000,502000,4.402,30,299,2674.69,0.631,795000,0
M0107180,C0107180,2022-06-08,398000,378000,4.374,30,309,1986.92,0.546,692000,0
M0107181,C0107181,2019-12-04,379000,349000,4.826,30,279,1994.44,0.622,561000,0
M0107182,C0107182,2021-04-17,679000,636000,4.091,30,296,3277.37,0.593,1073000,0
M0107183,C0107183,2023-12-27,168000,163000,7.554,30,328,1180.9,0.601,271000,0
M0107184,C0107184,2025-01-16,618000,606000,5.161,30,341,3378.63,0.667,909000,0
M0107185,C0107185,2022-03-16,350000,332000,5.49,30,307,1985.07,0.634,524000,0
M0107186,C0107186,2020-08-09,207000,178000,4.237,15,107,1555.85,0.448,397000,0
M0107187,C0107187,2022-05-07,181000,163000,7.749,15,128,1703.61,0.578,282000,0
M0107188,C0107188,2022-03-20,140000,133000,5.22,30,307,770.49,0.652,204000,0
M0107189,C0107189,2022-07-23,435000,414000,4.852,30,311,2295.99,0.584,709000,0
M0107190,C0107190,2023-06-21,857000,825000,4.953,30,322,4575.98,0.713,1157000,0
M0107191,C0107191,2020-04-25,255000,236000,5.268,30,284,1410.96,0.553,427000,0
M0107192,C0107192,2024-09-11,214000,209000,5.166,30,337,1170.61,0.52,402000,0
M0107193,C0107193,2022-07-14,600000,571000,4.019,30,311,2871.07,0.591,966000,0
M0107194,C0107194,2020-06-25,347000,297000,6.446,15,106,3012.45,0.678,438000,0
M0107195,C0107195,2024-02-12,614000,577000,4.275,15,150,4626.76,0.488,1183000,0
M0107196,C0107196,2023-03-01,201000,193000,6.39,30,318,1255.95,0.53,364000,0
M0107197,C0107197,2021-06-27,454000,426000,4.037,30,298,2177.16,0.475,897000,0
M0107198,C0107198,2024-12-06,812000,779000,5.691,15,159,6717.3,0.517,1506000,0
M0107199,C0107199,2024-02-09,194000,188000,4.373,30,329,968.38,0.511,368000,0
M0107200,C0107200,2021-05-10,279000,262000,4.699,30,296,1446.83,0.485,540000,0
M0107201,C0107201,2025-03-13,274000,269000,6.029,30,343,1647.88,0.681,395000,0
M0107202,C0107202,2023-06-12,477000,441000,6.799,15,142,4233.99,0.465,949000,0
M0107203,C0107203,2022-03-02,616000,583000,7.505,30,306,4309.27,0.657,887000,0
M0107204,C0107204,2020-08-06,233000,216000,5.91,30,287,1383.5,0.468,462000,0
M0107205,C0107205,2024-11-14,1143000,1119000,5.494,30,339,6485.53,0.53,2110000,0
M0107206,C0107206,2022-06-29,337000,320000,4.44,30,310,1695.54,0.528,606000,0
M0107207,C0107207,2021-05-31,247000,232000,3.532,30,297,1113.56,0.661,351000,0
M0107208,C0107208,2023-04-26,669000,643000,6.182,30,320,4089.61,0.649,990000,0
M0107209,C0107209,2023-01-26,352000,337000,5.221,30,317,1937.44,0.701,481000,0
M0107210,C0107210,2022-12-09,272000,260000,5.51,30,315,1546.09,0.65,400000,0
M0107211,C0107211,2020-07-03,250000,232000,5.062,30,286,1351.54,0.478,485000,0
M0107212,C0107212,2022-01-03,938000,887000,4.71,30,304,4870.46,0.593,1495000,0
M0107213,C0107213,2023-04-09,199000,191000,6.244,30,319,1224.5,0.487,392000,0
M0107214,C0107214,2025-08-21,575000,568000,7.375,30,348,3971.38,0.583,974000,0
M0107215,C0107215,2023-04-28,218000,209000,4.18,30,320,1063.51,0.76,275000,0
M0107216,C0107216,2020-10-20,240000,207000,3.439,15,110,1708.54,0.573,361000,0
M0107217,C0107217,2023-02-15,315000,302000,5.242,30,318,1737.88,0.637,474000,0
M0107218,C0107218,2023-05-04,414000,398000,4.71,30,320,2149.65,0.612,650000,0
M0107219,C0107219,2021-06-01,144000,135000,6.802,30,297,938.96,0.536,252000,0
M0107220,C0107220,2019-11-15,250000,210000,6.057,15,99,2117.35,0.579,363000,0
M0107221,C0107221,2024-10-07,548000,536000,7.585,30,337,3863.64,0.629,852000,0
M0107222,C0107222,2020-01-14,547000,462000,6.686,15,101,4821.07,0.423,1093000,0
M0107223,C0107223,2023-08-26,283000,273000,5.615,30,324,1627.32,0.633,431000,0
M0107224,C0107224,2022-03-07,182000,172000,5.662,30,306,1051.95,0.581,296000,0
M0107225,C0107225,2024-02-03,365000,354000,5.93,30,329,2171.96,0.593,597000,0
M0107226,C0107226,2025-07-26,497000,490000,4.499,30,347,2517.93,0.706,694000,0
M0107227,C0107227,2023-05-16,359000,331000,5.979,15,141,3025.37,0.569,582000,0
M0107228,C0107228,2020-05-27,662000,565000,7.008,15,105,5953.2,0.603,937000,0
M0107229,C0107229,2020-03-25,286000,264000,4.805,30,283,1501.41,0.693,381000,0
M0107230,C0107230,2023-06-10,170000,164000,5.234,30,321,937.06,0.519,316000,0
M0107231,C0107231,2021-11-29,243000,229000,6.222,30,303,1491.77,0.528,434000,0
M0107232,C0107232,2021-01-26,328000,306000,7.149,30,293,2215.11,0.643,476000,0
M0107233,C0107233,2022-09-05,231000,220000,4.684,30,312,1195.83,0.705,312000,0
M0107234,C0107234,2020-10-29,253000,236000,5.769,30,290,1479.49,0.469,503000,0
M0107235,C0107235,2024-12-03,530000,519000,5.466,30,339,2997.99,0.505,1027000,0
M0107236,C0107236,2020-02-07,218000,201000,5.199,30,281,1196.93,0.605,332000,0
M0107237,C0107237,2022-03-29,168000,159000,3.455,30,307,750.18,0.546,291000,0
M0107238,C0107238,2024-10-05,491000,480000,4.681,30,337,2540.91,0.667,720000,0
M0107239,C0107239,2020-11-27,453000,422000,4.15,30,291,2202.05,0.608,694000,0
M0107240,C0107240,2020-02-16,195000,165000,5.352,15,102,1578.04,0.511,323000,0
M0107241,C0107241,2023-07-14,467000,450000,5.002,30,323,2507.53,0.664,678000,0
M0107242,C0107242,2022-11-26,186000,170000,4.192,15,135,1393.78,0.694,245000,0
M0107243,C0107243,2020-04-13,228000,211000,5.207,30,284,1252.96,0.517,408000,0
M0107244,C0107244,2022-06-19,189000,180000,7.552,30,310,1328.25,0.684,263000,0
M0107245,C0107245,2023-08-04,261000,252000,4.771,30,323,1364.81,0.655,385000,0
M0107246,C0107246,2021-11-07,435000,410000,5.074,30,302,2354.89,0.479,856000,0
M0107247,C0107247,2024-09-25,375000,358000,5.251,15,157,3014.74,0.561,638000,0
M0107248,C0107248,2023-08-26,218000,210000,4.699,30,324,1130.5,0.677,310000,0
M0107249,C0107249,2020-09-25,360000,335000,3.765,30,289,1670.28,0.636,527000,0
M0107250,C0107250,2025-02-18,397000,390000,7.49,30,342,2773.16,0.693,563000,0
M0107251,C0107251,2022-04-22,528000,501000,3.486,30,308,2366.83,0.499,1004000,0
M0107252,C0107252,2021-08-11,392000,369000,3.614,30,299,1785.3,0.509,725000,0
M0107253,C0107253,2022-08-07,474000,451000,6.324,30,311,2941.35,0.573,787000,0
M0107254,C0107254,2023-05-12,339000,326000,3.246,30,320,1474.61,0.713,457000,0
M0107255,C0107255,2020-02-23,218000,201000,6.348,30,282,1356.19,0.511,393000,0
M0107256,C0107256,2020-11-06,355000,331000,6.447,30,290,2231.48,0.494,670000,0
M0107257,C0107257,2020-10-01,602000,560000,4.618,30,289,3092.6,0.565,991000,0
M0107258,C0107258,2025-02-11,618000,607000,5.546,30,342,3526.79,0.698,870000,0
M0107259,C0107259,2019-09-29,90000,83000,5.444,30,277,507.85,0.522,159000,0
M0107260,C0107260,2022-09-01,449000,428000,4.614,30,312,2305.53,0.638,671000,0
M0107261,C0107261,2021-07-20,256000,225000,4.823,15,119,2000.91,0.454,496000,0
M0107262,C0107262,2023-06-07,400000,385000,5.327,30,321,2227.93,0.514,749000,0
M0107263,C0107263,2022-03-22,166000,149000,4.986,15,127,1311.51,0.578,258000,0
M0107264,C0107264,2021-06-09,264000,232000,6.133,15,117,2246.8,0.686,338000,0
M0107265,C0107265,2022-06-19,147000,140000,5.335,30,310,819.5,0.486,288000,0
M0107266,C0107266,2022-04-11,264000,250000,5.996,30,307,1582.13,0.482,519000,0
M0107267,C0107267,2023-07-25,444000,428000,5.073,30,323,2403.34,0.597,717000,0
M0107268,C0107268,2019-10-01,409000,376000,6.204,30,277,2506.06,0.733,513000,0
M0107269,C0107269,2024-08-11,958000,935000,6.472,30,335,6037.58,0.545,1717000,0
M0107270,C0107270,2023-06-16,253000,243000,3.322,30,322,1111.09,0.657,370000,0
M0107271,C0107271,2020-09-30,211000,196000,5.916,30,289,1253.68,0.513,382000,0
M0107272,C0107272,2022-11-06,655000,626000,4.736,30,314,3411.26,0.752,833000,0
M0107273,C0107273,2025-08-28,139000,136000,5.017,15,168,1100.43,0.571,238000,0
M0107274,C0107274,2025-02-01,361000,354000,5.844,30,341,2128.3,0.501,706000,0
M0107275,C0107275,2020-05-16,421000,359000,5.635,15,105,3470.16,0.52,690000,0
M0107276,C0107276,2019-10-02,103000,95000,5.243,30,277,568.32,0.47,202000,0
M0107277,C0107277,2024-02-15,190000,184000,6.227,30,330,1167.02,0.541,340000,0
M0107278,C0107278,2024-06-07,166000,157000,5.697,15,153,1373.77,0.557,282000,0
M0107279,C0107279,2024-04-05,497000,483000,4.666,30,331,2567.48,0.515,937000,0
M0107280,C0107280,2020-03-18,238000,220000,6.709,30,283,1537.18,0.476,462000,0
M0107281,C0107281,2025-08-27,288000,285000,6.671,30,348,1852.86,0.523,545000,0
M0107282,C0107282,2025-02-11,146000,143000,5.515,30,342,830.35,0.505,283000,0
M0107283,C0107283,2023-07-16,219000,211000,4.886,30,323,1160.43,0.743,284000,0
M0107284,C0107284,2019-10-30,221000,203000,4.651,30,278,1139.69,0.653,311000,0
M0107285,C0107285,2025-03-01,294000,289000,7.34,30,342,2023.58,0.678,426000,0
M0107286,C0107286,2023-09-14,281000,271000,5.297,30,325,1559.88,0.489,554000,0
M0107287,C0107287,2024-08-03,684000,667000,5.66,30,335,3952.62,0.504,1323000,1
M0107288,C0107288,2023-09-23,463000,447000,5.964,30,325,2765.21,0.52,860000,0
M0107289,C0107289,2021-07-27,135000,127000,2.8,30,299,554.71,0.51,249000,0
M0107290,C0107290,2024-07-01,545000,531000,4.493,30,334,2759.17,0.615,864000,0
M0107291,C0107291,2023-03-17,509000,488000,7.922,30,319,3707.22,0.724,674000,0
M0107292,C0107292,2024-09-22,339000,331000,2.8,30,337,1392.93,0.558,593000,0
M0107293,C0107293,2025-08-19,537000,530000,3.854,30,348,2518.73,0.601,882000,0
M0107294,C0107294,2022-09-13,598000,570000,5.006,30,313,3212.39,0.614,929000,1
M0107295,C0107295,2023-10-19,257000,248000,4.409,30,326,1288.32,0.634,391000,0
M0107296,C0107296,2021-03-27,178000,167000,4.674,30,295,920.4,0.684,244000,0
M0107297,C0107297,2025-08-29,435000,430000,4.229,30,348,2134.59,0.636,676000,0
M0107298,C0107298,2025-05-25,218000,215000,5.311,30,345,1212.05,0.508,423000,0
M0107299,C0107299,2020-03-17,374000,346000,5.893,30,283,2216.66,0.662,523000,0
M0107300,C0107300,2023-02-08,195000,187000,5.941,30,317,1161.74,0.565,331000,0
M0107301,C0107301,2020-07-15,533000,495000,4.596,30,287,2731.12,0.54,916000,0
M0107302,C0107302,2025-01-21,224000,220000,6.57,30,341,1426.16,0.64,344000,0
M0107303,C0107303,2023-07-31,295000,284000,5.657,30,323,1704.15,0.664,428000,0
M0107304,C0107304,2021-07-10,286000,269000,6.678,30,298,1841.32,0.688,391000,0
M0107305,C0107305,2024-04-03,161000,156000,5.817,30,331,946.42,0.622,251000,0
M0107306,C0107306,2024-05-15,562000,547000,5.212,30,333,3090.17,0.598,915000,0
M0107307,C0107307,2025-01-20,623000,599000,5.239,15,161,5004.56,0.753,796000,0
M0107308,C0107308,2023-08-11,305000,294000,5.888,30,323,1806.73,0.496,593000,1
M0107309,C0107309,2021-06-20,224000,210000,6.889,30,298,1473.62,0.75,280000,0
M0107310,C0107310,2023-12-09,292000,283000,5.638,30,327,1683.31,0.753,376000,0
M0107311,C0107311,2024-12-22,254000,249000,5.73,30,340,1479.05,0.56,445000,0
M0107312,C0107312,2021-12-12,324000,306000,6.122,30,304,1968.03,0.513,597000,0
M0107313,C0107313,2021-09-06,280000,264000,3.547,30,300,1264.68,0.592,446000,0
M0107314,C0107314,2023-04-01,208000,191000,3.927,15,139,1530.95,0.616,310000,0
M0107315,C0107315,2024-02-24,577000,560000,5.74,30,330,3363.55,0.543,1031000,0
M0107316,C0107316,2021-04-23,294000,276000,4.448,30,296,1480.58,0.494,559000,0
M0107317,C0107317,2021-04-28,861000,807000,5.209,30,296,4732.63,0.631,1279000,0
M0107318,C0107318,2022-02-06,345000,327000,5.485,30,305,1955.63,0.554,590000,0
M0107319,C0107319,2023-05-04,268000,247000,8.0,15,140,2561.15,0.479,516000,0
M0107320,C0107320,2022-09-02,285000,272000,5.306,30,312,1583.68,0.546,498000,1
M0107321,C0107321,2024-11-16,273000,267000,3.174,30,339,1176.76,0.746,358000,0
M0107322,C0107322,2025-09-05,311000,307000,5.724,30,348,1809.78,0.721,426000,0
M0107323,C0107323,2024-01-13,367000,356000,6.619,30,329,2348.49,0.524,680000,0
M0107324,C0107324,2022-08-01,187000,178000,6.086,30,311,1131.52,0.591,301000,0
M0107325,C0107325,2021-07-23,197000,185000,6.011,30,299,1182.51,0.658,281000,0
M0107326,C0107326,2024-04-09,484000,470000,4.69,30,331,2507.3,0.74,635000,0
M0107327,C0107327,2021-08-03,424000,399000,5.038,30,299,2285.98,0.719,555000,0
M0107328,C0107328,2023-11-08,149000,139000,4.566,15,146,1144.87,0.57,244000,0
M0107329,C0107329,2022-02-12,426000,380000,4.692,15,126,3300.83,0.495,768000,0
M0107330,C0107330,2025-01-14,499000,489000,5.271,30,341,2761.99,0.628,779000,0
M0107331,C0107331,2023-10-05,372000,347000,6.512,15,145,3242.97,0.602,576000,0
M0107332,C0107332,2024-07-17,143000,136000,8.0,15,155,1366.58,0.76,179000,1
M0107333,C0107333,2021-11-20,168000,159000,5.661,30,303,970.92,0.621,256000,0
M0107334,C0107334,2021-06-11,320000,300000,6.095,30,297,1938.15,0.674,445000,0
M0107335,C0107335,2025-06-11,840000,828000,2.847,30,345,3472.54,0.637,1300000,0
M0107336,C0107336,2023-04-25,250000,240000,5.016,30,320,1344.5,0.748,321000,0
M0107337,C0107337,2022-01-27,444000,396000,7.185,15,125,4036.86,0.535,740000,0
M0107338,C0107338,2021-04-06,238000,208000,5.603,15,115,1957.69,0.519,401000,0
M0107339,C0107339,2021-01-04,767000,665000,5.385,15,112,6220.32,0.461,1444000,0
M0107340,C0107340,2021-01-28,335000,313000,8.0,30,293,2458.11,0.679,461000,0
M0107341,C0107341,2024-11-13,179000,175000,6.809,30,339,1168.02,0.574,305000,0
M0107342,C0107342,2021-11-24,218000,194000,6.349,15,123,1880.96,0.472,411000,0
M0107343,C0107343,2020-10-19,209000,195000,5.43,30,290,1177.52,0.481,405000,0
M0107344,C0107344,2022-05-11,347000,329000,5.799,30,308,2035.81,0.687,479000,0
M0107345,C0107345,2020-04-09,231000,214000,7.852,30,283,1671.22,0.538,398000,0
M0107346,C0107346,2020-10-13,256000,238000,7.956,30,290,1870.59,0.682,349000,0
M0107347,C0107347,2019-12-12,867000,799000,4.909,30,280,4606.14,0.66,1210000,0
M0107348,C0107348,2020-01-04,244000,225000,3.714,30,280,1125.02,0.516,436000,0
M0107349,C0107349,2025-07-08,358000,353000,5.554,30,346,2044.83,0.525,673000,0
M0107350,C0107350,2023-04-25,286000,275000,6.34,30,320,1777.73,0.632,435000,0
M0107351,C0107351,2020-04-29,320000,296000,7.487,30,284,2234.64,0.501,591000,0
M0107352,C0107352,2025-03-18,457000,449000,5.384,30,343,2561.63,0.557,806000,0
M0107353,C0107353,2025-04-26,109000,107000,5.116,30,344,592.89,0.645,166000,0
M0107354,C0107354,2024-01-04,353000,342000,6.723,30,328,2283.22,0.664,515000,0
M0107355,C0107355,2023-06-04,272000,262000,4.485,30,321,1375.76,0.536,489000,0
M0107356,C0107356,2021-12-22,358000,338000,5.239,30,304,1974.45,0.502,673000,0
M0107357,C0107357,2022-05-30,296000,281000,5.506,30,309,1681.77,0.721,390000,0
M0107358,C0107358,2021-04-17,297000,278000,5.421,30,296,1671.64,0.584,476000,0
M0107359,C0107359,2024-05-14,380000,370000,6.907,30,333,2504.46,0.669,553000,0
M0107360,C0107360,2022-10-23,249000,238000,6.089,30,314,1507.16,0.717,332000,0
M0107361,C0107361,2023-08-19,876000,813000,4.906,15,144,6884.53,0.669,1215000,0
M0107362,C0107362,2020-04-17,203000,188000,5.241,30,284,1119.84,0.499,377000,0
M0107363,C0107363,2020-04-02,673000,622000,8.0,30,283,4938.24,0.524,1186000,0
M0107364,C0107364,2020-10-04,176000,164000,3.912,30,289,831.35,0.471,348000,0
M0107365,C0107365,2024-08-24,287000,280000,3.434,30,336,1278.21,0.651,430000,0
M0107366,C0107366,2025-02-20,383000,376000,4.135,30,342,1858.43,0.507,741000,0
M0107367,C0107367,2022-06-20,206000,186000,5.834,15,130,1719.92,0.686,271000,0
M0107368,C0107368,2021-06-15,199000,187000,6.751,30,298,1290.84,0.493,379000,0
M0107369,C0107369,2020-09-26,285000,265000,5.373,30,289,1595.56,0.722,367000,0
M0107370,C0107370,2020-12-02,513000,478000,4.88,30,291,2716.4,0.673,710000,0
M0107371,C0107371,2024-04-01,341000,331000,4.692,30,331,1766.92,0.524,632000,0
M0107372,C0107372,2023-08-21,845000,815000,3.594,30,324,3838.9,0.494,1649000,0
M0107373,C0107373,2020-02-03,435000,368000,7.259,15,101,3973.16,0.499,737000,0
M0107374,C0107374,2021-06-14,261000,245000,5.277,30,298,1445.62,0.495,495000,0
M0107375,C0107375,2019-10-27,85000,78000,5.745,30,278,495.77,0.684,114000,0
M0107376,C0107376,2024-05-21,151000,147000,6.438,30,333,948.27,0.512,287000,0
M0107377,C0107377,2024-02-07,287000,278000,7.026,30,329,1914.43,0.662,420000,0
M0107378,C0107378,2021-10-07,150000,141000,5.252,30,301,828.49,0.481,293000,0
M0107379,C0107379,2022-11-11,298000,285000,4.497,30,315,1509.39,0.609,468000,0
M0107380,C0107380,2019-11-01,366000,337000,5.476,30,278,2072.6,0.501,672000,0
M0107381,C0107381,2025-08-18,283000,279000,5.355,30,348,1581.19,0.556,502000,0
M0107382,C0107382,2021-12-18,286000,270000,4.886,30,304,1515.45,0.748,361000,0
M0107383,C0107383,2019-12-08,872000,803000,4.112,30,279,4219.56,0.652,1231000,0
M0107384,C0107384,2022-07-04,339000,322000,5.928,30,310,2016.81,0.567,568000,0
M0107385,C0107385,2024-11-15,306000,300000,6.958,30,339,2027.2,0.691,434000,0
M0107386,C0107386,2025-05-01,199000,196000,7.427,30,344,1381.5,0.534,367000,0
M0107387,C0107387,2023-02-18,327000,313000,4.668,30,318,1689.66,0.513,610000,0
M0107388,C0107388,2021-02-16,258000,224000,7.435,15,114,2382.17,0.685,327000,0
M0107389,C0107389,2021-08-30,807000,760000,4.289,30,300,3988.4,0.553,1374000,0
M0107390,C0107390,2025-01-27,436000,420000,5.664,15,161,3600.54,0.483,869000,0
M0107391,C0107391,2021-10-18,667000,629000,6.65,30,302,4281.91,0.572,1100000,0
M0107392,C0107392,2020-03-29,364000,337000,6.108,30,283,2207.7,0.491,686000,0
M0107393,C0107393,2021-10-13,611000,576000,7.053,30,302,4086.77,0.707,815000,0
M0107394,C0107394,2024-02-23,199000,193000,4.373,30,330,993.34,0.539,358000,0
M0107395,C0107395,2025-08-05,371000,366000,5.299,30,347,2059.95,0.702,521000,0
M0107396,C0107396,2022-04-26,212000,201000,5.277,30,308,1174.22,0.648,310000,0
M0107397,C0107397,2021-04-18,263000,246000,6.753,30,296,1706.34,0.576,427000,0
M0107398,C0107398,2020-06-18,335000,286000,5.245,15,106,2692.11,0.437,655000,0
M0107399,C0107399,2021-03-23,203000,190000,5.757,30,295,1185.56,0.532,357000,0
M0107400,C0107400,2022-11-26,158000,151000,5.216,30,315,869.16,0.492,307000,0
M0107401,C0107401,2022-06-05,536000,509000,5.898,30,309,3178.53,0.526,967000,0
M0107402,C0107402,2024-07-09,141000,137000,4.674,30,334,729.08,0.535,256000,0
M0107403,C0107403,2021-04-24,763000,715000,4.269,30,296,3761.99,0.495,1444000,0
M0107404,C0107404,2021-09-28,218000,205000,4.951,30,301,1163.75,0.629,326000,0
M0107405,C0107405,2025-09-10,435000,430000,4.49,30,348,2201.5,0.536,802000,0
M0107406,C0107406,2023-11-11,448000,433000,5.277,30,326,2481.37,0.514,843000,0
M0107407,C0107407,2024-09-12,189000,185000,6.36,30,337,1177.26,0.543,341000,0
M0107408,C0107408,2019-11-10,413000,380000,4.029,30,278,1978.64,0.522,728000,0
M0107409,C0107409,2025-04-02,357000,351000,5.045,30,343,1926.28,0.706,497000,0
M0107410,C0107410,2022-08-02,449000,427000,7.887,30,311,3259.3,0.483,884000,0
M0107411,C0107411,2023-10-27,600000,580000,3.526,30,326,2702.98,0.661,878000,0
M0107412,C0107412,2020-02-22,492000,454000,4.271,30,282,2426.4,0.591,768000,0
M0107413,C0107413,2024-06-23,212000,207000,5.832,30,334,1248.24,0.75,276000,0
M0107414,C0107414,2020-01-08,306000,282000,3.736,30,280,1414.7,0.729,387000,0
M0107415,C0107415,2024-07-31,217000,212000,5.356,30,335,1212.57,0.709,299000,0
M0107416,C0107416,2025-06-14,246000,242000,7.34,30,346,1693.2,0.573,422000,0
M0107417,C0107417,2023-03-08,418000,401000,4.812,30,318,2196.13,0.652,615000,0
M0107418,C0107418,2022-09-18,444000,423000,4.515,30,313,2253.64,0.499,848000,1
M0107419,C0107419,2021-12-16,438000,414000,3.709,30,304,2018.27,0.747,554000,0
M0107420,C0107420,2022-07-21,378000,360000,4.531,30,311,1922.24,0.682,528000,0
M0107421,C0107421,2022-06-09,409000,389000,5.236,30,309,2254.97,0.726,536000,0
M0107422,C0107422,2023-11-08,261000,252000,7.848,30,326,1887.54,0.728,346000,0
M0107423,C0107423,2020-09-05,644000,599000,5.295,30,288,3574.16,0.651,920000,0
M0107424,C0107424,2022-06-02,458000,412000,5.347,15,129,3705.16,0.474,870000,0
M0107425,C0107425,2023-05-03,324000,311000,5.446,30,320,1828.67,0.507,613000,0
M0107426,C0107426,2025-03-25,576000,566000,4.54,30,343,2932.21,0.657,861000,0
M0107427,C0107427,2023-04-03,253000,243000,2.904,30,319,1053.6,0.734,331000,0
M0107428,C0107428,2023-01-20,348000,333000,7.087,30,317,2335.62,0.543,613000,0
M0107429,C0107429,2025-08-19,513000,507000,6.164,30,348,3129.99,0.558,909000,0
M0107430,C0107430,2020-11-09,178000,166000,6.721,30,290,1151.08,0.48,346000,0
M0107431,C0107431,2021-02-20,996000,931000,5.758,30,294,5817.45,0.482,1932000,0
M0107432,C0107432,2024-04-13,244000,237000,6.775,30,332,1586.64,0.673,352000,0
M0107433,C0107433,2022-02-01,261000,247000,3.802,30,305,1216.45,0.495,499000,0
M0107434,C0107434,2024-11-16,331000,324000,5.556,30,339,1891.03,0.593,546000,0
M0107435,C0107435,2024-12-10,474000,464000,6.068,30,339,2862.63,0.505,918000,0
M0107436,C0107436,2021-09-02,498000,469000,6.95,30,300,3296.5,0.536,875000,0
M0107437,C0107437,2024-07-19,694000,677000,5.958,30,335,4142.16,0.61,1109000,0
M0107438,C0107438,2020-03-03,317000,293000,5.959,30,282,1892.23,0.549,534000,0
M0107439,C0107439,2024-09-02,387000,378000,5.749,30,336,2258.18,0.685,552000,0
M0107440,C0107440,2021-10-19,152000,143000,3.874,30,302,714.67,0.561,255000,0
M0107441,C0107441,2023-04-03,192000,184000,4.847,30,319,1012.82,0.659,279000,0
M0107442,C0107442,2025-03-30,313000,308000,4.945,30,343,1669.75,0.622,495000,0
M0107443,C0107443,2025-06-20,392000,386000,6.416,30,346,2456.09,0.669,577000,0
M0107444,C0107444,2024-11-11,320000,313000,6.065,30,339,1931.95,0.619,506000,0
M0107445,C0107445,2021-01-10,426000,398000,7.157,30,292,2879.25,0.493,807000,0
M0107446,C0107446,2019-10-03,319000,293000,6.037,30,277,1920.16,0.549,534000,0
M0107447,C0107447,2023-10-16,292000,282000,5.265,30,326,1615.15,0.75,376000,0
M0107448,C0107448,2024-02-01,1088000,1055000,6.911,30,329,7173.58,0.547,1929000,0
M0107449,C0107449,2020-03-10,287000,265000,4.131,30,282,1391.95,0.529,501000,0
M0107450,C0107450,2023-04-02,544000,522000,5.18,30,319,2980.45,0.728,717000,0
M0107451,C0107451,2024-01-26,171000,166000,4.458,30,329,862.17,0.654,254000,1
M0107452,C0107452,2022-05-18,349000,314000,4.267,15,129,2628.46,0.624,503000,0
M0107453,C0107453,2023-07-02,234000,225000,4.305,30,322,1158.69,0.603,373000,0
M0107454,C0107454,2023-11-23,882000,853000,4.772,30,327,4612.63,0.63,1355000,0
M0107455,C0107455,2020-03-05,248000,229000,5.709,30,282,1440.81,0.494,464000,0
M0107456,C0107456,2021-04-26,323000,303000,5.114,30,296,1756.51,0.608,498000,0
M0107457,C0107457,2024-09-08,217000,212000,5.786,30,336,1271.32,0.731,290000,0
M0107458,C0107458,2022-02-23,211000,200000,5.743,30,306,1230.4,0.647,309000,0
M0107459,C0107459,2020-08-16,315000,293000,2.93,30,288,1316.19,0.686,427000,0
M0107460,C0107460,2022-10-09,393000,375000,5.67,30,313,2273.51,0.639,587000,0
M0107461,C0107461,2024-10-15,556000,544000,4.675,30,338,2875.28,0.518,1050000,0
M0107462,C0107462,2022-10-13,245000,223000,3.693,15,134,1774.77,0.552,404000,0
M0107463,C0107463,2022-09-22,243000,232000,5.749,30,313,1417.93,0.629,369000,0
M0107464,C0107464,2024-06-28,623000,607000,5.57,30,334,3564.74,0.507,1198000,0
M0107465,C0107465,2020-06-15,727000,674000,5.662,30,286,4202.02,0.582,1159000,0
M0107466,C0107466,2025-06-20,314000,310000,6.263,30,346,1936.01,0.549,565000,0
M0107467,C0107467,2024-09-27,414000,405000,4.75,30,337,2159.62,0.698,580000,0
M0107468,C0107468,2025-01-20,755000,741000,4.408,30,341,3784.31,0.643,1152000,0
M0107469,C0107469,2025-06-21,1232000,1214000,5.455,30,346,6960.42,0.604,2009000,0
M0107470,C0107470,2023-12-19,404000,391000,4.992,30,328,2166.78,0.592,660000,0
M0107471,C0107471,2024-04-05,478000,464000,8.0,30,331,3507.39,0.524,885000,0
M0107472,C0107472,2020-10-29,350000,326000,5.325,30,290,1949.0,0.553,590000,0
M0107473,C0107473,2024-02-15,156000,151000,5.465,30,330,882.33,0.503,300000,0
M0107474,C0107474,2024-03-24,390000,379000,4.493,30,331,1974.45,0.501,756000,0
M0107475,C0107475,2023-04-04,651000,625000,4.308,30,319,3224.67,0.61,1025000,0
M0107476,C0107476,2025-02-28,225000,217000,3.61,15,162,1620.67,0.547,397000,0
M0107477,C0107477,2021-03-28,130000,122000,5.071,30,295,703.52,0.51,239000,0
M0107478,C0107478,2020-10-24,440000,410000,5.199,30,290,2415.82,0.612,670000,0
M0107479,C0107479,2025-05-30,136000,132000,6.629,15,165,1194.37,0.663,199000,0
M0107480,C0107480,2021-11-19,149000,141000,5.143,30,303,812.94,0.496,284000,0
M0107481,C0107481,2022-04-08,145000,130000,4.968,15,127,1144.24,0.528,246000,0
M0107482,C0107482,2019-11-05,120000,110000,5.67,30,278,694.2,0.659,167000,0
M0107483,C0107483,2021-05-07,556000,487000,5.287,15,116,4480.38,0.52,936000,0
M0107484,C0107484,2020-04-07,351000,325000,6.453,30,283,2207.72,0.654,497000,0
M0107485,C0107485,2020-11-09,917000,855000,6.976,30,290,6086.05,0.584,1465000,0
M0107486,C0107486,2022-01-13,473000,447000,5.352,30,305,2641.89,0.537,832000,0
M0107487,C0107487,2019-11-26,919000,773000,4.322,15,99,6946.97,0.449,1721000,0
M0107488,C0107488,2022-01-08,238000,225000,5.23,30,304,1311.3,0.61,369000,0
M0107489,C0107489,2020-09-30,393000,366000,5.622,30,289,2261.59,0.704,520000,0
M0107490,C0107490,2023-01-10,173000,166000,3.904,30,316,816.38,0.524,317000,0
M0107491,C0107491,2025-01-28,285000,280000,5.068,30,341,1541.81,0.562,498000,0
M0107492,C0107492,2021-09-24,672000,633000,3.74,30,301,3108.32,0.549,1153000,0
M0107493,C0107493,2024-08-23,321000,313000,5.848,30,336,1893.3,0.658,476000,0
M0107494,C0107494,2022-08-26,291000,264000,4.17,15,132,2177.37,0.708,373000,1
M0107495,C0107495,2021-05-17,324000,284000,5.031,15,117,2567.41,0.516,550000,0
M0107496,C0107496,2020-06-16,352000,326000,5.219,30,286,1937.0,0.505,645000,0
M0107497,C0107497,2024-06-05,352000,343000,3.973,30,333,1675.03,0.66,520000,0
M0107498,C0107498,2020-04-27,638000,591000,5.438,30,284,3597.71,0.525,1125000,0
M0107499,C0107499,2024-03-20,229000,222000,4.203,30,331,1120.25,0.721,308000,0
M0107500,C0107500,2020-12-26,296000,276000,7.027,30,292,1974.67,0.519,532000,0
M0107501,C0107501,2020-08-09,344000,320000,6.861,30,287,2256.62,0.492,650000,0
M0107502,C0107502,2021-10-05,209000,197000,6.692,30,301,1347.52,0.612,322000,0
M0107503,C0107503,2022-12-06,262000,250000,5.561,30,315,1497.65,0.706,354000,0
M0107504,C0107504,2022-03-07,481000,456000,5.773,30,306,2814.02,0.588,776000,0
M0107505,C0107505,2023-04-26,217000,208000,5.206,30,320,1192.38,0.568,366000,0
M0107506,C0107506,2025-01-20,1312000,1262000,5.991,15,161,11065.02,0.719,1754000,0
M0107507,C0107507,2022-11-19,743000,710000,7.202,30,315,5044.4,0.685,1037000,0
M0107508,C0107508,2025-07-28,358000,353000,4.324,30,347,1776.69,0.759,465000,0
M0107509,C0107509,2024-02-27,437000,424000,5.886,30,330,2588.09,0.515,824000,0
M0107510,C0107510,2019-10-03,482000,443000,3.517,30,277,2168.97,0.599,740000,0
M0107511,C0107511,2025-03-04,434000,426000,4.948,30,342,2316.03,0.588,724000,0
M0107512,C0107512,2025-05-11,344000,333000,5.333,15,164,2780.38,0.548,608000,0
M0107513,C0107513,2019-11-02,1297000,1193000,5.751,30,278,7569.76,0.639,1868000,0
M0107514,C0107514,2021-05-07,229000,215000,6.146,30,296,1394.54,0.514,418000,0
M0107515,C0107515,2023-12-12,270000,261000,6.842,30,328,1767.76,0.704,371000,0
M0107516,C0107516,2025-01-09,340000,333000,3.861,30,340,1596.08,0.492,677000,0
M0107517,C0107517,2022-08-17,452000,409000,6.358,15,132,3902.21,0.565,724000,0
M0107518,C0107518,2020-01-15,896000,826000,7.386,30,281,6195.17,0.569,1452000,0
M0107519,C0107519,2025-05-06,327000,317000,4.991,15,164,2584.36,0.582,545000,0
M0107520,C0107520,2019-09-18,438000,402000,4.853,30,277,2312.09,0.625,643000,0
M0107521,C0107521,2024-10-20,397000,388000,5.632,30,338,2287.11,0.614,632000,0
M0107522,C0107522,2019-11-10,314000,289000,5.334,30,278,1750.29,0.719,402000,0
M0107523,C0107523,2025-01-31,610000,587000,5.26,15,161,4906.86,0.513,1145000,0
M0107524,C0107524,2024-02-12,406000,394000,7.078,30,330,2722.43,0.496,794000,0
M0107525,C0107525,2025-05-23,537000,529000,8.0,30,345,3940.32,0.644,822000,0
M0107526,C0107526,2023-01-12,283000,271000,5.142,30,317,1543.86,0.508,533000,0
M0107527,C0107527,2021-10-17,250000,236000,8.0,30,302,1834.41,0.544,434000,0
M0107528,C0107528,2024-11-13,276000,270000,5.109,30,339,1500.07,0.663,407000,0
M0107529,C0107529,2025-08-05,381000,371000,6.332,15,167,3283.83,0.688,539000,0
M0107530,C0107530,2024-11-25,573000,561000,4.349,30,339,2852.12,0.584,960000,0
M0107531,C0107531,2022-12-16,935000,894000,4.528,30,316,4753.08,0.66,1355000,0
M0107532,C0107532,2022-08-14,358000,341000,5.142,30,312,1953.01,0.54,631000,0
M0107533,C0107533,2021-09-16,832000,735000,6.414,15,121,7208.34,0.611,1203000,0
M0107534,C0107534,2020-01-11,448000,413000,5.728,30,281,2608.15,0.487,848000,0
M0107535,C0107535,2023-07-09,235000,226000,3.691,30,322,1080.47,0.506,447000,0
M0107536,C0107536,2022-03-07,348000,330000,4.033,30,306,1668.03,0.586,563000,0
M0107537,C0107537,2024-10-18,481000,470000,3.599,30,338,2186.57,0.579,812000,0
M0107538,C0107538,2023-08-25,500000,482000,5.849,30,324,2949.39,0.634,760000,0
M0107539,C0107539,2024-05-10,258000,251000,5.662,30,332,1491.23,0.51,492000,0
M0107540,C0107540,2024-07-26,274000,260000,5.641,15,155,2259.36,0.495,525000,0
M0107541,C0107541,2024-10-10,277000,271000,5.629,30,337,1595.27,0.571,475000,0
M0107542,C0107542,2025-06-07,297000,293000,4.665,30,345,1534.11,0.736,398000,0
M0107543,C0107543,2023-12-05,382000,370000,5.685,30,327,2213.5,0.592,625000,1
M0107544,C0107544,2025-05-17,842000,829000,7.076,30,345,5644.89,0.557,1487000,0
M0107545,C0107545,2023-07-24,266000,256000,6.125,30,323,1616.24,0.493,519000,0
M0107546,C0107546,2025-04-29,144000,142000,4.212,30,344,705.19,0.505,281000,0
M0107547,C0107547,2023-04-27,140000,134000,5.131,30,320,762.8,0.521,257000,0
M0107548,C0107548,2020-11-02,493000,459000,4.808,30,290,2588.98,0.739,621000,0
M0107549,C0107549,2024-05-11,250000,243000,6.469,30,332,1575.08,0.625,389000,0
M0107550,C0107550,2025-03-14,375000,368000,4.336,30,343,1863.7,0.503,731000,0
M0107551,C0107551,2024-04-17,230000,217000,5.699,15,152,1903.67,0.616,352000,0
M0107552,C0107552,2023-02-21,304000,291000,5.121,30,318,1654.49,0.562,518000,0
M0107553,C0107553,2021-11-11,279000,263000,4.643,30,303,1437.46,0.503,523000,0
M0107554,C0107554,2021-12-11,232000,219000,5.727,30,304,1350.5,0.674,325000,0
M0107555,C0107555,2025-07-23,608000,600000,5.256,30,347,3359.66,0.706,850000,0
M0107556,C0107556,2020-02-20,631000,583000,6.318,30,282,3913.13,0.475,1227000,0
M0107557,C0107557,2023-01-19,451000,432000,4.962,30,317,2410.6,0.51,847000,0
M0107558,C0107558,2023-10-21,911000,880000,4.198,30,326,4453.88,0.612,1437000,0
M0107559,C0107559,2020-02-16,170000,157000,5.272,30,282,941.06,0.477,329000,0
M0107560,C0107560,2024-08-02,295000,288000,5.775,30,335,1726.23,0.584,493000,0
M0107561,C0107561,2021-02-17,275000,257000,6.171,30,294,1679.12,0.661,389000,0
M0107562,C0107562,2019-10-17,467000,392000,5.295,15,98,3765.17,0.554,707000,0
M0107563,C0107563,2023-09-13,175000,169000,6.427,30,325,1097.73,0.518,326000,0
M0107564,C0107564,2023-02-06,458000,420000,4.025,15,137,3393.51,0.552,761000,0
M0107565,C0107565,2022-05-29,159000,151000,6.578,30,309,1013.16,0.748,202000,0
M0107566,C0107566,2020-09-21,476000,410000,6.126,15,109,4049.23,0.528,777000,0
M0107567,C0107567,2019-10-23,584000,537000,5.012,30,278,3139.32,0.73,736000,0
M0107568,C0107568,2022-04-26,186000,177000,6.653,30,308,1194.42,0.691,256000,0
M0107569,C0107569,2021-05-27,273000,239000,5.842,15,117,2280.49,0.503,475000,0
M0107570,C0107570,2020-07-22,594000,551000,6.905,30,287,3914.07,0.54,1020000,0
M0107571,C0107571,2022-02-28,657000,622000,4.645,30,306,3385.77,0.572,1088000,0
M0107572,C0107572,2020-12-27,161000,150000,4.749,30,292,839.76,0.543,276000,0
M0107573,C0107573,2022-05-06,396000,376000,6.105,30,308,2401.02,0.608,618000,0
M0107574,C0107574,2022-05-29,454000,431000,5.574,30,309,2598.88,0.756,570000,0
M0107575,C0107575,2020-05-02,326000,302000,3.916,30,284,1540.63,0.531,569000,0
M0107576,C0107576,2023-06-27,672000,622000,7.557,15,142,6251.31,0.517,1204000,0
M0107577,C0107577,2024-07-12,249000,243000,7.427,30,335,1728.61,0.584,416000,0
M0107578,C0107578,2021-05-10,266000,249000,5.711,30,296,1545.72,0.548,454000,0
M0107579,C0107579,2022-03-24,236000,224000,4.744,30,307,1230.23,0.683,328000,0
M0107580,C0107580,2022-05-02,371000,352000,4.769,30,308,1939.56,0.659,534000,0
M0107581,C0107581,2023-08-07,287000,277000,5.925,30,323,1706.9,0.583,475000,0
M0107582,C0107582,2021-05-29,507000,476000,7.08,30,297,3400.37,0.641,743000,0
M0107583,C0107583,2022-11-21,275000,263000,8.0,30,315,2017.85,0.674,390000,0
M0107584,C0107584,2021-10-06,302000,285000,5.168,30,301,1652.35,0.514,554000,0
M0107585,C0107585,2025-06-16,372000,367000,5.108,30,346,2021.6,0.576,637000,0
M0107586,C0107586,2020-02-10,222000,205000,5.318,30,281,1235.26,0.695,295000,0
M0107587,C0107587,2020-12-09,559000,484000,5.949,15,111,4701.77,0.461,1050000,0
M0107588,C0107588,2022-09-19,474000,452000,4.56,30,313,2418.62,0.578,782000,0
M0107589,C0107589,2024-08-04,467000,456000,4.001,30,335,2229.8,0.538,847000,0
M0107590,C0107590,2019-10-20,202000,186000,5.244,30,278,1114.7,0.554,336000,0
M0107591,C0107591,2022-04-28,729000,655000,5.841,15,128,6089.27,0.559,1171000,1
M0107592,C0107592,2022-12-03,133000,127000,7.386,30,315,919.6,0.536,237000,0
M0107593,C0107593,2020-02-28,488000,414000,4.313,15,102,3686.7,0.529,783000,0
M0107594,C0107594,2020-04-05,361000,334000,6.742,30,283,2339.52,0.534,625000,0
M0107595,C0107595,2024-02-26,470000,456000,5.388,30,330,2635.68,0.579,788000,0
M0107596,C0107596,2021-08-30,302000,267000,5.232,15,120,2424.85,0.494,540000,0
M0107597,C0107597,2023-09-25,351000,339000,3.793,30,325,1634.11,0.526,645000,0
M0107598,C0107598,2025-06-20,478000,471000,5.931,30,346,2844.68,0.553,851000,0
M0107599,C0107599,2023-04-06,337000,324000,5.802,30,319,1977.79,0.495,654000,0
M0107600,C0107600,2024-04-02,375000,364000,7.995,30,331,2750.31,0.497,733000,0
M0107601,C0107601,2022-06-08,381000,362000,5.216,30,309,2095.88,0.714,507000,0
M0107602,C0107602,2023-01-14,1010000,967000,7.209,30,317,6861.92,0.561,1725000,0
M0107603,C0107603,2024-04-26,152000,144000,5.165,15,152,1215.11,0.562,256000,0
M0107604,C0107604,2022-12-19,645000,617000,5.124,30,316,3511.54,0.744,829000,1
M0107605,C0107605,2021-04-08,423000,396000,3.652,30,295,1935.53,0.608,651000,0
M0107606,C0107606,2021-12-24,397000,375000,6.765,30,304,2578.89,0.652,575000,0
M0107607,C0107607,2021-12-02,178000,168000,5.652,30,303,1027.7,0.602,279000,0
M0107608,C0107608,2024-12-07,600000,588000,5.495,30,339,3404.85,0.536,1097000,0
M0107609,C0107609,2025-02-19,191000,188000,5.181,30,342,1046.56,0.671,280000,0
M0107610,C0107610,2021-11-21,704000,665000,5.759,30,303,4112.38,0.486,1368000,0
M0107611,C0107611,2022-08-22,257000,245000,4.718,30,312,1335.68,0.499,491000,0
M0107612,C0107612,2021-12-04,704000,626000,5.995,15,123,5938.85,0.516,1214000,0
M0107613,C0107613,2023-07-17,236000,227000,4.45,30,323,1188.78,0.483,470000,0
M0107614,C0107614,2025-01-19,211000,207000,5.353,30,341,1178.65,0.778,266000,0
M0107615,C0107615,2023-08-06,321000,309000,6.047,30,323,1934.27,0.636,486000,0
M0107616,C0107616,2021-10-30,232000,206000,7.048,15,122,2091.51,0.619,333000,0
M0107617,C0107617,2019-10-21,299000,275000,5.731,30,278,1741.28,0.677,406000,0
M0107618,C0107618,2022-04-11,782000,701000,6.926,15,127,6996.52,0.491,1428000,0
M0107619,C0107619,2023-04-08,255000,245000,5.486,30,319,1445.62,0.589,416000,0
M0107620,C0107620,2023-07-07,367000,353000,4.471,30,322,1853.22,0.495,713000,0
M0107621,C0107621,2025-07-21,746000,736000,7.79,30,347,5365.07,0.638,1154000,0
M0107622,C0107622,2024-07-09,379000,369000,5.373,30,334,2121.82,0.495,746000,0
M0107623,C0107623,2023-07-27,591000,569000,6.541,30,323,3751.47,0.557,1022000,0
M0107624,C0107624,2022-01-06,445000,421000,4.817,30,304,2339.34,0.62,679000,0
M0107625,C0107625,2022-02-06,555000,525000,6.073,30,305,3353.6,0.545,964000,0
M0107626,C0107626,2023-09-16,325000,314000,5.879,30,325,1923.33,0.504,623000,0
M0107627,C0107627,2022-07-14,450000,406000,5.5,15,131,3676.88,0.699,581000,0
M0107628,C0107628,2024-04-28,831000,785000,7.732,15,152,7813.44,0.599,1310000,1
M0107629,C0107629,2025-03-27,285000,280000,5.972,30,343,1703.59,0.761,368000,0
M0107630,C0107630,2023-12-13,415000,402000,5.092,30,328,2251.2,0.564,713000,0
M0107631,C0107631,2024-09-08,240000,229000,7.231,15,156,2188.3,0.758,302000,0
M0107632,C0107632,2022-06-28,565000,537000,3.508,30,310,2539.63,0.581,924000,0
M0107633,C0107633,2021-01-31,146000,136000,3.896,30,293,688.3,0.667,204000,0
M0107634,C0107634,2024-09-07,290000,283000,6.468,30,336,1826.9,0.699,405000,0
M0107635,C0107635,2025-08-27,556000,549000,5.749,30,348,3244.31,0.547,1004000,0
M0107636,C0107636,2025-05-13,312000,307000,4.899,30,345,1655.68,0.714,430000,0
M0107637,C0107637,2024-04-25,137000,133000,5.931,30,332,815.32,0.751,177000,0
M0107638,C0107638,2024-09-14,229000,224000,6.673,30,337,1473.59,0.635,353000,0
M0107639,C0107639,2019-10-26,239000,220000,4.338,30,278,1188.08,0.58,379000,0
M0107640,C0107640,2024-04-10,738000,717000,5.404,30,331,4145.94,0.642,1116000,0
M0107641,C0107641,2021-10-07,499000,470000,5.542,30,301,2846.43,0.575,817000,0
M0107642,C0107642,2021-07-11,525000,493000,5.837,30,298,3092.83,0.616,800000,0
M0107643,C0107643,2024-03-23,182000,177000,6.209,30,331,1115.76,0.66,268000,0
M0107644,C0107644,2024-10-27,337000,330000,3.335,30,338,1482.41,0.601,549000,0
M0107645,C0107645,2024-07-14,731000,713000,6.09,30,335,4425.1,0.766,931000,0
M0107646,C0107646,2020-06-03,526000,488000,3.401,30,285,2333.0,0.733,666000,0
M0107647,C0107647,2023-03-14,261000,250000,5.459,30,319,1475.22,0.503,497000,0
M0107648,C0107648,2025-08-26,498000,486000,4.339,15,168,3768.82,0.558,871000,0
M0107649,C0107649,2021-10-29,177000,167000,5.716,30,302,1029.1,0.625,267000,0
M0107650,C0107650,2023-02-14,219000,210000,6.232,30,318,1345.86,0.633,332000,0
M0107651,C0107651,2024-09-02,131000,128000,5.563,30,336,748.99,0.643,199000,0
M0107652,C0107652,2024-09-20,318000,303000,4.782,15,157,2478.76,0.502,604000,0
M0107653,C0107653,2021-03-18,461000,432000,4.053,30,295,2214.99,0.474,912000,0
M0107654,C0107654,2023-10-26,207000,193000,5.459,15,146,1686.86,0.633,305000,0
M0107655,C0107655,2025-06-12,321000,316000,5.052,30,346,1733.41,0.555,569000,0
M0107656,C0107656,2021-02-07,221000,207000,5.87,30,293,1306.59,0.653,317000,0
M0107657,C0107657,2024-07-14,250000,244000,5.026,30,335,1346.03,0.541,451000,0
M0107658,C0107658,2019-09-20,199000,183000,7.042,30,277,1329.57,0.468,391000,0
M0107659,C0107659,2022-02-27,625000,559000,5.551,15,126,5123.7,0.7,799000,0
M0107660,C0107660,2022-05-27,238000,226000,6.511,30,309,1506.04,0.731,309000,0
M0107661,C0107661,2021-06-18,296000,278000,4.951,30,298,1580.14,0.508,547000,0
M0107662,C0107662,2024-05-14,258000,251000,6.309,30,333,1598.46,0.612,410000,0
M0107663,C0107663,2021-08-31,393000,370000,6.186,30,300,2403.43,0.565,655000,0
M0107664,C0107664,2024-08-18,1167000,1139000,4.751,30,336,6088.33,0.633,1800000,0
M0107665,C0107665,2024-02-16,1353000,1272000,3.853,15,150,9908.6,0.729,1746000,0
M0107666,C0107666,2022-04-06,301000,270000,6.895,15,127,2687.83,0.578,467000,0
M0107667,C0107667,2023-05-21,414000,398000,5.038,30,321,2232.07,0.706,564000,1
M0107668,C0107668,2020-04-15,544000,503000,4.789,30,284,2850.56,0.619,812000,0
M0107669,C0107669,2025-06-21,630000,621000,5.17,30,346,3447.73,0.715,869000,0
M0107670,C0107670,2025-02-05,462000,453000,4.459,30,341,2329.64,0.518,874000,0
M0107671,C0107671,2025-09-10,585000,578000,6.193,30,348,3580.29,0.687,841000,0
M0107672,C0107672,2020-04-06,413000,382000,5.49,30,283,2342.38,0.548,697000,0
M0107673,C0107673,2023-03-14,245000,235000,5.558,30,319,1400.01,0.483,487000,0
M0107674,C0107674,2020-06-03,583000,540000,6.752,30,285,3782.1,0.465,1162000,0
M0107675,C0107675,2022-06-10,360000,342000,5.61,30,309,2068.95,0.545,627000,0
M0107676,C0107676,2020-07-15,398000,369000,7.233,30,287,2710.47,0.625,590000,0
M0107677,C0107677,2020-10-09,171000,159000,5.478,30,289,968.56,0.572,278000,0
M0107678,C0107678,2025-02-10,229000,225000,3.844,30,342,1072.79,0.603,373000,0
M0107679,C0107679,2019-12-04,278000,256000,4.525,30,279,1412.72,0.483,530000,0
M0107680,C0107680,2022-08-19,438000,417000,4.7,30,312,2271.63,0.533,783000,0
M0107681,C0107681,2022-02-07,826000,782000,5.624,30,305,4754.4,0.495,1579000,0
M0107682,C0107682,2024-03-29,497000,483000,7.174,30,331,3364.83,0.77,627000,0
M0107683,C0107683,2020-10-19,307000,286000,5.708,30,290,1783.39,0.47,608000,0
M0107684,C0107684,2025-03-14,205000,201000,5.249,30,343,1131.89,0.557,361000,0
M0107685,C0107685,2024-11-30,628000,615000,5.166,30,339,3435.24,0.503,1223000,0
M0107686,C0107686,2024-04-30,395000,384000,6.1,30,332,2393.68,0.527,728000,0
M0107687,C0107687,2020-10-19,80000,74000,5.957,30,290,477.43,0.521,142000,0
M0107688,C0107688,2020-10-21,567000,528000,6.377,30,290,3538.08,0.714,740000,0
M0107689,C0107689,2024-03-06,406000,394000,4.726,30,330,2112.02,0.715,551000,0
M0107690,C0107690,2022-05-29,115000,103000,7.976,15,129,1097.41,0.636,162000,0
M0107691,C0107691,2023-03-29,459000,440000,5.121,30,319,2498.07,0.592,743000,0
M0107692,C0107692,2022-05-28,351000,316000,4.801,15,129,2739.44,0.492,642000,0
M0107693,C0107693,2025-07-27,174000,172000,6.814,30,347,1135.97,0.694,248000,0
M0107694,C0107694,2023-02-02,932000,893000,6.493,30,317,5886.58,0.483,1850000,1
M0107695,C0107695,2022-11-21,419000,400000,4.792,30,315,2196.32,0.546,733000,0
M0107696,C0107696,2025-08-11,264000,261000,6.246,30,347,1624.81,0.548,476000,0
M0107697,C0107697,2021-10-16,227000,214000,5.031,30,302,1222.89,0.49,437000,0
M0107698,C0107698,2023-05-26,305000,293000,5.961,30,321,1820.99,0.587,499000,0
M0107699,C0107699,2024-03-08,310000,301000,5.758,30,330,1810.65,0.715,421000,0
M0107700,C0107700,2020-12-25,448000,418000,8.0,30,292,3287.27,0.594,704000,0
M0107701,C0107701,2020-11-06,298000,278000,7.029,30,290,1988.41,0.566,491000,0
M0107702,C0107702,2024-03-05,273000,265000,6.673,30,330,1756.72,0.491,540000,0
M0107703,C0107703,2020-02-22,364000,336000,6.342,30,282,2263.04,0.707,475000,0
M0107704,C0107704,2025-08-08,270000,267000,4.121,30,347,1307.93,0.661,404000,0
M0107705,C0107705,2022-04-11,317000,301000,5.704,30,307,1840.67,0.524,574000,0
M0107706,C0107706,2021-06-09,670000,629000,5.017,30,297,3603.67,0.528,1192000,0
M0107707,C0107707,2024-03-26,264000,256000,5.444,30,331,1489.7,0.517,495000,0
M0107708,C0107708,2023-07-02,308000,297000,5.595,30,322,1767.19,0.49,606000,0
M0107709,C0107709,2021-06-20,224000,210000,3.614,30,298,1020.17,0.56,375000,0
M0107710,C0107710,2023-07-10,570000,549000,5.188,30,322,3125.71,0.509,1078000,0
M0107711,C0107711,2023-12-06,141000,136000,5.64,30,327,813.01,0.489,278000,0
M0107712,C0107712,2021-10-23,216000,204000,6.518,30,302,1367.82,0.701,291000,0
M0107713,C0107713,2024-09-20,468000,457000,4.638,30,337,2409.82,0.578,791000,0
M0107714,C0107714,2022-05-05,304000,289000,4.631,30,308,1564.08,0.597,484000,0
M0107715,C0107715,2023-12-27,510000,494000,4.558,30,328,2601.7,0.529,933000,0
M0107716,C0107716,2023-10-14,298000,288000,5.15,30,326,1627.16,0.691,417000,0
M0107717,C0107717,2023-01-24,234000,224000,4.26,30,317,1152.51,0.506,443000,0
M0107718,C0107718,2021-04-20,308000,269000,6.96,15,116,2761.51,0.551,488000,0
M0107719,C0107719,2024-05-05,172000,167000,6.353,30,332,1070.58,0.637,262000,0
M0107720,C0107720,2021-09-01,217000,204000,8.0,30,300,1592.27,0.526,388000,0
M0107721,C0107721,2023-09-04,517000,499000,4.915,30,324,2748.57,0.644,775000,0
M0107722,C0107722,2020-05-11,288000,245000,6.447,15,104,2500.41,0.444,552000,0
M0107723,C0107723,2023-04-29,323000,310000,4.165,30,320,1572.93,0.503,616000,0
M0107724,C0107724,2023-03-09,349000,335000,7.116,30,318,2349.16,0.753,445000,0
M0107725,C0107725,2021-03-06,150000,140000,5.264,30,294,829.61,0.673,208000,0
M0107726,C0107726,2025-06-07,150000,148000,5.407,30,345,842.95,0.548,270000,0
M0107727,C0107727,2020-07-21,397000,369000,6.903,30,287,2615.44,0.562,657000,0
M0107728,C0107728,2023-09-13,267000,258000,6.836,30,325,1747.05,0.737,350000,0
M0107729,C0107729,2020-10-01,294000,274000,4.422,30,289,1476.06,0.598,458000,0
M0107730,C0107730,2023-06-25,446000,429000,5.383,30,322,2499.7,0.754,569000,0
M0107731,C0107731,2024-07-15,205000,200000,7.067,30,335,1373.11,0.676,296000,0
M0107732,C0107732,2025-01-20,247000,242000,5.095,30,341,1340.33,0.71,341000,0
M0107733,C0107733,2020-11-03,275000,256000,5.837,30,290,1620.06,0.498,514000,0
M0107734,C0107734,2025-07-19,388000,383000,6.092,30,347,2349.26,0.522,734000,0
M0107735,C0107735,2021-11-09,274000,259000,7.05,30,302,1832.14,0.506,512000,0
M0107736,C0107736,2022-01-27,239000,226000,6.235,30,305,1469.23,0.743,304000,0
M0107737,C0107737,2024-04-09,764000,721000,5.232,15,151,6134.4,0.521,1383000,0
M0107738,C0107738,2021-03-01,334000,312000,3.34,30,294,1470.14,0.548,569000,0
M0107739,C0107739,2023-06-11,455000,438000,6.274,30,321,2808.62,0.545,803000,0
M0107740,C0107740,2020-12-03,133000,115000,5.69,15,111,1100.18,0.673,171000,0
M0107741,C0107741,2023-08-17,172000,166000,7.453,30,324,1197.12,0.686,242000,0
M0107742,C0107742,2021-01-07,439000,410000,6.133,30,292,2669.68,0.663,618000,0
M0107743,C0107743,2023-02-02,291000,279000,4.877,30,317,1540.35,0.699,399000,0
M0107744,C0107744,2022-12-11,270000,258000,4.129,30,315,1309.18,0.568,454000,0
M0107745,C0107745,2020-08-18,204000,175000,5.31,15,108,1646.35,0.572,306000,0
M0107746,C0107746,2025-02-08,533000,523000,5.899,30,341,3161.08,0.616,849000,0
M0107747,C0107747,2023-03-25,455000,437000,5.615,30,319,2616.36,0.537,814000,0
M0107748,C0107748,2025-06-08,317000,308000,4.112,15,165,2362.64,0.586,526000,0
M0107749,C0107749,2025-05-15,371000,365000,2.8,30,345,1524.42,0.619,590000,0
M0107750,C0107750,2024-11-16,281000,275000,4.447,30,339,1414.95,0.506,543000,0
M0107751,C0107751,2021-04-11,233000,218000,2.817,30,295,959.49,0.541,403000,0
M0107752,C0107752,2020-12-28,253000,236000,4.42,30,292,1269.92,0.528,447000,0
M0107753,C0107753,2020-12-23,480000,448000,5.766,30,292,2806.03,0.674,665000,0
M0107754,C0107754,2019-09-30,269000,247000,7.091,30,277,1806.13,0.539,458000,0
M0107755,C0107755,2022-04-07,337000,320000,2.808,30,307,1386.15,0.58,552000,0
M0107756,C0107756,2024-07-04,264000,257000,4.372,30,334,1317.65,0.497,517000,0
M0107757,C0107757,2022-11-06,524000,500000,5.935,30,314,3119.78,0.529,946000,0
M0107758,C0107758,2022-05-17,237000,225000,5.004,30,309,1272.85,0.506,445000,0
M0107759,C0107759,2021-01-25,703000,611000,5.679,15,113,5811.09,0.498,1226000,0
M0107760,C0107760,2022-11-03,246000,235000,5.915,30,314,1461.48,0.639,368000,0
M0107761,C0107761,2025-07-25,246000,243000,5.047,30,347,1327.66,0.565,430000,0
M0107762,C0107762,2020-09-03,892000,829000,6.825,30,288,5830.03,0.47,1763000,0
M0107763,C0107763,2022-03-12,192000,182000,8.0,30,306,1408.83,0.636,286000,0
M0107764,C0107764,2025-01-18,322000,316000,4.326,30,341,1598.41,0.712,444000,0
M0107765,C0107765,2019-12-28,544000,501000,6.52,30,280,3445.61,0.621,807000,0
M0107766,C0107766,2022-12-31,151000,144000,7.819,30,316,1088.99,0.52,277000,0
M0107767,C0107767,2020-12-07,373000,348000,7.092,30,291,2504.67,0.71,490000,0
M0107768,C0107768,2021-05-01,152000,142000,4.742,30,296,792.17,0.48,296000,0
M0107769,C0107769,2024-01-17,334000,324000,5.139,30,329,1821.46,0.543,597000,0
M0107770,C0107770,2020-04-29,907000,840000,3.594,30,284,4120.58,0.543,1547000,0
M0107771,C0107771,2020-03-12,101000,93000,4.873,30,283,534.38,0.664,140000,0
M0107772,C0107772,2020-01-21,316000,267000,4.906,15,101,2483.46,0.51,524000,0
M0107773,C0107773,2024-06-25,261000,254000,6.003,30,334,1565.33,0.772,329000,0
M0107774,C0107774,2024-11-12,198000,194000,4.25,30,339,974.04,0.584,332000,0
M0107775,C0107775,2022-06-02,153000,145000,5.579,30,309,876.32,0.642,226000,0
M0107776,C0107776,2024-03-21,568000,552000,5.729,30,331,3307.12,0.588,939000,0
M0107777,C0107777,2021-12-13,362000,342000,4.988,30,304,1940.64,0.621,551000,0
M0107778,C0107778,2021-08-28,129000,121000,6.422,30,300,808.76,0.593,204000,0
M0107779,C0107779,2025-06-29,205000,202000,5.003,30,346,1100.86,0.591,342000,0
M0107780,C0107780,2021-02-15,249000,233000,5.858,30,294,1470.22,0.476,489000,0
M0107781,C0107781,2024-12-07,149000,146000,4.071,30,339,717.46,0.493,296000,0
M0107782,C0107782,2022-04-08,342000,324000,4.644,30,307,1762.25,0.554,585000,0
M0107783,C0107783,2022-06-07,372000,353000,6.556,30,309,2365.01,0.7,504000,0
M0107784,C0107784,2025-08-01,370000,365000,3.662,30,347,1695.1,0.768,475000,0
M0107785,C0107785,2024-08-11,900000,878000,6.328,30,335,5587.19,0.489,1795000,0
M0107786,C0107786,2022-06-17,205000,195000,5.14,30,310,1118.09,0.552,353000,0
M0107787,C0107787,2023-03-09,259000,238000,3.265,15,138,1821.8,0.541,440000,0
M0107788,C0107788,2022-11-07,252000,241000,5.011,30,314,1354.49,0.746,323000,0
M0107789,C0107789,2021-06-19,502000,471000,6.308,30,298,3109.86,0.48,982000,0
M0107790,C0107790,2021-07-25,476000,448000,8.0,30,299,3492.72,0.687,652000,0
M0107791,C0107791,2021-12-12,186000,176000,7.552,30,304,1307.17,0.571,308000,0
M0107792,C0107792,2021-04-13,675000,632000,4.476,30,296,3410.51,0.634,997000,0
M0107793,C0107793,2020-06-15,208000,193000,6.379,30,286,1298.19,0.603,320000,0
M0107794,C0107794,2024-06-06,502000,489000,5.007,30,333,2696.99,0.65,752000,0
M0107795,C0107795,2020-03-04,487000,450000,4.827,30,282,2563.07,0.639,704000,0
M0107796,C0107796,2022-11-17,400000,382000,6.607,30,315,2556.48,0.661,578000,0
M0107797,C0107797,2020-02-21,278000,257000,5.75,30,282,1622.33,0.704,365000,0
M0107798,C0107798,2021-11-14,281000,265000,5.754,30,303,1640.55,0.744,356000,0
M0107799,C0107799,2023-05-06,417000,401000,3.655,30,320,1908.78,0.619,648000,0
M0107800,C0107800,2025-06-07,426000,420000,4.437,30,345,2142.56,0.751,559000,0
M0107801,C0107801,2024-12-18,467000,458000,4.509,30,340,2368.72,0.65,705000,0
M0107802,C0107802,2021-12-20,467000,441000,6.064,30,304,2819.15,0.66,668000,0
M0107803,C0107803,2021-09-11,389000,366000,6.305,30,301,2409.07,0.58,631000,0
M0107804,C0107804,2024-11-16,664000,636000,7.409,15,159,6121.08,0.556,1144000,0
M0107805,C0107805,2020-03-09,243000,225000,4.465,30,282,1226.2,0.6,375000,0
M0107806,C0107806,2023-09-24,335000,312000,7.435,15,145,3093.13,0.584,534000,0
M0107807,C0107807,2021-01-31,248000,232000,5.214,30,293,1363.94,0.47,494000,0
M0107808,C0107808,2021-01-22,1112000,1039000,5.587,30,293,6374.65,0.592,1756000,0
M0107809,C0107809,2021-07-08,480000,451000,5.371,30,298,2686.67,0.601,750000,0
M0107810,C0107810,2020-03-19,544000,503000,5.779,30,283,3184.67,0.552,912000,0
M0107811,C0107811,2020-11-19,410000,354000,6.267,15,111,3519.23,0.678,522000,0
M0107812,C0107812,2024-09-17,319000,304000,6.641,15,157,2803.62,0.589,516000,0
M0107813,C0107813,2023-03-29,1246000,1196000,5.231,30,319,6865.8,0.749,1596000,0
M0107814,C0107814,2022-04-11,602000,571000,5.598,30,307,3455.2,0.651,877000,0
M0107815,C0107815,2022-09-09,279000,266000,4.498,30,312,1413.32,0.52,512000,0
M0107816,C0107816,2022-07-23,286000,272000,6.246,30,311,1760.21,0.677,402000,0
M0107817,C0107817,2024-07-01,366000,357000,5.793,30,334,2145.88,0.603,592000,0
M0107818,C0107818,2019-11-15,250000,230000,4.645,30,279,1288.34,0.519,443000,0
M0107819,C0107819,2021-09-02,275000,259000,4.132,30,300,1333.91,0.475,545000,0
M0107820,C0107820,2020-11-14,153000,132000,5.677,15,111,1264.55,0.498,265000,0
M0107821,C0107821,2023-08-11,99000,95000,6.937,30,323,654.47,0.503,189000,0
M0107822,C0107822,2021-09-18,881000,830000,7.245,30,301,6006.99,0.672,1236000,0
M0107823,C0107823,2024-02-04,254000,246000,4.077,30,329,1223.94,0.741,332000,0
M0107824,C0107824,2022-02-25,282000,267000,6.528,30,306,1787.63,0.584,457000,0
M0107825,C0107825,2024-03-12,339000,329000,6.377,30,331,2115.36,0.578,569000,0
M0107826,C0107826,2020-02-07,464000,428000,7.023,30,281,3094.17,0.618,692000,0
M0107827,C0107827,2022-08-20,483000,460000,6.023,30,312,2902.98,0.532,864000,0
M0107828,C0107828,2022-10-01,548000,523000,5.132,30,313,2986.15,0.574,911000,0
M0107829,C0107829,2022-06-17,437000,415000,6.365,30,310,2723.45,0.562,739000,0
M0107830,C0107830,2024-05-03,287000,279000,2.8,30,332,1179.27,0.505,552000,0
M0107831,C0107831,2020-09-28,617000,574000,4.409,30,289,3092.98,0.677,848000,0
M0107832,C0107832,2023-12-28,300000,291000,4.544,30,328,1527.91,0.65,448000,0
M0107833,C0107833,2020-03-15,549000,466000,4.76,15,103,4273.13,0.466,999000,0
M0107834,C0107834,2020-09-09,152000,141000,3.828,30,288,710.68,0.571,247000,0
M0107835,C0107835,2023-11-04,628000,586000,4.879,15,146,4926.69,0.487,1203000,0
M0107836,C0107836,2022-05-15,210000,199000,4.891,30,309,1113.38,0.693,287000,0
M0107837,C0107837,2023-09-16,159000,153000,5.21,30,325,874.07,0.605,253000,0
M0107838,C0107838,2024-11-14,171000,167000,5.812,30,339,1004.65,0.535,312000,0
M0107839,C0107839,2024-01-05,363000,352000,4.124,30,328,1759.07,0.564,624000,0
M0107840,C0107840,2020-06-25,1028000,953000,5.002,30,286,5519.78,0.682,1397000,0
M0107841,C0107841,2023-11-20,297000,287000,5.399,30,327,1667.56,0.545,527000,0
M0107842,C0107842,2020-02-18,310000,286000,3.461,30,282,1385.3,0.556,514000,0
M0107843,C0107843,2021-04-30,481000,451000,5.419,30,296,2706.67,0.474,952000,0
M0107844,C0107844,2023-01-07,246000,235000,5.763,30,316,1437.62,0.553,425000,0
M0107845,C0107845,2021-12-04,304000,287000,6.334,30,303,1888.42,0.634,453000,0
M0107846,C0107846,2020-05-27,275000,255000,4.048,30,285,1320.51,0.56,455000,0
M0107847,C0107847,2025-03-25,876000,861000,5.333,30,343,4882.44,0.728,1183000,0
M0107848,C0107848,2020-11-21,340000,317000,6.864,30,291,2231.06,0.515,616000,0
M0107849,C0107849,2022-04-07,477000,452000,3.591,30,307,2166.25,0.501,903000,0
M0107850,C0107850,2019-10-29,230000,193000,5.493,15,98,1878.44,0.496,389000,0
M0107851,C0107851,2020-08-12,185000,172000,3.825,30,288,864.66,0.555,310000,0
M0107852,C0107852,2020-04-29,457000,423000,5.028,30,284,2461.1,0.695,609000,0
M0107853,C0107853,2025-05-03,372000,366000,4.615,30,344,1910.37,0.711,515000,0
M0107854,C0107854,2022-12-22,549000,525000,5.912,30,316,3260.54,0.486,1081000,0
M0107855,C0107855,2020-04-08,210000,194000,5.175,30,283,1149.89,0.597,325000,0
M0107856,C0107856,2024-01-27,313000,294000,4.096,15,149,2330.31,0.513,573000,0
M0107857,C0107857,2024-02-27,172000,167000,7.176,30,330,1164.72,0.506,330000,0
M0107858,C0107858,2021-09-11,256000,226000,5.696,15,121,2118.45,0.669,338000,0
M0107859,C0107859,2023-09-25,159000,154000,6.586,30,325,1014.0,0.505,305000,0
M0107860,C0107860,2022-03-03,284000,254000,4.295,15,126,2142.94,0.65,391000,0
M0107861,C0107861,2023-04-21,630000,580000,5.068,15,140,5004.34,0.503,1152000,0
M0107862,C0107862,2022-12-29,213000,204000,6.599,30,316,1360.2,0.66,309000,0
M0107863,C0107863,2024-11-04,212000,207000,4.675,30,338,1096.33,0.518,400000,0
M0107864,C0107864,2020-09-12,301000,280000,5.494,30,289,1707.91,0.583,480000,0
M0107865,C0107865,2025-02-08,299000,293000,5.428,30,341,1684.21,0.613,478000,0
M0107866,C0107866,2024-09-04,482000,471000,2.901,30,336,2006.49,0.579,813000,0
M0107867,C0107867,2024-04-03,171000,166000,5.424,30,331,962.78,0.514,323000,0
M0107868,C0107868,2024-01-19,94000,91000,5.039,30,329,506.86,0.655,139000,0
M0107869,C0107869,2025-08-31,338000,334000,5.318,30,348,1880.71,0.498,671000,0
M0107870,C0107870,2019-12-13,763000,643000,4.709,15,100,5918.73,0.449,1431000,0
M0107871,C0107871,2022-03-27,297000,282000,4.082,30,307,1432.0,0.617,457000,0
M0107872,C0107872,2022-10-06,400000,382000,4.605,30,313,2051.77,0.752,508000,0
M0107873,C0107873,2024-11-21,315000,308000,4.921,30,339,1675.81,0.708,435000,0
M0107874,C0107874,2021-11-24,476000,449000,6.168,30,303,2905.48,0.565,794000,0
M0107875,C0107875,2025-02-19,283000,278000,4.884,30,342,1499.21,0.525,530000,0
M0107876,C0107876,2024-01-23,316000,306000,5.621,30,329,1818.28,0.494,619000,0
M0107877,C0107877,2022-04-27,743000,705000,5.721,30,308,4322.27,0.618,1141000,1
M0107878,C0107878,2019-10-22,581000,534000,4.905,30,278,3085.29,0.718,744000,0
M0107879,C0107879,2022-02-22,232000,220000,6.569,30,306,1476.94,0.533,413000,0
M0107880,C0107880,2022-10-30,235000,214000,5.087,15,134,1869.03,0.613,349000,0
M0107881,C0107881,2021-09-27,243000,229000,4.883,30,301,1287.16,0.556,412000,0
M0107882,C0107882,2021-04-21,187000,175000,6.715,30,296,1208.53,0.603,290000,0
M0107883,C0107883,2022-09-04,249000,237000,5.651,30,312,1437.47,0.552,429000,0
M0107884,C0107884,2023-08-31,308000,297000,2.869,30,324,1276.88,0.67,443000,0
M0107885,C0107885,2020-05-24,223000,207000,2.8,30,285,916.29,0.679,305000,0
M0107886,C0107886,2023-11-14,423000,409000,7.253,30,327,2886.47,0.702,583000,0
M0107887,C0107887,2024-12-12,142000,139000,5.591,30,340,814.39,0.505,275000,0
M0107888,C0107888,2023-12-11,182000,176000,5.309,30,327,1011.67,0.509,346000,0
M0107889,C0107889,2020-12-25,456000,426000,3.06,30,292,1937.3,0.495,861000,0
M0107890,C0107890,2025-03-28,848000,834000,5.339,30,343,4729.54,0.575,1450000,0
M0107891,C0107891,2023-03-26,372000,357000,4.34,30,319,1849.67,0.617,579000,0
M0107892,C0107892,2025-06-14,216000,213000,5.153,30,346,1179.82,0.696,306000,0
M0107893,C0107893,2020-04-12,188000,174000,4.699,30,284,974.93,0.532,327000,0
M0107894,C0107894,2023-09-17,272000,263000,5.181,30,325,1490.39,0.649,405000,0
M0107895,C0107895,2024-04-16,617000,600000,5.713,30,332,3586.16,0.573,1047000,0
M0107896,C0107896,2021-07-16,424000,373000,5.91,15,119,3557.37,0.579,644000,0
M0107897,C0107897,2020-01-06,177000,149000,5.428,15,100,1439.48,0.668,223000,0
M0107898,C0107898,2025-05-18,393000,387000,5.617,30,345,2260.35,0.574,674000,0
M0107899,C0107899,2020-06-30,672000,623000,3.537,30,286,3031.48,0.466,1338000,0
M0107900,C0107900,2023-05-06,591000,568000,5.408,30,320,3321.6,0.599,949000,0
M0107901,C0107901,2024-08-28,637000,622000,5.728,30,336,3708.46,0.716,869000,0
M0107902,C0107902,2025-04-05,489000,481000,5.413,30,343,2749.86,0.544,885000,0
M0107903,C0107903,2023-02-02,173000,166000,7.134,30,317,1166.58,0.589,282000,0
M0107904,C0107904,2024-04-01,219000,213000,5.209,30,331,1203.77,0.545,391000,0
M0107905,C0107905,2024-03-28,782000,760000,4.043,30,331,3752.8,0.509,1494000,0
M0107906,C0107906,2024-07-29,276000,269000,5.499,30,335,1566.92,0.667,403000,0
M0107907,C0107907,2024-11-04,127000,122000,4.868,15,158,995.6,0.667,183000,0
M0107908,C0107908,2020-12-25,444000,414000,3.603,30,292,2019.37,0.582,711000,0
M0107909,C0107909,2023-05-16,557000,535000,5.165,30,321,3046.52,0.73,733000,0
M0107910,C0107910,2020-11-22,315000,294000,7.123,30,291,2121.79,0.703,418000,0
M0107911,C0107911,2022-06-27,431000,389000,5.094,15,130,3429.46,0.553,703000,0
M0107912,C0107912,2025-03-23,217000,213000,6.692,30,343,1399.1,0.634,336000,0
M0107913,C0107913,2023-04-16,260000,250000,6.289,30,320,1607.47,0.62,403000,0
M0107914,C0107914,2025-03-06,133000,131000,8.0,30,342,975.91,0.57,230000,0
M0107915,C0107915,2023-09-16,192000,185000,5.999,30,325,1151.01,0.495,374000,0
M0107916,C0107916,2020-10-04,672000,625000,5.584,30,289,3851.03,0.476,1312000,0
M0107917,C0107917,2023-09-24,80000,77000,5.598,30,325,459.16,0.621,124000,0
M0107918,C0107918,2024-04-08,270000,262000,5.806,30,331,1585.26,0.559,469000,0
M0107919,C0107919,2024-09-24,251000,245000,5.214,30,337,1380.44,0.63,389000,0
M0107920,C0107920,2024-11-25,441000,432000,4.941,30,339,2351.51,0.541,798000,0
M0107921,C0107921,2024-05-12,113000,107000,6.007,15,153,953.99,0.582,184000,0
M0107922,C0107922,2020-03-30,224000,207000,4.804,30,283,1175.79,0.688,301000,0
M0107923,C0107923,2022-07-10,244000,220000,3.446,15,130,1737.85,0.543,405000,0
M0107924,C0107924,2021-01-01,401000,374000,4.059,30,292,1928.1,0.468,800000,0
M0107925,C0107925,2024-09-28,326000,319000,7.312,30,337,2237.62,0.673,474000,0
M0107926,C0107926,2022-01-17,143000,135000,5.149,30,305,780.73,0.517,261000,0
M0107927,C0107927,2020-09-21,277000,258000,6.345,30,289,1722.69,0.635,406000,0
M0107928,C0107928,2021-01-17,222000,207000,4.732,30,293,1155.65,0.52,398000,0
M0107929,C0107929,2021-04-13,413000,387000,6.478,30,296,2604.47,0.584,663000,0
M0107930,C0107930,2021-03-10,290000,271000,5.943,30,294,1728.08,0.523,518000,0
M0107931,C0107931,2019-10-08,786000,722000,7.69,30,277,5598.45,0.49,1474000,0
M0107932,C0107932,2023-05-18,235000,226000,6.948,30,321,1555.26,0.761,297000,0
M0107933,C0107933,2023-10-19,247000,239000,6.309,30,326,1530.31,0.558,428000,0
M0107934,C0107934,2025-02-17,251000,246000,4.852,30,342,1324.81,0.755,326000,0
M0107935,C0107935,2024-08-08,298000,291000,4.207,30,335,1458.49,0.497,585000,0
M0107936,C0107936,2023-04-11,499000,479000,5.346,30,319,2785.24,0.586,817000,0
M0107937,C0107937,2025-03-30,263000,254000,5.521,15,163,2151.86,0.658,386000,0
M0107938,C0107938,2021-02-26,269000,252000,5.05,30,294,1452.28,0.534,472000,0
M0107939,C0107939,2023-08-07,392000,378000,6.276,30,323,2420.24,0.547,691000,0
M0107940,C0107940,2023-10-04,204000,190000,5.585,15,145,1676.07,0.585,325000,0
M0107941,C0107941,2020-03-05,449000,415000,5.497,30,282,2548.53,0.48,864000,0
M0107942,C0107942,2025-05-04,271000,267000,7.177,30,344,1835.3,0.499,535000,0
M0107943,C0107943,2022-02-25,209000,198000,5.615,30,306,1201.8,0.595,333000,0
M0107944,C0107944,2022-02-08,131000,124000,4.009,30,305,626.09,0.53,234000,0
M0107945,C0107945,2019-12-13,189000,174000,6.626,30,280,1210.31,0.734,237000,0
M0107946,C0107946,2023-03-30,296000,284000,5.73,30,319,1723.62,0.648,438000,1
M0107947,C0107947,2020-03-20,313000,289000,5.2,30,283,1718.72,0.492,587000,0
M0107948,C0107948,2021-08-23,284000,267000,4.448,30,300,1430.22,0.701,381000,1
M0107949,C0107949,2023-06-03,156000,150000,6.887,30,321,1026.06,0.754,199000,0
M0107950,C0107950,2022-07-11,295000,281000,7.359,30,310,2034.28,0.54,520000,1
M0107951,C0107951,2023-01-26,151000,145000,4.76,30,317,788.6,0.628,231000,0
M0107952,C0107952,2022-01-31,174000,165000,5.827,30,305,1023.94,0.495,333000,0
M0107953,C0107953,2023-11-26,564000,546000,5.983,30,327,3375.3,0.491,1113000,0
M0107954,C0107954,2023-09-20,306000,295000,3.582,30,325,1388.12,0.639,462000,0
M0107955,C0107955,2021-04-01,405000,379000,5.452,30,295,2287.36,0.473,802000,1
M0107956,C0107956,2019-10-24,660000,607000,3.585,30,278,2995.1,0.519,1169000,0
M0107957,C0107957,2022-04-14,313000,297000,5.48,30,308,1773.25,0.599,496000,0
M0107958,C0107958,2023-09-21,521000,503000,7.989,30,325,3818.92,0.582,865000,0
M0107959,C0107959,2025-04-26,391000,385000,3.906,30,344,1845.57,0.511,753000,0
M0107960,C0107960,2020-01-26,225000,190000,7.564,15,101,2093.97,0.638,298000,0
M0107961,C0107961,2020-03-10,300000,277000,7.454,30,282,2088.2,0.61,454000,0
M0107962,C0107962,2024-06-14,221000,215000,5.494,30,334,1253.98,0.632,340000,0
M0107963,C0107963,2020-12-26,438000,380000,6.067,15,112,3711.97,0.557,682000,0
M0107964,C0107964,2021-08-20,531000,500000,5.188,30,300,2911.84,0.552,906000,0
M0107965,C0107965,2020-02-07,163000,150000,5.008,30,281,875.82,0.661,227000,0
M0107966,C0107966,2022-09-05,208000,198000,5.724,30,312,1210.4,0.564,351000,0
M0107967,C0107967,2024-03-14,270000,262000,4.648,30,331,1391.9,0.497,527000,0
M0107968,C0107968,2023-08-25,214000,206000,6.02,30,324,1285.79,0.599,344000,0
M0107969,C0107969,2021-03-07,287000,269000,5.546,30,294,1637.85,0.6,448000,0
M0107970,C0107970,2024-06-26,386000,376000,4.326,30,334,1916.1,0.727,517000,0
M0107971,C0107971,2021-11-23,613000,579000,6.28,30,303,3786.32,0.524,1104000,0
M0107972,C0107972,2020-09-26,250000,233000,6.309,30,289,1548.9,0.526,443000,0
M0107973,C0107973,2024-12-16,245000,240000,6.735,30,340,1586.62,0.563,426000,0
M0107974,C0107974,2022-07-13,388000,369000,4.972,30,311,2076.23,0.483,764000,0
M0107975,C0107975,2024-02-21,314000,305000,6.632,30,330,2012.03,0.629,485000,0
M0107976,C0107976,2022-09-17,148000,141000,7.883,30,313,1073.92,0.569,248000,0
M0107977,C0107977,2024-07-19,209000,199000,5.533,15,155,1711.37,0.494,403000,1
M0107978,C0107978,2023-10-13,270000,261000,5.631,30,326,1555.3,0.538,485000,0
M0107979,C0107979,2024-10-11,475000,464000,6.247,30,338,2923.73,0.564,823000,0
M0107980,C0107980,2023-04-29,561000,539000,3.118,30,320,2401.05,0.551,978000,0
M0107981,C0107981,2021-10-20,189000,178000,3.997,30,302,901.99,0.647,275000,0
M0107982,C0107982,2023-11-14,219000,205000,4.894,15,147,1719.77,0.707,290000,0
M0107983,C0107983,2020-07-03,495000,424000,5.125,15,106,3946.74,0.669,634000,0
M0107984,C0107984,2022-01-24,255000,241000,5.623,30,305,1467.6,0.54,446000,0
M0107985,C0107985,2019-10-10,384000,353000,5.794,30,277,2251.66,0.569,620000,0
M0107986,C0107986,2021-08-24,292000,258000,3.99,15,120,2158.43,0.462,559000,0
M0107987,C0107987,2024-05-29,326000,317000,6.767,30,333,2118.11,0.766,414000,0
M0107988,C0107988,2022-04-19,261000,248000,5.866,30,308,1542.41,0.551,450000,0
M0107989,C0107989,2021-08-27,561000,528000,5.566,30,300,3208.57,0.681,775000,0
M0107990,C0107990,2022-11-07,148000,141000,6.04,30,314,891.14,0.6,235000,0
M0107991,C0107991,2025-03-24,263000,258000,4.823,30,343,1383.53,0.52,496000,0
M0107992,C0107992,2024-08-12,536000,510000,5.238,15,156,4305.4,0.615,829000,0
M0107993,C0107993,2024-04-06,289000,273000,4.309,15,151,2182.72,0.578,472000,0
M0107994,C0107994,2023-03-22,303000,291000,3.076,30,319,1289.91,0.524,555000,0
M0107995,C0107995,2020-08-13,517000,480000,5.24,30,288,2851.69,0.735,653000,0
M0107996,C0107996,2025-07-18,403000,398000,7.397,30,347,2789.47,0.787,506000,0
M0107997,C0107997,2020-01-20,488000,450000,4.874,30,281,2582.24,0.504,892000,0
M0107998,C0107998,2022-07-11,581000,553000,3.788,30,310,2703.24,0.613,902000,0
M0107999,C0107999,2019-11-17,155000,143000,6.121,30,279,941.4,0.49,292000,0
M0108000,C0108000,2021-08-12,254000,239000,4.973,30,300,1359.34,0.506,472000,0
M0108001,C0108001,2022-11-29,211000,202000,5.981,30,315,1262.48,0.527,383000,0
M0108002,C0108002,2024-12-31,375000,360000,6.227,15,160,3210.64,0.485,742000,0
M0108003,C0108003,2021-04-14,536000,502000,4.943,30,296,2858.72,0.57,880000,0
M0108004,C0108004,2022-01-17,91000,86000,5.956,30,305,543.02,0.688,125000,0
M0108005,C0108005,2023-06-26,144000,139000,5.461,30,322,814.1,0.632,220000,0
M0108006,C0108006,2020-10-19,113000,105000,3.335,30,290,497.07,0.486,216000,0
M0108007,C0108007,2021-06-29,206000,193000,4.923,30,298,1096.18,0.536,360000,0
M0108008,C0108008,2023-12-20,322000,302000,4.587,15,148,2477.62,0.552,547000,0
M0108009,C0108009,2024-10-13,708000,692000,3.841,30,338,3315.52,0.755,916000,0
M0108010,C0108010,2021-09-30,164000,155000,4.568,30,301,837.6,0.531,292000,0
M0108011,C0108011,2024-12-18,1040000,998000,6.238,15,160,8910.4,0.547,1825000,0
M0108012,C0108012,2022-07-19,408000,388000,5.515,30,311,2320.42,0.517,751000,0
M0108013,C0108013,2019-10-19,415000,382000,3.459,30,278,1854.05,0.506,755000,0
M0108014,C0108014,2021-03-31,448000,420000,4.278,30,295,2211.24,0.6,700000,0
M0108015,C0108015,2023-10-30,155000,150000,5.517,30,326,881.73,0.725,207000,0
M0108016,C0108016,2019-12-08,233000,215000,5.497,30,279,1322.51,0.64,336000,0
M0108017,C0108017,2020-04-26,188000,160000,5.148,15,104,1501.23,0.582,275000,0
M0108018,C0108018,2022-10-01,432000,412000,6.329,30,313,2682.13,0.485,850000,0
M0108019,C0108019,2025-07-24,199000,194000,5.906,15,167,1669.19,0.647,300000,0
M0108020,C0108020,2020-05-10,280000,259000,4.871,30,284,1481.1,0.689,376000,0
M0108021,C0108021,2020-09-17,224000,208000,4.757,30,289,1169.44,0.471,442000,0
M0108022,C0108022,2019-11-05,637000,586000,5.278,30,278,3528.59,0.51,1150000,0
M0108023,C0108023,2020-01-30,230000,212000,3.208,30,281,995.68,0.609,348000,0
M0108024,C0108024,2022-09-30,180000,172000,5.821,30,313,1058.56,0.761,226000,0
M0108025,C0108025,2025-08-08,396000,391000,4.118,30,347,1917.6,0.788,496000,0
M0108026,C0108026,2023-04-30,302000,290000,6.83,30,320,1974.85,0.603,481000,0
M0108027,C0108027,2023-05-13,629000,580000,3.617,15,141,4532.84,0.486,1194000,0
M0108028,C0108028,2023-11-23,363000,339000,5.907,15,147,3044.99,0.537,631000,0
M0108029,C0108029,2020-11-06,357000,333000,3.31,30,290,1565.47,0.727,458000,0
M0108030,C0108030,2020-11-04,484000,451000,4.79,30,290,2536.46,0.681,662000,0
M0108031,C0108031,2025-09-02,392000,383000,5.935,15,168,3294.17,0.545,703000,0
M0108032,C0108032,2020-03-20,463000,428000,6.509,30,283,2929.22,0.584,733000,0
M0108033,C0108033,2023-11-14,444000,429000,6.454,30,327,2792.96,0.541,793000,0
M0108034,C0108034,2024-08-23,265000,259000,6.256,30,336,1632.68,0.507,511000,0
M0108035,C0108035,2024-02-24,171000,166000,6.378,30,330,1067.15,0.539,308000,0
M0108036,C0108036,2025-04-26,285000,280000,6.471,30,344,1795.96,0.565,496000,0
M0108037,C0108037,2024-11-23,114000,112000,4.877,30,339,603.44,0.521,215000,0
M0108038,C0108038,2023-12-07,216000,202000,5.073,15,147,1716.34,0.591,342000,0
M0108039,C0108039,2025-03-03,256000,251000,6.237,30,342,1574.07,0.565,444000,0
M0108040,C0108040,2024-08-30,597000,583000,6.696,30,336,3850.73,0.525,1111000,0
M0108041,C0108041,2024-03-15,289000,281000,5.314,30,331,1607.34,0.513,548000,0
M0108042,C0108042,2021-02-05,750000,701000,4.887,30,293,3974.53,0.611,1147000,0
M0108043,C0108043,2024-07-01,395000,375000,4.851,15,154,3093.06,0.632,593000,0
M0108044,C0108044,2020-03-09,138000,128000,4.562,30,282,704.32,0.656,195000,0
M0108045,C0108045,2019-11-09,554000,510000,5.989,30,278,3317.59,0.484,1053000,0
M0108046,C0108046,2023-09-05,526000,507000,6.718,30,324,3400.44,0.572,886000,0
M0108047,C0108047,2025-07-25,135000,133000,6.005,30,347,809.83,0.586,227000,0
M0108048,C0108048,2023-12-18,449000,435000,5.452,30,328,2535.87,0.677,643000,0
M0108049,C0108049,2024-12-02,643000,630000,7.581,30,339,4531.67,0.647,974000,0
M0108050,C0108050,2025-07-04,107000,106000,5.479,30,346,606.13,0.757,140000,0
M0108051,C0108051,2020-11-09,182000,170000,7.006,30,290,1211.58,0.627,271000,0
M0108052,C0108052,2025-01-16,502000,492000,4.292,30,341,2481.9,0.495,994000,0
M0108053,C0108053,2021-02-15,286000,267000,5.73,30,294,1665.39,0.547,488000,0
M0108054,C0108054,2021-09-11,656000,618000,4.412,30,301,3289.64,0.536,1154000,0
M0108055,C0108055,2022-11-21,503000,481000,4.48,30,315,2542.65,0.559,860000,0
M0108056,C0108056,2023-10-13,476000,460000,4.605,30,326,2441.61,0.555,829000,0
M0108057,C0108057,2023-05-22,564000,542000,5.567,30,321,3226.08,0.497,1090000,0
M0108058,C0108058,2023-11-02,209000,195000,4.99,15,146,1651.67,0.48,406000,0
M0108059,C0108059,2023-08-15,269000,259000,3.222,30,324,1166.58,0.751,345000,0
M0108060,C0108060,2024-02-01,832000,807000,5.02,30,329,4476.53,0.669,1207000,0
M0108061,C0108061,2019-11-11,264000,243000,4.811,30,279,1386.87,0.668,364000,0
M0108062,C0108062,2020-03-10,543000,502000,3.576,30,282,2461.41,0.479,1049000,0
M0108063,C0108063,2020-07-01,285000,264000,5.998,30,286,1708.35,0.502,526000,0
M0108064,C0108064,2020-08-30,214000,199000,6.232,30,288,1315.13,0.477,417000,0
M0108065,C0108065,2024-02-16,192000,186000,6.178,30,330,1173.2,0.756,246000,0
M0108066,C0108066,2020-06-30,415000,385000,7.374,30,286,2866.02,0.545,707000,0
M0108067,C0108067,2022-12-07,604000,577000,4.266,30,315,2976.98,0.743,777000,0
M0108068,C0108068,2024-09-18,402000,393000,4.293,30,337,1987.73,0.709,554000,0
M0108069,C0108069,2021-03-23,357000,311000,5.462,15,115,2909.79,0.467,666000,0
M0108070,C0108070,2019-12-01,177000,163000,5.369,30,279,990.49,0.536,304000,0
M0108071,C0108071,2020-10-01,315000,271000,5.647,15,109,2598.45,0.521,520000,0
M0108072,C0108072,2025-08-02,344000,340000,6.42,30,347,2156.25,0.778,437000,0
M0108073,C0108073,2024-12-18,203000,199000,5.219,30,340,1117.08,0.67,297000,0
M0108074,C0108074,2024-11-27,391000,383000,6.636,30,339,2506.46,0.646,593000,0
M0108075,C0108075,2019-12-19,223000,205000,4.652,30,280,1150.14,0.586,350000,0
M0108076,C0108076,2022-07-08,259000,246000,4.942,30,310,1381.2,0.707,348000,0
M0108077,C0108077,2020-10-13,463000,431000,4.278,30,290,2285.28,0.649,664000,0
M0108078,C0108078,2024-11-17,700000,685000,2.8,30,339,2876.26,0.558,1227000,0
M0108079,C0108079,2022-09-05,670000,639000,3.575,30,312,3036.72,0.554,1153000,0
M0108080,C0108080,2023-06-19,293000,282000,6.484,30,322,1848.88,0.635,444000,0
M0108081,C0108081,2022-09-11,414000,395000,6.713,30,313,2675.02,0.63,627000,0
M0108082,C0108082,2021-09-06,433000,382000,4.093,15,120,3223.07,0.473,808000,0
M0108083,C0108083,2022-08-28,431000,390000,6.525,15,132,3760.4,0.62,629000,0
M0108084,C0108084,2025-04-04,336000,330000,2.829,30,343,1385.79,0.755,437000,0
M0108085,C0108085,2020-10-21,603000,562000,4.365,30,290,3007.13,0.625,899000,0
M0108086,C0108086,2020-04-02,232000,215000,4.986,30,283,1243.44,0.678,317000,0
M0108087,C0108087,2022-06-03,178000,169000,6.659,30,309,1143.76,0.65,260000,0
M0108088,C0108088,2024-08-07,377000,368000,7.487,30,335,2632.68,0.656,561000,0
M0108089,C0108089,2020-10-28,270000,252000,4.991,30,290,1447.93,0.667,378000,0
M0108090,C0108090,2022-02-07,823000,779000,5.425,30,305,4634.25,0.643,1211000,0
M0108091,C0108091,2020-07-08,250000,232000,6.645,30,286,1604.08,0.538,431000,0
M0108092,C0108092,2022-01-02,529000,500000,7.973,30,304,3871.66,0.564,887000,0
M0108093,C0108093,2021-06-26,400000,351000,6.807,15,118,3552.29,0.676,519000,0
M0108094,C0108094,2020-12-28,157000,147000,4.169,30,292,764.92,0.636,231000,0
M0108095,C0108095,2025-06-01,425000,419000,6.463,30,345,2675.96,0.62,676000,0
M0108096,C0108096,2024-03-25,228000,221000,4.789,30,331,1194.72,0.762,290000,0
M0108097,C0108097,2023-01-05,1050000,1005000,7.041,30,316,7014.61,0.485,2072000,0
M0108098,C0108098,2021-06-15,213000,200000,6.196,30,298,1304.01,0.658,304000,0
M0108099,C0108099,2024-03-01,199000,193000,4.375,30,330,993.58,0.559,345000,0
M0108100,C0108100,2023-01-02,106000,101000,6.716,30,316,685.12,0.711,142000,0
M0108101,C0108101,2025-06-08,215000,212000,6.082,30,345,1300.39,0.642,330000,0
M0108102,C0108102,2021-11-26,454000,429000,5.938,30,303,2703.89,0.746,575000,0
M0108103,C0108103,2021-10-22,189000,178000,5.533,30,302,1077.04,0.698,255000,0
M0108104,C0108104,2022-05-31,409000,389000,4.924,30,309,2176.64,0.707,550000,0
M0108105,C0108105,2022-08-15,359000,325000,6.179,15,132,3064.27,0.526,618000,0
M0108106,C0108106,2019-09-17,194000,178000,7.922,30,277,1412.97,0.724,246000,0
M0108107,C0108107,2025-05-01,298000,293000,7.599,30,344,2103.9,0.657,446000,0
M0108108,C0108108,2021-06-11,197000,173000,5.297,15,117,1588.51,0.631,274000,0
M0108109,C0108109,2021-12-20,485000,458000,3.186,30,304,2093.75,0.539,850000,0
M0108110,C0108110,2022-12-29,127000,122000,4.898,30,316,673.87,0.748,163000,0
M0108111,C0108111,2024-07-22,457000,446000,5.661,30,335,2641.15,0.568,785000,0
M0108112,C0108112,2020-02-03,220000,203000,5.814,30,281,1292.82,0.546,372000,0
M0108113,C0108113,2020-01-29,335000,309000,6.488,30,281,2114.78,0.691,447000,0
M0108114,C0108114,2023-08-29,399000,385000,6.299,30,324,2469.44,0.544,708000,0
M0108115,C0108115,2021-07-08,339000,319000,6.315,30,298,2101.63,0.667,478000,0
M0108116,C0108116,2025-01-17,885000,868000,4.803,30,341,4644.89,0.743,1168000,0
M0108117,C0108117,2025-09-03,256000,253000,4.925,30,348,1362.55,0.76,333000,0
M0108118,C0108118,2019-11-26,159000,146000,4.31,30,279,787.78,0.465,314000,0
M0108119,C0108119,2020-06-21,936000,800000,5.786,15,106,7790.69,0.585,1367000,0
M0108120,C0108120,2025-08-23,380000,375000,6.452,30,348,2389.88,0.522,718000,0
M0108121,C0108121,2025-04-22,341000,335000,6.676,30,344,2194.97,0.597,561000,0
M0108122,C0108122,2024-10-15,970000,948000,2.8,30,338,3985.68,0.517,1835000,0
M0108123,C0108123,2025-08-17,165000,163000,6.018,30,348,991.17,0.534,305000,0
M0108124,C0108124,2023-06-18,304000,293000,4.354,30,322,1514.06,0.666,440000,0
M0108125,C0108125,2023-04-30,184000,177000,6.149,30,320,1120.86,0.596,297000,0
M0108126,C0108126,2021-09-21,300000,283000,4.346,30,301,1492.73,0.666,425000,0
M0108127,C0108127,2024-10-06,155000,152000,6.308,30,337,960.22,0.644,236000,0
M0108128,C0108128,2020-06-07,332000,308000,4.788,30,285,1739.48,0.469,657000,0
M0108129,C0108129,2020-10-16,320000,298000,4.811,30,290,1681.06,0.603,494000,0
M0108130,C0108130,2021-07-01,312000,293000,6.384,30,298,1948.31,0.699,419000,0
M0108131,C0108131,2020-01-13,102000,94000,4.893,30,281,540.91,0.56,168000,0
M0108132,C0108132,2024-07-18,467000,455000,6.555,30,335,2968.67,0.546,834000,0
M0108133,C0108133,2020-12-31,283000,245000,6.316,15,112,2436.7,0.578,424000,0
M0108134,C0108134,2023-01-30,1184000,1134000,5.378,30,317,6632.27,0.6,1890000,0
M0108135,C0108135,2023-06-28,252000,243000,5.001,30,322,1352.94,0.518,469000,0
M0108136,C0108136,2021-08-14,232000,218000,6.904,30,300,1528.57,0.634,344000,0
M0108137,C0108137,2023-12-12,345000,334000,6.413,30,328,2160.93,0.509,656000,0
M0108138,C0108138,2025-08-02,172000,170000,7.307,30,347,1180.0,0.541,314000,0
M0108139,C0108139,2023-08-23,588000,546000,3.583,15,144,4227.52,0.51,1070000,0
M0108140,C0108140,2021-01-08,200000,174000,5.182,15,112,1600.61,0.455,382000,0
M0108141,C0108141,2025-03-06,211000,207000,4.999,30,342,1132.56,0.573,361000,0
M0108142,C0108142,2020-07-29,486000,417000,6.063,15,107,4117.7,0.543,768000,0
M0108143,C0108143,2020-04-12,364000,337000,4.456,30,284,1834.83,0.488,691000,1
M0108144,C0108144,2022-11-10,361000,345000,4.611,30,314,1853.02,0.564,612000,0
M0108145,C0108145,2024-03-26,166000,161000,5.545,30,331,947.22,0.654,246000,0
M0108146,C0108146,2020-10-28,533000,496000,3.437,30,290,2374.7,0.656,756000,0
M0108147,C0108147,2024-03-13,196000,190000,3.287,30,331,856.99,0.638,298000,0
M0108148,C0108148,2024-06-13,138000,134000,5.373,30,334,772.59,0.534,251000,0
M0108149,C0108149,2021-05-28,394000,345000,8.0,15,117,3765.27,0.621,556000,0
M0108150,C0108150,2023-10-15,294000,284000,5.625,30,326,1692.43,0.551,515000,0
M0108151,C0108151,2021-12-29,291000,275000,5.086,30,304,1577.48,0.602,457000,0
M0108152,C0108152,2024-04-29,458000,445000,5.975,30,332,2738.58,0.709,628000,0
M0108153,C0108153,2019-12-13,279000,257000,6.136,30,280,1697.22,0.532,483000,0
M0108154,C0108154,2024-05-15,137000,133000,5.359,30,333,765.79,0.489,272000,0
M0108155,C0108155,2019-10-25,277000,255000,4.756,30,278,1445.97,0.722,353000,0
M0108156,C0108156,2021-02-24,378000,354000,3.775,30,294,1755.94,0.542,653000,0
M0108157,C0108157,2023-03-13,358000,343000,6.491,30,319,2260.68,0.701,489000,0
M0108158,C0108158,2021-08-05,300000,264000,4.982,15,119,2369.57,0.691,382000,0
M0108159,C0108159,2020-03-05,1094000,1011000,6.022,30,282,6574.56,0.662,1528000,0
M0108160,C0108160,2021-12-09,752000,710000,6.662,30,303,4833.55,0.695,1021000,1
M0108161,C0108161,2019-12-21,180000,166000,5.162,30,280,984.18,0.634,262000,0
M0108162,C0108162,2020-03-11,165000,152000,3.888,30,282,777.12,0.537,283000,0
M0108163,C0108163,2020-07-25,636000,591000,5.251,30,287,3512.41,0.484,1220000,0
M0108164,C0108164,2020-03-10,558000,516000,5.329,30,282,3108.66,0.708,729000,0
M0108165,C0108165,2020-02-08,687000,634000,6.045,30,281,4138.81,0.646,982000,0
M0108166,C0108166,2025-07-22,262000,259000,4.871,30,347,1385.89,0.78,332000,0
M0108167,C0108167,2022-02-06,302000,286000,4.815,30,305,1587.23,0.584,490000,0
M0108168,C0108168,2021-09-11,135000,127000,5.076,30,301,730.99,0.62,205000,0
M0108169,C0108169,2025-01-04,352000,345000,5.909,30,340,2089.87,0.507,681000,0
M0108170,C0108170,2021-09-19,238000,224000,6.49,30,301,1502.76,0.7,320000,0
M0108171,C0108171,2020-07-17,222000,206000,8.0,30,287,1628.96,0.572,360000,0
M0108172,C0108172,2021-04-03,520000,487000,7.622,30,295,3679.45,0.499,975000,0
M0108173,C0108173,2023-11-08,303000,293000,5.353,30,326,1692.56,0.54,543000,0
M0108174,C0108174,2022-10-04,495000,472000,4.709,30,313,2569.94,0.558,846000,0
M0108175,C0108175,2020-02-24,311000,287000,4.814,30,282,1634.34,0.524,548000,0
M0108176,C0108176,2024-01-29,431000,418000,4.056,30,329,2071.6,0.517,809000,0
M0108177,C0108177,2022-08-01,170000,162000,5.637,30,311,979.9,0.596,272000,0
M0108178,C0108178,2020-09-02,200000,186000,4.411,30,288,1002.82,0.578,322000,0
M0108179,C0108179,2022-10-05,411000,392000,4.282,30,313,2029.58,0.713,550000,0
M0108180,C0108180,2025-01-16,764000,735000,4.355,15,161,5788.09,0.487,1510000,0
M0108181,C0108181,2020-09-17,414000,385000,6.477,30,289,2610.5,0.48,802000,0
M0108182,C0108182,2023-08-26,330000,318000,5.409,30,324,1854.91,0.55,578000,0
M0108183,C0108183,2023-05-15,695000,668000,4.001,30,321,3318.44,0.586,1139000,0
M0108184,C0108184,2020-08-23,294000,273000,6.469,30,288,1852.29,0.553,494000,0
M0108185,C0108185,2025-01-22,220000,216000,6.81,30,341,1435.7,0.711,304000,0
M0108186,C0108186,2021-03-22,329000,287000,4.994,15,115,2600.68,0.493,582000,0
M0108187,C0108187,2020-12-30,395000,369000,4.638,30,292,2033.93,0.52,710000,0
M0108188,C0108188,2020-05-03,174000,161000,4.54,30,284,885.77,0.54,298000,0
M0108189,C0108189,2023-12-15,350000,339000,5.792,30,328,2051.85,0.772,439000,0
M0108190,C0108190,2025-07-22,138000,136000,6.503,30,347,872.53,0.756,180000,0
M0108191,C0108191,2020-08-16,282000,262000,5.685,30,288,1634.05,0.684,383000,0
M0108192,C0108192,2024-10-08,303000,289000,4.02,15,157,2244.29,0.534,541000,0
M0108193,C0108193,2020-03-16,323000,299000,6.671,30,283,2078.04,0.59,507000,0
M0108194,C0108194,2021-06-06,123000,115000,5.44,30,297,693.76,0.502,229000,0
M0108195,C0108195,2023-05-07,345000,332000,5.279,30,320,1911.3,0.488,681000,0
M0108196,C0108196,2023-06-21,507000,488000,5.974,30,322,3031.25,0.588,830000,0
M0108197,C0108197,2021-09-04,663000,585000,6.648,15,120,5829.52,0.593,986000,0
M0108198,C0108198,2020-08-01,678000,630000,4.247,30,287,3334.16,0.552,1142000,0
M0108199,C0108199,2025-08-04,332000,328000,4.024,30,347,1589.62,0.661,496000,0
M0108200,C0108200,2025-07-27,1132000,1117000,5.447,30,347,6389.78,0.639,1749000,0
M0108201,C0108201,2020-12-08,224000,209000,5.46,30,291,1266.23,0.716,292000,0
M0108202,C0108202,2023-03-30,228000,219000,6.493,30,319,1440.07,0.64,342000,0
M0108203,C0108203,2022-12-10,331000,317000,6.895,30,315,2178.86,0.484,655000,0
M0108204,C0108204,2025-08-21,496000,490000,4.947,30,348,2646.59,0.546,898000,0
M0108205,C0108205,2024-02-11,452000,438000,5.861,30,330,2669.71,0.497,882000,0
M0108206,C0108206,2022-02-03,100000,95000,6.005,30,305,599.87,0.638,149000,0
M0108207,C0108207,2020-06-13,202000,187000,6.112,30,286,1225.68,0.654,286000,0
M0108208,C0108208,2024-12-08,481000,461000,3.717,15,159,3490.07,0.735,627000,0
M0108209,C0108209,2023-03-30,210000,202000,6.074,30,319,1269.06,0.577,350000,0
M0108210,C0108210,2021-04-11,307000,288000,4.585,30,295,1571.07,0.505,570000,0
M0108211,C0108211,2020-10-04,392000,365000,6.129,30,289,2382.85,0.47,777000,0
M0108212,C0108212,2022-10-06,417000,398000,4.228,30,313,2046.02,0.679,586000,0
M0108213,C0108213,2023-03-05,504000,483000,5.564,30,318,2881.93,0.735,657000,0
M0108214,C0108214,2020-09-12,619000,576000,5.159,30,289,3383.34,0.588,980000,0
M0108215,C0108215,2020-01-02,450000,415000,7.843,30,280,3252.82,0.596,696000,0
M0108216,C0108216,2021-02-03,177000,165000,4.513,30,293,898.2,0.545,303000,0
M0108217,C0108217,2021-09-04,439000,413000,4.431,30,300,2206.39,0.559,739000,0
M0108218,C0108218,2021-07-19,563000,529000,7.11,30,299,3787.34,0.558,948000,0
M0108219,C0108219,2021-09-11,411000,387000,6.432,30,301,2579.45,0.478,810000,0
M0108220,C0108220,2022-08-07,625000,595000,5.761,30,311,3651.7,0.512,1161000,0
M0108221,C0108221,2024-12-14,369000,362000,4.928,30,340,1964.67,0.605,598000,0
M0108222,C0108222,2020-04-30,308000,285000,4.188,30,284,1504.02,0.663,430000,0
M0108223,C0108223,2021-03-19,215000,201000,4.979,30,295,1151.41,0.498,404000,0
M0108224,C0108224,2023-08-16,906000,874000,4.862,30,324,4787.48,0.747,1170000,0
M0108225,C0108225,2022-07-30,194000,185000,4.68,30,311,1003.83,0.625,296000,0
M0108226,C0108226,2025-04-01,327000,321000,4.888,30,343,1733.09,0.656,489000,0
M0108227,C0108227,2021-05-22,274000,240000,4.836,15,117,2143.44,0.686,350000,0
M0108228,C0108228,2023-03-26,168000,161000,6.512,30,319,1063.2,0.636,253000,0
M0108229,C0108229,2020-06-30,511000,474000,3.92,30,286,2416.08,0.66,718000,0
M0108230,C0108230,2024-05-08,421000,409000,5.886,30,332,2493.33,0.563,727000,0
M0108231,C0108231,2021-06-25,370000,347000,5.749,30,298,2158.98,0.638,544000,0
M0108232,C0108232,2023-09-02,240000,232000,5.382,30,324,1344.98,0.497,467000,0
M0108233,C0108233,2022-09-14,434000,414000,6.189,30,313,2655.02,0.53,781000,0
M0108234,C0108234,2023-10-11,288000,278000,5.927,30,325,1713.21,0.716,388000,0
M0108235,C0108235,2020-08-02,417000,358000,5.566,15,107,3421.86,0.468,765000,0
M0108236,C0108236,2024-06-15,672000,654000,6.669,30,334,4322.46,0.5,1308000,0
M0108237,C0108237,2021-04-09,97000,91000,2.8,30,295,398.57,0.728,125000,0
M0108238,C0108238,2025-07-17,541000,526000,7.866,15,167,5128.31,0.625,841000,1
M0108239,C0108239,2021-02-10,1074000,1004000,6.747,30,294,6963.8,0.487,2063000,0
M0108240,C0108240,2022-11-12,775000,740000,7.356,30,315,5342.7,0.697,1061000,0
M0108241,C0108241,2020-03-25,482000,446000,4.498,30,283,2441.65,0.497,897000,0
M0108242,C0108242,2023-03-30,604000,580000,5.542,30,319,3445.38,0.714,812000,0
M0108243,C0108243,2024-11-13,214000,209000,5.808,30,339,1256.74,0.679,308000,0
M0108244,C0108244,2021-08-18,370000,348000,5.059,30,300,1999.6,0.539,646000,0
M0108245,C0108245,2022-09-15,304000,290000,5.666,30,313,1757.87,0.751,386000,0
M0108246,C0108246,2025-06-09,259000,255000,5.758,30,345,1512.77,0.536,476000,0
M0108247,C0108247,2024-12-14,537000,526000,4.151,30,340,2610.69,0.558,943000,0
M0108248,C0108248,2022-09-30,297000,283000,6.287,30,313,1835.83,0.486,582000,0
M0108249,C0108249,2021-03-15,130000,122000,6.196,30,295,795.87,0.748,163000,0
M0108250,C0108250,2019-10-19,408000,375000,4.727,30,278,2122.67,0.658,570000,0
M0108251,C0108251,2023-02-08,323000,309000,4.043,30,317,1550.07,0.612,505000,0
M0108252,C0108252,2019-12-30,464000,428000,5.615,30,280,2668.12,0.516,829000,0
M0108253,C0108253,2021-05-18,267000,250000,4.571,30,297,1364.14,0.58,431000,0
M0108254,C0108254,2022-06-19,138000,131000,5.796,30,310,809.37,0.712,184000,0
M0108255,C0108255,2024-12-19,201000,197000,4.627,30,340,1033.66,0.761,259000,0
M0108256,C0108256,2020-08-22,207000,192000,7.147,30,288,1397.67,0.613,313000,0
M0108257,C0108257,2021-12-23,196000,185000,4.744,30,304,1021.72,0.69,268000,0
M0108258,C0108258,2020-12-20,247000,231000,4.517,30,292,1254.01,0.677,341000,0
M0108259,C0108259,2025-01-07,471000,462000,5.526,30,340,2681.97,0.667,693000,0
M0108260,C0108260,2020-01-20,164000,151000,3.742,30,281,758.77,0.545,277000,0
M0108261,C0108261,2023-07-31,510000,491000,4.548,30,323,2598.66,0.523,938000,0
M0108262,C0108262,2023-04-05,174000,160000,3.678,15,139,1259.16,0.653,245000,0
M0108263,C0108263,2022-06-26,271000,258000,5.734,30,310,1578.73,0.606,426000,0
M0108264,C0108264,2025-07-03,322000,318000,6.52,30,346,2039.5,0.551,577000,0
M0108265,C0108265,2021-07-20,282000,265000,5.027,30,299,1518.49,0.496,534000,0
M0108266,C0108266,2024-02-13,447000,434000,6.88,30,330,2937.97,0.69,629000,0
M0108267,C0108267,2022-09-10,310000,296000,4.565,30,312,1582.72,0.508,583000,0
M0108268,C0108268,2022-07-27,303000,288000,4.987,30,311,1624.16,0.603,478000,0
M0108269,C0108269,2021-04-25,100000,87000,6.484,15,116,870.23,0.5,174000,1
M0108270,C0108270,2020-11-22,400000,373000,6.288,30,291,2472.76,0.584,639000,0
M0108271,C0108271,2024-08-27,838000,818000,6.002,30,336,5025.31,0.54,1516000,0
M0108272,C0108272,2020-11-09,256000,239000,6.721,30,290,1655.48,0.522,458000,0
M0108273,C0108273,2021-11-06,456000,404000,5.443,15,122,3712.12,0.541,747000,0
M0108274,C0108274,2020-03-19,217000,201000,5.833,30,283,1277.82,0.472,426000,0
M0108275,C0108275,2023-05-21,536000,515000,4.751,30,321,2796.35,0.499,1033000,0
M0108276,C0108276,2022-05-10,425000,403000,7.619,30,308,3006.37,0.631,639000,0
M0108277,C0108277,2024-10-09,273000,267000,5.005,30,337,1466.36,0.73,366000,0
M0108278,C0108278,2023-08-05,264000,245000,5.266,15,143,2124.46,0.682,359000,0
M0108279,C0108279,2020-07-31,453000,421000,5.731,30,287,2638.12,0.644,654000,0
M0108280,C0108280,2021-01-03,335000,313000,6.234,30,292,2059.17,0.537,583000,0
M0108281,C0108281,2019-11-05,177000,163000,6.223,30,278,1086.71,0.663,246000,0
M0108282,C0108282,2020-07-20,153000,142000,2.8,30,287,628.67,0.555,256000,0
M0108283,C0108283,2024-04-05,440000,428000,7.444,30,331,3059.69,0.537,797000,0
M0108284,C0108284,2023-10-03,224000,216000,7.271,30,325,1531.27,0.686,315000,0
M0108285,C0108285,2024-10-01,334000,326000,6.878,30,337,2194.81,0.659,495000,0
M0108286,C0108286,2022-09-01,440000,419000,5.661,30,312,2542.9,0.742,565000,0
M0108287,C0108287,2021-02-10,180000,168000,6.872,30,294,1182.11,0.7,240000,0
M0108288,C0108288,2020-09-30,197000,170000,5.788,15,109,1639.92,0.563,302000,0
M0108289,C0108289,2019-10-04,738000,678000,5.775,30,277,4318.5,0.631,1075000,0
M0108290,C0108290,2023-08-22,267000,257000,6.268,30,324,1647.09,0.682,377000,0
M0108291,C0108291,2023-03-10,546000,524000,6.098,30,318,3308.03,0.642,816000,1
M0108292,C0108292,2022-03-31,1148000,1088000,6.626,30,307,7351.53,0.712,1529000,0
M0108293,C0108293,2020-12-14,369000,344000,3.133,30,292,1582.31,0.519,663000,0
M0108294,C0108294,2019-12-09,213000,196000,5.402,30,279,1196.33,0.543,361000,0
M0108295,C0108295,2024-10-24,349000,334000,4.157,15,158,2609.05,0.661,505000,0
M0108296,C0108296,2023-08-24,298000,287000,6.524,30,324,1888.27,0.712,403000,0
M0108297,C0108297,2024-04-30,339000,330000,4.497,30,332,1717.06,0.76,434000,0
M0108298,C0108298,2024-03-14,469000,455000,5.189,30,331,2572.14,0.552,825000,0
M0108299,C0108299,2024-11-07,497000,476000,6.53,15,158,4337.6,0.679,701000,0
M0108300,C0108300,2022-02-18,120000,114000,6.939,30,306,793.45,0.603,189000,0
M0108301,C0108301,2021-09-14,594000,559000,6.471,30,301,3743.16,0.556,1005000,0
M0108302,C0108302,2023-02-01,376000,344000,6.328,15,137,3239.92,0.604,570000,0
M0108303,C0108303,2022-03-05,246000,233000,4.194,30,306,1202.12,0.742,314000,0
M0108304,C0108304,2021-07-17,473000,445000,4.381,30,299,2363.29,0.573,777000,0
M0108305,C0108305,2021-09-23,194000,183000,4.026,30,301,929.1,0.483,379000,0
M0108306,C0108306,2020-01-14,198000,167000,4.338,15,101,1498.34,0.625,267000,0
M0108307,C0108307,2024-09-07,557000,544000,5.674,30,336,3223.66,0.638,853000,0
M0108308,C0108308,2019-12-20,339000,312000,6.606,30,280,2166.4,0.619,504000,0
M0108309,C0108309,2025-03-18,718000,706000,6.602,30,343,4586.52,0.687,1027000,0
M0108310,C0108310,2025-07-10,233000,230000,3.463,30,346,1041.47,0.572,402000,0
M0108311,C0108311,2022-06-30,379000,360000,5.46,30,310,2142.42,0.622,579000,0
M0108312,C0108312,2022-10-21,398000,380000,5.199,30,314,2185.22,0.643,591000,0
M0108313,C0108313,2022-07-09,401000,362000,2.951,15,130,2759.79,0.655,553000,0
M0108314,C0108314,2019-09-28,447000,411000,6.413,30,277,2799.82,0.604,681000,0
M0108315,C0108315,2023-03-03,412000,395000,6.382,30,318,2572.23,0.481,821000,0
M0108316,C0108316,2020-08-12,331000,308000,4.832,30,288,1743.05,0.49,629000,0
M0108317,C0108317,2021-08-08,124000,117000,5.16,30,299,677.84,0.713,164000,0
M0108318,C0108318,2025-04-26,505000,497000,5.66,30,344,2918.23,0.571,871000,0
M0108319,C0108319,2023-03-09,100000,92000,5.955,15,138,841.43,0.571,161000,0
M0108320,C0108320,2024-11-27,177000,173000,4.786,30,339,927.16,0.556,311000,0
M0108321,C0108321,2020-07-24,230000,214000,4.555,30,287,1172.9,0.476,450000,0
M0108322,C0108322,2023-07-03,515000,496000,4.306,30,322,2550.4,0.73,679000,0
M0108323,C0108323,2021-01-12,293000,254000,7.138,15,113,2656.22,0.52,488000,0
M0108324,C0108324,2025-04-03,837000,823000,6.842,30,343,5480.05,0.755,1090000,0
M0108325,C0108325,2023-09-07,164000,158000,4.298,30,324,811.4,0.629,251000,0
M0108326,C0108326,2020-11-21,189000,176000,4.515,30,291,959.32,0.587,300000,0
M0108327,C0108327,2020-05-02,106000,90000,4.333,15,104,801.88,0.647,139000,0
M0108328,C0108328,2025-07-16,185000,183000,3.867,30,347,869.09,0.691,265000,0
M0108329,C0108329,2022-09-30,239000,228000,7.646,30,313,1695.08,0.569,401000,0
M0108330,C0108330,2020-06-10,682000,632000,4.692,30,285,3533.83,0.653,968000,0
M0108331,C0108331,2022-11-29,553000,504000,6.336,15,135,4767.51,0.509,990000,0
M0108332,C0108332,2023-11-25,369000,357000,5.128,30,327,2009.84,0.553,646000,0
M0108333,C0108333,2021-05-17,281000,264000,5.259,30,297,1553.26,0.579,456000,0
M0108334,C0108334,2020-12-12,480000,416000,5.182,15,112,3841.47,0.519,801000,0
M0108335,C0108335,2019-12-18,619000,570000,5.904,30,280,3673.1,0.617,924000,0
M0108336,C0108336,2020-03-24,237000,219000,5.297,30,283,1315.63,0.556,394000,0
M0108337,C0108337,2025-07-01,249000,246000,6.32,30,346,1544.49,0.663,371000,0
M0108338,C0108338,2020-10-30,264000,246000,6.771,30,290,1715.99,0.482,510000,1
M0108339,C0108339,2024-08-24,138000,131000,4.818,15,156,1078.26,0.724,181000,0
M0108340,C0108340,2020-09-05,600000,558000,5.725,30,288,3491.91,0.663,841000,0
M0108341,C0108341,2020-11-13,245000,228000,3.703,30,291,1128.11,0.646,353000,0
M0108342,C0108342,2024-04-24,284000,276000,4.926,30,332,1511.76,0.528,523000,0
M0108343,C0108343,2023-01-18,679000,650000,5.52,30,317,3863.81,0.602,1079000,0
M0108344,C0108344,2021-01-28,250000,234000,5.281,30,293,1385.31,0.561,417000,0
M0108345,C0108345,2020-07-19,617000,573000,5.38,30,287,3456.95,0.631,908000,0
M0108346,C0108346,2020-06-21,137000,127000,6.068,30,286,827.38,0.638,199000,0
M0108347,C0108347,2023-08-04,434000,403000,6.298,15,143,3732.58,0.534,754000,0
M0108348,C0108348,2025-03-22,262000,253000,3.161,15,163,1829.68,0.548,462000,0
M0108349,C0108349,2019-11-06,149000,137000,5.701,30,278,864.89,0.561,244000,0
M0108350,C0108350,2020-07-05,186000,173000,5.154,30,286,1016.07,0.523,331000,0
M0108351,C0108351,2024-05-27,352000,343000,4.97,30,333,1883.16,0.533,644000,0
M0108352,C0108352,2022-03-14,203000,192000,7.036,30,307,1355.48,0.714,269000,0
M0108353,C0108353,2020-01-03,397000,366000,3.568,30,280,1797.81,0.647,566000,0
M0108354,C0108354,2023-10-01,226000,218000,5.442,30,325,1274.99,0.562,388000,0
M0108355,C0108355,2020-12-17,146000,136000,7.083,30,292,979.49,0.489,278000,0
M0108356,C0108356,2022-10-12,532000,508000,5.579,30,314,3047.06,0.514,989000,0
M0108357,C0108357,2019-11-09,380000,350000,4.455,30,278,1915.26,0.546,641000,0
M0108358,C0108358,2023-04-02,133000,122000,5.262,15,139,1070.0,0.578,211000,0
M0108359,C0108359,2024-09-22,454000,433000,7.448,15,157,4195.23,0.748,579000,0
M0108360,C0108360,2019-12-29,348000,321000,6.789,30,280,2266.15,0.475,676000,0
M0108361,C0108361,2023-07-31,264000,254000,4.93,30,323,1405.94,0.532,477000,0
M0108362,C0108362,2024-01-16,269000,261000,7.188,30,329,1823.76,0.662,394000,0
M0108363,C0108363,2024-07-06,641000,608000,6.201,15,154,5478.98,0.582,1044000,0
M0108364,C0108364,2023-03-27,384000,368000,2.8,30,319,1577.83,0.67,549000,0
M0108365,C0108365,2020-09-20,656000,610000,5.383,30,289,3676.68,0.48,1270000,0
M0108366,C0108366,2023-08-21,416000,401000,7.508,30,324,2911.01,0.608,660000,0
M0108367,C0108367,2024-02-02,369000,358000,5.328,30,329,2055.5,0.513,698000,0
M0108368,C0108368,2023-01-17,224000,214000,7.173,30,317,1516.39,0.557,384000,0
M0108369,C0108369,2022-07-18,355000,321000,3.922,15,131,2612.04,0.55,584000,0
M0108370,C0108370,2020-09-26,546000,470000,4.06,15,109,4055.13,0.446,1054000,0
M0108371,C0108371,2024-07-15,341000,332000,6.746,30,335,2210.81,0.719,462000,0
M0108372,C0108372,2023-10-05,863000,833000,6.437,30,325,5419.04,0.744,1120000,0
M0108373,C0108373,2021-06-15,546000,513000,5.471,30,298,3090.2,0.538,954000,0
M0108374,C0108374,2023-02-15,180000,165000,6.456,15,138,1563.64,0.473,349000,0
M0108375,C0108375,2021-03-29,257000,241000,4.848,30,295,1355.86,0.695,347000,0
M0108376,C0108376,2023-01-18,459000,439000,4.261,30,317,2260.96,0.668,657000,0
M0108377,C0108377,2025-01-02,153000,150000,5.925,30,340,909.95,0.633,237000,1
M0108378,C0108378,2020-07-13,309000,287000,5.184,30,287,1693.7,0.477,602000,0
M0108379,C0108379,2021-08-01,206000,194000,5.958,30,299,1229.52,0.499,389000,0
M0108380,C0108380,2024-11-19,334000,320000,5.727,15,159,2769.46,0.484,661000,0
M0108381,C0108381,2024-09-14,206000,201000,5.131,30,337,1122.4,0.533,377000,0
M0108382,C0108382,2023-08-30,555000,535000,7.573,30,324,3908.42,0.638,839000,0
M0108383,C0108383,2019-12-23,254000,214000,4.359,15,100,1924.83,0.652,328000,0
M0108384,C0108384,2023-11-25,457000,442000,5.668,30,327,2643.17,0.565,782000,0
M0108385,C0108385,2020-06-02,155000,144000,5.397,30,285,870.08,0.483,298000,0
M0108386,C0108386,2022-10-08,281000,268000,5.838,30,313,1655.58,0.602,445000,0
M0108387,C0108387,2024-06-27,173000,169000,5.551,30,334,987.82,0.633,267000,0
M0108388,C0108388,2025-01-02,595000,583000,6.688,30,340,3834.67,0.531,1098000,0
M0108389,C0108389,2023-08-29,223000,215000,5.844,30,324,1314.71,0.621,346000,0
M0108390,C0108390,2024-05-11,314000,305000,4.784,30,332,1644.41,0.54,565000,0
M0108391,C0108391,2022-02-15,391000,349000,4.371,15,126,2965.41,0.635,550000,0
M0108392,C0108392,2019-10-29,226000,190000,4.654,15,98,1746.73,0.487,390000,0
M0108393,C0108393,2020-11-10,180000,168000,4.605,30,290,923.3,0.556,302000,0
M0108394,C0108394,2023-11-02,360000,348000,6.246,30,326,2215.65,0.613,568000,0
M0108395,C0108395,2020-01-16,125000,115000,5.409,30,281,702.62,0.615,187000,0
M0108396,C0108396,2019-11-25,641000,590000,5.935,30,279,3816.37,0.538,1097000,0
M0108397,C0108397,2023-03-09,306000,293000,3.985,30,318,1458.25,0.488,600000,0
M0108398,C0108398,2022-10-10,157000,150000,5.153,30,313,857.55,0.647,232000,0
M0108399,C0108399,2022-10-07,287000,274000,6.031,30,313,1726.43,0.739,371000,0
M0108400,C0108400,2023-03-26,438000,403000,6.644,15,139,3850.21,0.482,836000,0
M0108401,C0108401,2024-10-04,218000,213000,3.866,30,337,1023.99,0.775,275000,0
M0108402,C0108402,2020-04-30,124000,115000,7.225,30,284,843.8,0.714,161000,0
M0108403,C0108403,2023-08-08,308000,297000,7.085,30,323,2066.74,0.711,418000,0
M0108404,C0108404,2025-03-11,480000,472000,6.619,30,342,3071.59,0.543,869000,0
M0108405,C0108405,2019-10-01,368000,338000,6.892,30,277,2421.68,0.706,479000,0
M0108406,C0108406,2024-12-12,401000,393000,5.084,30,340,2173.29,0.605,650000,0
M0108407,C0108407,2020-01-28,529000,488000,4.623,30,281,2719.16,0.682,716000,0
M0108408,C0108408,2024-11-19,723000,692000,5.593,15,159,5943.25,0.574,1205000,0
M0108409,C0108409,2023-03-20,85000,78000,5.831,15,139,709.54,0.569,137000,0
M0108410,C0108410,2022-07-29,169000,161000,4.812,30,311,887.91,0.641,251000,0
M0108411,C0108411,2024-05-10,356000,337000,6.148,15,152,3032.67,0.564,598000,0
M0108412,C0108412,2022-03-29,376000,337000,7.051,15,127,3390.32,0.606,556000,1
M0108413,C0108413,2022-04-06,151000,143000,6.485,30,307,952.93,0.504,284000,0
M0108414,C0108414,2020-07-05,222000,206000,5.552,30,286,1267.74,0.477,432000,0
M0108415,C0108415,2023-02-28,775000,743000,2.816,30,318,3191.03,0.585,1270000,0
M0108416,C0108416,2020-06-10,275000,255000,3.81,30,285,1282.95,0.691,369000,0
M0108417,C0108417,2021-03-08,364000,341000,5.397,30,294,2043.29,0.628,543000,0
M0108418,C0108418,2020-11-06,802000,747000,6.206,30,290,4915.12,0.499,1496000,1
M0108419,C0108419,2021-12-02,344000,325000,3.936,30,303,1629.64,0.671,484000,0
M0108420,C0108420,2024-08-11,486000,474000,5.605,30,335,2791.56,0.725,654000,0
M0108421,C0108421,2021-09-25,436000,386000,6.282,15,121,3745.97,0.449,860000,0
M0108422,C0108422,2021-05-27,277000,260000,5.429,30,297,1560.46,0.564,461000,0
M0108423,C0108423,2023-06-15,269000,259000,4.817,30,322,1414.12,0.604,429000,0
M0108424,C0108424,2021-11-15,592000,559000,3.869,30,303,2781.77,0.486,1150000,0
M0108425,C0108425,2021-12-30,326000,308000,6.35,30,304,2028.49,0.571,539000,0
M0108426,C0108426,2021-11-06,198000,176000,4.78,15,122,1543.17,0.548,321000,0
M0108427,C0108427,2021-07-24,563000,529000,7.311,30,299,3863.97,0.637,831000,0
M0108428,C0108428,2021-09-02,80000,75000,5.695,30,300,464.07,0.532,141000,0
M0108429,C0108429,2021-10-23,722000,681000,5.906,30,302,4285.22,0.528,1289000,0
M0108430,C0108430,2023-10-12,299000,289000,6.416,30,326,1873.4,0.715,404000,0
M0108431,C0108431,2021-07-11,329000,309000,5.099,30,298,1786.1,0.512,604000,0
M0108432,C0108432,2024-10-19,342000,334000,6.017,30,338,2054.2,0.617,541000,0
M0108433,C0108433,2020-05-11,638000,591000,4.79,30,284,3343.51,0.592,998000,0
M0108434,C0108434,2020-12-08,358000,334000,4.619,30,291,1839.33,0.484,690000,0
M0108435,C0108435,2024-02-02,324000,314000,4.497,30,329,1641.08,0.709,443000,0
M0108436,C0108436,2025-04-04,204000,201000,4.962,30,343,1090.38,0.609,330000,0
M0108437,C0108437,2024-10-04,229000,224000,7.764,30,337,1642.8,0.615,364000,0
M0108438,C0108438,2021-08-06,452000,398000,4.506,15,119,3459.16,0.518,769000,0
M0108439,C0108439,2025-06-28,366000,361000,6.175,30,346,2235.7,0.696,519000,0
M0108440,C0108440,2025-02-07,762000,748000,5.25,30,341,4207.79,0.684,1094000,0
M0108441,C0108441,2021-07-01,218000,205000,4.25,30,298,1072.43,0.73,281000,0
M0108442,C0108442,2022-10-03,184000,167000,6.371,15,133,1589.82,0.488,342000,0
M0108443,C0108443,2023-09-08,381000,368000,4.946,30,324,2032.73,0.732,503000,0
M0108444,C0108444,2024-01-15,314000,304000,5.009,30,329,1687.35,0.566,537000,0
M0108445,C0108445,2022-08-31,180000,163000,6.691,15,132,1586.95,0.712,229000,0
M0108446,C0108446,2023-11-26,253000,245000,5.212,30,327,1391.13,0.572,428000,0
M0108447,C0108447,2025-04-04,466000,458000,5.746,30,343,2718.27,0.692,662000,0
M0108448,C0108448,2022-12-21,169000,162000,5.469,30,316,956.28,0.547,296000,0
M0108449,C0108449,2020-02-21,186000,172000,5.397,30,282,1044.1,0.506,340000,0
M0108450,C0108450,2022-08-15,228000,217000,4.048,30,312,1094.83,0.48,452000,0
M0108451,C0108451,2022-03-03,230000,218000,6.444,30,306,1445.3,0.524,416000,0
M0108452,C0108452,2023-09-15,487000,470000,5.744,30,325,2840.14,0.493,954000,0
M0108453,C0108453,2024-12-12,248000,243000,6.395,30,340,1550.44,0.503,483000,0
M0108454,C0108454,2021-03-24,741000,646000,5.627,15,115,6104.64,0.596,1083000,0
M0108455,C0108455,2023-04-06,195000,187000,6.662,30,319,1253.38,0.619,302000,0
M0108456,C0108456,2025-03-25,393000,380000,5.667,15,163,3246.07,0.62,613000,0
M0108457,C0108457,2023-10-27,321000,310000,7.009,30,326,2137.56,0.639,485000,0
M0108458,C0108458,2025-06-27,328000,323000,4.504,30,346,1662.71,0.546,592000,0
M0108459,C0108459,2020-07-01,96000,82000,4.63,15,106,740.79,0.554,148000,0
M0108460,C0108460,2019-10-06,189000,174000,7.466,30,277,1317.12,0.474,367000,0
M0108461,C0108461,2020-06-11,301000,279000,6.41,30,285,1884.74,0.556,502000,0
M0108462,C0108462,2020-10-26,122000,114000,7.552,30,290,857.39,0.633,180000,0
M0108463,C0108463,2020-12-15,80000,75000,6.174,30,292,488.63,0.497,151000,0
M0108464,C0108464,2022-11-14,177000,161000,5.194,15,135,1417.66,0.516,312000,0
M0108465,C0108465,2023-05-15,388000,373000,7.554,30,321,2727.31,0.646,577000,0
M0108466,C0108466,2025-03-22,416000,409000,3.5,30,343,1868.03,0.512,799000,0
M0108467,C0108467,2020-01-16,178000,164000,6.38,30,281,1111.07,0.582,282000,0
M0108468,C0108468,2025-08-07,296000,292000,2.8,30,347,1216.25,0.741,394000,0
M0108469,C0108469,2024-01-18,405000,392000,7.157,30,329,2737.31,0.52,754000,0
M0108470,C0108470,2023-02-12,636000,609000,4.37,30,318,3173.58,0.538,1131000,0
M0108471,C0108471,2021-09-24,623000,587000,5.163,30,301,3406.74,0.737,797000,0
M0108472,C0108472,2019-09-17,517000,475000,4.436,30,277,2599.94,0.68,699000,0
M0108473,C0108473,2022-07-23,250000,238000,6.151,30,311,1523.23,0.496,480000,0
M0108474,C0108474,2020-10-20,320000,298000,5.297,30,290,1776.38,0.727,410000,0
M0108475,C0108475,2023-01-27,340000,326000,7.02,30,317,2266.6,0.577,565000,0
M0108476,C0108476,2019-10-07,294000,270000,4.775,30,277,1538.08,0.709,381000,0
M0108477,C0108477,2024-07-26,165000,161000,4.201,30,335,806.97,0.521,309000,0
M0108478,C0108478,2023-04-03,674000,620000,4.982,15,139,5323.63,0.672,922000,0
M0108479,C0108479,2024-04-04,407000,395000,7.302,30,331,2790.83,0.571,692000,0
M0108480,C0108480,2024-02-05,506000,491000,6.647,30,329,3247.34,0.488,1007000,0
M0108481,C0108481,2020-10-08,456000,424000,6.772,30,289,2964.28,0.532,797000,0
M0108482,C0108482,2021-06-07,264000,248000,4.894,30,297,1400.16,0.605,410000,0
M0108483,C0108483,2021-09-08,155000,137000,4.048,15,120,1150.25,0.581,236000,0
M0108484,C0108484,2025-03-04,477000,469000,7.064,30,342,3194.02,0.501,937000,0
M0108485,C0108485,2020-02-11,462000,427000,3.985,30,282,2201.67,0.547,781000,0
M0108486,C0108486,2020-01-13,379000,350000,5.507,30,281,2153.59,0.462,757000,0
M0108487,C0108487,2021-08-11,961000,904000,4.768,30,299,5023.46,0.726,1246000,0
M0108488,C0108488,2023-04-04,247000,237000,5.583,30,319,1415.33,0.516,459000,0
M0108489,C0108489,2025-05-01,280000,276000,3.62,30,344,1276.16,0.71,389000,0
M0108490,C0108490,2023-01-05,363000,347000,6.436,30,316,2279.15,0.634,547000,0
M0108491,C0108491,2024-12-31,256000,251000,7.008,30,340,1704.55,0.564,445000,1
M0108492,C0108492,2021-10-14,291000,274000,6.649,30,302,1867.93,0.507,540000,0
M0108493,C0108493,2021-05-11,549000,515000,4.276,30,296,2709.11,0.56,920000,0
M0108494,C0108494,2025-04-05,237000,233000,5.978,30,343,1417.58,0.74,315000,0
M0108495,C0108495,2024-03-11,245000,238000,5.312,30,330,1362.32,0.775,307000,0
M0108496,C0108496,2021-10-23,437000,387000,5.499,15,122,3570.42,0.465,832000,0
M0108497,C0108497,2024-03-16,169000,164000,7.325,30,331,1161.49,0.667,246000,0
M0108498,C0108498,2020-07-29,315000,293000,5.021,30,287,1695.03,0.531,552000,0
M0108499,C0108499,2023-04-06,306000,294000,6.247,30,319,1883.5,0.524,561000,0
M0108500,C0108500,2021-08-29,448000,422000,3.58,30,300,2031.78,0.53,796000,0
M0108501,C0108501,2021-03-24,490000,459000,5.579,30,295,2806.5,0.706,650000,0
M0108502,C0108502,2022-01-28,303000,287000,6.524,30,305,1919.95,0.517,555000,0
M0108503,C0108503,2021-11-12,314000,296000,5.335,30,303,1750.49,0.491,603000,0
M0108504,C0108504,2022-04-03,322000,305000,6.176,30,307,1967.14,0.513,594000,0
M0108505,C0108505,2024-07-13,281000,274000,4.608,30,335,1441.87,0.597,459000,0
M0108506,C0108506,2023-12-07,625000,605000,4.987,30,327,3350.17,0.691,875000,0
M0108507,C0108507,2020-04-28,421000,390000,5.352,30,284,2351.45,0.539,724000,0
M0108508,C0108508,2023-08-02,617000,595000,4.903,30,323,3275.71,0.543,1095000,0
M0108509,C0108509,2019-11-13,211000,194000,6.488,30,279,1332.0,0.632,307000,0
M0108510,C0108510,2022-03-31,613000,549000,6.702,15,127,5408.19,0.517,1061000,0
M0108511,C0108511,2020-12-12,348000,301000,6.212,15,112,2976.63,0.454,663000,0
M0108512,C0108512,2024-04-25,461000,448000,2.8,30,332,1894.22,0.633,708000,0
M0108513,C0108513,2024-07-16,126000,123000,5.15,30,335,687.99,0.591,208000,0
M0108514,C0108514,2023-05-29,739000,711000,6.426,30,321,4635.08,0.538,1321000,0
M0108515,C0108515,2020-12-08,408000,381000,5.32,30,291,2270.71,0.517,737000,0
M0108516,C0108516,2021-07-31,832000,782000,5.255,30,299,4596.91,0.542,1442000,0
M0108517,C0108517,2022-07-27,571000,544000,6.529,30,311,3620.01,0.579,940000,0
M0108518,C0108518,2024-08-11,118000,112000,6.585,15,155,1033.43,0.533,210000,0
M0108519,C0108519,2025-07-11,701000,691000,6.158,30,346,4274.32,0.523,1321000,0
M0108520,C0108520,2024-12-04,360000,353000,3.863,30,339,1690.38,0.51,692000,0
M0108521,C0108521,2021-09-11,452000,426000,4.269,30,301,2228.6,0.6,710000,0
M0108522,C0108522,2019-12-18,430000,396000,5.933,30,280,2559.57,0.516,767000,1
M0108523,C0108523,2019-11-03,312000,287000,3.212,30,278,1351.35,0.592,485000,0
M0108524,C0108524,2021-02-08,268000,251000,7.304,30,293,1838.06,0.494,508000,0
M0108525,C0108525,2023-02-09,466000,447000,5.65,30,317,2689.92,0.512,873000,0
M0108526,C0108526,2021-05-22,216000,203000,4.726,30,297,1123.64,0.518,392000,0
M0108527,C0108527,2025-04-26,332000,327000,4.915,30,344,1765.04,0.609,537000,0
M0108528,C0108528,2023-08-02,661000,637000,6.828,30,323,4321.56,0.583,1093000,0
M0108529,C0108529,2024-04-24,178000,173000,4.114,30,332,861.54,0.526,329000,0
M0108530,C0108530,2019-11-09,297000,273000,3.385,30,278,1314.67,0.715,382000,0
M0108531,C0108531,2022-05-07,588000,558000,4.407,30,308,2946.91,0.566,985000,0
M0108532,C0108532,2020-01-25,218000,201000,5.825,30,281,1282.59,0.644,312000,0
M0108533,C0108533,2020-12-14,126000,118000,7.262,30,292,860.57,0.551,214000,0
M0108534,C0108534,2021-04-20,122000,107000,6.839,15,116,1085.62,0.546,196000,0
M0108535,C0108535,2024-08-01,259000,253000,5.02,30,335,1393.54,0.565,448000,0
M0108536,C0108536,2025-03-26,761000,748000,5.811,30,343,4470.52,0.744,1005000,0
M0108537,C0108537,2024-05-19,224000,218000,5.883,30,333,1326.19,0.5,436000,0
M0108538,C0108538,2020-09-30,284000,264000,5.744,30,289,1656.26,0.551,479000,0
M0108539,C0108539,2020-03-02,337000,311000,3.334,30,282,1482.23,0.627,496000,0
M0108540,C0108540,2021-07-03,570000,535000,5.155,30,298,3114.11,0.508,1053000,0
M0108541,C0108541,2020-05-30,503000,466000,6.369,30,285,3136.09,0.526,886000,0
M0108542,C0108542,2025-04-02,304000,294000,7.552,15,163,2827.11,0.61,482000,0
M0108543,C0108543,2020-03-16,442000,409000,5.938,30,283,2632.42,0.634,645000,0
M0108544,C0108544,2025-01-19,557000,546000,6.702,30,341,3594.94,0.658,830000,0
M0108545,C0108545,2024-08-23,144000,137000,6.471,15,156,1252.1,0.737,186000,0
M0108546,C0108546,2020-09-21,271000,233000,5.082,15,109,2154.64,0.559,417000,0
M0108547,C0108547,2020-02-08,180000,152000,4.031,15,101,1334.24,0.517,294000,0
M0108548,C0108548,2024-09-30,228000,223000,6.745,30,337,1478.05,0.52,429000,0
M0108549,C0108549,2023-08-29,454000,438000,7.538,30,324,3186.26,0.556,788000,0
M0108550,C0108550,2020-09-28,180000,168000,5.036,30,289,970.24,0.661,254000,0
M0108551,C0108551,2022-08-07,1040000,990000,6.811,30,311,6787.64,0.482,2052000,0
M0108552,C0108552,2023-04-10,456000,438000,5.665,30,319,2636.52,0.678,646000,0
M0108553,C0108553,2022-12-17,245000,234000,3.982,30,316,1167.13,0.557,420000,0
M0108554,C0108554,2023-12-08,307000,297000,5.552,30,327,1753.14,0.647,459000,0
M0108555,C0108555,2019-11-01,172000,158000,4.875,30,278,910.24,0.684,231000,0
M0108556,C0108556,2022-07-18,157000,149000,5.987,30,311,939.98,0.509,293000,0
M0108557,C0108557,2024-02-14,270000,262000,5.939,30,330,1608.21,0.573,457000,0
M0108558,C0108558,2020-04-30,630000,583000,4.79,30,284,3301.58,0.563,1035000,0
M0108559,C0108559,2019-12-15,162000,137000,4.061,15,100,1203.25,0.573,239000,0
M0108560,C0108560,2025-04-24,607000,597000,4.996,30,344,3257.02,0.536,1113000,0
M0108561,C0108561,2019-12-12,299000,275000,7.205,30,280,2030.59,0.487,565000,0
M0108562,C0108562,2019-11-23,369000,340000,4.209,30,279,1806.41,0.491,693000,0
M0108563,C0108563,2020-03-12,340000,314000,6.297,30,283,2103.84,0.709,443000,0
M0108564,C0108564,2024-11-04,483000,473000,6.158,30,338,2945.07,0.7,676000,0
M0108565,C0108565,2023-07-22,567000,546000,4.893,30,323,3006.81,0.717,761000,0
M0108566,C0108566,2020-07-01,294000,273000,4.573,30,286,1502.43,0.628,435000,0
M0108567,C0108567,2023-06-13,423000,407000,6.153,30,322,2577.86,0.72,565000,0
M0108568,C0108568,2023-01-30,628000,575000,5.469,15,137,5120.96,0.662,868000,0
M0108569,C0108569,2024-06-22,492000,467000,4.946,15,154,3876.88,0.533,876000,0
M0108570,C0108570,2023-03-08,267000,245000,6.019,15,138,2255.84,0.524,468000,0
M0108571,C0108571,2022-11-05,297000,284000,7.289,30,314,2033.93,0.654,434000,0
M0108572,C0108572,2023-04-02,200000,192000,6.864,30,319,1312.39,0.513,374000,0
M0108573,C0108573,2024-03-16,813000,789000,5.641,30,331,4688.3,0.554,1424000,0
M0108574,C0108574,2025-03-02,382000,368000,2.8,15,162,2601.43,0.612,601000,0
M0108575,C0108575,2021-12-08,162000,153000,5.237,30,303,893.27,0.746,205000,0
M0108576,C0108576,2025-04-27,215000,212000,4.396,30,344,1076.13,0.565,375000,0
M0108577,C0108577,2020-06-29,304000,282000,5.276,30,286,1683.6,0.505,558000,0
M0108578,C0108578,2025-04-05,641000,630000,5.116,30,343,3486.61,0.693,909000,0
M0108579,C0108579,2020-01-02,298000,275000,5.153,30,280,1627.71,0.689,399000,0
M0108580,C0108580,2022-05-16,443000,421000,6.684,30,309,2853.88,0.64,658000,0
M0108581,C0108581,2023-01-27,229000,219000,5.25,30,317,1264.55,0.538,407000,0
M0108582,C0108582,2020-08-14,452000,388000,5.202,15,108,3622.13,0.435,891000,0
M0108583,C0108583,2023-02-09,628000,602000,6.024,30,317,3774.87,0.621,970000,0
M0108584,C0108584,2024-11-13,486000,476000,4.337,30,339,2415.65,0.523,910000,0
M0108585,C0108585,2022-08-12,96000,91000,5.128,30,312,522.88,0.52,175000,0
M0108586,C0108586,2022-10-08,304000,290000,3.993,30,313,1450.12,0.498,582000,0
M0108587,C0108587,2020-03-25,193000,178000,6.185,30,283,1180.19,0.528,337000,0
M0108588,C0108588,2022-08-07,458000,414000,5.755,15,131,3804.5,0.461,898000,0
M0108589,C0108589,2025-03-23,339000,333000,7.776,30,343,2434.73,0.507,657000,0
M0108590,C0108590,2023-09-01,771000,717000,3.703,15,144,5588.92,0.729,983000,1
M0108591,C0108591,2023-11-11,278000,269000,6.567,30,326,1769.42,0.591,455000,0
M0108592,C0108592,2024-05-10,340000,331000,3.571,30,332,1540.26,0.65,509000,0
M0108593,C0108593,2024-07-07,308000,300000,4.405,30,334,1543.25,0.516,581000,0
M0108594,C0108594,2025-03-23,469000,453000,3.14,15,163,3270.5,0.621,730000,0
M0108595,C0108595,2021-01-18,202000,189000,5.576,30,293,1156.58,0.483,391000,0
M0108596,C0108596,2023-04-28,199000,191000,5.8,30,320,1167.64,0.497,384000,0
M0108597,C0108597,2023-06-06,247000,228000,5.146,15,141,1972.1,0.606,376000,0
M0108598,C0108598,2023-02-05,439000,421000,3.096,30,317,1873.65,0.57,738000,0
M0108599,C0108599,2019-12-01,551000,507000,4.914,30,279,2928.99,0.724,700000,1
M0108600,C0108600,2021-07-01,313000,275000,5.642,15,118,2581.12,0.579,475000,0
M0108601,C0108601,2019-10-29,441000,406000,4.494,30,278,2232.91,0.528,769000,0
M0108602,C0108602,2022-02-06,423000,400000,5.469,30,305,2393.53,0.671,596000,0
M0108603,C0108603,2020-05-31,318000,295000,6.689,30,285,2049.66,0.678,435000,0
M0108604,C0108604,2020-02-23,315000,291000,4.869,30,282,1665.86,0.47,619000,0
M0108605,C0108605,2022-08-24,480000,457000,4.304,30,312,2376.51,0.564,810000,0
M0108606,C0108606,2022-09-30,854000,815000,5.411,30,313,4801.34,0.57,1429000,0
M0108607,C0108607,2020-02-12,537000,496000,7.497,30,282,3753.68,0.495,1002000,0
M0108608,C0108608,2021-05-15,598000,561000,6.056,30,297,3606.87,0.563,997000,0
M0108609,C0108609,2023-06-09,909000,874000,3.84,30,321,4256.28,0.554,1577000,0
M0108610,C0108610,2023-10-12,231000,223000,6.992,30,326,1535.61,0.652,342000,0
M0108611,C0108611,2023-05-05,465000,447000,5.044,30,320,2508.74,0.627,713000,0
M0108612,C0108612,2024-02-29,679000,659000,5.243,30,330,3746.52,0.667,988000,0
M0108613,C0108613,2022-11-11,524000,501000,4.082,30,315,2526.49,0.563,890000,0
M0108614,C0108614,2021-08-28,243000,229000,5.663,30,300,1404.68,0.556,412000,0
M0108615,C0108615,2021-07-08,220000,207000,3.35,30,298,969.57,0.685,302000,0
M0108616,C0108616,2025-06-11,742000,731000,4.261,30,345,3654.97,0.54,1353000,0
M0108617,C0108617,2025-04-25,403000,397000,6.169,30,344,2460.15,0.706,562000,0
M0108618,C0108618,2021-12-05,382000,361000,5.639,30,303,2202.39,0.536,674000,0
M0108619,C0108619,2022-06-26,331000,315000,4.671,30,310,1710.93,0.734,429000,0
M0108620,C0108620,2025-05-09,697000,686000,5.287,30,344,3864.85,0.508,1351000,0
M0108621,C0108621,2019-11-27,533000,491000,6.267,30,279,3287.67,0.712,690000,0
M0108622,C0108622,2019-11-01,299000,275000,5.921,30,278,1777.5,0.709,388000,0
M0108623,C0108623,2025-04-17,517000,500000,6.228,15,164,4426.68,0.735,680000,0
M0108624,C0108624,2025-08-30,358000,354000,4.193,30,348,1749.22,0.622,569000,0
M0108625,C0108625,2025-03-07,507000,498000,4.722,30,342,2636.2,0.591,843000,0
M0108626,C0108626,2021-10-16,646000,572000,7.629,15,122,6035.95,0.649,881000,0
M0108627,C0108627,2020-01-15,608000,561000,5.064,30,281,3287.7,0.509,1102000,0
M0108628,C0108628,2023-04-07,138000,132000,4.994,30,319,740.31,0.714,185000,0
M0108629,C0108629,2020-09-17,424000,394000,5.635,30,289,2443.46,0.476,828000,0
M0108630,C0108630,2024-06-08,686000,668000,5.743,30,333,4000.26,0.618,1081000,0
M0108631,C0108631,2025-09-10,229000,226000,4.403,30,348,1147.15,0.595,380000,0
M0108632,C0108632,2022-10-21,886000,846000,2.8,30,314,3640.52,0.524,1616000,1
M0108633,C0108633,2022-12-28,447000,428000,5.146,30,316,2439.64,0.511,837000,0
M0108634,C0108634,2019-09-21,529000,443000,5.479,15,97,4316.48,0.453,977000,0
M0108635,C0108635,2023-11-04,529000,494000,3.554,15,146,3795.77,0.621,795000,0
M0108636,C0108636,2023-02-08,167000,160000,5.793,30,317,979.13,0.53,302000,0
M0108637,C0108637,2024-09-10,539000,526000,5.869,30,336,3186.32,0.742,709000,1
M0108638,C0108638,2023-04-18,419000,402000,6.57,30,320,2667.68,0.558,721000,0
M0108639,C0108639,2025-05-20,262000,258000,4.292,30,345,1295.33,0.648,398000,0
M0108640,C0108640,2023-08-22,738000,712000,5.904,30,324,4379.24,0.764,932000,0
M0108641,C0108641,2024-03-13,127000,123000,6.107,30,331,770.19,0.526,234000,0
M0108642,C0108642,2023-06-07,241000,232000,7.126,30,321,1623.82,0.504,460000,0
M0108643,C0108643,2021-10-13,678000,639000,6.437,30,302,4257.37,0.701,912000,0
M0108644,C0108644,2020-12-28,543000,507000,6.662,30,292,3490.18,0.68,746000,0
M0108645,C0108645,2023-11-16,250000,242000,5.668,30,327,1445.94,0.718,337000,0
M0108646,C0108646,2020-06-15,230000,213000,5.003,30,286,1235.11,0.463,460000,0
M0108647,C0108647,2023-11-08,302000,292000,6.897,30,326,1988.37,0.749,390000,0
M0108648,C0108648,2025-03-24,399000,392000,4.104,30,343,1928.89,0.554,707000,0
M0108649,C0108649,2024-02-15,276000,259000,7.178,15,150,2508.31,0.734,353000,0
M0108650,C0108650,2024-04-04,330000,321000,6.371,30,331,2057.91,0.56,573000,0
M0108651,C0108651,2025-02-11,361000,354000,5.13,30,342,1966.71,0.496,714000,0
M0108652,C0108652,2021-09-29,293000,276000,3.752,30,301,1357.26,0.683,404000,0
M0108653,C0108653,2022-02-21,278000,263000,5.423,30,306,1565.05,0.536,491000,0
M0108654,C0108654,2023-11-13,194000,188000,4.801,30,327,1017.97,0.545,345000,0
M0108655,C0108655,2021-04-24,345000,323000,3.759,30,296,1599.51,0.626,516000,0
M0108656,C0108656,2024-05-16,341000,332000,4.871,30,333,1803.77,0.509,652000,0
M0108657,C0108657,2019-10-27,219000,201000,6.493,30,278,1383.22,0.518,388000,0
M0108658,C0108658,2023-08-08,402000,387000,5.489,30,323,2279.74,0.683,567000,0
M0108659,C0108659,2024-05-03,629000,612000,5.235,30,332,3467.52,0.717,853000,0
M0108660,C0108660,2021-03-20,360000,314000,3.775,15,115,2622.47,0.463,678000,0
M0108661,C0108661,2024-09-20,433000,413000,5.299,15,157,3491.96,0.747,553000,0
M0108662,C0108662,2019-12-12,572000,527000,7.231,30,280,3894.68,0.484,1088000,0
M0108663,C0108663,2021-06-16,343000,322000,5.541,30,298,1956.35,0.711,453000,0
M0108664,C0108664,2024-06-19,545000,531000,5.102,30,334,2959.75,0.512,1038000,0
M0108665,C0108665,2023-10-05,110000,102000,6.323,15,145,947.55,0.642,159000,0
M0108666,C0108666,2019-11-25,245000,226000,6.892,30,279,1612.26,0.497,455000,0
M0108667,C0108667,2022-08-25,201000,192000,7.019,30,312,1339.82,0.478,402000,0
M0108668,C0108668,2022-05-29,706000,671000,5.879,30,309,4178.06,0.651,1031000,0
M0108669,C0108669,2021-06-13,479000,450000,3.694,30,298,2203.13,0.498,903000,0
M0108670,C0108670,2024-02-28,191000,185000,6.591,30,330,1218.7,0.526,352000,0
M0108671,C0108671,2023-03-08,214000,205000,5.068,30,318,1157.71,0.52,394000,0
M0108672,C0108672,2023-03-07,176000,169000,4.921,30,318,936.33,0.643,263000,0
M0108673,C0108673,2023-06-21,411000,396000,4.429,30,322,2065.17,0.515,769000,0
M0108674,C0108674,2023-10-24,384000,371000,6.097,30,326,2326.28,0.493,752000,0
M0108675,C0108675,2023-01-23,282000,270000,6.553,30,317,1792.27,0.761,355000,0
M0108676,C0108676,2020-12-22,225000,210000,4.765,30,292,1175.74,0.504,417000,0
M0108677,C0108677,2022-12-16,343000,328000,6.207,30,316,2102.33,0.727,451000,0
M0108678,C0108678,2025-03-03,1265000,1242000,6.709,30,342,8170.32,0.699,1777000,0
M0108679,C0108679,2025-09-10,288000,285000,5.903,30,348,1708.79,0.645,442000,0
M0108680,C0108680,2025-07-27,618000,610000,5.501,30,347,3509.32,0.496,1230000,0
M0108681,C0108681,2024-07-25,300000,293000,5.332,30,335,1671.88,0.545,538000,0
M0108682,C0108682,2021-02-17,566000,493000,4.778,15,114,4410.71,0.437,1128000,0
M0108683,C0108683,2022-01-16,471000,445000,6.337,30,305,2926.73,0.612,727000,0
M0108684,C0108684,2023-08-09,343000,318000,6.753,15,143,3035.81,0.517,615000,0
M0108685,C0108685,2025-08-04,480000,474000,5.645,30,347,2769.21,0.564,841000,0
M0108686,C0108686,2023-09-23,634000,590000,5.011,15,145,5017.27,0.742,795000,0
M0108687,C0108687,2024-01-15,360000,349000,6.041,30,329,2167.88,0.735,475000,0
M0108688,C0108688,2022-09-19,318000,303000,4.507,30,313,1612.58,0.756,401000,0
M0108689,C0108689,2023-01-21,486000,465000,6.883,30,317,3195.27,0.597,779000,0
M0108690,C0108690,2024-08-30,787000,768000,6.756,30,336,5107.61,0.58,1324000,0
M0108691,C0108691,2023-01-18,174000,167000,6.047,30,317,1048.48,0.749,223000,0
M0108692,C0108692,2024-12-21,185000,178000,5.029,15,160,1465.76,0.669,266000,0
M0108693,C0108693,2025-05-30,707000,686000,5.289,15,165,5697.92,0.528,1300000,0
M0108694,C0108694,2020-02-27,266000,246000,3.586,30,282,1207.27,0.689,357000,0
M0108695,C0108695,2020-06-12,649000,602000,4.657,30,286,3349.21,0.526,1145000,0
M0108696,C0108696,2019-09-24,249000,229000,6.308,30,277,1542.54,0.578,396000,0
M0108697,C0108697,2025-02-25,276000,271000,4.649,30,342,1422.99,0.749,362000,1
M0108698,C0108698,2021-08-19,586000,551000,8.0,30,300,4299.86,0.522,1056000,0
M0108699,C0108699,2020-06-12,503000,466000,4.954,30,286,2686.09,0.492,948000,0
M0108700,C0108700,2023-04-15,198000,190000,4.48,30,320,1000.89,0.581,327000,0
M0108701,C0108701,2019-10-04,470000,432000,5.871,30,277,2779.03,0.554,780000,0
M0108702,C0108702,2019-11-26,249000,229000,5.92,30,279,1480.1,0.711,322000,0
M0108703,C0108703,2024-08-16,433000,423000,7.002,30,336,2881.34,0.498,850000,0
M0108704,C0108704,2020-07-02,359000,333000,5.218,30,286,1975.3,0.486,685000,0
M0108705,C0108705,2025-04-10,320000,315000,4.523,30,343,1625.77,0.494,638000,0
M0108706,C0108706,2024-10-06,256000,250000,4.859,30,337,1352.29,0.541,462000,0
M0108707,C0108707,2024-12-20,151000,148000,6.824,30,340,986.82,0.571,259000,0
M0108708,C0108708,2019-10-24,254000,234000,7.305,30,278,1742.21,0.483,484000,0
M0108709,C0108709,2020-08-01,493000,423000,4.844,15,107,3858.67,0.439,963000,0
M0108710,C0108710,2024-01-08,438000,424000,5.335,30,328,2441.76,0.499,850000,0
M0108711,C0108711,2019-11-13,230000,212000,7.021,30,279,1533.44,0.721,294000,0
M0108712,C0108712,2024-12-05,606000,594000,6.309,30,339,3754.53,0.536,1109000,0
M0108713,C0108713,2022-02-24,419000,397000,4.853,30,306,2211.79,0.62,640000,0
M0108714,C0108714,2020-07-06,477000,443000,4.194,30,286,2330.94,0.499,887000,0
M0108715,C0108715,2020-01-07,209000,193000,4.756,30,280,1091.0,0.712,271000,0
M0108716,C0108716,2024-05-15,865000,842000,6.405,30,333,5413.46,0.593,1420000,0
M0108717,C0108717,2021-01-30,447000,418000,3.829,30,293,2090.22,0.471,887000,0
M0108718,C0108718,2021-08-02,758000,713000,5.694,30,299,4396.55,0.553,1290000,0
M0108719,C0108719,2022-04-15,257000,231000,5.068,15,128,2041.45,0.696,332000,0
M0108720,C0108720,2020-11-13,141000,131000,4.665,30,291,728.32,0.471,278000,0
M0108721,C0108721,2020-03-19,220000,203000,4.935,30,283,1172.28,0.63,322000,0
M0108722,C0108722,2024-10-24,593000,580000,6.433,30,338,3722.07,0.503,1154000,0
M0108723,C0108723,2022-11-21,200000,191000,6.056,30,315,1206.31,0.673,284000,0
M0108724,C0108724,2024-06-08,743000,723000,6.609,30,333,4749.65,0.601,1202000,1
M0108725,C0108725,2023-03-25,246000,226000,4.575,15,139,1891.33,0.683,331000,0
M0108726,C0108726,2023-06-06,428000,412000,3.624,30,321,1951.66,0.504,818000,0
M0108727,C0108727,2021-05-19,397000,372000,5.672,30,297,2297.15,0.536,694000,0
M0108728,C0108728,2022-01-01,302000,285000,5.455,30,304,1706.21,0.709,402000,0
M0108729,C0108729,2021-03-17,303000,284000,4.931,30,295,1613.82,0.497,571000,0
M0108730,C0108730,2021-06-18,215000,202000,3.292,30,298,940.66,0.471,429000,0
M0108731,C0108731,2023-07-28,939000,905000,6.418,30,323,5884.57,0.491,1845000,0
M0108732,C0108732,2021-11-02,457000,431000,2.8,30,302,1877.79,0.735,586000,0
M0108733,C0108733,2022-11-05,156000,149000,6.252,30,314,960.72,0.517,288000,0
M0108734,C0108734,2022-06-24,179000,170000,6.202,30,310,1096.55,0.489,348000,0
M0108735,C0108735,2024-05-27,460000,448000,6.133,30,333,2797.39,0.488,918000,0
M0108736,C0108736,2024-01-17,350000,339000,5.396,30,329,1964.48,0.495,685000,0
M0108737,C0108737,2024-12-23,142000,139000,2.967,30,340,596.15,0.513,271000,0
M0108738,C0108738,2024-09-27,1254000,1225000,3.702,30,337,5773.37,0.507,2418000,0
M0108739,C0108739,2023-08-03,87000,84000,4.549,30,323,443.35,0.683,123000,0
M0108740,C0108740,2024-08-02,279000,272000,7.502,30,335,1951.19,0.495,549000,0
M0108741,C0108741,2022-09-28,355000,339000,6.519,30,313,2248.28,0.522,649000,0
M0108742,C0108742,2021-05-25,250000,219000,5.268,15,117,2012.06,0.592,370000,0
M0108743,C0108743,2024-10-02,539000,515000,4.793,15,157,4204.48,0.6,858000,0
M0108744,C0108744,2024-06-11,455000,443000,5.613,30,333,2615.79,0.654,677000,0
M0108745,C0108745,2024-09-20,378000,369000,6.399,30,337,2364.16,0.552,669000,0
M0108746,C0108746,2020-10-31,340000,317000,5.798,30,290,1994.53,0.694,457000,0
M0108747,C0108747,2024-12-14,461000,442000,3.937,15,160,3395.43,0.647,683000,0
M0108748,C0108748,2020-02-29,317000,293000,7.046,30,282,2118.81,0.516,568000,0
M0108749,C0108749,2020-06-12,165000,141000,5.997,15,106,1392.1,0.464,304000,0
M0108750,C0108750,2023-05-21,571000,549000,4.911,30,321,3034.27,0.592,927000,0
M0108751,C0108751,2021-07-14,845000,794000,5.856,30,299,4988.24,0.55,1444000,0
M0108752,C0108752,2024-08-09,367000,358000,6.803,30,335,2393.3,0.538,665000,0
M0108753,C0108753,2024-10-28,371000,363000,5.892,30,338,2198.64,0.609,596000,0
M0108754,C0108754,2021-09-24,346000,326000,5.953,30,301,2064.0,0.549,594000,0
M0108755,C0108755,2021-09-24,182000,171000,7.155,30,301,1229.86,0.698,245000,0
M0108756,C0108756,2023-11-20,268000,259000,4.782,30,327,1403.19,0.491,527000,0
M0108757,C0108757,2022-10-14,525000,501000,4.416,30,314,2633.96,0.676,741000,0
M0108758,C0108758,2022-07-20,400000,381000,4.984,30,311,2143.38,0.6,635000,0
M0108759,C0108759,2022-04-22,831000,788000,6.427,30,308,5212.65,0.491,1605000,0
M0108760,C0108760,2023-12-29,512000,496000,6.554,30,328,3254.39,0.63,787000,0
M0108761,C0108761,2020-09-23,288000,268000,5.678,30,289,1667.54,0.66,406000,0
M0108762,C0108762,2022-01-29,494000,467000,4.568,30,305,2523.02,0.502,931000,0
M0108763,C0108763,2022-11-04,320000,291000,7.458,15,134,2958.81,0.68,428000,0
M0108764,C0108764,2022-08-01,155000,148000,4.223,30,311,760.06,0.512,289000,0
M0108765,C0108765,2023-12-21,596000,577000,4.996,30,328,3198.0,0.717,805000,0
M0108766,C0108766,2023-08-25,455000,439000,4.725,30,324,2366.64,0.76,578000,0
M0108767,C0108767,2021-01-07,1538000,1436000,6.667,30,292,9890.73,0.664,2163000,0
M0108768,C0108768,2024-11-29,270000,264000,5.305,30,339,1500.16,0.653,404000,0
M0108769,C0108769,2024-09-27,510000,498000,7.31,30,337,3499.88,0.629,792000,0
M0108770,C0108770,2024-09-07,244000,238000,6.381,30,336,1523.2,0.528,451000,0
M0108771,C0108771,2020-02-25,229000,212000,4.476,30,282,1157.05,0.486,436000,0
M0108772,C0108772,2020-11-03,1134000,1057000,5.151,30,290,6192.64,0.615,1718000,0
M0108773,C0108773,2020-01-20,126000,116000,4.913,30,281,669.71,0.671,173000,0
M0108774,C0108774,2023-10-25,347000,335000,7.022,30,326,2313.73,0.625,536000,0
M0108775,C0108775,2023-08-18,842000,812000,6.431,30,324,5283.86,0.527,1541000,0
M0108776,C0108776,2024-01-05,163000,153000,3.755,15,148,1185.78,0.477,321000,0
M0108777,C0108777,2021-01-24,273000,237000,6.078,15,113,2315.25,0.588,403000,0
M0108778,C0108778,2021-02-25,554000,482000,5.431,15,114,4506.38,0.683,706000,0
M0108779,C0108779,2020-03-02,193000,164000,4.097,15,102,1437.0,0.446,368000,0
M0108780,C0108780,2023-12-28,415000,402000,4.59,30,328,2124.99,0.646,622000,0
M0108781,C0108781,2020-03-08,237000,219000,5.262,30,282,1310.48,0.533,411000,0
M0108782,C0108782,2020-01-01,687000,633000,3.065,30,280,2920.56,0.679,932000,0
M0108783,C0108783,2025-01-04,675000,662000,5.743,30,340,3936.12,0.616,1074000,0
M0108784,C0108784,2023-08-13,277000,267000,5.593,30,324,1588.98,0.612,436000,0
M0108785,C0108785,2024-09-09,84000,82000,5.22,30,336,462.29,0.573,143000,0
M0108786,C0108786,2019-10-27,455000,419000,5.54,30,278,2594.87,0.538,779000,0
M0108787,C0108787,2022-10-04,587000,560000,5.251,30,313,3241.8,0.599,935000,0
M0108788,C0108788,2025-08-16,457000,451000,4.264,30,348,2251.91,0.498,906000,0
M0108789,C0108789,2022-05-21,429000,407000,4.795,30,309,2249.52,0.48,848000,0
M0108790,C0108790,2024-08-14,402000,392000,4.645,30,336,2071.66,0.694,565000,0
M0108791,C0108791,2023-08-20,297000,286000,6.193,30,324,1817.68,0.607,471000,1
M0108792,C0108792,2022-04-01,240000,228000,4.328,30,307,1191.64,0.598,381000,0
M0108793,C0108793,2025-03-28,358000,346000,4.892,15,163,2810.94,0.62,558000,0
M0108794,C0108794,2020-03-23,311000,288000,5.529,30,283,1771.49,0.725,397000,0
M0108795,C0108795,2023-02-14,492000,471000,3.823,30,318,2298.96,0.563,837000,0
M0108796,C0108796,2021-10-27,228000,215000,4.999,30,302,1223.81,0.648,332000,0
M0108797,C0108797,2024-01-05,281000,272000,5.525,30,328,1599.9,0.768,354000,0
M0108798,C0108798,2021-02-02,362000,338000,5.67,30,293,2094.17,0.531,637000,0
M0108799,C0108799,2023-01-05,237000,227000,5.872,30,316,1401.49,0.504,450000,0
M0108800,C0108800,2022-08-08,172000,164000,4.649,30,311,886.79,0.749,219000,0
M0108801,C0108801,2024-01-22,477000,462000,4.285,30,329,2356.34,0.518,892000,0
M0108802,C0108802,2024-07-28,180000,176000,4.973,30,335,963.31,0.571,308000,0
M0108803,C0108803,2023-01-31,379000,363000,5.701,30,317,2199.96,0.638,569000,0
M0108804,C0108804,2023-10-14,450000,419000,5.168,15,146,3598.08,0.551,761000,0
M0108805,C0108805,2022-03-04,702000,665000,4.259,30,306,3457.12,0.58,1146000,0
M0108806,C0108806,2022-02-28,1093000,1035000,7.924,30,306,7962.21,0.546,1895000,0
M0108807,C0108807,2023-07-15,667000,642000,4.618,30,323,3426.52,0.587,1093000,0
M0108808,C0108808,2024-11-21,242000,237000,4.029,30,339,1159.39,0.622,381000,0
M0108809,C0108809,2024-06-07,297000,289000,4.725,30,333,1544.82,0.767,377000,0
M0108810,C0108810,2024-01-28,401000,389000,6.45,30,329,2521.42,0.64,608000,0
M0108811,C0108811,2023-04-27,334000,321000,6.126,30,320,2029.64,0.645,498000,0
M0108812,C0108812,2021-03-07,372000,348000,7.463,30,294,2591.66,0.668,521000,0
M0108813,C0108813,2024-02-19,642000,623000,4.387,30,330,3209.96,0.662,941000,0
M0108814,C0108814,2021-04-09,367000,344000,5.167,30,295,2007.76,0.474,725000,0
M0108815,C0108815,2025-04-24,544000,535000,6.614,30,344,3479.34,0.695,770000,0
M0108816,C0108816,2021-10-13,195000,184000,4.346,30,302,970.27,0.713,258000,0
M0108817,C0108817,2021-11-23,438000,389000,6.775,15,123,3881.98,0.468,832000,0
M0108818,C0108818,2020-12-09,149000,139000,5.538,30,291,849.56,0.57,244000,0
M0108819,C0108819,2021-11-23,601000,567000,4.622,30,303,3088.9,0.486,1166000,0
M0108820,C0108820,2023-10-20,313000,292000,3.612,15,146,2254.84,0.73,400000,0
M0108821,C0108821,2023-10-16,172000,166000,6.075,30,326,1039.54,0.58,286000,0
M0108822,C0108822,2020-11-04,298000,278000,7.124,30,290,2007.48,0.63,441000,0
M0108823,C0108823,2019-12-12,435000,401000,5.874,30,280,2572.91,0.608,660000,0
M0108824,C0108824,2022-08-24,185000,176000,5.936,30,312,1101.57,0.527,334000,0
M0108825,C0108825,2020-12-19,221000,206000,5.79,30,292,1295.32,0.516,399000,0
M0108826,C0108826,2019-10-16,281000,236000,6.515,15,98,2450.13,0.523,451000,0
M0108827,C0108827,2020-04-14,520000,481000,6.849,30,284,3407.0,0.724,664000,0
M0108828,C0108828,2025-06-28,125000,123000,2.8,30,346,513.62,0.504,244000,0
M0108829,C0108829,2022-11-18,431000,412000,5.148,30,315,2352.84,0.762,541000,0
M0108830,C0108830,2022-02-02,302000,286000,4.82,30,305,1588.14,0.575,497000,0
M0108831,C0108831,2022-07-22,586000,558000,5.708,30,311,3404.12,0.68,821000,0
M0108832,C0108832,2022-03-05,419000,397000,5.064,30,306,2265.7,0.585,679000,0
M0108833,C0108833,2021-07-20,676000,635000,5.99,30,299,4048.62,0.718,885000,0
M0108834,C0108834,2024-04-30,421000,398000,5.867,15,152,3522.46,0.747,533000,0
M0108835,C0108835,2022-03-04,187000,177000,3.392,30,306,828.48,0.503,352000,0
M0108836,C0108836,2021-09-11,425000,400000,3.106,30,301,1816.21,0.666,601000,0
M0108837,C0108837,2021-09-09,438000,412000,6.332,30,300,2720.24,0.653,631000,0
M0108838,C0108838,2022-03-10,242000,217000,4.586,15,126,1861.94,0.709,306000,0
M0108839,C0108839,2023-02-07,261000,239000,7.391,15,137,2403.36,0.493,485000,0
M0108840,C0108840,2023-07-23,102000,98000,6.438,30,323,640.56,0.573,171000,0
M0108841,C0108841,2024-11-25,492000,482000,3.534,30,339,2218.65,0.527,914000,0
M0108842,C0108842,2021-02-22,317000,296000,4.623,30,294,1629.44,0.591,501000,0
M0108843,C0108843,2020-10-29,255000,238000,5.764,30,290,1490.38,0.54,441000,0
M0108844,C0108844,2019-10-14,205000,188000,5.009,30,278,1101.61,0.558,337000,0
M0108845,C0108845,2023-05-17,265000,255000,5.309,30,321,1473.04,0.525,486000,0
M0108846,C0108846,2024-06-05,422000,411000,4.281,30,333,2083.65,0.646,636000,0
M0108847,C0108847,2022-01-18,371000,351000,5.88,30,305,2195.79,0.708,496000,0
M0108848,C0108848,2022-02-05,287000,272000,5.522,30,305,1633.52,0.665,409000,0
M0108849,C0108849,2023-06-26,183000,176000,6.331,30,322,1136.42,0.577,305000,0
M0108850,C0108850,2023-08-23,285000,275000,5.447,30,324,1608.73,0.661,416000,0
M0108851,C0108851,2022-10-22,222000,212000,4.808,30,314,1165.83,0.695,305000,0
M0108852,C0108852,2023-02-26,302000,290000,5.651,30,318,1743.44,0.502,578000,0
M0108853,C0108853,2021-11-12,459000,433000,5.899,30,303,2722.2,0.632,685000,0
M0108854,C0108854,2021-05-10,257000,241000,5.502,30,296,1459.54,0.735,328000,0
M0108855,C0108855,2022-03-25,775000,735000,6.851,30,307,5078.78,0.564,1303000,0
M0108856,C0108856,2021-08-03,252000,237000,4.306,30,299,1247.96,0.52,456000,0
M0108857,C0108857,2024-11-07,142000,139000,6.499,30,338,897.44,0.709,196000,0
M0108858,C0108858,2023-10-28,300000,290000,4.159,30,326,1459.88,0.595,487000,0
M0108859,C0108859,2024-04-14,248000,241000,6.218,30,332,1521.82,0.73,330000,0
M0108860,C0108860,2020-11-28,1846000,1721000,3.24,30,291,8023.78,0.668,2576000,0
M0108861,C0108861,2024-08-27,266000,253000,5.171,15,156,2127.28,0.659,384000,0
M0108862,C0108862,2020-06-29,156000,145000,6.549,30,286,991.06,0.503,288000,0
M0108863,C0108863,2022-03-30,335000,318000,5.044,30,307,1807.37,0.685,464000,0
M0108864,C0108864,2024-08-25,302000,295000,5.386,30,336,1693.18,0.741,398000,0
M0108865,C0108865,2023-05-01,183000,176000,5.79,30,320,1072.59,0.629,280000,0
M0108866,C0108866,2025-05-13,392000,386000,2.929,30,345,1637.72,0.496,779000,0
M0108867,C0108867,2024-03-21,435000,422000,5.81,30,331,2555.15,0.586,720000,0
M0108868,C0108868,2022-02-02,341000,323000,4.432,30,305,1714.05,0.576,561000,0
M0108869,C0108869,2025-06-07,287000,283000,6.515,30,345,1816.87,0.534,530000,0
M0108870,C0108870,2022-07-24,273000,260000,5.363,30,311,1526.68,0.594,438000,0
M0108871,C0108871,2021-02-04,240000,224000,5.768,30,293,1403.32,0.521,430000,0
M0108872,C0108872,2024-03-30,173000,168000,4.156,30,331,841.56,0.747,225000,0
M0108873,C0108873,2025-05-16,689000,678000,6.339,30,345,4282.25,0.675,1004000,0
M0108874,C0108874,2021-12-17,1109000,1048000,5.423,30,304,6243.31,0.602,1740000,0
M0108875,C0108875,2023-06-01,196000,181000,3.793,15,141,1429.54,0.616,294000,0
M0108876,C0108876,2023-03-29,242000,232000,4.886,30,319,1282.3,0.751,309000,0
M0108877,C0108877,2022-12-18,191000,174000,6.183,15,136,1630.71,0.561,310000,0
M0108878,C0108878,2022-03-03,512000,485000,5.591,30,306,2936.38,0.654,742000,0
M0108879,C0108879,2022-12-24,197000,188000,6.223,30,316,1209.51,0.603,312000,0
M0108880,C0108880,2023-11-17,465000,450000,5.042,30,327,2508.17,0.51,882000,0
M0108881,C0108881,2024-11-12,406000,397000,6.773,30,339,2639.52,0.731,543000,0
M0108882,C0108882,2019-10-18,304000,280000,6.991,30,278,2020.68,0.566,495000,0
M0108883,C0108883,2021-06-11,647000,607000,3.511,30,297,2909.29,0.614,989000,0
M0108884,C0108884,2021-09-21,275000,243000,6.088,15,121,2333.7,0.597,407000,0
M0108885,C0108885,2024-05-02,328000,319000,7.105,30,332,2205.37,0.629,507000,0
M0108886,C0108886,2025-07-31,178000,176000,5.967,30,347,1063.43,0.739,238000,0
M0108887,C0108887,2021-12-04,97000,92000,5.395,30,303,544.38,0.564,163000,0
M0108888,C0108888,2020-04-14,557000,515000,3.983,30,284,2653.75,0.585,881000,0
M0108889,C0108889,2023-06-07,241000,232000,5.099,30,321,1308.36,0.502,462000,0
M0108890,C0108890,2024-12-26,584000,572000,4.88,30,340,3092.35,0.76,753000,0
M0108891,C0108891,2022-07-28,275000,262000,6.409,30,311,1721.76,0.537,488000,0
M0108892,C0108892,2019-10-13,310000,285000,6.536,30,278,1966.76,0.72,396000,0
M0108893,C0108893,2022-12-26,363000,347000,5.258,30,316,2006.3,0.597,581000,0
M0108894,C0108894,2023-09-01,250000,241000,4.396,30,324,1251.31,0.638,378000,0
M0108895,C0108895,2019-12-20,146000,135000,3.1,30,280,623.44,0.655,206000,0
M0108896,C0108896,2024-04-04,212000,206000,6.088,30,331,1283.07,0.488,422000,0
M0108897,C0108897,2023-08-15,204000,197000,5.995,30,324,1222.43,0.588,335000,0
M0108898,C0108898,2024-03-28,322000,313000,3.143,30,331,1382.52,0.502,623000,0
M0108899,C0108899,2024-10-11,573000,560000,6.013,30,338,3440.22,0.586,955000,0
M0108900,C0108900,2020-05-19,228000,211000,6.4,30,285,1426.15,0.469,450000,0
M0108901,C0108901,2023-07-14,312000,300000,2.8,30,323,1281.99,0.489,613000,0
M0108902,C0108902,2020-11-27,369000,344000,4.332,30,291,1833.02,0.717,480000,0
M0108903,C0108903,2022-09-15,220000,210000,8.0,30,313,1614.28,0.656,320000,0
M0108904,C0108904,2021-05-01,397000,372000,5.525,30,296,2260.35,0.485,767000,0
M0108905,C0108905,2025-04-19,568000,559000,7.971,30,344,4156.31,0.659,848000,0
M0108906,C0108906,2022-04-12,399000,378000,5.712,30,308,2318.83,0.587,644000,0
M0108907,C0108907,2020-03-10,320000,296000,6.682,30,282,2061.07,0.653,453000,0
M0108908,C0108908,2019-10-11,215000,180000,5.136,15,97,1715.48,0.447,403000,0
M0108909,C0108909,2024-07-03,309000,301000,4.739,30,334,1609.84,0.647,465000,0
M0108910,C0108910,2021-02-08,225000,210000,3.718,30,293,1037.93,0.553,380000,0
M0108911,C0108911,2020-02-12,244000,207000,6.072,15,102,2068.51,0.525,394000,0
M0108912,C0108912,2021-04-19,308000,269000,4.544,15,116,2363.11,0.504,534000,0
M0108913,C0108913,2023-04-10,295000,283000,4.425,30,319,1481.6,0.552,513000,0
M0108914,C0108914,2024-11-24,549000,537000,3.766,30,339,2547.49,0.702,765000,0
M0108915,C0108915,2022-05-14,244000,232000,5.522,30,309,1388.77,0.665,349000,0
M0108916,C0108916,2025-07-17,398000,393000,6.325,30,347,2470.0,0.663,593000,0
M0108917,C0108917,2021-08-08,260000,245000,5.226,30,299,1431.87,0.51,480000,0
M0108918,C0108918,2023-03-27,208000,200000,5.131,30,319,1133.3,0.615,325000,0
M0108919,C0108919,2025-04-22,444000,437000,7.173,30,344,3005.71,0.572,764000,0
M0108920,C0108920,2021-06-23,404000,379000,3.716,30,298,1863.2,0.615,616000,0
M0108921,C0108921,2023-03-20,243000,233000,7.483,30,319,1696.26,0.766,304000,0
M0108922,C0108922,2022-09-03,80000,72000,4.009,15,132,592.11,0.545,132000,0
M0108923,C0108923,2024-01-04,574000,538000,5.364,15,148,4648.74,0.617,872000,0
M0108924,C0108924,2023-02-04,483000,463000,5.902,30,317,2865.47,0.511,906000,0
M0108925,C0108925,2024-09-07,584000,570000,6.574,30,336,3719.74,0.521,1094000,0
M0108926,C0108926,2024-07-26,600000,585000,3.738,30,335,2774.61,0.56,1044000,0
M0108927,C0108927,2021-09-07,330000,311000,5.68,30,300,1911.14,0.712,437000,0
M0108928,C0108928,2020-09-16,266000,247000,4.821,30,289,1398.99,0.535,462000,0
M0108929,C0108929,2024-09-14,134000,131000,6.592,30,337,855.09,0.618,212000,0
M0108930,C0108930,2024-09-23,351000,343000,4.808,30,337,1843.27,0.498,689000,0
M0108931,C0108931,2022-03-15,262000,248000,3.366,30,307,1156.99,0.578,429000,1
M0108932,C0108932,2022-05-08,222000,211000,5.901,30,308,1316.91,0.657,321000,0
M0108933,C0108933,2023-05-10,166000,153000,5.464,15,140,1353.19,0.543,282000,0
M0108934,C0108934,2019-10-07,196000,180000,7.451,30,277,1363.89,0.554,325000,0
M0108935,C0108935,2019-11-05,167000,154000,6.557,30,278,1061.82,0.606,254000,0
M0108936,C0108936,2021-11-10,538000,508000,4.532,30,302,2736.21,0.533,953000,0
M0108937,C0108937,2020-04-05,573000,530000,6.569,30,283,3647.79,0.569,931000,0
M0108938,C0108938,2022-12-17,226000,216000,5.606,30,316,1298.27,0.602,359000,0
M0108939,C0108939,2025-08-26,605000,590000,6.284,15,168,5198.63,0.494,1195000,0
M0108940,C0108940,2025-01-21,345000,332000,4.666,15,161,2668.59,0.583,569000,0
M0108941,C0108941,2020-11-01,683000,636000,5.082,30,290,3700.8,0.574,1108000,0
M0108942,C0108942,2024-12-11,442000,433000,6.215,30,340,2711.42,0.527,822000,0
M0108943,C0108943,2024-09-07,450000,439000,6.303,30,336,2786.26,0.539,814000,0
M0108944,C0108944,2021-08-11,370000,348000,3.182,30,299,1596.49,0.696,500000,0
M0108945,C0108945,2022-11-16,228000,218000,6.137,30,315,1387.12,0.586,372000,0
M0108946,C0108946,2024-04-04,169000,164000,4.571,30,331,863.44,0.651,252000,0
M0108947,C0108947,2020-10-29,363000,313000,5.758,15,110,3015.94,0.498,629000,0
M0108948,C0108948,2021-05-21,312000,293000,3.68,30,297,1432.56,0.614,477000,0
M0108949,C0108949,2023-12-22,1202000,1164000,6.471,30,328,7574.55,0.56,2077000,0
M0108950,C0108950,2024-06-16,476000,464000,6.243,30,334,2928.65,0.603,769000,0
M0108951,C0108951,2021-04-18,215000,201000,4.592,30,296,1101.16,0.579,347000,0
M0108952,C0108952,2024-04-13,314000,305000,5.942,30,332,1870.9,0.494,618000,0
M0108953,C0108953,2024-04-02,273000,265000,5.459,30,331,1543.05,0.502,528000,0
M0108954,C0108954,2020-05-31,321000,297000,6.165,30,285,1958.74,0.466,638000,0
M0108955,C0108955,2020-06-18,170000,158000,3.978,30,286,809.45,0.536,295000,0
M0108956,C0108956,2019-11-03,516000,475000,4.166,30,278,2513.1,0.516,921000,0
M0108957,C0108957,2023-01-24,269000,258000,4.695,30,317,1394.33,0.688,375000,0
M0108958,C0108958,2021-04-28,455000,426000,5.444,30,296,2567.48,0.72,592000,0
M0108959,C0108959,2024-07-02,242000,236000,7.295,30,334,1658.26,0.682,346000,0
M0108960,C0108960,2019-10-05,269000,247000,5.69,30,277,1559.57,0.608,406000,0
M0108961,C0108961,2025-05-18,441000,434000,6.54,30,345,2799.03,0.751,578000,0
M0108962,C0108962,2020-07-22,116000,108000,4.536,30,287,590.24,0.59,183000,0
M0108963,C0108963,2022-01-22,537000,508000,4.87,30,305,2840.22,0.606,838000,0
M0108964,C0108964,2020-01-27,683000,630000,4.757,30,281,3565.73,0.54,1166000,0
M0108965,C0108965,2021-08-08,677000,637000,5.282,30,299,3751.85,0.493,1291000,0
M0108966,C0108966,2024-07-17,231000,225000,6.233,30,335,1419.75,0.506,445000,0
M0108967,C0108967,2021-08-13,381000,358000,5.131,30,300,2075.9,0.542,660000,0
M0108968,C0108968,2021-03-30,262000,245000,5.167,30,295,1433.33,0.484,506000,0
M0108969,C0108969,2022-09-18,156000,149000,6.139,30,313,949.29,0.674,221000,0
M0108970,C0108970,2022-03-04,343000,325000,4.943,30,306,1829.37,0.57,570000,0
M0108971,C0108971,2023-04-13,158000,152000,4.648,30,320,814.52,0.502,303000,0
M0108972,C0108972,2024-02-01,442000,415000,5.131,15,149,3525.54,0.481,863000,0
M0108973,C0108973,2021-12-26,494000,467000,7.507,30,304,3456.49,0.474,986000,0
M0108974,C0108974,2022-09-03,625000,596000,6.469,30,312,3937.69,0.513,1161000,0
M0108975,C0108975,2025-07-01,423000,417000,7.587,30,346,2982.92,0.758,550000,0
M0108976,C0108976,2021-02-25,267000,250000,4.067,30,294,1285.03,0.508,492000,0
M0108977,C0108977,2024-04-05,298000,290000,5.929,30,331,1773.08,0.727,399000,0
M0108978,C0108978,2025-06-02,349000,344000,5.09,30,345,1892.75,0.531,648000,0
M0108979,C0108979,2024-03-01,681000,661000,5.156,30,330,3720.96,0.707,935000,0
M0108980,C0108980,2020-05-04,685000,634000,3.805,30,284,3193.76,0.514,1234000,0
M0108981,C0108981,2021-01-11,314000,293000,6.93,30,293,2074.31,0.494,593000,0
M0108982,C0108982,2023-02-28,536000,514000,3.716,30,318,2471.97,0.709,725000,0
M0108983,C0108983,2023-01-19,253000,231000,6.479,15,137,2200.98,0.72,321000,0
M0108984,C0108984,2023-02-15,408000,391000,5.067,30,318,2206.97,0.526,743000,1
M0108985,C0108985,2025-06-03,275000,271000,4.498,30,345,1393.06,0.587,462000,0
M0108986,C0108986,2023-07-17,370000,356000,4.449,30,323,1863.54,0.637,559000,0
M0108987,C0108987,2020-04-30,217000,185000,5.555,15,104,1779.41,0.554,334000,0
M0108988,C0108988,2021-12-04,161000,152000,5.097,30,303,873.85,0.717,212000,0
M0108989,C0108989,2023-05-22,176000,169000,5.505,30,321,999.86,0.528,320000,0
M0108990,C0108990,2019-10-12,439000,404000,3.316,30,278,1926.49,0.478,845000,0
M0108991,C0108991,2025-03-27,188000,185000,3.229,30,343,816.02,0.714,259000,0
M0108992,C0108992,2020-07-08,276000,236000,3.497,15,106,1972.67,0.513,460000,0
M0108993,C0108993,2023-03-10,512000,491000,6.383,30,318,3196.89,0.526,933000,0
M0108994,C0108994,2022-09-05,574000,547000,7.093,30,312,3854.75,0.641,854000,0
M0108995,C0108995,2020-01-02,201000,185000,5.21,30,280,1104.95,0.47,394000,0
M0108996,C0108996,2020-02-09,99000,91000,6.318,30,281,613.95,0.623,146000,0
M0108997,C0108997,2020-11-21,219000,204000,5.881,30,291,1296.31,0.47,434000,0
M0108998,C0108998,2022-07-11,362000,344000,6.786,30,310,2356.59,0.714,482000,0
M0108999,C0108999,2022-02-20,458000,434000,6.826,30,306,2993.75,0.733,592000,0
M0109000,C0109000,2020-04-11,182000,168000,4.14,30,283,883.65,0.571,294000,0
M0109001,C0109001,2021-02-22,135000,126000,5.712,30,294,784.57,0.737,171000,0
M0109002,C0109002,2023-11-20,208000,201000,6.442,30,327,1306.78,0.523,384000,0
M0109003,C0109003,2022-08-08,253000,241000,6.447,30,311,1590.32,0.531,454000,0
M0109004,C0109004,2020-10-15,931000,867000,6.344,30,290,5789.37,0.74,1171000,0
M0109005,C0109005,2020-11-16,346000,323000,5.464,30,291,1956.74,0.708,456000,0
M0109006,C0109006,2023-11-26,453000,438000,6.244,30,327,2787.43,0.607,722000,0
M0109007,C0109007,2020-08-28,568000,528000,3.937,30,288,2691.13,0.47,1124000,0
M0109008,C0109008,2022-04-21,262000,235000,3.991,15,128,1936.8,0.48,490000,0
M0109009,C0109009,2023-09-04,345000,333000,7.159,30,324,2332.25,0.635,524000,0
M0109010,C0109010,2022-09-29,372000,355000,6.697,30,313,2399.69,0.643,552000,0
M0109011,C0109011,2023-01-10,444000,425000,7.241,30,316,3026.15,0.533,798000,0
M0109012,C0109012,2025-04-01,307000,302000,5.331,30,343,1710.7,0.665,454000,0
M0109013,C0109013,2024-05-04,552000,522000,4.425,15,152,4201.64,0.532,981000,0
M0109014,C0109014,2024-11-16,569000,557000,5.294,30,339,3157.56,0.764,729000,0
M0109015,C0109015,2021-08-03,284000,267000,7.632,30,299,2011.5,0.503,531000,0
M0109016,C0109016,2023-03-14,479000,459000,4.578,30,319,2449.27,0.69,665000,0
M0109017,C0109017,2024-11-15,398000,390000,5.309,30,339,2212.34,0.644,606000,1
M0109018,C0109018,2022-02-14,1240000,1108000,6.839,15,126,11034.16,0.5,2214000,0
M0109019,C0109019,2022-11-13,513000,490000,5.589,30,315,2941.47,0.676,725000,0
M0109020,C0109020,2021-08-23,398000,375000,5.073,30,300,2154.34,0.472,795000,0
M0109021,C0109021,2019-11-26,247000,227000,6.331,30,279,1533.86,0.61,372000,0
M0109022,C0109022,2019-10-16,195000,164000,4.975,15,98,1539.51,0.503,326000,0
M0109023,C0109023,2022-11-26,427000,389000,6.025,15,135,3609.04,0.481,809000,0
M0109024,C0109024,2025-07-04,140000,138000,2.844,30,346,578.53,0.498,277000,0
M0109025,C0109025,2025-04-15,738000,714000,3.573,15,164,5302.33,0.502,1423000,0
M0109026,C0109026,2024-11-12,117000,115000,5.243,30,339,645.57,0.509,226000,0
M0109027,C0109027,2025-08-02,196000,193000,6.968,30,347,1299.78,0.548,352000,0
M0109028,C0109028,2021-11-01,540000,509000,5.32,30,302,3005.36,0.711,716000,0
M0109029,C0109029,2020-01-01,322000,272000,5.443,15,100,2621.28,0.59,461000,0
M0109030,C0109030,2021-03-05,359000,336000,5.775,30,294,2100.73,0.532,631000,0
M0109031,C0109031,2021-06-16,232000,218000,5.047,30,298,1252.1,0.54,404000,0
M0109032,C0109032,2023-10-13,307000,297000,3.73,30,326,1418.28,0.56,530000,0
M0109033,C0109033,2021-06-10,461000,433000,6.258,30,297,2840.86,0.698,620000,0
M0109034,C0109034,2022-08-08,216000,206000,5.792,30,311,1266.29,0.66,312000,0
M0109035,C0109035,2023-06-24,287000,276000,5.877,30,322,1698.08,0.56,493000,0
M0109036,C0109036,2025-05-14,329000,324000,4.274,30,345,1623.11,0.615,527000,0
M0109037,C0109037,2022-09-10,286000,273000,7.179,30,312,1937.27,0.553,494000,0
M0109038,C0109038,2023-03-02,477000,457000,5.028,30,318,2568.81,0.667,685000,0
M0109039,C0109039,2022-05-08,412000,391000,7.073,30,308,2761.27,0.575,680000,0
M0109040,C0109040,2022-11-24,311000,297000,3.179,30,315,1341.4,0.752,395000,0
M0109041,C0109041,2021-02-05,140000,131000,5.031,30,293,754.2,0.728,180000,0
M0109042,C0109042,2020-04-14,592000,548000,7.175,30,284,4008.41,0.626,875000,0
M0109043,C0109043,2022-08-23,207000,187000,5.343,15,132,1674.17,0.716,261000,0
M0109044,C0109044,2023-08-29,797000,769000,2.8,30,324,3274.83,0.622,1237000,0
M0109045,C0109045,2023-11-10,215000,208000,4.444,30,326,1082.23,0.65,320000,0
M0109046,C0109046,2020-05-30,372000,317000,5.808,15,105,3100.69,0.525,604000,0
M0109047,C0109047,2022-07-03,450000,406000,7.079,15,130,4064.63,0.684,594000,0
M0109048,C0109048,2019-11-14,297000,273000,5.184,30,279,1627.93,0.578,472000,0
M0109049,C0109049,2021-08-12,383000,360000,6.705,30,300,2472.69,0.683,527000,0
M0109050,C0109050,2022-03-15,285000,270000,5.934,30,307,1696.64,0.6,450000,0
M0109051,C0109051,2025-05-08,843000,830000,5.047,30,344,4549.65,0.703,1180000,0
M0109052,C0109052,2021-04-18,363000,340000,6.366,30,296,2262.51,0.536,634000,0
M0109053,C0109053,2022-11-09,309000,295000,6.557,30,314,1964.69,0.683,432000,0
M0109054,C0109054,2025-01-21,370000,363000,5.184,30,341,2028.05,0.769,472000,0
M0109055,C0109055,2023-08-19,577000,556000,4.709,30,324,2995.66,0.485,1146000,0
M0109056,C0109056,2022-12-22,398000,381000,3.721,30,316,1836.66,0.54,705000,0
M0109057,C0109057,2020-04-28,359000,332000,5.96,30,284,2143.16,0.505,658000,0
M0109058,C0109058,2021-11-17,160000,151000,4.866,30,303,845.86,0.733,206000,0
M0109059,C0109059,2023-05-15,584000,561000,6.075,30,321,3529.58,0.551,1019000,0
M0109060,C0109060,2019-10-27,390000,359000,5.822,30,278,2293.8,0.558,643000,0
M0109061,C0109061,2021-12-04,262000,247000,5.887,30,303,1551.84,0.486,508000,0
M0109062,C0109062,2019-11-15,386000,355000,5.319,30,279,2148.03,0.519,684000,0
M0109063,C0109063,2022-12-19,657000,628000,4.097,30,316,3173.47,0.68,923000,0
M0109064,C0109064,2020-08-05,469000,402000,6.02,15,107,3962.76,0.625,643000,0
M0109065,C0109065,2020-10-26,877000,817000,6.422,30,290,5498.33,0.656,1245000,0
M0109066,C0109066,2021-05-28,507000,444000,8.0,15,117,4845.16,0.513,865000,0
M0109067,C0109067,2020-02-14,125000,115000,4.847,30,282,659.39,0.581,198000,0
M0109068,C0109068,2022-05-21,616000,585000,4.348,30,309,3065.8,0.483,1212000,0
M0109069,C0109069,2025-03-12,137000,132000,4.216,15,162,1028.27,0.532,248000,0
M0109070,C0109070,2023-06-08,644000,620000,5.445,30,321,3634.37,0.718,863000,0
M0109071,C0109071,2025-07-30,510000,503000,6.383,30,347,3184.41,0.502,1001000,0
M0109072,C0109072,2024-02-13,759000,736000,6.48,30,330,4787.42,0.533,1380000,0
M0109073,C0109073,2021-06-21,409000,384000,7.226,30,298,2783.45,0.738,520000,0
M0109074,C0109074,2024-12-06,378000,370000,5.924,30,339,2247.86,0.508,728000,0
M0109075,C0109075,2021-11-29,609000,541000,4.181,15,123,4560.14,0.51,1061000,0
M0109076,C0109076,2021-11-19,182000,162000,5.764,15,123,1512.71,0.583,278000,0
M0109077,C0109077,2022-05-16,334000,317000,3.191,30,309,1442.8,0.735,431000,0
M0109078,C0109078,2021-07-22,292000,274000,5.119,30,299,1588.82,0.506,541000,0
M0109079,C0109079,2023-02-11,264000,253000,5.033,30,318,1422.54,0.68,372000,0
M0109080,C0109080,2021-09-28,246000,232000,6.006,30,301,1475.84,0.589,394000,0
M0109081,C0109081,2021-03-14,355000,309000,5.984,15,115,2992.62,0.443,698000,0
M0109082,C0109082,2022-03-14,469000,444000,4.687,30,307,2428.75,0.52,854000,0
M0109083,C0109083,2021-06-23,689000,605000,4.719,15,118,5348.25,0.527,1149000,0
M0109084,C0109084,2021-02-09,284000,265000,5.571,30,293,1625.19,0.609,435000,0
M0109085,C0109085,2023-03-14,273000,262000,6.024,30,319,1640.99,0.55,476000,1
M0109086,C0109086,2020-03-17,80000,74000,6.309,30,283,495.65,0.544,136000,0
M0109087,C0109087,2023-10-01,682000,659000,4.966,30,325,3646.97,0.674,978000,0
M0109088,C0109088,2025-05-09,166000,163000,5.446,30,344,936.91,0.531,307000,0
M0109089,C0109089,2019-12-06,417000,384000,4.354,30,279,2076.86,0.687,559000,0
M0109090,C0109090,2020-08-22,379000,325000,4.368,15,108,2873.82,0.609,534000,0
M0109091,C0109091,2023-04-07,538000,516000,3.374,30,319,2378.18,0.706,731000,0
M0109092,C0109092,2024-06-01,211000,205000,4.804,30,333,1107.55,0.569,360000,0
M0109093,C0109093,2024-06-11,437000,426000,6.907,30,333,2880.13,0.763,558000,0
M0109094,C0109094,2022-04-08,740000,702000,7.059,30,307,4952.6,0.482,1456000,0
M0109095,C0109095,2019-12-10,368000,339000,6.124,30,279,2235.77,0.536,632000,0
M0109096,C0109096,2023-10-22,211000,204000,6.606,30,326,1348.41,0.502,406000,0
M0109097,C0109097,2021-06-18,157000,147000,6.391,30,298,981.12,0.697,211000,0
M0109098,C0109098,2023-07-11,690000,664000,5.691,30,322,4000.83,0.684,971000,0
M0109099,C0109099,2022-05-08,263000,250000,2.82,30,308,1083.45,0.524,477000,0
M0109100,C0109100,2021-11-14,291000,275000,7.992,30,303,2133.63,0.502,548000,0
M0109101,C0109101,2021-02-03,1160000,1084000,5.272,30,293,6421.38,0.644,1684000,0
M0109102,C0109102,2021-04-22,520000,487000,5.266,30,296,2876.61,0.523,932000,0
M0109103,C0109103,2024-05-13,581000,565000,7.107,30,333,3907.25,0.516,1094000,0
M0109104,C0109104,2025-01-11,745000,731000,5.676,30,341,4312.66,0.665,1100000,0
M0109105,C0109105,2022-05-08,150000,142000,8.0,30,308,1100.65,0.626,227000,0
M0109106,C0109106,2023-04-08,706000,650000,4.586,15,139,5431.93,0.591,1099000,0
M0109107,C0109107,2024-01-21,756000,733000,6.64,30,329,4848.25,0.533,1376000,0
M0109108,C0109108,2024-07-06,262000,255000,5.23,30,334,1443.53,0.642,397000,0
M0109109,C0109109,2020-07-10,477000,408000,5.61,15,106,3925.39,0.644,634000,0
M0109110,C0109110,2025-03-11,532000,523000,4.531,30,342,2705.37,0.589,888000,0
M0109111,C0109111,2024-11-16,230000,225000,4.807,30,339,1207.7,0.758,297000,0
M0109112,C0109112,2023-08-21,518000,500000,6.919,30,324,3418.13,0.579,864000,0
M0109113,C0109113,2024-05-23,239000,233000,6.07,30,333,1443.7,0.662,352000,0
M0109114,C0109114,2025-04-16,1198000,1178000,5.966,30,344,7156.45,0.557,2116000,0
M0109115,C0109115,2024-03-27,355000,345000,3.704,30,331,1634.81,0.7,493000,0
M0109116,C0109116,2023-07-07,435000,419000,3.735,30,322,2010.85,0.532,788000,0
M0109117,C0109117,2023-01-27,145000,139000,4.485,30,317,733.4,0.493,282000,0
M0109118,C0109118,2022-07-14,400000,381000,5.064,30,311,2162.96,0.527,723000,0
M0109119,C0109119,2024-11-24,603000,590000,5.387,30,339,3381.14,0.663,890000,0
M0109120,C0109120,2019-10-31,210000,193000,5.848,30,278,1238.61,0.555,348000,0
M0109121,C0109121,2022-06-07,252000,239000,6.625,30,309,1613.58,0.504,474000,0
M0109122,C0109122,2023-04-16,230000,221000,7.117,30,320,1548.31,0.522,423000,0
M0109123,C0109123,2021-04-21,184000,161000,5.714,15,116,1524.41,0.676,238000,0
M0109124,C0109124,2020-02-02,171000,158000,4.569,30,281,873.46,0.712,222000,0
M0109125,C0109125,2025-08-25,548000,541000,6.302,30,348,3392.69,0.74,731000,0
M0109126,C0109126,2022-09-10,174000,166000,5.703,30,312,1010.23,0.599,277000,0
M0109127,C0109127,2020-05-17,134000,124000,6.013,30,285,804.52,0.667,186000,0
M0109128,C0109128,2024-04-13,251000,244000,6.827,30,332,1640.85,0.547,446000,0
M0109129,C0109129,2020-08-02,336000,312000,5.074,30,287,1818.95,0.483,646000,0
M0109130,C0109130,2022-02-25,438000,415000,7.102,30,306,2944.09,0.748,555000,0
M0109131,C0109131,2025-05-23,210000,207000,3.933,30,345,994.48,0.545,380000,0
M0109132,C0109132,2020-06-17,244000,226000,6.301,30,286,1510.45,0.724,312000,0
M0109133,C0109133,2025-04-15,430000,423000,4.784,30,344,2251.9,0.751,563000,0
M0109134,C0109134,2021-06-07,515000,483000,5.747,30,297,3004.42,0.596,811000,0
M0109135,C0109135,2022-04-04,610000,578000,5.862,30,307,3603.31,0.474,1220000,0
M0109136,C0109136,2020-12-11,417000,389000,5.114,30,292,2267.69,0.634,614000,0
M0109137,C0109137,2023-10-26,143000,138000,4.795,30,326,749.84,0.59,234000,0
M0109138,C0109138,2024-12-29,212000,208000,4.566,30,340,1082.5,0.495,420000,0
M0109139,C0109139,2022-10-03,614000,586000,5.816,30,313,3608.92,0.554,1057000,0
M0109140,C0109140,2021-03-24,794000,743000,6.198,30,295,4861.97,0.615,1209000,0
M0109141,C0109141,2022-04-18,314000,298000,7.503,30,308,2196.18,0.634,470000,0
M0109142,C0109142,2025-03-08,300000,295000,5.219,30,342,1650.86,0.674,438000,0
M0109143,C0109143,2021-11-15,199000,188000,3.811,30,303,928.5,0.72,261000,0
M0109144,C0109144,2023-04-19,667000,641000,6.02,30,320,4007.58,0.723,886000,0
M0109145,C0109145,2021-04-23,193000,181000,3.587,30,296,876.06,0.522,347000,0
M0109146,C0109146,2020-02-11,874000,807000,7.262,30,282,5969.34,0.554,1457000,0
M0109147,C0109147,2020-07-23,315000,292000,6.334,30,287,1956.75,0.689,424000,0
M0109148,C0109148,2019-09-14,213000,196000,4.391,30,277,1065.49,0.592,331000,0
M0109149,C0109149,2022-01-22,134000,127000,3.756,30,305,621.03,0.665,191000,0
M0109150,C0109150,2021-05-12,286000,268000,4.552,30,297,1457.97,0.6,447000,0
M0109151,C0109151,2025-01-24,308000,302000,6.084,30,341,1863.28,0.571,529000,0
M0109152,C0109152,2024-08-27,279000,272000,4.654,30,336,1439.3,0.725,375000,0
M0109153,C0109153,2024-11-17,329000,322000,6.318,30,339,2040.28,0.547,589000,0
M0109154,C0109154,2021-04-25,655000,614000,6.532,30,296,4153.84,0.733,838000,0
M0109155,C0109155,2022-01-06,447000,423000,4.871,30,304,2364.48,0.753,562000,0
M0109156,C0109156,2020-03-07,361000,334000,6.472,30,282,2275.12,0.49,681000,1
M0109157,C0109157,2021-06-12,580000,544000,6.829,30,298,3792.38,0.526,1035000,0
M0109158,C0109158,2020-06-17,207000,177000,6.122,15,106,1760.46,0.651,272000,0
M0109159,C0109159,2021-03-05,468000,408000,6.1,15,114,3974.58,0.673,606000,0
M0109160,C0109160,2021-12-05,464000,438000,4.881,30,303,2457.22,0.505,868000,0
M0109161,C0109161,2022-08-03,694000,661000,7.734,30,311,4964.23,0.723,914000,0
M0109162,C0109162,2024-11-20,165000,162000,4.42,30,339,828.21,0.544,298000,0
M0109163,C0109163,2022-02-05,213000,202000,5.013,30,305,1145.12,0.552,366000,0
M0109164,C0109164,2022-07-11,219000,198000,6.532,15,130,1911.58,0.481,412000,0
M0109165,C0109165,2019-11-08,416000,383000,5.086,30,278,2255.09,0.579,661000,0
M0109166,C0109166,2020-03-30,367000,339000,5.17,30,283,2008.44,0.549,618000,0
M0109167,C0109167,2023-08-11,435000,419000,4.003,30,323,2077.51,0.711,589000,0
M0109168,C0109168,2024-07-25,114000,111000,4.984,30,335,610.86,0.509,218000,0
M0109169,C0109169,2024-05-30,684000,648000,8.0,15,153,6536.66,0.623,1040000,0
M0109170,C0109170,2022-10-11,369000,352000,5.104,30,313,2004.39,0.672,524000,0
M0109171,C0109171,2019-11-20,432000,398000,6.907,30,279,2847.18,0.724,550000,0
M0109172,C0109172,2020-07-10,394000,337000,4.951,15,106,3105.68,0.538,626000,0
M0109173,C0109173,2020-03-09,239000,221000,4.328,30,282,1186.68,0.739,299000,0
M0109174,C0109174,2024-04-23,425000,413000,4.643,30,332,2189.67,0.567,728000,0
M0109175,C0109175,2025-08-27,340000,332000,6.298,15,168,2924.14,0.542,613000,0
M0109176,C0109176,2021-08-29,338000,318000,3.099,30,300,1443.13,0.705,451000,0
M0109177,C0109177,2023-04-15,419000,402000,7.375,30,320,2893.93,0.6,670000,0
M0109178,C0109178,2022-12-01,311000,297000,6.025,30,315,1869.6,0.599,496000,0
M0109179,C0109179,2021-04-16,166000,145000,5.089,15,116,1320.43,0.647,224000,0
M0109180,C0109180,2019-10-07,299000,275000,4.627,30,277,1537.64,0.564,488000,0
M0109181,C0109181,2024-08-19,739000,721000,4.926,30,336,3933.76,0.559,1289000,0
M0109182,C0109182,2022-01-17,249000,235000,6.766,30,305,1617.66,0.53,443000,0
M0109183,C0109183,2025-07-04,344000,339000,3.764,30,346,1595.85,0.732,463000,0
M0109184,C0109184,2022-09-10,497000,451000,5.439,15,132,4044.83,0.505,893000,0
M0109185,C0109185,2025-06-24,946000,933000,6.742,30,346,6130.71,0.564,1653000,0
M0109186,C0109186,2020-10-20,288000,268000,3.271,30,290,1256.72,0.682,393000,0
M0109187,C0109187,2022-04-24,177000,168000,4.809,30,308,929.62,0.677,248000,0
M0109188,C0109188,2024-02-28,459000,445000,3.835,30,330,2147.9,0.65,685000,0
M0109189,C0109189,2024-04-25,218000,212000,4.082,30,332,1051.1,0.539,393000,0
M0109190,C0109190,2021-10-10,380000,358000,5.738,30,301,2214.68,0.63,568000,0
M0109191,C0109191,2024-02-25,444000,431000,6.214,30,330,2723.4,0.534,807000,0
M0109192,C0109192,2023-05-21,258000,248000,5.049,30,321,1392.74,0.549,452000,0
M0109193,C0109193,2025-08-09,286000,282000,3.851,30,347,1340.95,0.549,514000,0
M0109194,C0109194,2023-08-10,494000,458000,4.548,15,143,3791.2,0.71,645000,0
M0109195,C0109195,2021-05-06,566000,531000,5.937,30,296,3370.56,0.593,895000,0
M0109196,C0109196,2025-05-10,335000,330000,5.461,30,344,1893.9,0.714,462000,0
M0109197,C0109197,2020-08-21,357000,332000,4.202,30,288,1746.21,0.711,467000,0
M0109198,C0109198,2024-01-30,187000,176000,4.963,15,149,1475.18,0.64,275000,0
M0109199,C0109199,2021-04-19,348000,326000,6.358,30,296,2167.2,0.542,602000,0
M0109200,C0109200,2024-11-10,269000,263000,5.721,30,338,1564.86,0.546,482000,0
M0109201,C0109201,2024-11-17,341000,334000,4.35,30,339,1697.54,0.508,658000,0
M0109202,C0109202,2020-06-25,666000,569000,5.781,15,106,5541.59,0.477,1192000,0
M0109203,C0109203,2019-12-16,187000,172000,4.882,30,280,990.41,0.699,246000,0
M0109204,C0109204,2024-02-04,590000,572000,4.789,30,329,3091.6,0.545,1050000,0
M0109205,C0109205,2019-12-05,361000,332000,5.645,30,279,2082.68,0.7,474000,0
M0109206,C0109206,2020-10-18,323000,301000,4.292,30,290,1596.92,0.498,605000,0
M0109207,C0109207,2024-02-22,212000,199000,5.016,15,150,1678.25,0.734,271000,0
M0109208,C0109208,2020-11-15,377000,351000,6.652,30,291,2420.71,0.56,627000,0
M0109209,C0109209,2019-10-21,971000,893000,8.0,30,278,7124.85,0.493,1811000,0
M0109210,C0109210,2023-11-20,92000,89000,3.615,30,327,419.05,0.636,140000,0
M0109211,C0109211,2023-01-13,123000,118000,4.534,30,317,625.71,0.615,192000,0
M0109212,C0109212,2023-12-20,300000,290000,6.743,30,328,1944.4,0.554,523000,0
M0109213,C0109213,2025-06-12,386000,380000,4.119,30,346,1869.4,0.66,576000,0
M0109214,C0109214,2020-02-04,524000,484000,5.359,30,281,2929.02,0.471,1027000,0
M0109215,C0109215,2022-03-31,411000,390000,7.477,30,307,2867.3,0.678,575000,0
M0109216,C0109216,2024-08-08,145000,141000,4.699,30,335,751.94,0.762,185000,0
M0109217,C0109217,2022-07-16,446000,424000,5.224,30,311,2455.65,0.486,872000,0
M0109218,C0109218,2021-01-07,301000,281000,4.084,30,292,1451.63,0.585,480000,0
M0109219,C0109219,2020-07-20,510000,473000,6.255,30,287,3141.82,0.499,947000,0
M0109220,C0109220,2021-01-07,229000,214000,3.532,30,292,1032.41,0.532,402000,0
M0109221,C0109221,2023-07-26,152000,146000,4.74,30,323,791.99,0.523,279000,0
M0109222,C0109222,2020-02-27,262000,242000,4.073,30,282,1261.88,0.61,397000,0
M0109223,C0109223,2021-02-06,419000,392000,5.147,30,293,2287.08,0.477,821000,0
M0109224,C0109224,2023-01-06,397000,380000,7.541,30,316,2787.04,0.661,575000,0
M0109225,C0109225,2020-12-24,331000,309000,5.925,30,292,1968.58,0.543,569000,0
M0109226,C0109226,2019-09-30,241000,221000,5.763,30,277,1408.4,0.557,397000,0
M0109227,C0109227,2025-06-27,307000,303000,5.825,30,346,1806.22,0.759,399000,0
M0109228,C0109228,2022-01-17,688000,651000,5.475,30,305,3895.6,0.509,1280000,0
M0109229,C0109229,2021-08-29,1174000,1105000,6.912,30,300,7741.39,0.714,1548000,0
M0109230,C0109230,2020-06-18,405000,376000,6.351,30,286,2520.32,0.508,740000,0
M0109231,C0109231,2022-10-27,547000,522000,4.069,30,314,2633.27,0.601,868000,0
M0109232,C0109232,2023-08-22,228000,220000,6.572,30,324,1451.93,0.546,403000,0
M0109233,C0109233,2024-06-25,645000,628000,5.759,30,334,3767.73,0.632,994000,0
M0109234,C0109234,2023-03-22,275000,264000,6.0,30,319,1648.76,0.549,481000,0
M0109235,C0109235,2023-03-14,174000,167000,3.29,30,319,761.08,0.555,301000,0
M0109236,C0109236,2020-09-19,583000,542000,5.501,30,289,3310.58,0.6,903000,0
M0109237,C0109237,2020-07-22,343000,318000,5.347,30,287,1914.72,0.491,648000,0
M0109238,C0109238,2022-08-30,658000,627000,4.738,30,312,3427.68,0.486,1289000,0
M0109239,C0109239,2021-07-24,495000,465000,6.68,30,299,3187.56,0.479,970000,0
M0109240,C0109240,2021-04-17,172000,161000,3.701,30,296,791.78,0.505,319000,0
M0109241,C0109241,2021-12-08,359000,339000,8.0,30,303,2634.21,0.683,496000,0
M0109242,C0109242,2021-03-13,209000,196000,4.271,30,295,1030.73,0.476,412000,0
M0109243,C0109243,2025-03-17,617000,606000,6.017,30,343,3705.97,0.584,1038000,0
M0109244,C0109244,2022-12-04,342000,327000,5.736,30,315,1992.78,0.677,483000,0
M0109245,C0109245,2021-09-12,236000,222000,6.785,30,301,1536.19,0.555,400000,0
M0109246,C0109246,2022-08-04,119000,113000,7.338,30,311,818.9,0.557,203000,0
M0109247,C0109247,2021-02-23,587000,549000,5.021,30,294,3158.68,0.595,923000,0
M0109248,C0109248,2023-10-20,276000,267000,5.693,30,326,1600.68,0.726,368000,0
M0109249,C0109249,2020-01-01,288000,266000,5.03,30,280,1551.33,0.528,504000,0
M0109250,C0109250,2024-12-14,417000,409000,4.436,30,340,2097.05,0.713,574000,0
M0109251,C0109251,2020-11-29,211000,197000,5.538,30,291,1203.07,0.646,305000,0
M0109252,C0109252,2021-05-05,153000,143000,5.47,30,296,865.84,0.507,282000,0
M0109253,C0109253,2025-03-20,361000,355000,5.512,30,343,2052.44,0.562,632000,0
M0109254,C0109254,2024-03-23,206000,200000,5.084,30,331,1116.45,0.712,281000,0
M0109255,C0109255,2020-01-15,315000,291000,5.874,30,281,1863.14,0.552,527000,0
M0109256,C0109256,2021-08-10,213000,200000,6.36,30,299,1326.75,0.649,308000,0
M0109257,C0109257,2020-12-12,166000,155000,4.173,30,292,809.15,0.522,297000,0
M0109258,C0109258,2020-08-19,144000,134000,6.179,30,288,879.99,0.615,218000,0
M0109259,C0109259,2025-09-04,345000,341000,7.218,30,348,2346.02,0.706,483000,0
M0109260,C0109260,2020-08-07,567000,527000,4.097,30,287,2738.75,0.618,853000,0
M0109261,C0109261,2021-06-04,534000,501000,5.67,30,297,3089.19,0.492,1019000,0
M0109262,C0109262,2024-03-25,332000,322000,6.0,30,331,1990.51,0.754,427000,0
M0109263,C0109263,2023-11-16,668000,646000,6.362,30,327,4161.77,0.538,1201000,0
M0109264,C0109264,2023-05-02,251000,241000,6.486,30,320,1584.18,0.493,489000,0
M0109265,C0109265,2022-01-25,494000,467000,6.825,30,305,3228.74,0.655,713000,0
M0109266,C0109266,2024-02-01,256000,240000,5.65,15,149,2112.17,0.684,351000,0
M0109267,C0109267,2024-01-01,228000,221000,4.403,30,328,1142.14,0.497,445000,0
M0109268,C0109268,2022-06-15,491000,467000,5.106,30,310,2667.69,0.611,764000,0
M0109269,C0109269,2021-04-27,407000,356000,7.088,15,116,3678.28,0.622,572000,0
M0109270,C0109270,2023-02-13,449000,430000,4.532,30,318,2283.56,0.644,668000,0
M0109271,C0109271,2024-07-30,156000,152000,6.071,30,335,942.43,0.594,256000,0
M0109272,C0109272,2025-01-09,548000,537000,6.43,30,340,3438.54,0.627,857000,0
M0109273,C0109273,2020-09-10,460000,428000,6.173,30,288,2809.3,0.565,758000,0
M0109274,C0109274,2022-10-07,268000,256000,6.522,30,313,1697.82,0.62,413000,0
M0109275,C0109275,2025-04-05,439000,432000,5.465,30,343,2482.96,0.598,723000,0
M0109276,C0109276,2023-06-17,567000,546000,5.388,30,322,3179.63,0.5,1093000,0
M0109277,C0109277,2025-07-21,227000,224000,7.498,30,347,1586.91,0.53,423000,0
M0109278,C0109278,2024-06-28,228000,222000,7.67,30,334,1620.83,0.574,387000,0
M0109279,C0109279,2024-11-27,284000,272000,7.091,15,159,2567.14,0.611,445000,0
M0109280,C0109280,2020-02-19,108000,100000,6.104,30,282,654.75,0.49,204000,1
M0109281,C0109281,2023-05-23,387000,372000,4.866,30,321,2045.92,0.634,587000,0
M0109282,C0109282,2024-08-28,517000,505000,5.65,30,336,2984.31,0.511,988000,0
M0109283,C0109283,2021-10-04,436000,411000,5.358,30,301,2436.86,0.677,607000,0
M0109284,C0109284,2019-09-25,416000,382000,6.711,30,277,2687.39,0.632,604000,0
M0109285,C0109285,2022-10-25,547000,497000,5.929,15,134,4594.94,0.534,930000,0
M0109286,C0109286,2024-08-07,312000,297000,6.142,15,155,2656.83,0.537,553000,0
M0109287,C0109287,2022-11-05,149000,142000,5.463,30,314,842.55,0.491,289000,0
M0109288,C0109288,2021-12-15,350000,331000,2.8,30,304,1438.13,0.603,549000,0
M0109289,C0109289,2020-07-04,628000,583000,6.944,30,286,4154.51,0.596,979000,0
M0109290,C0109290,2024-11-09,393000,385000,5.429,30,338,2213.94,0.753,511000,0
M0109291,C0109291,2022-05-06,272000,258000,6.565,30,308,1730.87,0.54,478000,0
M0109292,C0109292,2025-06-12,485000,478000,5.128,30,346,2641.66,0.536,892000,0
M0109293,C0109293,2022-08-27,398000,379000,7.284,30,312,2724.25,0.758,500000,0
M0109294,C0109294,2025-08-10,294000,290000,4.912,30,347,1562.48,0.57,509000,0
M0109295,C0109295,2023-03-08,348000,334000,5.422,30,318,1958.91,0.651,513000,0
M0109296,C0109296,2022-09-23,280000,267000,5.518,30,313,1592.97,0.527,507000,0
M0109297,C0109297,2019-10-31,446000,410000,3.841,30,278,2088.59,0.706,581000,0
M0109298,C0109298,2024-07-17,209000,204000,5.951,30,335,1246.48,0.604,338000,0
M0109299,C0109299,2024-03-29,387000,376000,6.41,30,331,2423.24,0.51,737000,0
M0109300,C0109300,2022-03-23,506000,480000,5.962,30,307,3021.37,0.478,1005000,0
M0109301,C0109301,2024-10-06,369000,361000,8.0,30,337,2707.59,0.546,661000,0
M0109302,C0109302,2025-05-07,371000,365000,4.52,30,344,1884.21,0.749,487000,0
M0109303,C0109303,2022-09-29,339000,323000,3.603,30,313,1541.82,0.575,562000,0
M0109304,C0109304,2024-04-06,428000,404000,4.19,15,151,3206.77,0.574,704000,0
M0109305,C0109305,2021-08-19,274000,258000,5.593,30,300,1571.77,0.582,443000,0
M0109306,C0109306,2025-02-20,307000,296000,6.819,15,162,2728.43,0.602,492000,0
M0109307,C0109307,2025-07-26,209000,206000,5.692,30,347,1211.98,0.777,265000,0
M0109308,C0109308,2024-05-13,286000,278000,4.957,30,333,1527.8,0.55,505000,0
M0109309,C0109309,2020-07-23,120000,103000,7.147,15,107,1088.48,0.505,204000,0
M0109310,C0109310,2022-05-20,332000,315000,5.373,30,309,1858.69,0.572,551000,0
M0109311,C0109311,2023-12-31,446000,432000,3.989,30,328,2126.44,0.543,796000,0
M0109312,C0109312,2022-02-13,317000,300000,6.599,30,306,2024.34,0.568,528000,0
M0109313,C0109313,2021-10-29,519000,490000,6.21,30,302,3182.08,0.601,815000,0
M0109314,C0109314,2023-01-17,639000,612000,5.761,30,317,3733.5,0.638,959000,0
M0109315,C0109315,2024-08-28,325000,310000,7.284,15,156,2973.04,0.616,503000,0
M0109316,C0109316,2023-06-26,199000,192000,5.385,30,322,1115.58,0.589,326000,0
M0109317,C0109317,2020-06-20,566000,525000,5.808,30,286,3323.91,0.606,866000,0
M0109318,C0109318,2021-06-28,511000,480000,4.427,30,298,2567.04,0.594,808000,0
M0109319,C0109319,2023-07-19,410000,395000,4.726,30,323,2132.83,0.557,709000,0
M0109320,C0109320,2020-04-24,252000,233000,4.979,30,284,1349.56,0.555,420000,0
M0109321,C0109321,2024-07-29,396000,386000,6.262,30,335,2441.33,0.618,625000,0
M0109322,C0109322,2024-09-11,280000,273000,4.756,30,337,1461.63,0.512,533000,0
M0109323,C0109323,2025-07-30,227000,224000,5.394,30,347,1273.82,0.655,342000,0
M0109324,C0109324,2025-02-23,392000,385000,5.255,30,342,2165.85,0.677,569000,1
M0109325,C0109325,2023-11-05,201000,194000,5.442,30,326,1133.95,0.64,303000,0
M0109326,C0109326,2025-05-15,478000,471000,4.659,30,345,2467.32,0.573,822000,0
M0109327,C0109327,2023-06-04,377000,363000,5.272,30,321,2086.95,0.766,474000,0
M0109328,C0109328,2025-04-12,310000,305000,4.232,30,344,1521.75,0.646,472000,0
M0109329,C0109329,2025-06-27,321000,316000,5.456,30,346,1813.75,0.767,412000,0
M0109330,C0109330,2022-03-15,192000,182000,5.469,30,307,1086.42,0.516,353000,1
M0109331,C0109331,2022-05-14,197000,187000,5.58,30,309,1128.45,0.621,301000,0
M0109332,C0109332,2020-12-06,780000,728000,6.115,30,291,4734.32,0.68,1071000,0
M0109333,C0109333,2022-12-21,304000,291000,7.49,30,316,2123.53,0.59,493000,0
M0109334,C0109334,2020-07-07,161000,149000,3.675,30,286,738.78,0.608,245000,0
M0109335,C0109335,2022-09-28,519000,495000,5.092,30,313,2815.36,0.49,1010000,0
M0109336,C0109336,2024-01-26,196000,190000,4.496,30,329,992.64,0.554,343000,0
M0109337,C0109337,2024-11-23,437000,419000,5.843,15,159,3650.69,0.596,703000,0
M0109338,C0109338,2022-10-04,685000,654000,6.279,30,313,4230.59,0.483,1354000,0
M0109339,C0109339,2023-05-27,294000,283000,4.165,30,321,1431.71,0.535,529000,0
M0109340,C0109340,2022-08-13,585000,557000,5.85,30,312,3451.15,0.682,817000,0
M0109341,C0109341,2019-11-23,473000,435000,6.452,30,279,2974.77,0.575,756000,0
M0109342,C0109342,2025-05-19,720000,709000,5.967,30,345,4301.5,0.606,1170000,0
M0109343,C0109343,2023-07-22,438000,406000,5.129,15,143,3493.18,0.479,848000,0
M0109344,C0109344,2024-11-17,252000,247000,6.244,30,339,1550.62,0.588,420000,0
M0109345,C0109345,2020-12-10,116000,100000,5.219,15,111,930.61,0.488,205000,0
M0109346,C0109346,2022-06-23,221000,210000,6.496,30,310,1396.29,0.693,303000,0
M0109347,C0109347,2024-12-14,255000,250000,5.888,30,340,1510.54,0.631,396000,0
M0109348,C0109348,2020-12-02,538000,502000,5.293,30,291,2985.2,0.673,746000,0
M0109349,C0109349,2024-12-17,601000,589000,4.116,30,340,2909.6,0.617,954000,0
M0109350,C0109350,2021-01-25,189000,177000,5.519,30,293,1075.38,0.492,360000,0
M0109351,C0109351,2019-09-16,604000,555000,4.321,30,277,2996.48,0.486,1142000,0
M0109352,C0109352,2022-08-17,223000,212000,4.304,30,312,1104.09,0.697,304000,0
M0109353,C0109353,2021-10-23,216000,204000,5.117,30,302,1175.03,0.605,337000,0
M0109354,C0109354,2025-07-22,164000,162000,5.416,30,347,922.55,0.503,322000,0
M0109355,C0109355,2021-09-17,388000,365000,4.186,30,301,1894.22,0.699,522000,0
M0109356,C0109356,2024-10-15,245000,240000,5.318,30,338,1363.24,0.716,335000,0
M0109357,C0109357,2023-02-22,632000,606000,5.238,30,318,3485.23,0.727,834000,0
M0109358,C0109358,2022-08-12,208000,198000,4.84,30,312,1096.34,0.581,341000,0
M0109359,C0109359,2021-02-18,473000,442000,5.218,30,294,2602.56,0.468,945000,0
M0109360,C0109360,2020-12-30,179000,167000,6.209,30,292,1097.37,0.487,343000,0
M0109361,C0109361,2020-02-18,549000,507000,5.074,30,282,2972.03,0.651,779000,0
M0109362,C0109362,2021-03-08,348000,326000,6.14,30,294,2117.86,0.505,646000,0
M0109363,C0109363,2025-03-16,379000,372000,5.412,30,343,2131.04,0.772,482000,0
M0109364,C0109364,2021-08-05,274000,258000,6.62,30,299,1753.55,0.554,466000,0
M0109365,C0109365,2024-08-30,266000,253000,6.393,15,156,2301.53,0.499,507000,0
M0109366,C0109366,2020-01-07,420000,387000,5.266,30,280,2323.42,0.608,637000,0
M0109367,C0109367,2020-07-03,810000,752000,4.751,30,286,4225.83,0.603,1248000,0
M0109368,C0109368,2023-11-04,194000,181000,6.034,15,146,1640.65,0.537,337000,0
M0109369,C0109369,2025-03-22,276000,271000,4.923,30,343,1468.67,0.515,526000,0
M0109370,C0109370,2020-04-10,241000,223000,3.776,30,283,1119.67,0.559,399000,0
M0109371,C0109371,2023-07-18,154000,148000,6.309,30,323,954.12,0.492,301000,0
M0109372,C0109372,2020-08-06,153000,131000,4.827,15,107,1196.17,0.506,259000,0
M0109373,C0109373,2025-03-13,227000,223000,3.223,30,343,984.56,0.652,342000,0
M0109374,C0109374,2024-03-05,269000,261000,5.416,30,330,1513.21,0.516,506000,0
M0109375,C0109375,2023-04-02,665000,638000,6.53,30,319,4216.38,0.515,1238000,0
M0109376,C0109376,2024-12-06,537000,526000,4.851,30,339,2834.03,0.565,931000,0
M0109377,C0109377,2023-01-06,217000,208000,5.117,30,316,1180.47,0.707,294000,0
M0109378,C0109378,2020-02-26,482000,445000,6.049,30,282,2905.04,0.738,603000,0
M0109379,C0109379,2024-08-13,220000,215000,4.999,30,336,1180.87,0.757,284000,0
M0109380,C0109380,2023-03-07,314000,288000,5.386,15,138,2546.69,0.637,452000,0
M0109381,C0109381,2025-03-17,385000,378000,6.485,30,343,2429.67,0.687,550000,0
M0109382,C0109382,2021-10-01,941000,832000,6.245,15,121,8065.79,0.516,1612000,0
M0109383,C0109383,2023-03-12,375000,344000,5.749,15,138,3113.84,0.583,590000,0
M0109384,C0109384,2022-08-22,157000,150000,3.666,30,312,719.63,0.754,199000,0
M0109385,C0109385,2022-08-12,475000,452000,6.142,30,312,2891.37,0.501,902000,0
M0109386,C0109386,2021-10-02,579000,546000,5.065,30,301,3131.24,0.556,982000,0
M0109387,C0109387,2021-04-11,511000,479000,6.039,30,295,3076.53,0.607,789000,0
M0109388,C0109388,2019-11-21,199000,183000,3.831,30,279,930.77,0.598,306000,0
M0109389,C0109389,2021-05-06,349000,327000,6.531,30,296,2213.04,0.705,464000,0
M0109390,C0109390,2020-08-17,325000,279000,4.575,15,108,2498.7,0.525,531000,0
M0109391,C0109391,2025-04-11,794000,781000,5.974,30,343,4747.17,0.493,1583000,0
M0109392,C0109392,2024-12-18,446000,428000,6.527,15,160,3891.76,0.585,732000,0
M0109393,C0109393,2023-01-26,773000,740000,5.93,30,317,4599.79,0.759,975000,0
M0109394,C0109394,2024-11-11,230000,225000,5.925,30,339,1367.9,0.571,394000,0
M0109395,C0109395,2020-08-21,294000,273000,5.597,30,288,1687.24,0.74,369000,0
M0109396,C0109396,2020-07-20,251000,233000,4.158,30,287,1221.29,0.48,485000,0
M0109397,C0109397,2022-02-12,535000,506000,6.958,30,306,3544.29,0.578,876000,0
M0109398,C0109398,2022-10-11,579000,553000,6.705,30,313,3738.08,0.54,1024000,0
M0109399,C0109399,2020-07-27,398000,370000,5.079,30,287,2155.81,0.487,759000,0
M0109400,C0109400,2022-04-17,344000,326000,2.8,30,308,1413.48,0.515,633000,0
M0109401,C0109401,2019-12-30,404000,372000,6.607,30,280,2582.05,0.555,670000,0
M0109402,C0109402,2020-11-12,164000,142000,3.497,15,111,1172.17,0.557,255000,0
M0109403,C0109403,2023-09-10,267000,258000,6.085,30,324,1615.42,0.497,519000,0
M0109404,C0109404,2021-10-26,278000,262000,4.699,30,302,1441.65,0.744,352000,0
M0109405,C0109405,2024-11-24,326000,319000,6.028,30,339,1960.41,0.629,507000,0
M0109406,C0109406,2025-06-01,237000,233000,4.392,30,345,1185.68,0.605,385000,0
M0109407,C0109407,2025-03-12,214000,210000,5.506,30,342,1215.87,0.516,407000,0
M0109408,C0109408,2019-10-13,147000,123000,3.623,15,98,1059.78,0.609,202000,0
M0109409,C0109409,2024-12-09,407000,399000,5.517,30,339,2315.24,0.553,722000,0
M0109410,C0109410,2024-06-17,165000,161000,5.495,30,334,936.33,0.557,289000,0
M0109411,C0109411,2021-08-09,540000,508000,6.29,30,299,3338.93,0.477,1064000,0
M0109412,C0109412,2024-08-27,385000,376000,4.974,30,336,2060.65,0.514,732000,0
M0109413,C0109413,2024-12-24,511000,501000,5.811,30,340,3001.89,0.608,824000,0
M0109414,C0109414,2021-07-11,210000,197000,5.064,30,298,1135.55,0.711,277000,0
M0109415,C0109415,2019-12-27,832000,767000,5.999,30,280,4987.73,0.49,1564000,0
M0109416,C0109416,2024-12-04,994000,973000,5.93,30,339,5914.87,0.682,1427000,0
M0109417,C0109417,2021-09-29,333000,314000,6.468,30,301,2097.78,0.519,605000,0
M0109418,C0109418,2022-06-29,399000,379000,4.21,30,310,1953.51,0.568,667000,0
M0109419,C0109419,2019-12-20,326000,300000,5.399,30,280,1830.39,0.716,419000,0
M0109420,C0109420,2019-12-23,542000,500000,5.812,30,280,3184.34,0.736,679000,0
M0109421,C0109421,2022-04-26,487000,462000,7.501,30,308,3405.51,0.705,655000,0
M0109422,C0109422,2020-05-22,135000,125000,7.681,30,285,960.73,0.638,196000,0
M0109423,C0109423,2024-06-25,217000,211000,4.005,30,334,1036.62,0.668,316000,0
M0109424,C0109424,2022-02-25,399000,378000,4.824,30,306,2099.21,0.669,565000,0
M0109425,C0109425,2024-09-08,483000,472000,2.8,30,336,1984.62,0.514,919000,0
M0109426,C0109426,2025-07-19,353000,348000,7.916,30,347,2569.55,0.597,583000,0
M0109427,C0109427,2021-02-03,140000,131000,5.849,30,293,825.83,0.701,187000,0
M0109428,C0109428,2022-04-23,433000,411000,6.139,30,308,2634.88,0.715,575000,0
M0109429,C0109429,2025-09-11,816000,797000,5.152,15,169,6517.67,0.577,1382000,0
M0109430,C0109430,2020-11-09,104000,97000,5.496,30,290,590.24,0.53,183000,0
M0109431,C0109431,2020-06-13,524000,448000,6.742,15,106,4634.6,0.479,935000,0
M0109432,C0109432,2023-04-24,819000,787000,4.349,30,320,4076.6,0.552,1425000,1
M0109433,C0109433,2025-07-09,525000,518000,4.258,30,346,2585.14,0.572,906000,0
M0109434,C0109434,2023-12-04,315000,305000,5.235,30,327,1736.52,0.527,579000,0
M0109435,C0109435,2022-01-27,513000,485000,5.511,30,305,2916.3,0.723,671000,0
M0109436,C0109436,2025-05-17,314000,309000,6.111,30,345,1905.06,0.566,546000,0
M0109437,C0109437,2023-05-14,430000,413000,5.522,30,321,2447.43,0.692,597000,0
M0109438,C0109438,2024-05-18,342000,333000,4.571,30,333,1747.32,0.697,478000,0
M0109439,C0109439,2022-01-11,347000,328000,5.081,30,305,1879.99,0.517,635000,0
M0109440,C0109440,2024-06-16,224000,218000,5.695,30,334,1299.39,0.487,448000,0
M0109441,C0109441,2021-01-03,260000,243000,6.227,30,292,1596.98,0.628,387000,0
M0109442,C0109442,2023-11-17,738000,689000,6.599,15,147,6469.01,0.57,1208000,0
M0109443,C0109443,2025-01-09,240000,235000,5.198,30,340,1317.57,0.552,426000,0
M0109444,C0109444,2024-01-27,123000,119000,4.722,30,329,639.55,0.494,241000,0
M0109445,C0109445,2020-01-09,1901000,1753000,4.512,30,280,9645.65,0.532,3298000,0
M0109446,C0109446,2020-12-01,263000,245000,6.783,30,291,1711.59,0.524,468000,0
M0109447,C0109447,2022-02-15,287000,272000,5.02,30,306,1544.19,0.648,420000,0
M0109448,C0109448,2024-06-13,268000,261000,4.66,30,334,1383.51,0.637,410000,0
M0109449,C0109449,2023-05-29,330000,317000,5.684,30,321,1911.98,0.499,635000,0
M0109450,C0109450,2022-11-26,224000,214000,7.276,30,315,1532.03,0.746,287000,0
M0109451,C0109451,2019-10-29,690000,635000,4.483,30,278,3489.16,0.552,1150000,0
M0109452,C0109452,2023-10-03,297000,277000,6.15,15,145,2530.39,0.689,402000,0
M0109453,C0109453,2020-10-30,194000,181000,5.0,30,290,1041.43,0.727,249000,0
M0109454,C0109454,2023-12-25,80000,77000,5.622,30,328,460.37,0.706,109000,0
M0109455,C0109455,2024-09-22,567000,554000,6.392,30,337,3543.65,0.611,907000,0
M0109456,C0109456,2021-01-25,263000,246000,6.838,30,293,1721.23,0.548,449000,1
M0109457,C0109457,2025-03-02,395000,381000,4.917,15,162,3106.58,0.703,542000,0
M0109458,C0109458,2021-02-04,206000,193000,6.325,30,293,1278.44,0.573,337000,0
M0109459,C0109459,2020-02-29,343000,317000,5.761,30,282,2004.05,0.467,679000,0
M0109460,C0109460,2024-10-24,323000,316000,5.943,30,338,1924.73,0.592,534000,0
M0109461,C0109461,2022-03-11,519000,492000,6.859,30,306,3403.91,0.731,673000,0
M0109462,C0109462,2024-09-13,356000,348000,4.718,30,337,1850.2,0.681,511000,0
M0109463,C0109463,2022-12-02,187000,179000,6.352,30,315,1163.83,0.749,239000,0
M0109464,C0109464,2022-12-05,1089000,1041000,5.673,30,315,6301.94,0.565,1841000,0
M0109465,C0109465,2025-03-26,407000,400000,6.802,30,343,2653.88,0.515,777000,0
M0109466,C0109466,2024-07-31,204000,199000,5.951,30,335,1216.66,0.532,374000,0
M0109467,C0109467,2022-06-13,360000,342000,5.334,30,310,2006.7,0.74,462000,0
M0109468,C0109468,2020-08-30,399000,371000,6.458,30,288,2510.94,0.508,731000,0
M0109469,C0109469,2024-01-26,418000,405000,4.875,30,329,2212.09,0.594,682000,0
M0109470,C0109470,2020-08-30,393000,365000,5.06,30,288,2124.14,0.492,742000,0
M0109471,C0109471,2024-07-16,371000,362000,4.674,30,335,1918.35,0.631,574000,0
M0109472,C0109472,2025-07-20,519000,512000,4.811,30,347,2726.47,0.634,807000,0
M0109473,C0109473,2023-05-09,472000,454000,2.8,30,320,1939.42,0.483,940000,0
M0109474,C0109474,2025-09-07,476000,470000,4.938,30,348,2537.26,0.655,718000,0
M0109475,C0109475,2025-06-25,135000,133000,5.419,30,346,759.67,0.704,189000,0
M0109476,C0109476,2023-11-14,138000,133000,6.336,30,327,857.42,0.487,273000,0
M0109477,C0109477,2022-02-10,220000,196000,4.487,15,126,1681.52,0.462,424000,0
M0109478,C0109478,2019-12-04,289000,266000,4.949,30,279,1542.42,0.691,385000,0
M0109479,C0109479,2021-12-21,224000,212000,5.306,30,304,1244.72,0.671,316000,0
M0109480,C0109480,2021-08-28,197000,174000,6.342,15,120,1699.02,0.466,373000,0
M0109481,C0109481,2021-07-12,369000,347000,5.698,30,299,2141.21,0.665,522000,1
M0109482,C0109482,2022-07-22,212000,202000,5.912,30,311,1259.08,0.641,315000,0
M0109483,C0109483,2025-07-23,99000,98000,6.47,30,347,623.8,0.653,150000,0
M0109484,C0109484,2023-08-26,166000,160000,6.053,30,324,1000.92,0.64,250000,0
M0109485,C0109485,2024-08-23,242000,236000,4.837,30,336,1275.11,0.684,345000,0
M0109486,C0109486,2022-05-03,288000,273000,7.381,30,308,1990.32,0.684,399000,0
M0109487,C0109487,2021-01-24,514000,446000,3.408,15,113,3651.32,0.57,782000,0
M0109488,C0109488,2023-02-22,407000,390000,6.488,30,318,2569.31,0.587,664000,0
M0109489,C0109489,2022-04-02,120000,114000,5.984,30,307,718.23,0.75,152000,0
M0109490,C0109490,2021-11-13,678000,640000,6.869,30,303,4451.26,0.736,869000,0
M0109491,C0109491,2025-08-23,297000,293000,5.244,30,348,1638.94,0.593,494000,0
M0109492,C0109492,2021-03-15,339000,317000,4.954,30,295,1810.31,0.676,469000,0
M0109493,C0109493,2021-04-25,348000,326000,4.288,30,296,1719.7,0.683,477000,0
M0109494,C0109494,2019-11-29,214000,197000,4.33,30,279,1062.8,0.709,278000,0
M0109495,C0109495,2023-03-14,434000,416000,5.316,30,319,2414.34,0.52,800000,0
M0109496,C0109496,2019-11-15,124000,114000,4.574,30,279,633.75,0.626,182000,0
M0109497,C0109497,2024-02-13,641000,622000,4.717,30,330,3331.02,0.596,1044000,0
M0109498,C0109498,2023-04-06,360000,346000,4.334,30,319,1788.73,0.584,592000,0
M0109499,C0109499,2021-03-05,393000,368000,6.637,30,294,2519.54,0.651,565000,0
M0109500,C0109500,2022-09-18,426000,406000,4.705,30,313,2210.68,0.512,793000,0
M0109501,C0109501,2023-07-15,263000,253000,5.942,30,323,1567.02,0.487,520000,0
M0109502,C0109502,2022-03-28,619000,587000,5.361,30,307,3460.82,0.601,976000,0
M0109503,C0109503,2022-12-23,228000,218000,5.882,30,316,1349.73,0.48,454000,0
M0109504,C0109504,2025-02-17,199000,192000,5.211,15,162,1595.64,0.688,279000,0
M0109505,C0109505,2020-07-14,353000,328000,6.352,30,287,2196.95,0.51,643000,0
M0109506,C0109506,2021-02-17,165000,154000,6.175,30,294,1007.9,0.568,271000,0
M0109507,C0109507,2024-10-19,247000,242000,6.83,30,338,1615.19,0.59,410000,0
M0109508,C0109508,2024-05-27,373000,363000,4.773,30,333,1950.92,0.504,720000,0
M0109509,C0109509,2022-04-22,473000,449000,4.569,30,308,2416.05,0.483,930000,0
M0109510,C0109510,2022-12-29,322000,308000,5.072,30,316,1742.76,0.764,403000,0
M0109511,C0109511,2025-01-27,209000,205000,5.625,30,341,1203.12,0.686,299000,0
M0109512,C0109512,2023-07-20,277000,267000,6.08,30,323,1675.03,0.656,407000,0
M0109513,C0109513,2019-11-01,235000,197000,4.811,15,98,1835.31,0.523,377000,0
M0109514,C0109514,2023-12-31,312000,302000,5.72,30,328,1814.81,0.571,529000,0
M0109515,C0109515,2023-10-30,240000,232000,5.299,30,326,1332.58,0.512,453000,0
M0109516,C0109516,2020-10-13,201000,187000,5.207,30,290,1104.58,0.468,400000,0
M0109517,C0109517,2020-03-28,189000,161000,5.49,15,103,1543.28,0.535,301000,0
M0109518,C0109518,2024-07-25,131000,128000,7.151,30,335,884.87,0.656,195000,0
M0109519,C0109519,2023-07-01,563000,542000,6.37,30,322,3510.55,0.529,1025000,0
M0109520,C0109520,2020-08-16,469000,436000,6.654,30,288,3012.06,0.523,834000,0
M0109521,C0109521,2020-08-15,177000,152000,5.899,15,108,1483.99,0.641,237000,0
M0109522,C0109522,2023-04-14,454000,418000,7.437,15,140,4192.4,0.53,788000,0
M0109523,C0109523,2021-02-10,335000,313000,6.479,30,294,2112.8,0.498,628000,0
M0109524,C0109524,2023-11-12,172000,166000,3.932,30,327,814.43,0.741,224000,0
M0109525,C0109525,2024-04-20,194000,189000,6.3,30,332,1200.81,0.587,322000,0
M0109526,C0109526,2020-01-12,304000,280000,5.872,30,281,1797.69,0.729,384000,0
M0109527,C0109527,2021-10-26,475000,421000,6.184,15,122,4055.69,0.607,694000,0
M0109528,C0109528,2021-01-05,441000,383000,3.85,15,112,3228.97,0.674,568000,0
M0109529,C0109529,2024-04-18,250000,243000,3.89,30,332,1177.74,0.492,494000,0
M0109530,C0109530,2025-07-30,412000,407000,5.395,30,347,2312.22,0.581,701000,0
M0109531,C0109531,2025-08-01,302000,294000,3.569,15,167,2169.19,0.488,603000,0
M0109532,C0109532,2021-07-08,227000,213000,6.274,30,298,1401.22,0.491,434000,0
M0109533,C0109533,2023-11-23,530000,495000,5.663,15,147,4376.52,0.601,823000,0
M0109534,C0109534,2022-08-05,354000,337000,7.643,30,311,2509.97,0.581,580000,0
M0109535,C0109535,2021-06-08,423000,397000,5.912,30,297,2512.22,0.526,755000,0
M0109536,C0109536,2021-02-04,189000,177000,6.263,30,293,1165.3,0.663,267000,1
M0109537,C0109537,2024-08-16,253000,241000,6.137,15,156,2153.73,0.735,328000,0
M0109538,C0109538,2022-04-02,494000,468000,5.586,30,307,2831.59,0.503,930000,0
M0109539,C0109539,2021-12-07,285000,253000,5.629,15,123,2348.24,0.52,487000,0
M0109540,C0109540,2022-04-17,293000,278000,5.438,30,308,1652.24,0.488,570000,0
M0109541,C0109541,2021-02-09,193000,180000,2.875,30,293,800.74,0.523,344000,0
M0109542,C0109542,2023-07-16,362000,349000,6.734,30,323,2344.08,0.66,529000,0
M0109543,C0109543,2023-11-02,191000,185000,6.745,30,326,1238.19,0.668,277000,0
M0109544,C0109544,2023-10-16,394000,367000,6.45,15,146,3421.34,0.621,591000,0
M0109545,C0109545,2025-01-31,200000,196000,5.598,30,341,1147.91,0.705,278000,0
M0109546,C0109546,2025-06-10,295000,291000,5.351,30,345,1647.5,0.611,476000,0
M0109547,C0109547,2022-02-13,720000,682000,4.252,30,306,3542.81,0.656,1040000,0
M0109548,C0109548,2019-09-19,394000,330000,4.123,15,97,2938.72,0.442,747000,0
M0109549,C0109549,2024-11-28,276000,270000,4.847,30,339,1455.93,0.534,506000,0
M0109550,C0109550,2024-03-10,503000,488000,5.724,30,330,2927.07,0.688,709000,0
M0109551,C0109551,2025-09-06,228000,225000,5.911,30,348,1353.96,0.603,373000,0
M0109552,C0109552,2024-03-26,200000,189000,4.933,15,151,1574.62,0.492,384000,0
M0109553,C0109553,2024-11-29,273000,267000,4.066,30,339,1313.75,0.728,367000,0
M0109554,C0109554,2019-09-22,568000,522000,4.767,30,277,2968.78,0.499,1047000,0
M0109555,C0109555,2024-02-06,552000,535000,5.369,30,329,3088.98,0.676,791000,0
M0109556,C0109556,2020-02-08,256000,236000,3.782,30,281,1190.23,0.611,386000,0
M0109557,C0109557,2021-08-20,284000,267000,5.701,30,300,1648.52,0.564,473000,0
M0109558,C0109558,2023-11-06,404000,391000,7.273,30,326,2762.3,0.52,752000,0
M0109559,C0109559,2023-09-14,1104000,1065000,4.616,30,325,5670.16,0.691,1541000,0
M0109560,C0109560,2025-02-19,291000,286000,7.831,30,342,2101.07,0.505,566000,0
M0109561,C0109561,2020-03-10,654000,604000,4.725,30,282,3401.73,0.578,1045000,0
M0109562,C0109562,2020-11-17,371000,346000,5.255,30,291,2049.82,0.626,553000,0
M0109563,C0109563,2021-03-31,502000,438000,6.032,15,115,4244.84,0.619,708000,0
M0109564,C0109564,2025-07-26,544000,537000,5.449,30,347,3071.39,0.664,809000,0
M0109565,C0109565,2019-10-11,358000,329000,3.635,30,277,1634.68,0.618,532000,0
M0109566,C0109566,2024-03-18,323000,314000,5.775,30,331,1890.07,0.523,600000,0
M0109567,C0109567,2021-09-16,295000,278000,5.586,30,301,1690.93,0.604,460000,0
M0109568,C0109568,2022-04-04,391000,371000,5.211,30,307,2149.68,0.635,584000,0
M0109569,C0109569,2025-07-27,594000,586000,5.579,30,347,3402.17,0.723,811000,0
M0109570,C0109570,2023-04-30,635000,610000,5.986,30,320,3801.43,0.559,1092000,0
M0109571,C0109571,2024-10-20,600000,587000,4.525,30,338,3049.03,0.637,921000,0
M0109572,C0109572,2024-08-31,260000,254000,6.089,30,336,1573.74,0.523,486000,0
M0109573,C0109573,2024-01-30,247000,239000,4.83,30,329,1300.41,0.711,336000,0
M0109574,C0109574,2025-08-30,217000,214000,7.189,30,348,1471.35,0.583,367000,0
M0109575,C0109575,2021-06-24,354000,332000,6.644,30,298,2271.15,0.723,459000,0
M0109576,C0109576,2021-03-28,523000,490000,4.404,30,295,2620.22,0.697,703000,0
M0109577,C0109577,2021-10-29,247000,233000,6.853,30,302,1618.98,0.476,490000,0
M0109578,C0109578,2022-12-17,299000,286000,5.948,30,316,1782.67,0.54,530000,0
M0109579,C0109579,2024-06-19,453000,429000,6.083,15,154,3843.01,0.577,744000,0
M0109580,C0109580,2022-01-04,279000,264000,5.3,30,304,1549.3,0.712,371000,1
M0109581,C0109581,2021-07-06,298000,280000,5.123,30,298,1622.2,0.747,375000,0
M0109582,C0109582,2024-05-31,572000,557000,5.203,30,333,3141.97,0.674,826000,0
M0109583,C0109583,2024-01-09,332000,322000,4.452,30,328,1672.74,0.601,536000,0
M0109584,C0109584,2020-07-21,229000,213000,3.442,30,287,1020.91,0.712,299000,0
M0109585,C0109585,2021-09-09,344000,324000,4.798,30,300,1804.43,0.621,522000,1
M0109586,C0109586,2022-09-26,407000,388000,4.793,30,313,2133.67,0.66,588000,0
M0109587,C0109587,2023-11-01,1147000,1070000,4.301,15,146,8658.27,0.48,2228000,0
M0109588,C0109588,2024-05-18,700000,681000,6.14,30,333,4260.07,0.567,1202000,0
M0109589,C0109589,2024-06-08,1617000,1574000,5.768,30,333,9454.87,0.585,2692000,0
M0109590,C0109590,2020-05-20,192000,178000,4.848,30,285,1012.94,0.574,310000,0
M0109591,C0109591,2022-09-24,657000,596000,5.157,15,133,5249.4,0.665,896000,0
M0109592,C0109592,2022-05-01,712000,676000,5.745,30,308,4152.78,0.618,1093000,0
M0109593,C0109593,2019-10-26,333000,280000,4.7,15,98,2581.6,0.492,569000,0
M0109594,C0109594,2021-07-11,269000,237000,2.8,15,118,1831.9,0.468,506000,0
M0109595,C0109595,2021-10-26,474000,447000,6.816,30,302,3095.18,0.48,932000,0
M0109596,C0109596,2024-05-05,278000,263000,5.374,15,152,2252.95,0.54,487000,0
M0109597,C0109597,2023-08-03,185000,178000,5.797,30,323,1085.14,0.53,336000,0
M0109598,C0109598,2025-04-22,161000,158000,5.689,30,344,933.32,0.601,263000,0
M0109599,C0109599,2022-08-03,155000,148000,3.913,30,311,732.24,0.682,217000,0
M0109600,C0109600,2024-01-22,368000,345000,4.744,15,149,2861.28,0.532,649000,0
M0109601,C0109601,2023-01-25,458000,439000,5.485,30,317,2596.16,0.533,823000,0
M0109602,C0109602,2023-02-25,201000,184000,5.281,15,138,1619.07,0.641,287000,0
M0109603,C0109603,2025-07-05,417000,405000,4.252,15,166,3137.42,0.506,800000,0
M0109604,C0109604,2022-09-05,416000,397000,5.877,30,312,2461.33,0.585,679000,0
M0109605,C0109605,2021-08-27,390000,367000,6.126,30,300,2369.93,0.533,688000,0
M0109606,C0109606,2020-11-16,460000,429000,5.081,30,291,2492.2,0.568,755000,0
M0109607,C0109607,2024-06-18,365000,355000,6.603,30,334,2331.83,0.578,614000,0
M0109608,C0109608,2023-05-01,638000,588000,6.086,15,140,5413.49,0.511,1150000,0
M0109609,C0109609,2022-06-30,448000,426000,5.925,30,310,2664.42,0.67,636000,0
M0109610,C0109610,2020-09-24,175000,163000,4.951,30,289,934.2,0.506,322000,0
M0109611,C0109611,2025-04-09,822000,808000,5.313,30,343,4571.24,0.653,1238000,0
M0109612,C0109612,2022-09-26,203000,194000,6.417,30,313,1272.04,0.572,339000,0
M0109613,C0109613,2020-12-16,325000,303000,3.906,30,292,1534.04,0.547,554000,0
M0109614,C0109614,2025-06-13,1174000,1157000,3.977,30,346,5589.3,0.505,2289000,0
M0109615,C0109615,2025-08-04,419000,414000,5.051,30,347,2262.36,0.715,579000,0
M0109616,C0109616,2025-03-05,217000,213000,5.478,30,342,1229.11,0.626,340000,0
M0109617,C0109617,2023-10-08,388000,375000,5.393,30,325,2177.04,0.727,516000,0
M0109618,C0109618,2024-12-28,426000,418000,6.074,30,340,2574.39,0.625,669000,0
M0109619,C0109619,2023-05-26,362000,334000,5.766,15,141,3009.19,0.514,650000,0
M0109620,C0109620,2023-11-28,254000,246000,5.523,30,327,1445.85,0.651,378000,0
M0109621,C0109621,2021-01-24,173000,150000,5.168,15,113,1383.26,0.503,298000,0
M0109622,C0109622,2023-06-08,183000,176000,6.398,30,321,1144.44,0.533,330000,0
M0109623,C0109623,2019-11-10,222000,187000,6.82,15,98,1973.12,0.507,369000,0
M0109624,C0109624,2024-10-04,626000,612000,5.174,30,337,3427.39,0.521,1175000,0
M0109625,C0109625,2024-07-19,178000,174000,5.928,30,335,1058.97,0.753,231000,0
M0109626,C0109626,2020-11-20,354000,330000,5.217,30,291,1947.57,0.521,633000,0
M0109627,C0109627,2024-11-11,659000,645000,4.169,30,339,3210.71,0.517,1248000,0
M0109628,C0109628,2023-06-13,454000,437000,3.666,30,322,2080.96,0.529,826000,0
M0109629,C0109629,2021-12-20,667000,630000,6.794,30,304,4345.68,0.607,1038000,0
M0109630,C0109630,2020-05-05,244000,226000,6.38,30,284,1523.04,0.623,363000,0
M0109631,C0109631,2024-05-24,449000,437000,5.943,30,333,2675.55,0.705,620000,0
M0109632,C0109632,2024-01-15,583000,547000,6.598,15,149,5110.02,0.602,908000,0
M0109633,C0109633,2025-07-20,525000,518000,4.619,30,347,2697.35,0.668,775000,0
M0109634,C0109634,2023-04-07,511000,491000,6.48,30,319,3223.15,0.554,886000,0
M0109635,C0109635,2024-04-22,180000,175000,5.883,30,332,1065.69,0.694,252000,0
M0109636,C0109636,2023-12-15,457000,442000,5.026,30,328,2460.54,0.771,573000,0
M0109637,C0109637,2024-04-16,418000,406000,2.965,30,332,1754.42,0.531,764000,0
M0109638,C0109638,2019-09-22,304000,279000,3.927,30,277,1438.58,0.505,552000,0
M0109639,C0109639,2022-05-23,242000,230000,7.392,30,309,1674.24,0.663,347000,0
M0109640,C0109640,2022-09-12,411000,392000,7.354,30,313,2832.79,0.551,712000,0
M0109641,C0109641,2022-12-31,200000,191000,3.94,30,316,947.93,0.516,370000,0
M0109642,C0109642,2022-03-08,264000,250000,3.304,30,306,1156.78,0.623,401000,0
M0109643,C0109643,2023-09-12,525000,507000,6.933,30,325,3469.25,0.585,866000,0
M0109644,C0109644,2024-10-17,552000,540000,5.411,30,338,3103.44,0.67,806000,0
M0109645,C0109645,2023-12-18,417000,390000,4.708,15,148,3234.53,0.637,612000,0
M0109646,C0109646,2023-10-10,260000,251000,4.143,30,325,1262.81,0.621,404000,0
M0109647,C0109647,2024-02-03,188000,182000,4.134,30,329,912.12,0.576,316000,0
M0109648,C0109648,2024-10-25,222000,212000,6.935,15,158,1987.34,0.529,401000,0
M0109649,C0109649,2020-07-12,623000,578000,5.774,30,287,3645.16,0.623,928000,0
M0109650,C0109650,2023-02-08,361000,346000,3.528,30,317,1626.7,0.605,572000,0
M0109651,C0109651,2022-12-07,311000,297000,4.728,30,315,1618.2,0.485,613000,0
M0109652,C0109652,2020-05-09,356000,330000,7.241,30,284,2426.37,0.478,690000,0
M0109653,C0109653,2020-07-27,462000,429000,5.832,30,287,2720.22,0.696,616000,0
M0109654,C0109654,2024-03-20,196000,190000,3.963,30,331,931.56,0.535,355000,1
M0109655,C0109655,2019-09-23,257000,236000,4.785,30,277,1346.06,0.535,441000,0
M0109656,C0109656,2023-03-03,453000,434000,5.38,30,318,2538.08,0.558,778000,0
M0109657,C0109657,2022-09-22,369000,352000,6.544,30,313,2343.02,0.553,636000,0
M0109658,C0109658,2020-02-06,570000,526000,5.392,30,281,3197.88,0.585,899000,0
M0109659,C0109659,2020-02-17,478000,441000,7.015,30,282,3184.96,0.494,892000,0
M0109660,C0109660,2020-01-25,223000,206000,5.789,30,281,1306.9,0.531,388000,0
M0109661,C0109661,2024-08-25,80000,78000,2.979,30,336,336.38,0.545,143000,0
M0109662,C0109662,2025-03-22,363000,357000,6.088,30,343,2196.95,0.526,679000,0
M0109663,C0109663,2023-11-03,194000,188000,5.299,30,326,1077.17,0.616,305000,0
M0109664,C0109664,2023-12-30,422000,409000,4.944,30,328,2250.97,0.724,565000,0
M0109665,C0109665,2021-09-29,726000,684000,5.934,30,301,4321.98,0.71,964000,0
M0109666,C0109666,2024-09-25,196000,192000,5.226,30,337,1079.41,0.565,340000,0
M0109667,C0109667,2024-04-08,453000,440000,5.721,30,331,2635.25,0.599,735000,0
M0109668,C0109668,2020-11-29,506000,472000,4.924,30,291,2692.86,0.503,939000,0
M0109669,C0109669,2022-02-24,390000,349000,4.881,15,126,3059.97,0.697,501000,0
M0109670,C0109670,2020-12-06,386000,360000,6.718,30,291,2495.38,0.721,499000,0
M0109671,C0109671,2020-04-22,116000,107000,5.626,30,284,667.83,0.505,212000,0
M0109672,C0109672,2020-01-30,339000,313000,5.95,30,281,2021.59,0.462,677000,0
M0109673,C0109673,2019-11-10,326000,300000,4.864,30,278,1723.04,0.488,615000,0
M0109674,C0109674,2021-08-28,554000,521000,6.671,30,300,3564.19,0.601,867000,0
M0109675,C0109675,2022-06-28,530000,504000,5.726,30,310,3084.86,0.499,1011000,0
M0109676,C0109676,2021-11-05,254000,240000,5.128,30,302,1383.47,0.741,324000,0
M0109677,C0109677,2021-04-12,127000,119000,6.893,30,296,835.83,0.52,229000,0
M0109678,C0109678,2020-06-19,148000,137000,5.128,30,286,806.11,0.672,204000,0
M0109679,C0109679,2022-01-29,663000,627000,5.699,30,305,3847.63,0.646,970000,0
M0109680,C0109680,2022-03-16,315000,282000,4.177,15,127,2358.06,0.592,476000,0
M0109681,C0109681,2023-03-07,159000,152000,4.812,30,318,835.37,0.691,220000,0
M0109682,C0109682,2020-10-25,169000,157000,6.354,30,290,1052.02,0.571,275000,0
M0109683,C0109683,2023-07-24,368000,355000,5.444,30,323,2076.55,0.614,578000,0
M0109684,C0109684,2023-08-22,348000,336000,5.601,30,324,1998.01,0.585,574000,1
M0109685,C0109685,2022-01-06,750000,709000,5.401,30,304,4211.95,0.619,1145000,0
M0109686,C0109686,2021-11-27,315000,280000,5.446,15,123,2564.8,0.673,416000,0
M0109687,C0109687,2023-08-17,398000,384000,4.906,30,324,2113.74,0.52,738000,0
M0109688,C0109688,2025-08-17,321000,317000,4.982,30,348,1719.67,0.532,596000,0
M0109689,C0109689,2021-03-16,494000,462000,5.177,30,295,2705.59,0.522,885000,0
M0109690,C0109690,2025-03-01,790000,776000,5.181,30,342,4328.71,0.563,1378000,0
M0109691,C0109691,2024-12-09,526000,515000,6.009,30,339,3156.68,0.609,846000,0
M0109692,C0109692,2025-01-14,878000,861000,5.972,30,341,5248.26,0.543,1586000,0
M0109693,C0109693,2021-05-22,430000,403000,6.949,30,297,2846.09,0.493,818000,0
M0109694,C0109694,2021-03-09,148000,129000,6.262,15,114,1269.95,0.48,269000,0
M0109695,C0109695,2022-08-19,217000,207000,4.525,30,312,1102.73,0.661,313000,0
M0109696,C0109696,2025-02-21,494000,476000,4.763,15,162,3845.8,0.687,693000,0
M0109697,C0109697,2025-03-16,291000,286000,6.524,30,343,1843.91,0.587,487000,0
M0109698,C0109698,2022-04-30,328000,311000,6.226,30,308,2014.44,0.613,507000,0
M0109699,C0109699,2020-08-30,219000,188000,6.643,15,108,1924.98,0.568,331000,0
M0109700,C0109700,2021-06-14,675000,634000,5.496,30,298,3830.88,0.481,1318000,0
M0109701,C0109701,2022-05-26,705000,670000,5.214,30,309,3877.33,0.527,1271000,0
M0109702,C0109702,2022-09-06,292000,278000,5.877,30,312,1727.66,0.585,475000,0
M0109703,C0109703,2021-04-16,294000,275000,3.988,30,296,1401.57,0.621,443000,0
M0109704,C0109704,2024-06-05,620000,604000,5.283,30,333,3436.35,0.673,898000,0
M0109705,C0109705,2024-12-15,553000,531000,7.655,15,160,5175.21,0.481,1105000,0
M0109706,C0109706,2023-07-27,145000,140000,5.137,30,323,790.58,0.654,214000,0
M0109707,C0109707,2024-10-07,460000,450000,5.483,30,337,2606.93,0.519,867000,0
M0109708,C0109708,2024-01-30,420000,407000,5.277,30,329,2326.28,0.718,567000,0
M0109709,C0109709,2020-06-05,360000,334000,7.153,30,285,2432.19,0.508,657000,0
M0109710,C0109710,2022-10-26,211000,201000,4.197,30,314,1031.46,0.588,342000,0
M0109711,C0109711,2022-11-24,214000,205000,6.242,30,315,1316.52,0.603,340000,0
M0109712,C0109712,2021-03-15,80000,75000,5.06,30,295,432.4,0.503,149000,0
M0109713,C0109713,2023-12-03,236000,221000,4.785,15,147,1839.95,0.725,305000,0
M0109714,C0109714,2021-06-15,122000,115000,3.656,30,298,558.51,0.752,153000,0
M0109715,C0109715,2022-08-02,250000,226000,7.386,15,131,2301.37,0.681,332000,0
M0109716,C0109716,2022-04-06,401000,380000,6.296,30,307,2481.04,0.738,515000,0
M0109717,C0109717,2023-06-21,183000,176000,4.04,30,322,877.9,0.493,357000,0
M0109718,C0109718,2020-02-12,638000,589000,4.115,30,282,3088.36,0.69,854000,0
M0109719,C0109719,2019-11-10,871000,802000,4.79,30,278,4564.57,0.5,1603000,0
M0109720,C0109720,2024-12-12,369000,361000,6.049,30,340,2223.98,0.539,670000,0
M0109721,C0109721,2024-07-07,444000,433000,5.359,30,334,2481.85,0.78,555000,0
M0109722,C0109722,2021-03-17,146000,137000,4.496,30,295,739.41,0.643,213000,0
M0109723,C0109723,2022-07-09,359000,342000,5.411,30,310,2018.36,0.514,666000,0
M0109724,C0109724,2021-01-28,162000,151000,6.895,30,293,1066.39,0.535,282000,0
M0109725,C0109725,2023-09-15,138000,133000,6.155,30,325,841.18,0.526,253000,0
M0109726,C0109726,2021-10-26,174000,164000,3.513,30,302,782.6,0.503,326000,0
M0109727,C0109727,2024-09-15,303000,296000,4.343,30,337,1507.12,0.767,386000,0
M0109728,C0109728,2019-12-06,321000,296000,5.356,30,279,1793.71,0.526,563000,0
M0109729,C0109729,2021-08-11,316000,297000,5.647,30,299,1823.47,0.737,403000,0
M0109730,C0109730,2021-10-30,183000,173000,6.94,30,302,1210.14,0.486,356000,0
M0109731,C0109731,2024-11-16,346000,339000,5.489,30,339,1962.16,0.624,543000,0
M0109732,C0109732,2020-05-05,231000,214000,6.093,30,284,1398.8,0.622,344000,0
M0109733,C0109733,2024-01-19,350000,339000,3.094,30,329,1493.42,0.702,483000,0
M0109734,C0109734,2024-12-17,291000,285000,5.063,30,340,1573.37,0.557,512000,0
M0109735,C0109735,2022-10-10,133000,121000,6.269,15,133,1141.75,0.488,248000,0
M0109736,C0109736,2019-11-25,233000,215000,7.577,30,279,1641.47,0.694,310000,0
M0109737,C0109737,2023-02-26,430000,412000,4.026,30,318,2059.34,0.482,854000,0
M0109738,C0109738,2025-08-26,498000,492000,5.311,30,348,2768.82,0.753,653000,0
M0109739,C0109739,2020-03-27,177000,164000,3.562,30,283,800.95,0.505,325000,0
M0109740,C0109740,2021-10-10,224000,211000,5.276,30,301,1240.55,0.723,292000,0
M0109741,C0109741,2021-10-17,262000,247000,6.646,30,302,1681.25,0.671,368000,0
M0109742,C0109742,2022-05-11,589000,559000,6.515,30,308,3728.69,0.694,806000,0
M0109743,C0109743,2025-04-12,414000,407000,5.446,30,344,2336.64,0.714,570000,0
M0109744,C0109744,2021-07-02,173000,163000,5.216,30,298,951.67,0.497,328000,0
M0109745,C0109745,2024-11-02,419000,401000,8.0,15,158,4004.18,0.548,732000,0
M0109746,C0109746,2024-06-14,618000,602000,5.26,30,334,3416.45,0.492,1223000,0
M0109747,C0109747,2022-03-08,365000,346000,4.894,30,306,1935.82,0.669,517000,0
M0109748,C0109748,2022-08-05,222000,211000,4.88,30,311,1175.52,0.683,309000,0
M0109749,C0109749,2024-05-06,501000,474000,3.884,15,152,3676.78,0.689,688000,0
M0109750,C0109750,2025-04-19,360000,354000,5.982,30,344,2154.22,0.524,675000,0
M0109751,C0109751,2024-07-10,289000,282000,6.212,30,334,1772.29,0.651,433000,0
M0109752,C0109752,2025-06-07,512000,504000,6.174,30,345,3127.21,0.579,870000,0
M0109753,C0109753,2019-10-11,327000,301000,6.351,30,277,2034.92,0.609,494000,0
M0109754,C0109754,2025-03-24,341000,335000,4.843,30,343,1797.98,0.594,564000,0
M0109755,C0109755,2021-06-11,504000,473000,5.318,30,297,2804.37,0.531,891000,0
M0109756,C0109756,2023-06-13,255000,245000,6.765,30,322,1656.47,0.718,341000,0
M0109757,C0109757,2023-11-19,184000,172000,4.981,15,147,1453.24,0.485,355000,0
M0109758,C0109758,2025-09-04,386000,381000,4.88,30,348,2043.92,0.666,572000,0
M0109759,C0109759,2025-07-13,714000,704000,6.593,30,347,4556.72,0.718,981000,0
M0109760,C0109760,2019-09-20,105000,96000,4.623,30,277,539.72,0.497,193000,0
M0109761,C0109761,2020-12-05,473000,441000,4.24,30,291,2324.11,0.467,945000,0
M0109762,C0109762,2024-01-04,333000,323000,4.344,30,328,1656.54,0.647,499000,0
M0109763,C0109763,2022-03-27,251000,225000,8.0,15,127,2398.69,0.575,391000,0
M0109764,C0109764,2020-04-27,237000,219000,6.606,30,284,1514.56,0.664,330000,0
M0109765,C0109765,2023-10-31,515000,498000,6.182,30,326,3148.2,0.763,653000,0
M0109766,C0109766,2019-12-07,460000,424000,4.466,30,279,2321.47,0.683,621000,0
M0109767,C0109767,2022-07-15,195000,176000,6.047,15,131,1650.48,0.458,384000,0
M0109768,C0109768,2022-12-20,382000,365000,7.363,30,316,2635.26,0.499,731000,0
M0109769,C0109769,2020-04-27,651000,603000,5.896,30,284,3859.65,0.501,1203000,0
M0109770,C0109770,2022-12-15,464000,444000,4.283,30,316,2291.57,0.49,907000,0
M0109771,C0109771,2025-04-26,142000,140000,6.087,30,344,859.32,0.571,245000,0
M0109772,C0109772,2024-10-22,453000,443000,5.323,30,338,2522.0,0.633,700000,0
M0109773,C0109773,2021-04-22,176000,165000,5.65,30,296,1015.93,0.65,254000,0
M0109774,C0109774,2021-11-29,366000,346000,4.437,30,303,1840.79,0.52,666000,0
M0109775,C0109775,2020-07-10,226000,210000,4.662,30,286,1166.97,0.526,399000,0
M0109776,C0109776,2024-07-07,401000,381000,4.98,15,154,3166.91,0.588,648000,0
M0109777,C0109777,2022-07-30,234000,212000,4.644,15,131,1807.35,0.527,402000,0
M0109778,C0109778,2023-06-13,194000,187000,5.435,30,322,1093.61,0.557,336000,0
M0109779,C0109779,2019-12-08,384000,354000,4.748,30,279,2002.66,0.583,607000,0
M0109780,C0109780,2020-11-26,347000,324000,7.3,30,291,2378.93,0.665,487000,0
M0109781,C0109781,2024-04-22,494000,480000,6.041,30,332,2974.81,0.688,698000,0
M0109782,C0109782,2021-03-29,251000,235000,6.334,30,295,1559.19,0.695,338000,0
M0109783,C0109783,2021-05-16,154000,144000,5.347,30,297,859.67,0.692,208000,0
M0109784,C0109784,2023-05-11,460000,442000,3.294,30,320,2013.07,0.621,712000,0
M0109785,C0109785,2023-02-24,676000,648000,6.423,30,318,4238.61,0.677,957000,0
M0109786,C0109786,2024-04-11,246000,239000,5.379,30,331,1378.14,0.756,316000,0
M0109787,C0109787,2023-06-04,418000,402000,5.958,30,321,2494.85,0.638,630000,0
M0109788,C0109788,2025-02-02,280000,275000,5.422,30,341,1576.13,0.728,378000,0
M0109789,C0109789,2021-11-18,861000,813000,3.051,30,303,3653.74,0.531,1531000,0
M0109790,C0109790,2022-09-08,252000,228000,5.027,15,132,1996.35,0.556,410000,0
M0109791,C0109791,2022-01-16,320000,285000,4.591,15,125,2462.89,0.697,409000,0
M0109792,C0109792,2019-12-05,119000,110000,5.728,30,279,692.79,0.675,163000,0
M0109793,C0109793,2023-06-30,720000,693000,6.004,30,322,4318.62,0.76,912000,0
M0109794,C0109794,2024-12-08,251000,246000,7.87,30,339,1819.05,0.68,362000,0
M0109795,C0109795,2023-06-12,627000,603000,6.013,30,322,3764.42,0.7,861000,0
M0109796,C0109796,2023-08-01,234000,226000,4.884,30,323,1239.63,0.727,311000,0
M0109797,C0109797,2022-10-27,315000,301000,5.035,30,314,1697.73,0.683,441000,0
M0109798,C0109798,2020-08-20,222000,206000,6.067,30,288,1340.58,0.526,392000,0
M0109799,C0109799,2019-09-29,205000,188000,6.429,30,277,1286.18,0.723,260000,0
M0109800,C0109800,2021-11-26,283000,267000,4.13,30,303,1372.38,0.683,391000,0
M0109801,C0109801,2020-11-28,306000,285000,5.228,30,291,1685.58,0.563,506000,0
M0109802,C0109802,2023-12-21,273000,264000,5.33,30,328,1521.07,0.652,405000,0
M0109803,C0109803,2023-07-02,153000,142000,3.723,15,142,1110.6,0.58,245000,0
M0109804,C0109804,2020-06-09,378000,350000,6.292,30,285,2337.75,0.465,752000,0
M0109805,C0109805,2023-07-09,123000,118000,5.748,30,322,717.64,0.659,179000,0
M0109806,C0109806,2023-06-23,277000,256000,5.284,15,142,2231.7,0.487,526000,0
M0109807,C0109807,2020-04-27,149000,138000,5.768,30,284,871.23,0.738,187000,1
M0109808,C0109808,2020-11-21,514000,479000,6.219,30,291,3154.43,0.612,783000,0
M0109809,C0109809,2021-01-09,607000,527000,7.627,15,112,5670.86,0.594,887000,0
M0109810,C0109810,2021-05-07,441000,413000,6.22,30,296,2706.71,0.538,768000,0
M0109811,C0109811,2021-10-11,258000,243000,4.24,30,301,1267.69,0.475,512000,0
M0109812,C0109812,2022-05-25,226000,203000,8.0,15,129,2159.77,0.529,384000,0
M0109813,C0109813,2021-06-01,289000,271000,4.265,30,297,1424.25,0.573,473000,0
M0109814,C0109814,2025-06-27,319000,315000,5.929,30,346,1898.03,0.552,571000,0
M0109815,C0109815,2025-05-10,417000,404000,5.272,15,164,3357.0,0.772,523000,0
M0109816,C0109816,2020-06-24,400000,371000,5.37,30,286,2238.64,0.51,728000,0
M0109817,C0109817,2025-02-21,118000,114000,5.917,15,162,990.47,0.731,156000,0
M0109818,C0109818,2021-10-20,456000,404000,6.001,15,122,3848.23,0.456,886000,0
M0109819,C0109819,2023-10-21,397000,384000,7.018,30,326,2646.05,0.502,765000,0
M0109820,C0109820,2021-03-22,222000,194000,4.776,15,115,1729.77,0.572,339000,0
M0109821,C0109821,2022-11-12,202000,193000,5.94,30,315,1203.31,0.763,253000,0
M0109822,C0109822,2023-11-18,338000,327000,6.169,30,327,2063.35,0.667,490000,0
M0109823,C0109823,2021-06-07,359000,337000,8.0,30,297,2634.21,0.505,667000,0
M0109824,C0109824,2019-10-26,189000,174000,6.05,30,278,1139.23,0.611,285000,0
M0109825,C0109825,2021-01-03,337000,315000,4.235,30,292,1654.88,0.601,524000,0
M0109826,C0109826,2024-04-29,359000,349000,7.012,30,332,2391.33,0.557,627000,0
M0109827,C0109827,2020-05-23,503000,466000,5.012,30,285,2703.9,0.634,735000,0
M0109828,C0109828,2019-09-16,310000,285000,4.553,30,277,1580.5,0.534,534000,0
M0109829,C0109829,2024-01-27,119000,115000,6.959,30,329,788.44,0.612,188000,0
M0109830,C0109830,2021-10-19,372000,330000,5.646,15,122,3068.45,0.444,744000,0
M0109831,C0109831,2021-03-18,141000,132000,5.281,30,295,781.32,0.473,279000,0
M0109832,C0109832,2021-12-18,214000,202000,7.354,30,304,1474.98,0.579,349000,0
M0109833,C0109833,2019-09-25,167000,153000,4.936,30,277,889.97,0.586,261000,1
M0109834,C0109834,2024-03-08,420000,395000,4.928,15,150,3305.6,0.742,532000,0
M0109835,C0109835,2024-06-13,190000,185000,6.046,30,334,1144.77,0.649,285000,0
M0109836,C0109836,2020-05-20,540000,500000,3.017,30,285,2281.62,0.515,970000,0
M0109837,C0109837,2025-04-12,184000,181000,5.677,30,344,1065.26,0.539,336000,0
M0109838,C0109838,2025-07-05,120000,118000,5.587,30,346,687.91,0.715,165000,0
M0109839,C0109839,2020-04-27,275000,255000,4.561,30,284,1403.37,0.481,530000,1
M0109840,C0109840,2020-08-10,169000,157000,5.481,30,287,957.55,0.677,232000,0
M0109841,C0109841,2024-11-20,633000,606000,5.785,15,159,5268.37,0.503,1204000,0
M0109842,C0109842,2020-09-28,233000,201000,5.452,15,109,1897.87,0.552,364000,0
M0109843,C0109843,2021-05-19,584000,548000,6.398,30,297,3652.19,0.658,833000,0
M0109844,C0109844,2020-04-06,281000,239000,5.797,15,103,2340.53,0.477,501000,0
M0109845,C0109845,2023-05-17,392000,362000,5.314,15,141,3164.41,0.488,742000,0
M0109846,C0109846,2023-10-03,252000,243000,6.272,30,325,1555.21,0.489,497000,0
M0109847,C0109847,2023-07-26,1076000,997000,5.795,15,143,8961.16,0.508,1963000,0
M0109848,C0109848,2021-10-05,185000,164000,8.0,15,121,1767.96,0.449,365000,0
M0109849,C0109849,2020-01-22,80000,74000,6.626,30,281,512.3,0.597,124000,0
M0109850,C0109850,2020-01-22,373000,344000,4.918,30,281,1983.69,0.478,719000,0
M0109851,C0109851,2023-08-04,196000,189000,3.609,30,323,892.1,0.602,314000,0
M0109852,C0109852,2025-04-17,363000,351000,4.754,15,164,2824.28,0.721,487000,0
M0109853,C0109853,2023-04-03,317000,304000,3.254,30,319,1380.3,0.486,626000,0
M0109854,C0109854,2023-01-06,252000,241000,6.232,30,316,1548.66,0.701,344000,0
M0109855,C0109855,2025-08-08,267000,264000,5.18,30,347,1462.83,0.748,353000,0
M0109856,C0109856,2019-11-02,402000,370000,4.654,30,278,2073.82,0.621,596000,0
M0109857,C0109857,2024-08-06,274000,267000,6.158,30,335,1670.7,0.584,457000,0
M0109858,C0109858,2022-03-25,304000,288000,5.094,30,307,1649.45,0.636,453000,0
M0109859,C0109859,2023-07-13,256000,247000,5.934,30,323,1524.0,0.568,435000,0
M0109860,C0109860,2021-06-03,740000,694000,5.207,30,297,4066.62,0.552,1257000,0
M0109861,C0109861,2021-09-14,631000,558000,5.585,15,121,5184.3,0.488,1143000,0
M0109862,C0109862,2020-03-25,157000,145000,6.919,30,283,1036.0,0.468,310000,0
M0109863,C0109863,2025-04-24,328000,323000,6.506,30,344,2074.48,0.573,564000,0
M0109864,C0109864,2024-01-09,218000,211000,7.076,30,328,1461.5,0.674,313000,0
M0109865,C0109865,2023-08-08,176000,170000,5.879,30,323,1041.56,0.759,224000,0
M0109866,C0109866,2020-04-23,80000,74000,3.509,30,284,359.64,0.54,137000,0
M0109867,C0109867,2023-07-05,279000,269000,4.747,30,322,1454.89,0.633,425000,0
M0109868,C0109868,2022-08-20,289000,275000,3.723,30,312,1333.98,0.625,440000,0
M0109869,C0109869,2020-12-14,646000,559000,6.51,15,112,5630.91,0.577,968000,0
M0109870,C0109870,2020-03-11,553000,469000,5.517,15,102,4523.46,0.541,867000,0
M0109871,C0109871,2024-01-18,419000,406000,6.885,30,329,2755.33,0.6,677000,0
M0109872,C0109872,2021-09-24,474000,447000,6.642,30,301,3040.4,0.538,831000,0
M0109873,C0109873,2020-05-07,502000,465000,5.362,30,284,2806.99,0.507,917000,0
M0109874,C0109874,2024-02-01,418000,405000,7.42,30,329,2899.85,0.608,666000,0
M0109875,C0109875,2020-01-14,655000,604000,6.555,30,281,4163.77,0.702,861000,0
M0109876,C0109876,2023-05-03,174000,167000,5.59,30,320,997.8,0.607,275000,0
M0109877,C0109877,2024-05-14,257000,250000,5.978,30,333,1537.21,0.506,494000,0
M0109878,C0109878,2020-12-03,239000,223000,7.055,30,291,1598.91,0.484,461000,0
M0109879,C0109879,2023-06-07,249000,240000,5.992,30,321,1491.6,0.488,492000,0
M0109880,C0109880,2023-03-17,304000,292000,4.767,30,319,1588.92,0.52,561000,0
M0109881,C0109881,2021-04-19,741000,694000,4.206,30,296,3626.21,0.527,1317000,0
M0109882,C0109882,2024-05-14,513000,499000,5.209,30,333,2819.79,0.586,851000,0
M0109883,C0109883,2024-02-01,604000,586000,4.751,30,329,3151.11,0.646,907000,0
M0109884,C0109884,2021-05-28,315000,276000,5.725,15,117,2611.58,0.471,586000,0
M0109885,C0109885,2020-09-29,308000,287000,4.933,30,289,1640.82,0.674,426000,0
M0109886,C0109886,2024-08-13,438000,427000,5.078,30,336,2372.2,0.541,790000,0
M0109887,C0109887,2019-11-10,407000,375000,6.834,30,278,2662.56,0.556,675000,0
M0109888,C0109888,2025-05-25,407000,401000,7.322,30,345,2796.36,0.584,687000,0
M0109889,C0109889,2021-11-29,1045000,987000,4.645,30,303,5385.27,0.612,1613000,0
M0109890,C0109890,2023-03-08,439000,421000,5.105,30,318,2384.9,0.574,734000,0
M0109891,C0109891,2024-09-23,221000,216000,5.247,30,337,1219.96,0.532,406000,0
M0109892,C0109892,2021-01-02,231000,216000,5.845,30,292,1362.03,0.581,372000,0
M0109893,C0109893,2025-09-07,499000,493000,5.878,30,348,2952.73,0.533,925000,0
M0109894,C0109894,2024-01-07,480000,465000,4.942,30,328,2559.76,0.765,608000,0
M0109895,C0109895,2023-03-29,535000,513000,6.061,30,319,3228.61,0.518,991000,0
M0109896,C0109896,2021-07-18,425000,399000,4.992,30,299,2279.41,0.49,815000,0
M0109897,C0109897,2024-05-03,195000,190000,5.089,30,332,1057.43,0.5,380000,0
M0109898,C0109898,2025-05-19,707000,696000,4.5,30,345,3582.27,0.617,1128000,0
M0109899,C0109899,2021-01-21,641000,599000,6.639,30,293,4110.33,0.592,1012000,0
M0109900,C0109900,2025-03-15,270000,265000,6.5,30,343,1706.58,0.642,413000,0
M0109901,C0109901,2022-11-18,394000,376000,5.881,30,315,2332.17,0.727,517000,0
M0109902,C0109902,2021-09-10,360000,339000,6.229,30,300,2211.67,0.494,686000,0
M0109903,C0109903,2021-11-27,272000,257000,6.719,30,303,1758.59,0.656,392000,0
M0109904,C0109904,2025-01-24,184000,181000,6.327,30,341,1142.15,0.721,251000,0
M0109905,C0109905,2022-01-23,437000,413000,6.301,30,305,2705.2,0.518,797000,0
M0109906,C0109906,2025-08-15,155000,153000,5.028,30,348,834.73,0.729,210000,0
M0109907,C0109907,2025-06-24,243000,240000,3.846,30,346,1138.65,0.542,443000,0
M0109908,C0109908,2024-04-13,771000,749000,4.63,30,332,3966.32,0.518,1445000,0
M0109909,C0109909,2021-06-14,404000,379000,7.914,30,298,2940.22,0.65,583000,0
M0109910,C0109910,2024-06-05,397000,387000,5.239,30,333,2189.54,0.736,526000,0
M0109911,C0109911,2020-09-29,283000,263000,7.261,30,289,1932.67,0.609,432000,1
M0109912,C0109912,2024-11-13,150000,147000,6.096,30,339,908.6,0.724,203000,0
M0109913,C0109913,2022-11-15,403000,385000,5.467,30,315,2279.85,0.565,681000,0
M0109914,C0109914,2022-10-24,421000,402000,4.507,30,314,2134.9,0.496,810000,0
M0109915,C0109915,2022-03-17,488000,462000,4.726,30,307,2538.58,0.578,800000,0
M0109916,C0109916,2023-06-01,269000,259000,5.355,30,321,1502.97,0.676,383000,0
M0109917,C0109917,2024-11-01,267000,255000,5.352,15,158,2160.7,0.563,453000,0
M0109918,C0109918,2021-05-03,435000,381000,6.101,15,116,3694.56,0.665,573000,0
M0109919,C0109919,2021-09-30,175000,155000,4.754,15,121,1361.57,0.598,259000,0
M0109920,C0109920,2021-10-05,492000,464000,4.794,30,301,2579.57,0.487,952000,0
M0109921,C0109921,2020-01-24,303000,280000,6.46,30,281,1907.2,0.49,572000,0
M0109922,C0109922,2020-05-20,379000,351000,7.588,30,285,2672.9,0.506,693000,0
M0109923,C0109923,2021-06-05,1039000,975000,5.594,30,297,5960.75,0.533,1830000,0
M0109924,C0109924,2023-02-03,286000,274000,5.988,30,317,1712.51,0.532,515000,0
M0109925,C0109925,2025-08-11,351000,347000,5.339,30,347,1957.63,0.572,607000,0
M0109926,C0109926,2024-05-24,333000,324000,5.429,30,333,1875.93,0.581,558000,0
M0109927,C0109927,2023-11-04,122000,114000,5.267,15,146,981.82,0.726,157000,0
M0109928,C0109928,2023-12-03,445000,416000,5.115,15,147,3545.75,0.706,589000,0
M0109929,C0109929,2019-12-23,102000,94000,6.111,30,280,618.84,0.648,145000,0
M0109930,C0109930,2025-04-26,479000,471000,6.179,30,344,2927.2,0.592,795000,0
M0109931,C0109931,2021-09-09,232000,218000,5.232,30,300,1278.53,0.665,328000,0
M0109932,C0109932,2022-10-16,227000,217000,4.868,30,314,1200.34,0.598,363000,0
M0109933,C0109933,2023-10-01,322000,300000,4.975,15,145,2542.16,0.552,543000,0
M0109934,C0109934,2021-04-18,169000,158000,6.217,30,296,1036.94,0.516,306000,0
M0109935,C0109935,2022-02-05,310000,293000,4.617,30,305,1592.35,0.567,517000,0
M0109936,C0109936,2020-08-22,189000,162000,4.382,15,108,1434.47,0.488,332000,0
M0109937,C0109937,2024-09-19,172000,168000,5.811,30,337,1010.42,0.615,273000,0
M0109938,C0109938,2024-01-27,294000,285000,5.426,30,329,1655.68,0.499,571000,0
M0109939,C0109939,2020-02-26,604000,558000,5.347,30,282,3371.69,0.507,1101000,0
M0109940,C0109940,2020-06-22,470000,436000,6.417,30,286,2945.11,0.585,745000,0
M0109941,C0109941,2023-05-11,250000,240000,5.443,30,320,1410.54,0.694,346000,0
M0109942,C0109942,2023-04-09,302000,290000,4.78,30,319,1580.84,0.539,538000,0
M0109943,C0109943,2024-07-18,250000,244000,5.688,30,335,1449.1,0.616,396000,0
M0109944,C0109944,2025-03-21,180000,177000,4.783,30,343,942.55,0.694,255000,0
M0109945,C0109945,2025-03-31,194000,191000,6.474,30,343,1222.9,0.579,330000,0
M0109946,C0109946,2025-08-29,374000,369000,5.525,30,348,2129.4,0.641,576000,0
M0109947,C0109947,2025-06-27,227000,221000,4.368,15,166,1721.26,0.531,416000,0
M0109948,C0109948,2023-06-15,318000,306000,5.671,30,322,1839.83,0.658,465000,1
M0109949,C0109949,2021-10-30,197000,186000,4.625,30,302,1012.85,0.589,316000,0
M0109950,C0109950,2021-11-02,487000,432000,6.63,15,122,4277.17,0.585,738000,0
M0109951,C0109951,2021-08-11,451000,424000,5.391,30,299,2529.97,0.498,851000,0
M0109952,C0109952,2021-10-31,714000,673000,6.193,30,302,4369.79,0.601,1120000,0
M0109953,C0109953,2021-09-30,647000,610000,4.82,30,301,3402.41,0.661,923000,0
M0109954,C0109954,2023-05-23,207000,191000,5.287,15,141,1668.06,0.486,393000,0
M0109955,C0109955,2023-10-25,213000,206000,5.956,30,326,1271.02,0.498,414000,0
M0109956,C0109956,2023-02-23,391000,375000,5.327,30,318,2177.8,0.628,597000,0
M0109957,C0109957,2020-12-11,210000,196000,4.519,30,292,1066.41,0.489,401000,0
M0109958,C0109958,2022-06-15,369000,351000,6.29,30,310,2281.6,0.588,597000,0
M0109959,C0109959,2020-08-29,276000,237000,5.811,15,108,2300.96,0.477,497000,0
M0109960,C0109960,2023-09-20,518000,500000,4.317,30,325,2568.61,0.664,753000,1
M0109961,C0109961,2022-01-30,526000,498000,5.101,30,305,2856.24,0.691,721000,0
M0109962,C0109962,2021-11-02,281000,265000,4.598,30,302,1440.19,0.575,461000,0
M0109963,C0109963,2022-01-03,131000,124000,4.966,30,304,700.52,0.611,203000,0
M0109964,C0109964,2025-01-21,543000,533000,5.003,30,341,2915.94,0.785,679000,0
M0109965,C0109965,2024-07-17,241000,235000,5.239,30,335,1329.17,0.761,309000,0
M0109966,C0109966,2021-12-20,324000,306000,3.939,30,304,1535.45,0.549,557000,0
M0109967,C0109967,2020-07-20,306000,284000,5.043,30,287,1650.73,0.615,462000,0
M0109968,C0109968,2022-10-18,397000,379000,6.56,30,314,2525.0,0.749,506000,0
M0109969,C0109969,2025-03-10,240000,236000,7.397,30,342,1661.22,0.626,377000,0
M0109970,C0109970,2020-06-24,187000,173000,4.245,30,286,919.38,0.689,251000,0
M0109971,C0109971,2020-11-19,354000,330000,6.686,30,291,2281.0,0.685,482000,0
M0109972,C0109972,2020-11-01,495000,461000,7.959,30,290,3618.0,0.512,901000,0
M0109973,C0109973,2023-03-10,308000,295000,5.284,30,318,1707.28,0.732,403000,0
M0109974,C0109974,2021-10-20,308000,273000,6.062,15,122,2609.41,0.556,491000,0
M0109975,C0109975,2025-02-09,181000,178000,6.616,30,341,1157.89,0.657,271000,0
M0109976,C0109976,2025-07-15,424000,418000,5.021,30,347,2281.57,0.497,841000,0
M0109977,C0109977,2025-04-30,439000,425000,6.546,15,164,3835.27,0.764,556000,0
M0109978,C0109978,2023-02-22,311000,298000,5.29,30,318,1725.07,0.602,495000,0
M0109979,C0109979,2019-10-09,201000,185000,6.554,30,277,1277.6,0.518,357000,0
M0109980,C0109980,2025-05-15,341000,336000,7.168,30,345,2307.29,0.504,667000,0
M0109981,C0109981,2022-04-14,356000,338000,6.884,30,308,2340.81,0.639,529000,1
M0109982,C0109982,2021-03-01,321000,300000,5.155,30,294,1753.73,0.542,554000,0
M0109983,C0109983,2023-01-12,191000,183000,6.158,30,317,1164.62,0.665,275000,0
M0109984,C0109984,2025-05-20,372000,366000,4.985,30,345,1993.57,0.571,641000,0
M0109985,C0109985,2020-02-24,356000,329000,4.246,30,282,1750.47,0.703,468000,0
M0109986,C0109986,2020-04-22,404000,374000,5.257,30,284,2232.65,0.632,592000,0
M0109987,C0109987,2022-12-02,306000,293000,6.4,30,315,1914.05,0.605,484000,0
M0109988,C0109988,2020-08-27,623000,535000,5.201,15,108,4992.12,0.663,807000,0
M0109989,C0109989,2020-08-14,327000,281000,7.101,15,108,2957.66,0.615,457000,0
M0109990,C0109990,2021-10-16,658000,620000,5.585,30,302,3771.22,0.709,875000,0
M0109991,C0109991,2020-07-30,366000,314000,4.323,15,107,2766.88,0.438,717000,0
M0109992,C0109992,2021-07-03,184000,173000,5.199,30,298,1010.25,0.575,301000,0
M0109993,C0109993,2021-03-14,498000,466000,4.796,30,295,2611.63,0.553,842000,0
M0109994,C0109994,2025-01-12,273000,268000,6.949,30,341,1806.93,0.527,509000,0
M0109995,C0109995,2025-02-15,262000,257000,6.056,30,342,1580.27,0.651,395000,0
M0109996,C0109996,2024-10-02,551000,539000,5.432,30,337,3105.05,0.738,730000,0
M0109997,C0109997,2019-12-22,175000,161000,6.319,30,280,1085.37,0.668,241000,0
M0109998,C0109998,2023-03-24,137000,131000,4.65,30,319,706.42,0.541,242000,0
M0109999,C0109999,2021-12-08,294000,278000,4.251,30,303,1446.48,0.483,576000,0
