customer_id,churned_within_90d,churn_date
C0100000,0,
C0100001,0,
C0100002,0,
C0100003,0,
C0100004,0,
C0100005,0,
C0100006,0,
C0100007,0,
C0100008,0,
C0100009,0,
C0100010,0,
C0100011,0,
C0100012,0,
C0100013,0,
C0100014,0,
C0100015,0,
C0100016,0,
C0100017,0,
C0100018,0,
C0100019,0,
C0100020,0,
C0100021,0,
C0100022,0,
C0100023,0,
C0100024,0,
C0100025,0,
C0100026,0,
C0100027,0,
C0100028,0,
C0100029,1,2026-10-10
C0100030,0,
C0100031,0,
C0100032,0,
C0100033,0,
C0100034,0,
C0100035,1,2026-11-12
C0100036,0,
C0100037,0,
C0100038,0,
C0100039,0,
C0100040,0,
C0100041,0,
C0100042,0,
C0100043,0,
C0100044,0,
C0100045,0,
C0100046,0,
C0100047,0,
C0100048,0,
C0100049,0,
C0100050,0,
C0100051,0,
C0100052,0,
C0100053,0,
C0100054,0,
C0100055,0,
C0100056,0,
C0100057,0,
C0100058,0,
C0100059,0,
C0100060,0,
C0100061,0,
C0100062,0,
C0100063,0,
C0100064,0,
C0100065,1,2026-10-03
C0100066,0,
C0100067,0,
C0100068,0,
C0100069,0,
C0100070,0,
C0100071,0,
C0100072,0,
C0100073,0,
C0100074,0,
C0100075,0,
C0100076,0,
C0100077,0,
C0100078,0,
C0100079,0,
C0100080,0,
C0100081,0,
C0100082,0,
C0100083,0,
C0100084,0,
C0100085,0,
C0100086,0,
C0100087,0,
C0100088,0,
C0100089,0,
C0100090,0,
C0100091,0,
C0100092,0,
C0100093,0,
C0100094,0,
C0100095,0,
C0100096,0,
C0100097,0,
C0100098,0,
C0100099,0,
C0100100,0,
C0100101,0,
C0100102,0,
C0100103,0,
C0100104,0,
C0100105,0,
C0100106,0,
C0100107,0,
C0100108,0,
C0100109,0,
C0100110,0,
C0100111,0,
C0100112,0,
C0100113,0,
C0100114,0,
C0100115,0,
C0100116,0,
C0100117,0,
C0100118,0,
C0100119,0,
C0100120,0,
C0100121,0,
C0100122,0,
C0100123,1,2026-11-24
C0100124,0,
C0100125,0,
C0100126,0,
C0100127,0,
C0100128,0,
C0100129,0,
C0100130,0,
C0100131,0,
C0100132,0,
C0100133,0,
C0100134,0,
C0100135,0,
C0100136,0,
C0100137,0,
C0100138,0,
C0100139,0,
C0100140,0,
C0100141,0,
C0100142,0,
C0100143,0,
C0100144,0,
C0100145,0,
C0100146,0,
C0100147,0,
C0100148,0,
C0100149,0,
C0100150,0,
C0100151,0,
C0100152,0,
C0100153,0,
C0100154,0,
C0100155,0,
C0100156,0,
C0100157,0,
C0100158,0,
C0100159,0,
C0100160,0,
C0100161,0,
C0100162,0,
C0100163,0,
C0100164,0,
C0100165,0,
C0100166,0,
C0100167,0,
C0100168,0,
C0100169,0,
C0100170,0,
C0100171,0,
C0100172,0,
C0100173,0,
C0100174,0,
C0100175,0,
C0100176,1,2026-11-17
C0100177,0,
C0100178,0,
C0100179,0,
C0100180,0,
C0100181,0,
C0100182,0,
C0100183,0,
C0100184,0,
C0100185,0,
C0100186,0,
C0100187,0,
C0100188,0,
C0100189,0,
C0100190,0,
C0100191,0,
C0100192,0,
C0100193,0,
C0100194,0,
C0100195,0,
C0100196,0,
C0100197,0,
C0100198,0,
C0100199,0,
C0100200,0,
C0100201,0,
C0100202,0,
C0100203,0,
C0100204,0,
C0100205,0,
C0100206,0,
C0100207,0,
C0100208,0,
C0100209,0,
C0100210,0,
C0100211,0,
C0100212,0,
C0100213,0,
C0100214,0,
C0100215,0,
C0100216,0,
C0100217,0,
C0100218,0,
C0100219,0,
C0100220,0,
C0100221,0,
C0100222,0,
C0100223,0,
C0100224,0,
C0100225,0,
C0100226,0,
C0100227,0,
C0100228,0,
C0100229,0,
C0100230,0,
C0100231,0,
C0100232,0,
C0100233,0,
C0100234,0,
C0100235,0,
C0100236,0,
C0100237,0,
C0100238,0,
C0100239,0,
C0100240,0,
C0100241,0,
C0100242,0,
C0100243,0,
C0100244,0,
C0100245,0,
C0100246,0,
C0100247,0,
C0100248,0,
C0100249,0,
C0100250,0,
C0100251,0,
C0100252,0,
C0100253,0,
C0100254,0,
C0100255,0,
C0100256,0,
C0100257,0,
C0100258,0,
C0100259,0,
C0100260,0,
C0100261,0,
C0100262,0,
C0100263,0,
C0100264,0,
C0100265,0,
C0100266,0,
C0100267,0,
C0100268,0,
C0100269,0,
C0100270,0,
C0100271,0,
C0100272,0,
C0100273,0,
C0100274,0,
C0100275,0,
C0100276,0,
C0100277,0,
C0100278,1,2026-10-30
C0100279,0,
C0100280,0,
C0100281,0,
C0100282,0,
C0100283,0,
C0100284,0,
C0100285,0,
C0100286,0,
C0100287,0,
C0100288,0,
C0100289,0,
C0100290,0,
C0100291,0,
C0100292,0,
C0100293,0,
C0100294,0,
C0100295,0,
C0100296,0,
C0100297,0,
C0100298,0,
C0100299,0,
C0100300,0,
C0100301,0,
C0100302,0,
C0100303,0,
C0100304,0,
C0100305,0,
C0100306,0,
C0100307,0,
C0100308,0,
C0100309,0,
C0100310,0,
C0100311,0,
C0100312,0,
C0100313,0,
C0100314,0,
C0100315,0,
C0100316,0,
C0100317,0,
C0100318,0,
C0100319,0,
C0100320,0,
C0100321,0,
C0100322,0,
C0100323,0,
C0100324,0,
C0100325,0,
C0100326,0,
C0100327,0,
C0100328,0,
C0100329,0,
C0100330,0,
C0100331,0,
C0100332,1,2026-11-21
C0100333,0,
C0100334,0,
C0100335,0,
C0100336,1,2026-10-19
C0100337,0,
C0100338,0,
C0100339,0,
C0100340,1,2026-10-01
C0100341,0,
C0100342,1,2026-10-26
C0100343,0,
C0100344,0,
C0100345,0,
C0100346,0,
C0100347,0,
C0100348,0,
C0100349,0,
C0100350,0,
C0100351,0,
C0100352,0,
C0100353,0,
C0100354,0,
C0100355,0,
C0100356,0,
C0100357,0,
C0100358,0,
C0100359,0,
C0100360,0,
C0100361,0,
C0100362,0,
C0100363,0,
C0100364,0,
C0100365,0,
C0100366,0,
C0100367,0,
C0100368,0,
C0100369,0,
C0100370,0,
C0100371,0,
C0100372,0,
C0100373,0,
C0100374,0,
C0100375,0,
C0100376,0,
C0100377,0,
C0100378,0,
C0100379,0,
C0100380,0,
C0100381,0,
C0100382,0,
C0100383,1,2026-11-17
C0100384,0,
C0100385,0,
C0100386,0,
C0100387,0,
C0100388,0,
C0100389,0,
C0100390,0,
C0100391,0,
C0100392,0,
C0100393,0,
C0100394,0,
C0100395,0,
C0100396,0,
C0100397,0,
C0100398,0,
C0100399,0,
C0100400,0,
C0100401,0,
C0100402,0,
C0100403,0,
C0100404,0,
C0100405,0,
C0100406,0,
C0100407,0,
C0100408,0,
C0100409,0,
C0100410,0,
C0100411,0,
C0100412,0,
C0100413,0,
C0100414,0,
C0100415,0,
C0100416,0,
C0100417,0,
C0100418,0,
C0100419,0,
C0100420,0,
C0100421,0,
C0100422,0,
C0100423,0,
C0100424,0,
C0100425,0,
C0100426,0,
C0100427,0,
C0100428,0,
C0100429,0,
C0100430,0,
C0100431,0,
C0100432,0,
C0100433,0,
C0100434,0,
C0100435,0,
C0100436,0,
C0100437,0,
C0100438,0,
C0100439,0,
C0100440,0,
C0100441,0,
C0100442,0,
C0100443,0,
C0100444,0,
C0100445,0,
C0100446,0,
C0100447,0,
C0100448,0,
C0100449,0,
C0100450,0,
C0100451,0,
C0100452,0,
C0100453,0,
C0100454,0,
C0100455,0,
C0100456,0,
C0100457,0,
C0100458,0,
C0100459,0,
C0100460,0,
C0100461,0,
C0100462,0,
C0100463,0,
C0100464,0,
C0100465,0,
C0100466,0,
C0100467,0,
C0100468,0,
C0100469,0,
C0100470,0,
C0100471,0,
C0100472,0,
C0100473,0,
C0100474,0,
C0100475,0,
C0100476,0,
C0100477,0,
C0100478,0,
C0100479,0,
C0100480,0,
C0100481,0,
C0100482,0,
C0100483,0,
C0100484,0,
C0100485,0,
C0100486,0,
C0100487,0,
C0100488,0,
C0100489,0,
C0100490,0,
C0100491,0,
C0100492,0,
C0100493,0,
C0100494,0,
C0100495,0,
C0100496,0,
C0100497,0,
C0100498,0,
C0100499,0,
C0100500,0,
C0100501,0,
C0100502,0,
C0100503,0,
C0100504,0,
C0100505,0,
C0100506,0,
C0100507,0,
C0100508,0,
C0100509,0,
C0100510,1,2026-11-11
C0100511,0,
C0100512,0,
C0100513,0,
C0100514,0,
C0100515,0,
C0100516,0,
C0100517,0,
C0100518,0,
C0100519,0,
C0100520,0,
C0100521,0,
C0100522,1,2026-12-01
C0100523,0,
C0100524,0,
C0100525,0,
C0100526,0,
C0100527,0,
C0100528,0,
C0100529,0,
C0100530,1,2026-10-05
C0100531,0,
C0100532,0,
C0100533,0,
C0100534,0,
C0100535,0,
C0100536,0,
C0100537,0,
C0100538,0,
C0100539,0,
C0100540,0,
C0100541,0,
C0100542,0,
C0100543,0,
C0100544,0,
C0100545,0,
C0100546,0,
C0100547,0,
C0100548,0,
C0100549,0,
C0100550,0,
C0100551,0,
C0100552,0,
C0100553,0,
C0100554,0,
C0100555,0,
C0100556,0,
C0100557,0,
C0100558,0,
C0100559,0,
C0100560,0,
C0100561,0,
C0100562,0,
C0100563,0,
C0100564,0,
C0100565,0,
C0100566,0,
C0100567,0,
C0100568,0,
C0100569,0,
C0100570,0,
C0100571,0,
C0100572,0,
C0100573,0,
C0100574,0,
C0100575,0,
C0100576,0,
C0100577,0,
C0100578,0,
C0100579,0,
C0100580,0,
C0100581,0,
C0100582,0,
C0100583,0,
C0100584,0,
C0100585,0,
C0100586,0,
C0100587,0,
C0100588,1,2026-11-25
C0100589,0,
C0100590,0,
C0100591,0,
C0100592,0,
C0100593,0,
C0100594,0,
C0100595,0,
C0100596,0,
C0100597,0,
C0100598,0,
C0100599,0,
C0100600,0,
C0100601,0,
C0100602,0,
C0100603,0,
C0100604,0,
C0100605,0,
C0100606,0,
C0100607,0,
C0100608,0,
C0100609,0,
C0100610,0,
C0100611,0,
C0100612,1,2026-10-07
C0100613,0,
C0100614,0,
C0100615,0,
C0100616,0,
C0100617,0,
C0100618,0,
C0100619,0,
C0100620,0,
C0100621,0,
C0100622,0,
C0100623,0,
C0100624,0,
C0100625,0,
C0100626,0,
C0100627,0,
C0100628,0,
C0100629,0,
C0100630,0,
C0100631,0,
C0100632,1,2026-11-11
C0100633,0,
C0100634,0,
C0100635,0,
C0100636,0,
C0100637,0,
C0100638,0,
C0100639,0,
C0100640,0,
C0100641,0,
C0100642,0,
C0100643,0,
C0100644,0,
C0100645,0,
C0100646,0,
C0100647,0,
C0100648,0,
C0100649,0,
C0100650,0,
C0100651,0,
C0100652,0,
C0100653,0,
C0100654,0,
C0100655,0,
C0100656,0,
C0100657,0,
C0100658,0,
C0100659,0,
C0100660,0,
C0100661,0,
C0100662,0,
C0100663,0,
C0100664,0,
C0100665,0,
C0100666,0,
C0100667,0,
C0100668,0,
C0100669,0,
C0100670,0,
C0100671,0,
C0100672,0,
C0100673,0,
C0100674,0,
C0100675,0,
C0100676,0,
C0100677,0,
C0100678,0,
C0100679,0,
C0100680,0,
C0100681,0,
C0100682,0,
C0100683,0,
C0100684,0,
C0100685,0,
C0100686,1,2026-10-09
C0100687,0,
C0100688,0,
C0100689,0,
C0100690,0,
C0100691,0,
C0100692,0,
C0100693,0,
C0100694,0,
C0100695,0,
C0100696,0,
C0100697,0,
C0100698,0,
C0100699,0,
C0100700,0,
C0100701,0,
C0100702,0,
C0100703,0,
C0100704,0,
C0100705,0,
C0100706,0,
C0100707,0,
C0100708,0,
C0100709,0,
C0100710,0,
C0100711,0,
C0100712,0,
C0100713,0,
C0100714,0,
C0100715,0,
C0100716,0,
C0100717,0,
C0100718,0,
C0100719,0,
C0100720,0,
C0100721,0,
C0100722,0,
C0100723,0,
C0100724,0,
C0100725,0,
C0100726,0,
C0100727,0,
C0100728,0,
C0100729,0,
C0100730,0,
C0100731,0,
C0100732,1,2026-12-03
C0100733,0,
C0100734,0,
C0100735,0,
C0100736,0,
C0100737,0,
C0100738,0,
C0100739,0,
C0100740,0,
C0100741,1,2026-10-05
C0100742,0,
C0100743,0,
C0100744,0,
C0100745,0,
C0100746,0,
C0100747,0,
C0100748,0,
C0100749,1,2026-09-29
C0100750,0,
C0100751,0,
C0100752,0,
C0100753,0,
C0100754,0,
C0100755,0,
C0100756,0,
C0100757,0,
C0100758,0,
C0100759,0,
C0100760,0,
C0100761,0,
C0100762,0,
C0100763,0,
C0100764,0,
C0100765,0,
C0100766,0,
C0100767,0,
C0100768,0,
C0100769,0,
C0100770,0,
C0100771,0,
C0100772,0,
C0100773,0,
C0100774,0,
C0100775,0,
C0100776,0,
C0100777,0,
C0100778,0,
C0100779,0,
C0100780,0,
C0100781,0,
C0100782,0,
C0100783,0,
C0100784,0,
C0100785,0,
C0100786,0,
C0100787,0,
C0100788,0,
C0100789,0,
C0100790,0,
C0100791,0,
C0100792,0,
C0100793,0,
C0100794,0,
C0100795,0,
C0100796,0,
C0100797,0,
C0100798,0,
C0100799,0,
C0100800,0,
C0100801,0,
C0100802,0,
C0100803,0,
C0100804,0,
C0100805,0,
C0100806,0,
C0100807,0,
C0100808,0,
C0100809,0,
C0100810,0,
C0100811,0,
C0100812,0,
C0100813,0,
C0100814,0,
C0100815,0,
C0100816,0,
C0100817,0,
C0100818,0,
C0100819,0,
C0100820,0,
C0100821,1,2026-11-09
C0100822,0,
C0100823,0,
C0100824,0,
C0100825,0,
C0100826,0,
C0100827,0,
C0100828,0,
C0100829,0,
C0100830,0,
C0100831,0,
C0100832,0,
C0100833,0,
C0100834,0,
C0100835,0,
C0100836,0,
C0100837,0,
C0100838,0,
C0100839,0,
C0100840,0,
C0100841,0,
C0100842,0,
C0100843,1,2026-10-24
C0100844,0,
C0100845,0,
C0100846,0,
C0100847,1,2026-09-15
C0100848,0,
C0100849,0,
C0100850,0,
C0100851,0,
C0100852,0,
C0100853,0,
C0100854,0,
C0100855,0,
C0100856,0,
C0100857,0,
C0100858,0,
C0100859,0,
C0100860,0,
C0100861,0,
C0100862,0,
C0100863,0,
C0100864,0,
C0100865,0,
C0100866,0,
C0100867,0,
C0100868,0,
C0100869,0,
C0100870,0,
C0100871,0,
C0100872,0,
C0100873,0,
C0100874,0,
C0100875,0,
C0100876,0,
C0100877,0,
C0100878,0,
C0100879,0,
C0100880,0,
C0100881,0,
C0100882,0,
C0100883,0,
C0100884,0,
C0100885,0,
C0100886,0,
C0100887,0,
C0100888,0,
C0100889,0,
C0100890,0,
C0100891,0,
C0100892,0,
C0100893,0,
C0100894,0,
C0100895,0,
C0100896,0,
C0100897,0,
C0100898,0,
C0100899,0,
C0100900,0,
C0100901,0,
C0100902,0,
C0100903,0,
C0100904,0,
C0100905,0,
C0100906,0,
C0100907,0,
C0100908,0,
C0100909,0,
C0100910,0,
C0100911,0,
C0100912,0,
C0100913,0,
C0100914,0,
C0100915,0,
C0100916,0,
C0100917,0,
C0100918,0,
C0100919,0,
C0100920,1,2026-11-26
C0100921,0,
C0100922,0,
C0100923,0,
C0100924,0,
C0100925,0,
C0100926,0,
C0100927,0,
C0100928,0,
C0100929,0,
C0100930,0,
C0100931,0,
C0100932,0,
C0100933,0,
C0100934,0,
C0100935,0,
C0100936,0,
C0100937,0,
C0100938,0,
C0100939,0,
C0100940,0,
C0100941,0,
C0100942,0,
C0100943,0,
C0100944,0,
C0100945,0,
C0100946,0,
C0100947,0,
C0100948,0,
C0100949,0,
C0100950,0,
C0100951,0,
C0100952,0,
C0100953,0,
C0100954,0,
C0100955,0,
C0100956,0,
C0100957,0,
C0100958,0,
C0100959,0,
C0100960,0,
C0100961,0,
C0100962,0,
C0100963,0,
C0100964,0,
C0100965,0,
C0100966,0,
C0100967,0,
C0100968,0,
C0100969,0,
C0100970,0,
C0100971,0,
C0100972,0,
C0100973,0,
C0100974,0,
C0100975,0,
C0100976,0,
C0100977,0,
C0100978,0,
C0100979,0,
C0100980,0,
C0100981,0,
C0100982,0,
C0100983,0,
C0100984,0,
C0100985,0,
C0100986,0,
C0100987,0,
C0100988,0,
C0100989,0,
C0100990,0,
C0100991,0,
C0100992,0,
C0100993,0,
C0100994,0,
C0100995,0,
C0100996,0,
C0100997,0,
C0100998,0,
C0100999,0,
C0101000,0,
C0101001,0,
C0101002,0,
C0101003,1,2026-10-17
C0101004,0,
C0101005,0,
C0101006,0,
C0101007,0,
C0101008,0,
C0101009,0,
C0101010,0,
C0101011,0,
C0101012,0,
C0101013,0,
C0101014,0,
C0101015,0,
C0101016,0,
C0101017,0,
C0101018,0,
C0101019,0,
C0101020,0,
C0101021,0,
C0101022,0,
C0101023,0,
C0101024,0,
C0101025,0,
C0101026,0,
C0101027,0,
C0101028,0,
C0101029,0,
C0101030,0,
C0101031,0,
C0101032,0,
C0101033,0,
C0101034,0,
C0101035,0,
C0101036,0,
C0101037,0,
C0101038,0,
C0101039,0,
C0101040,0,
C0101041,0,
C0101042,0,
C0101043,0,
C0101044,0,
C0101045,0,
C0101046,0,
C0101047,0,
C0101048,0,
C0101049,0,
C0101050,0,
C0101051,0,
C0101052,0,
C0101053,0,
C0101054,0,
C0101055,0,
C0101056,0,
C0101057,0,
C0101058,0,
C0101059,0,
C0101060,0,
C0101061,0,
C0101062,0,
C0101063,0,
C0101064,0,
C0101065,0,
C0101066,0,
C0101067,0,
C0101068,0,
C0101069,0,
C0101070,0,
C0101071,0,
C0101072,0,
C0101073,0,
C0101074,0,
C0101075,0,
C0101076,0,
C0101077,0,
C0101078,0,
C0101079,0,
C0101080,0,
C0101081,0,
C0101082,0,
C0101083,0,
C0101084,0,
C0101085,0,
C0101086,0,
C0101087,0,
C0101088,0,
C0101089,0,
C0101090,0,
C0101091,0,
C0101092,0,
C0101093,0,
C0101094,0,
C0101095,0,
C0101096,0,
C0101097,0,
C0101098,0,
C0101099,0,
C0101100,0,
C0101101,0,
C0101102,0,
C0101103,0,
C0101104,0,
C0101105,0,
C0101106,0,
C0101107,0,
C0101108,0,
C0101109,0,
C0101110,0,
C0101111,0,
C0101112,0,
C0101113,0,
C0101114,0,
C0101115,0,
C0101116,0,
C0101117,0,
C0101118,0,
C0101119,0,
C0101120,0,
C0101121,0,
C0101122,0,
C0101123,0,
C0101124,0,
C0101125,0,
C0101126,0,
C0101127,0,
C0101128,0,
C0101129,0,
C0101130,0,
C0101131,0,
C0101132,0,
C0101133,0,
C0101134,0,
C0101135,0,
C0101136,0,
C0101137,0,
C0101138,0,
C0101139,0,
C0101140,0,
C0101141,0,
C0101142,0,
C0101143,0,
C0101144,0,
C0101145,0,
C0101146,0,
C0101147,0,
C0101148,0,
C0101149,0,
C0101150,0,
C0101151,0,
C0101152,0,
C0101153,0,
C0101154,0,
C0101155,0,
C0101156,0,
C0101157,0,
C0101158,0,
C0101159,0,
C0101160,0,
C0101161,0,
C0101162,0,
C0101163,0,
C0101164,0,
C0101165,0,
C0101166,0,
C0101167,0,
C0101168,0,
C0101169,0,
C0101170,0,
C0101171,0,
C0101172,0,
C0101173,0,
C0101174,0,
C0101175,0,
C0101176,0,
C0101177,0,
C0101178,0,
C0101179,0,
C0101180,0,
C0101181,0,
C0101182,0,
C0101183,0,
C0101184,0,
C0101185,0,
C0101186,0,
C0101187,0,
C0101188,0,
C0101189,0,
C0101190,0,
C0101191,0,
C0101192,0,
C0101193,0,
C0101194,0,
C0101195,0,
C0101196,0,
C0101197,0,
C0101198,0,
C0101199,0,
C0101200,0,
C0101201,0,
C0101202,0,
C0101203,0,
C0101204,0,
C0101205,0,
C0101206,0,
C0101207,0,
C0101208,0,
C0101209,0,
C0101210,0,
C0101211,0,
C0101212,0,
C0101213,0,
C0101214,0,
C0101215,0,
C0101216,0,
C0101217,0,
C0101218,0,
C0101219,0,
C0101220,0,
C0101221,0,
C0101222,0,
C0101223,1,2026-12-02
C0101224,0,
C0101225,0,
C0101226,0,
C0101227,0,
C0101228,0,
C0101229,0,
C0101230,0,
C0101231,0,
C0101232,0,
C0101233,0,
C0101234,0,
C0101235,1,2026-10-15
C0101236,0,
C0101237,0,
C0101238,0,
C0101239,0,
C0101240,0,
C0101241,0,
C0101242,0,
C0101243,0,
C0101244,0,
C0101245,0,
C0101246,0,
C0101247,0,
C0101248,0,
C0101249,0,
C0101250,0,
C0101251,0,
C0101252,0,
C0101253,0,
C0101254,0,
C0101255,0,
C0101256,0,
C0101257,0,
C0101258,0,
C0101259,0,
C0101260,0,
C0101261,0,
C0101262,0,
C0101263,0,
C0101264,0,
C0101265,0,
C0101266,0,
C0101267,0,
C0101268,0,
C0101269,0,
C0101270,0,
C0101271,0,
C0101272,0,
C0101273,0,
C0101274,0,
C0101275,0,
C0101276,1,2026-09-30
C0101277,0,
C0101278,0,
C0101279,0,
C0101280,0,
C0101281,0,
C0101282,0,
C0101283,0,
C0101284,0,
C0101285,0,
C0101286,0,
C0101287,0,
C0101288,0,
C0101289,0,
C0101290,0,
C0101291,0,
C0101292,0,
C0101293,0,
C0101294,0,
C0101295,0,
C0101296,0,
C0101297,0,
C0101298,0,
C0101299,0,
C0101300,1,2026-10-10
C0101301,0,
C0101302,0,
C0101303,0,
C0101304,0,
C0101305,0,
C0101306,0,
C0101307,0,
C0101308,0,
C0101309,0,
C0101310,1,2026-11-08
C0101311,0,
C0101312,0,
C0101313,0,
C0101314,0,
C0101315,0,
C0101316,0,
C0101317,0,
C0101318,0,
C0101319,0,
C0101320,0,
C0101321,0,
C0101322,0,
C0101323,0,
C0101324,0,
C0101325,0,
C0101326,0,
C0101327,0,
C0101328,0,
C0101329,0,
C0101330,0,
C0101331,0,
C0101332,0,
C0101333,0,
C0101334,0,
C0101335,0,
C0101336,0,
C0101337,0,
C0101338,0,
C0101339,0,
C0101340,0,
C0101341,0,
C0101342,0,
C0101343,0,
C0101344,0,
C0101345,0,
C0101346,0,
C0101347,0,
C0101348,0,
C0101349,0,
C0101350,0,
C0101351,0,
C0101352,0,
C0101353,0,
C0101354,0,
C0101355,0,
C0101356,0,
C0101357,0,
C0101358,0,
C0101359,0,
C0101360,0,
C0101361,0,
C0101362,0,
C0101363,0,
C0101364,0,
C0101365,0,
C0101366,0,
C0101367,1,2026-10-27
C0101368,0,
C0101369,0,
C0101370,0,
C0101371,0,
C0101372,0,
C0101373,0,
C0101374,0,
C0101375,0,
C0101376,0,
C0101377,0,
C0101378,0,
C0101379,0,
C0101380,0,
C0101381,0,
C0101382,0,
C0101383,0,
C0101384,0,
C0101385,0,
C0101386,0,
C0101387,0,
C0101388,0,
C0101389,0,
C0101390,1,2026-09-13
C0101391,0,
C0101392,0,
C0101393,0,
C0101394,0,
C0101395,0,
C0101396,0,
C0101397,0,
C0101398,0,
C0101399,0,
C0101400,0,
C0101401,0,
C0101402,0,
C0101403,0,
C0101404,0,
C0101405,0,
C0101406,0,
C0101407,0,
C0101408,0,
C0101409,0,
C0101410,0,
C0101411,0,
C0101412,0,
C0101413,0,
C0101414,0,
C0101415,1,2026-09-25
C0101416,0,
C0101417,0,
C0101418,0,
C0101419,0,
C0101420,0,
C0101421,0,
C0101422,0,
C0101423,0,
C0101424,0,
C0101425,0,
C0101426,0,
C0101427,0,
C0101428,0,
C0101429,0,
C0101430,0,
C0101431,0,
C0101432,0,
C0101433,0,
C0101434,0,
C0101435,0,
C0101436,0,
C0101437,0,
C0101438,0,
C0101439,0,
C0101440,0,
C0101441,0,
C0101442,0,
C0101443,0,
C0101444,0,
C0101445,0,
C0101446,0,
C0101447,0,
C0101448,0,
C0101449,0,
C0101450,0,
C0101451,0,
C0101452,0,
C0101453,1,2026-09-30
C0101454,0,
C0101455,0,
C0101456,0,
C0101457,0,
C0101458,0,
C0101459,0,
C0101460,0,
C0101461,0,
C0101462,0,
C0101463,0,
C0101464,0,
C0101465,0,
C0101466,0,
C0101467,0,
C0101468,0,
C0101469,0,
C0101470,0,
C0101471,0,
C0101472,0,
C0101473,0,
C0101474,0,
C0101475,0,
C0101476,0,
C0101477,0,
C0101478,0,
C0101479,0,
C0101480,0,
C0101481,0,
C0101482,0,
C0101483,1,2026-11-26
C0101484,0,
C0101485,0,
C0101486,0,
C0101487,0,
C0101488,0,
C0101489,0,
C0101490,0,
C0101491,0,
C0101492,0,
C0101493,0,
C0101494,0,
C0101495,0,
C0101496,0,
C0101497,0,
C0101498,0,
C0101499,0,
C0101500,0,
C0101501,0,
C0101502,0,
C0101503,0,
C0101504,0,
C0101505,0,
C0101506,0,
C0101507,1,2026-09-24
C0101508,0,
C0101509,0,
C0101510,0,
C0101511,0,
C0101512,0,
C0101513,0,
C0101514,0,
C0101515,0,
C0101516,0,
C0101517,0,
C0101518,0,
C0101519,0,
C0101520,0,
C0101521,0,
C0101522,0,
C0101523,0,
C0101524,0,
C0101525,0,
C0101526,0,
C0101527,0,
C0101528,0,
C0101529,0,
C0101530,0,
C0101531,0,
C0101532,0,
C0101533,0,
C0101534,0,
C0101535,0,
C0101536,0,
C0101537,0,
C0101538,0,
C0101539,0,
C0101540,0,
C0101541,0,
C0101542,0,
C0101543,0,
C0101544,0,
C0101545,0,
C0101546,0,
C0101547,0,
C0101548,0,
C0101549,0,
C0101550,0,
C0101551,0,
C0101552,0,
C0101553,0,
C0101554,0,
C0101555,0,
C0101556,0,
C0101557,0,
C0101558,0,
C0101559,0,
C0101560,0,
C0101561,0,
C0101562,0,
C0101563,0,
C0101564,0,
C0101565,0,
C0101566,0,
C0101567,0,
C0101568,0,
C0101569,0,
C0101570,0,
C0101571,0,
C0101572,0,
C0101573,0,
C0101574,0,
C0101575,0,
C0101576,0,
C0101577,0,
C0101578,0,
C0101579,0,
C0101580,0,
C0101581,1,2026-11-19
C0101582,0,
C0101583,0,
C0101584,0,
C0101585,0,
C0101586,0,
C0101587,0,
C0101588,0,
C0101589,0,
C0101590,0,
C0101591,0,
C0101592,0,
C0101593,0,
C0101594,0,
C0101595,0,
C0101596,0,
C0101597,0,
C0101598,0,
C0101599,0,
C0101600,0,
C0101601,0,
C0101602,0,
C0101603,0,
C0101604,0,
C0101605,0,
C0101606,0,
C0101607,0,
C0101608,0,
C0101609,0,
C0101610,0,
C0101611,0,
C0101612,0,
C0101613,0,
C0101614,0,
C0101615,0,
C0101616,0,
C0101617,0,
C0101618,0,
C0101619,0,
C0101620,0,
C0101621,0,
C0101622,0,
C0101623,0,
C0101624,0,
C0101625,0,
C0101626,0,
C0101627,0,
C0101628,0,
C0101629,0,
C0101630,1,2026-12-04
C0101631,0,
C0101632,0,
C0101633,0,
C0101634,0,
C0101635,0,
C0101636,0,
C0101637,0,
C0101638,0,
C0101639,0,
C0101640,0,
C0101641,0,
C0101642,0,
C0101643,0,
C0101644,0,
C0101645,0,
C0101646,0,
C0101647,0,
C0101648,0,
C0101649,0,
C0101650,0,
C0101651,0,
C0101652,0,
C0101653,0,
C0101654,0,
C0101655,0,
C0101656,0,
C0101657,0,
C0101658,0,
C0101659,0,
C0101660,0,
C0101661,0,
C0101662,0,
C0101663,0,
C0101664,0,
C0101665,0,
C0101666,0,
C0101667,0,
C0101668,0,
C0101669,0,
C0101670,0,
C0101671,0,
C0101672,0,
C0101673,0,
C0101674,0,
C0101675,0,
C0101676,0,
C0101677,0,
C0101678,0,
C0101679,0,
C0101680,0,
C0101681,0,
C0101682,0,
C0101683,0,
C0101684,0,
C0101685,0,
C0101686,0,
C0101687,0,
C0101688,0,
C0101689,0,
C0101690,0,
C0101691,0,
C0101692,0,
C0101693,0,
C0101694,0,
C0101695,0,
C0101696,0,
C0101697,0,
C0101698,0,
C0101699,0,
C0101700,0,
C0101701,0,
C0101702,0,
C0101703,0,
C0101704,0,
C0101705,0,
C0101706,0,
C0101707,0,
C0101708,0,
C0101709,0,
C0101710,0,
C0101711,0,
C0101712,0,
C0101713,0,
C0101714,0,
C0101715,0,
C0101716,0,
C0101717,1,2026-10-12
C0101718,0,
C0101719,0,
C0101720,0,
C0101721,0,
C0101722,0,
C0101723,0,
C0101724,0,
C0101725,0,
C0101726,0,
C0101727,0,
C0101728,0,
C0101729,0,
C0101730,0,
C0101731,0,
C0101732,0,
C0101733,0,
C0101734,0,
C0101735,0,
C0101736,0,
C0101737,0,
C0101738,0,
C0101739,1,2026-11-15
C0101740,0,
C0101741,0,
C0101742,0,
C0101743,0,
C0101744,0,
C0101745,0,
C0101746,0,
C0101747,0,
C0101748,0,
C0101749,0,
C0101750,0,
C0101751,0,
C0101752,1,2026-12-06
C0101753,0,
C0101754,0,
C0101755,0,
C0101756,0,
C0101757,0,
C0101758,0,
C0101759,0,
C0101760,0,
C0101761,0,
C0101762,0,
C0101763,0,
C0101764,0,
C0101765,0,
C0101766,0,
C0101767,0,
C0101768,0,
C0101769,0,
C0101770,0,
C0101771,0,
C0101772,0,
C0101773,0,
C0101774,0,
C0101775,0,
C0101776,0,
C0101777,0,
C0101778,0,
C0101779,0,
C0101780,0,
C0101781,0,
C0101782,0,
C0101783,0,
C0101784,0,
C0101785,0,
C0101786,0,
C0101787,0,
C0101788,0,
C0101789,0,
C0101790,0,
C0101791,0,
C0101792,0,
C0101793,0,
C0101794,0,
C0101795,0,
C0101796,0,
C0101797,0,
C0101798,0,
C0101799,0,
C0101800,0,
C0101801,0,
C0101802,0,
C0101803,0,
C0101804,0,
C0101805,0,
C0101806,0,
C0101807,0,
C0101808,0,
C0101809,0,
C0101810,0,
C0101811,0,
C0101812,0,
C0101813,0,
C0101814,0,
C0101815,0,
C0101816,0,
C0101817,0,
C0101818,0,
C0101819,0,
C0101820,0,
C0101821,0,
C0101822,0,
C0101823,0,
C0101824,0,
C0101825,0,
C0101826,0,
C0101827,0,
C0101828,0,
C0101829,0,
C0101830,0,
C0101831,0,
C0101832,0,
C0101833,0,
C0101834,0,
C0101835,0,
C0101836,0,
C0101837,0,
C0101838,0,
C0101839,0,
C0101840,0,
C0101841,0,
C0101842,0,
C0101843,0,
C0101844,0,
C0101845,0,
C0101846,0,
C0101847,1,2026-12-03
C0101848,0,
C0101849,0,
C0101850,0,
C0101851,0,
C0101852,0,
C0101853,0,
C0101854,0,
C0101855,0,
C0101856,0,
C0101857,0,
C0101858,0,
C0101859,0,
C0101860,0,
C0101861,0,
C0101862,0,
C0101863,0,
C0101864,1,2026-12-08
C0101865,0,
C0101866,0,
C0101867,0,
C0101868,0,
C0101869,0,
C0101870,0,
C0101871,0,
C0101872,0,
C0101873,0,
C0101874,0,
C0101875,0,
C0101876,0,
C0101877,0,
C0101878,0,
C0101879,0,
C0101880,0,
C0101881,0,
C0101882,0,
C0101883,0,
C0101884,0,
C0101885,0,
C0101886,0,
C0101887,0,
C0101888,0,
C0101889,0,
C0101890,0,
C0101891,0,
C0101892,0,
C0101893,0,
C0101894,0,
C0101895,0,
C0101896,0,
C0101897,0,
C0101898,0,
C0101899,0,
C0101900,1,2026-10-08
C0101901,0,
C0101902,0,
C0101903,0,
C0101904,0,
C0101905,0,
C0101906,0,
C0101907,0,
C0101908,0,
C0101909,0,
C0101910,0,
C0101911,0,
C0101912,0,
C0101913,0,
C0101914,0,
C0101915,0,
C0101916,0,
C0101917,0,
C0101918,0,
C0101919,0,
C0101920,0,
C0101921,0,
C0101922,0,
C0101923,0,
C0101924,0,
C0101925,0,
C0101926,0,
C0101927,0,
C0101928,0,
C0101929,0,
C0101930,0,
C0101931,0,
C0101932,0,
C0101933,0,
C0101934,0,
C0101935,0,
C0101936,0,
C0101937,0,
C0101938,0,
C0101939,0,
C0101940,0,
C0101941,0,
C0101942,0,
C0101943,0,
C0101944,0,
C0101945,0,
C0101946,0,
C0101947,0,
C0101948,0,
C0101949,0,
C0101950,0,
C0101951,0,
C0101952,0,
C0101953,0,
C0101954,0,
C0101955,0,
C0101956,0,
C0101957,0,
C0101958,0,
C0101959,0,
C0101960,0,
C0101961,0,
C0101962,0,
C0101963,0,
C0101964,0,
C0101965,0,
C0101966,0,
C0101967,0,
C0101968,0,
C0101969,0,
C0101970,0,
C0101971,0,
C0101972,0,
C0101973,0,
C0101974,0,
C0101975,0,
C0101976,0,
C0101977,0,
C0101978,0,
C0101979,0,
C0101980,0,
C0101981,0,
C0101982,0,
C0101983,0,
C0101984,0,
C0101985,0,
C0101986,0,
C0101987,0,
C0101988,0,
C0101989,0,
C0101990,0,
C0101991,0,
C0101992,0,
C0101993,0,
C0101994,0,
C0101995,0,
C0101996,1,2026-11-08
C0101997,0,
C0101998,0,
C0101999,0,
C0102000,0,
C0102001,0,
C0102002,0,
C0102003,0,
C0102004,0,
C0102005,0,
C0102006,0,
C0102007,0,
C0102008,0,
C0102009,0,
C0102010,0,
C0102011,0,
C0102012,0,
C0102013,0,
C0102014,0,
C0102015,0,
C0102016,0,
C0102017,0,
C0102018,0,
C0102019,0,
C0102020,0,
C0102021,0,
C0102022,0,
C0102023,0,
C0102024,0,
C0102025,0,
C0102026,0,
C0102027,1,2026-09-21
C0102028,0,
C0102029,0,
C0102030,0,
C0102031,0,
C0102032,0,
C0102033,0,
C0102034,0,
C0102035,0,
C0102036,0,
C0102037,0,
C0102038,0,
C0102039,0,
C0102040,0,
C0102041,0,
C0102042,0,
C0102043,0,
C0102044,0,
C0102045,0,
C0102046,0,
C0102047,0,
C0102048,0,
C0102049,0,
C0102050,0,
C0102051,0,
C0102052,0,
C0102053,0,
C0102054,0,
C0102055,0,
C0102056,0,
C0102057,1,2026-11-20
C0102058,0,
C0102059,0,
C0102060,0,
C0102061,0,
C0102062,0,
C0102063,0,
C0102064,0,
C0102065,0,
C0102066,0,
C0102067,0,
C0102068,0,
C0102069,0,
C0102070,0,
C0102071,0,
C0102072,0,
C0102073,0,
C0102074,0,
C0102075,0,
C0102076,0,
C0102077,0,
C0102078,0,
C0102079,0,
C0102080,1,2026-11-08
C0102081,0,
C0102082,0,
C0102083,0,
C0102084,0,
C0102085,0,
C0102086,0,
C0102087,0,
C0102088,0,
C0102089,0,
C0102090,0,
C0102091,0,
C0102092,0,
C0102093,0,
C0102094,0,
C0102095,0,
C0102096,0,
C0102097,0,
C0102098,0,
C0102099,0,
C0102100,0,
C0102101,0,
C0102102,0,
C0102103,0,
C0102104,0,
C0102105,0,
C0102106,0,
C0102107,0,
C0102108,0,
C0102109,0,
C0102110,0,
C0102111,0,
C0102112,0,
C0102113,0,
C0102114,0,
C0102115,0,
C0102116,0,
C0102117,0,
C0102118,0,
C0102119,0,
C0102120,0,
C0102121,0,
C0102122,0,
C0102123,0,
C0102124,0,
C0102125,0,
C0102126,0,
C0102127,0,
C0102128,0,
C0102129,0,
C0102130,0,
C0102131,0,
C0102132,0,
C0102133,0,
C0102134,0,
C0102135,0,
C0102136,0,
C0102137,0,
C0102138,0,
C0102139,0,
C0102140,0,
C0102141,0,
C0102142,0,
C0102143,0,
C0102144,0,
C0102145,0,
C0102146,0,
C0102147,0,
C0102148,0,
C0102149,0,
C0102150,0,
C0102151,0,
C0102152,0,
C0102153,0,
C0102154,0,
C0102155,0,
C0102156,0,
C0102157,0,
C0102158,0,
C0102159,0,
C0102160,0,
C0102161,0,
C0102162,0,
C0102163,0,
C0102164,0,
C0102165,0,
C0102166,0,
C0102167,0,
C0102168,0,
C0102169,0,
C0102170,0,
C0102171,0,
C0102172,0,
C0102173,0,
C0102174,0,
C0102175,0,
C0102176,0,
C0102177,0,
C0102178,0,
C0102179,0,
C0102180,0,
C0102181,0,
C0102182,0,
C0102183,0,
C0102184,0,
C0102185,0,
C0102186,0,
C0102187,0,
C0102188,0,
C0102189,0,
C0102190,0,
C0102191,0,
C0102192,0,
C0102193,0,
C0102194,0,
C0102195,0,
C0102196,0,
C0102197,1,2026-10-19
C0102198,0,
C0102199,0,
C0102200,0,
C0102201,0,
C0102202,0,
C0102203,0,
C0102204,0,
C0102205,0,
C0102206,0,
C0102207,0,
C0102208,0,
C0102209,0,
C0102210,1,2026-09-12
C0102211,0,
C0102212,0,
C0102213,0,
C0102214,0,
C0102215,0,
C0102216,0,
C0102217,0,
C0102218,0,
C0102219,0,
C0102220,0,
C0102221,0,
C0102222,0,
C0102223,0,
C0102224,0,
C0102225,0,
C0102226,0,
C0102227,0,
C0102228,0,
C0102229,0,
C0102230,0,
C0102231,0,
C0102232,0,
C0102233,1,2026-09-30
C0102234,0,
C0102235,0,
C0102236,0,
C0102237,0,
C0102238,0,
C0102239,0,
C0102240,0,
C0102241,0,
C0102242,1,2026-11-23
C0102243,0,
C0102244,0,
C0102245,0,
C0102246,1,2026-12-05
C0102247,0,
C0102248,0,
C0102249,1,2026-10-20
C0102250,0,
C0102251,0,
C0102252,0,
C0102253,0,
C0102254,0,
C0102255,0,
C0102256,0,
C0102257,0,
C0102258,0,
C0102259,0,
C0102260,0,
C0102261,0,
C0102262,0,
C0102263,0,
C0102264,0,
C0102265,0,
C0102266,0,
C0102267,0,
C0102268,0,
C0102269,0,
C0102270,0,
C0102271,0,
C0102272,0,
C0102273,0,
C0102274,0,
C0102275,0,
C0102276,0,
C0102277,0,
C0102278,0,
C0102279,0,
C0102280,0,
C0102281,0,
C0102282,1,2026-11-10
C0102283,0,
C0102284,0,
C0102285,0,
C0102286,0,
C0102287,0,
C0102288,0,
C0102289,0,
C0102290,0,
C0102291,0,
C0102292,0,
C0102293,0,
C0102294,0,
C0102295,0,
C0102296,0,
C0102297,0,
C0102298,0,
C0102299,0,
C0102300,0,
C0102301,0,
C0102302,0,
C0102303,0,
C0102304,0,
C0102305,0,
C0102306,0,
C0102307,0,
C0102308,0,
C0102309,0,
C0102310,0,
C0102311,0,
C0102312,0,
C0102313,0,
C0102314,0,
C0102315,1,2026-10-26
C0102316,0,
C0102317,0,
C0102318,0,
C0102319,0,
C0102320,0,
C0102321,0,
C0102322,0,
C0102323,0,
C0102324,0,
C0102325,0,
C0102326,0,
C0102327,0,
C0102328,0,
C0102329,0,
C0102330,0,
C0102331,0,
C0102332,0,
C0102333,0,
C0102334,0,
C0102335,0,
C0102336,0,
C0102337,0,
C0102338,0,
C0102339,0,
C0102340,0,
C0102341,0,
C0102342,0,
C0102343,0,
C0102344,0,
C0102345,0,
C0102346,0,
C0102347,0,
C0102348,0,
C0102349,0,
C0102350,0,
C0102351,0,
C0102352,0,
C0102353,0,
C0102354,0,
C0102355,0,
C0102356,0,
C0102357,0,
C0102358,0,
C0102359,0,
C0102360,0,
C0102361,0,
C0102362,0,
C0102363,0,
C0102364,0,
C0102365,0,
C0102366,0,
C0102367,0,
C0102368,0,
C0102369,0,
C0102370,0,
C0102371,1,2026-10-13
C0102372,0,
C0102373,0,
C0102374,0,
C0102375,0,
C0102376,0,
C0102377,0,
C0102378,0,
C0102379,0,
C0102380,0,
C0102381,0,
C0102382,0,
C0102383,0,
C0102384,0,
C0102385,0,
C0102386,0,
C0102387,0,
C0102388,0,
C0102389,0,
C0102390,0,
C0102391,0,
C0102392,0,
C0102393,0,
C0102394,0,
C0102395,0,
C0102396,0,
C0102397,0,
C0102398,0,
C0102399,0,
C0102400,0,
C0102401,0,
C0102402,0,
C0102403,0,
C0102404,0,
C0102405,0,
C0102406,0,
C0102407,0,
C0102408,0,
C0102409,0,
C0102410,0,
C0102411,0,
C0102412,0,
C0102413,0,
C0102414,0,
C0102415,0,
C0102416,0,
C0102417,0,
C0102418,1,2026-10-02
C0102419,0,
C0102420,0,
C0102421,0,
C0102422,0,
C0102423,0,
C0102424,0,
C0102425,0,
C0102426,0,
C0102427,0,
C0102428,0,
C0102429,0,
C0102430,0,
C0102431,0,
C0102432,0,
C0102433,0,
C0102434,0,
C0102435,0,
C0102436,0,
C0102437,0,
C0102438,0,
C0102439,0,
C0102440,0,
C0102441,0,
C0102442,0,
C0102443,0,
C0102444,0,
C0102445,0,
C0102446,0,
C0102447,0,
C0102448,0,
C0102449,0,
C0102450,0,
C0102451,0,
C0102452,0,
C0102453,0,
C0102454,0,
C0102455,0,
C0102456,0,
C0102457,0,
C0102458,0,
C0102459,0,
C0102460,0,
C0102461,0,
C0102462,0,
C0102463,0,
C0102464,0,
C0102465,0,
C0102466,0,
C0102467,0,
C0102468,0,
C0102469,0,
C0102470,0,
C0102471,0,
C0102472,0,
C0102473,0,
C0102474,0,
C0102475,0,
C0102476,0,
C0102477,0,
C0102478,0,
C0102479,0,
C0102480,0,
C0102481,0,
C0102482,0,
C0102483,0,
C0102484,0,
C0102485,1,2026-10-01
C0102486,0,
C0102487,0,
C0102488,0,
C0102489,0,
C0102490,0,
C0102491,0,
C0102492,0,
C0102493,0,
C0102494,0,
C0102495,0,
C0102496,0,
C0102497,0,
C0102498,0,
C0102499,0,
C0102500,0,
C0102501,0,
C0102502,0,
C0102503,0,
C0102504,0,
C0102505,0,
C0102506,0,
C0102507,0,
C0102508,0,
C0102509,0,
C0102510,0,
C0102511,0,
C0102512,0,
C0102513,0,
C0102514,0,
C0102515,0,
C0102516,0,
C0102517,0,
C0102518,0,
C0102519,0,
C0102520,0,
C0102521,0,
C0102522,0,
C0102523,0,
C0102524,0,
C0102525,0,
C0102526,0,
C0102527,0,
C0102528,0,
C0102529,0,
C0102530,0,
C0102531,0,
C0102532,0,
C0102533,0,
C0102534,0,
C0102535,0,
C0102536,0,
C0102537,0,
C0102538,0,
C0102539,0,
C0102540,0,
C0102541,0,
C0102542,0,
C0102543,0,
C0102544,0,
C0102545,0,
C0102546,0,
C0102547,0,
C0102548,0,
C0102549,0,
C0102550,0,
C0102551,0,
C0102552,0,
C0102553,0,
C0102554,0,
C0102555,0,
C0102556,0,
C0102557,0,
C0102558,0,
C0102559,0,
C0102560,0,
C0102561,0,
C0102562,0,
C0102563,0,
C0102564,0,
C0102565,0,
C0102566,0,
C0102567,0,
C0102568,0,
C0102569,0,
C0102570,0,
C0102571,0,
C0102572,0,
C0102573,0,
C0102574,0,
C0102575,1,2026-10-23
C0102576,0,
C0102577,0,
C0102578,0,
C0102579,0,
C0102580,0,
C0102581,0,
C0102582,0,
C0102583,0,
C0102584,0,
C0102585,0,
C0102586,0,
C0102587,0,
C0102588,0,
C0102589,0,
C0102590,0,
C0102591,0,
C0102592,0,
C0102593,0,
C0102594,0,
C0102595,0,
C0102596,0,
C0102597,0,
C0102598,0,
C0102599,0,
C0102600,0,
C0102601,0,
C0102602,0,
C0102603,0,
C0102604,0,
C0102605,0,
C0102606,0,
C0102607,0,
C0102608,0,
C0102609,0,
C0102610,0,
C0102611,0,
C0102612,0,
C0102613,0,
C0102614,0,
C0102615,0,
C0102616,0,
C0102617,0,
C0102618,0,
C0102619,0,
C0102620,0,
C0102621,0,
C0102622,0,
C0102623,0,
C0102624,0,
C0102625,0,
C0102626,0,
C0102627,0,
C0102628,0,
C0102629,0,
C0102630,0,
C0102631,0,
C0102632,0,
C0102633,0,
C0102634,0,
C0102635,0,
C0102636,0,
C0102637,0,
C0102638,0,
C0102639,0,
C0102640,0,
C0102641,0,
C0102642,0,
C0102643,0,
C0102644,0,
C0102645,0,
C0102646,0,
C0102647,0,
C0102648,0,
C0102649,0,
C0102650,0,
C0102651,0,
C0102652,0,
C0102653,0,
C0102654,0,
C0102655,0,
C0102656,0,
C0102657,0,
C0102658,0,
C0102659,0,
C0102660,0,
C0102661,0,
C0102662,0,
C0102663,0,
C0102664,0,
C0102665,0,
C0102666,0,
C0102667,0,
C0102668,0,
C0102669,0,
C0102670,0,
C0102671,0,
C0102672,0,
C0102673,0,
C0102674,0,
C0102675,0,
C0102676,0,
C0102677,0,
C0102678,0,
C0102679,0,
C0102680,0,
C0102681,0,
C0102682,0,
C0102683,1,2026-10-29
C0102684,0,
C0102685,0,
C0102686,0,
C0102687,0,
C0102688,0,
C0102689,0,
C0102690,0,
C0102691,0,
C0102692,0,
C0102693,0,
C0102694,0,
C0102695,0,
C0102696,0,
C0102697,0,
C0102698,0,
C0102699,0,
C0102700,0,
C0102701,0,
C0102702,0,
C0102703,0,
C0102704,0,
C0102705,0,
C0102706,0,
C0102707,0,
C0102708,0,
C0102709,0,
C0102710,0,
C0102711,0,
C0102712,0,
C0102713,0,
C0102714,0,
C0102715,0,
C0102716,0,
C0102717,0,
C0102718,0,
C0102719,0,
C0102720,0,
C0102721,0,
C0102722,0,
C0102723,0,
C0102724,0,
C0102725,0,
C0102726,0,
C0102727,0,
C0102728,0,
C0102729,0,
C0102730,0,
C0102731,0,
C0102732,0,
C0102733,0,
C0102734,0,
C0102735,0,
C0102736,0,
C0102737,0,
C0102738,0,
C0102739,0,
C0102740,0,
C0102741,0,
C0102742,0,
C0102743,0,
C0102744,0,
C0102745,0,
C0102746,0,
C0102747,0,
C0102748,0,
C0102749,0,
C0102750,0,
C0102751,0,
C0102752,0,
C0102753,0,
C0102754,0,
C0102755,0,
C0102756,0,
C0102757,0,
C0102758,0,
C0102759,0,
C0102760,0,
C0102761,0,
C0102762,0,
C0102763,0,
C0102764,0,
C0102765,1,2026-11-23
C0102766,0,
C0102767,0,
C0102768,0,
C0102769,0,
C0102770,0,
C0102771,0,
C0102772,0,
C0102773,0,
C0102774,0,
C0102775,0,
C0102776,0,
C0102777,0,
C0102778,0,
C0102779,1,2026-10-12
C0102780,0,
C0102781,0,
C0102782,0,
C0102783,0,
C0102784,0,
C0102785,0,
C0102786,0,
C0102787,0,
C0102788,0,
C0102789,0,
C0102790,0,
C0102791,0,
C0102792,0,
C0102793,0,
C0102794,0,
C0102795,0,
C0102796,0,
C0102797,0,
C0102798,0,
C0102799,0,
C0102800,0,
C0102801,0,
C0102802,0,
C0102803,0,
C0102804,0,
C0102805,0,
C0102806,0,
C0102807,0,
C0102808,0,
C0102809,0,
C0102810,0,
C0102811,0,
C0102812,0,
C0102813,0,
C0102814,0,
C0102815,0,
C0102816,0,
C0102817,0,
C0102818,0,
C0102819,0,
C0102820,0,
C0102821,0,
C0102822,0,
C0102823,0,
C0102824,0,
C0102825,0,
C0102826,0,
C0102827,0,
C0102828,0,
C0102829,0,
C0102830,0,
C0102831,0,
C0102832,0,
C0102833,0,
C0102834,0,
C0102835,0,
C0102836,0,
C0102837,0,
C0102838,0,
C0102839,0,
C0102840,0,
C0102841,0,
C0102842,0,
C0102843,0,
C0102844,0,
C0102845,0,
C0102846,0,
C0102847,0,
C0102848,0,
C0102849,0,
C0102850,0,
C0102851,0,
C0102852,1,2026-09-19
C0102853,0,
C0102854,0,
C0102855,0,
C0102856,0,
C0102857,0,
C0102858,0,
C0102859,0,
C0102860,0,
C0102861,0,
C0102862,0,
C0102863,0,
C0102864,0,
C0102865,0,
C0102866,0,
C0102867,0,
C0102868,0,
C0102869,0,
C0102870,0,
C0102871,0,
C0102872,0,
C0102873,0,
C0102874,0,
C0102875,0,
C0102876,0,
C0102877,0,
C0102878,0,
C0102879,0,
C0102880,0,
C0102881,0,
C0102882,0,
C0102883,0,
C0102884,0,
C0102885,0,
C0102886,0,
C0102887,0,
C0102888,0,
C0102889,0,
C0102890,0,
C0102891,0,
C0102892,0,
C0102893,0,
C0102894,0,
C0102895,0,
C0102896,0,
C0102897,0,
C0102898,0,
C0102899,0,
C0102900,0,
C0102901,0,
C0102902,0,
C0102903,0,
C0102904,0,
C0102905,0,
C0102906,0,
C0102907,0,
C0102908,0,
C0102909,1,2026-10-21
C0102910,0,
C0102911,0,
C0102912,0,
C0102913,0,
C0102914,0,
C0102915,0,
C0102916,0,
C0102917,0,
C0102918,0,
C0102919,0,
C0102920,0,
C0102921,0,
C0102922,0,
C0102923,0,
C0102924,0,
C0102925,0,
C0102926,0,
C0102927,0,
C0102928,0,
C0102929,0,
C0102930,0,
C0102931,0,
C0102932,0,
C0102933,0,
C0102934,0,
C0102935,0,
C0102936,0,
C0102937,0,
C0102938,0,
C0102939,0,
C0102940,0,
C0102941,0,
C0102942,0,
C0102943,0,
C0102944,0,
C0102945,0,
C0102946,0,
C0102947,0,
C0102948,0,
C0102949,0,
C0102950,0,
C0102951,0,
C0102952,0,
C0102953,0,
C0102954,0,
C0102955,0,
C0102956,0,
C0102957,0,
C0102958,0,
C0102959,0,
C0102960,0,
C0102961,0,
C0102962,0,
C0102963,0,
C0102964,0,
C0102965,0,
C0102966,0,
C0102967,0,
C0102968,0,
C0102969,0,
C0102970,0,
C0102971,0,
C0102972,0,
C0102973,0,
C0102974,0,
C0102975,0,
C0102976,0,
C0102977,0,
C0102978,0,
C0102979,0,
C0102980,0,
C0102981,0,
C0102982,0,
C0102983,0,
C0102984,0,
C0102985,0,
C0102986,0,
C0102987,0,
C0102988,0,
C0102989,0,
C0102990,0,
C0102991,0,
C0102992,0,
C0102993,0,
C0102994,0,
C0102995,0,
C0102996,0,
C0102997,0,
C0102998,0,
C0102999,0,
C0103000,0,
C0103001,0,
C0103002,0,
C0103003,0,
C0103004,0,
C0103005,0,
C0103006,0,
C0103007,0,
C0103008,0,
C0103009,0,
C0103010,0,
C0103011,0,
C0103012,0,
C0103013,1,2026-11-09
C0103014,0,
C0103015,0,
C0103016,0,
C0103017,0,
C0103018,0,
C0103019,0,
C0103020,0,
C0103021,0,
C0103022,0,
C0103023,0,
C0103024,0,
C0103025,0,
C0103026,0,
C0103027,0,
C0103028,0,
C0103029,0,
C0103030,0,
C0103031,0,
C0103032,0,
C0103033,0,
C0103034,0,
C0103035,0,
C0103036,0,
C0103037,0,
C0103038,0,
C0103039,0,
C0103040,0,
C0103041,0,
C0103042,0,
C0103043,0,
C0103044,0,
C0103045,0,
C0103046,0,
C0103047,0,
C0103048,0,
C0103049,0,
C0103050,0,
C0103051,0,
C0103052,0,
C0103053,0,
C0103054,0,
C0103055,0,
C0103056,0,
C0103057,0,
C0103058,0,
C0103059,0,
C0103060,1,2026-09-21
C0103061,0,
C0103062,0,
C0103063,0,
C0103064,0,
C0103065,0,
C0103066,0,
C0103067,0,
C0103068,0,
C0103069,0,
C0103070,0,
C0103071,0,
C0103072,0,
C0103073,0,
C0103074,0,
C0103075,0,
C0103076,0,
C0103077,0,
C0103078,0,
C0103079,0,
C0103080,0,
C0103081,0,
C0103082,0,
C0103083,0,
C0103084,0,
C0103085,0,
C0103086,0,
C0103087,0,
C0103088,0,
C0103089,0,
C0103090,0,
C0103091,0,
C0103092,0,
C0103093,0,
C0103094,0,
C0103095,0,
C0103096,0,
C0103097,0,
C0103098,0,
C0103099,0,
C0103100,0,
C0103101,0,
C0103102,0,
C0103103,1,2026-10-29
C0103104,0,
C0103105,0,
C0103106,0,
C0103107,0,
C0103108,0,
C0103109,0,
C0103110,0,
C0103111,0,
C0103112,0,
C0103113,0,
C0103114,0,
C0103115,0,
C0103116,0,
C0103117,0,
C0103118,0,
C0103119,0,
C0103120,0,
C0103121,0,
C0103122,0,
C0103123,0,
C0103124,0,
C0103125,0,
C0103126,0,
C0103127,0,
C0103128,0,
C0103129,0,
C0103130,1,2026-10-29
C0103131,0,
C0103132,0,
C0103133,0,
C0103134,0,
C0103135,0,
C0103136,0,
C0103137,0,
C0103138,0,
C0103139,0,
C0103140,0,
C0103141,0,
C0103142,0,
C0103143,0,
C0103144,0,
C0103145,0,
C0103146,0,
C0103147,0,
C0103148,0,
C0103149,0,
C0103150,0,
C0103151,0,
C0103152,0,
C0103153,0,
C0103154,0,
C0103155,0,
C0103156,0,
C0103157,0,
C0103158,0,
C0103159,0,
C0103160,0,
C0103161,1,2026-10-14
C0103162,0,
C0103163,0,
C0103164,0,
C0103165,0,
C0103166,0,
C0103167,0,
C0103168,0,
C0103169,0,
C0103170,0,
C0103171,0,
C0103172,0,
C0103173,0,
C0103174,0,
C0103175,0,
C0103176,0,
C0103177,0,
C0103178,0,
C0103179,0,
C0103180,0,
C0103181,0,
C0103182,0,
C0103183,0,
C0103184,0,
C0103185,0,
C0103186,0,
C0103187,0,
C0103188,0,
C0103189,0,
C0103190,0,
C0103191,0,
C0103192,0,
C0103193,0,
C0103194,0,
C0103195,0,
C0103196,0,
C0103197,0,
C0103198,0,
C0103199,0,
C0103200,0,
C0103201,0,
C0103202,0,
C0103203,0,
C0103204,0,
C0103205,0,
C0103206,0,
C0103207,0,
C0103208,0,
C0103209,0,
C0103210,0,
C0103211,0,
C0103212,0,
C0103213,0,
C0103214,0,
C0103215,0,
C0103216,0,
C0103217,0,
C0103218,0,
C0103219,0,
C0103220,0,
C0103221,0,
C0103222,0,
C0103223,0,
C0103224,0,
C0103225,0,
C0103226,0,
C0103227,0,
C0103228,0,
C0103229,0,
C0103230,0,
C0103231,0,
C0103232,0,
C0103233,0,
C0103234,0,
C0103235,0,
C0103236,0,
C0103237,0,
C0103238,0,
C0103239,0,
C0103240,1,2026-09-29
C0103241,0,
C0103242,0,
C0103243,0,
C0103244,0,
C0103245,0,
C0103246,0,
C0103247,0,
C0103248,0,
C0103249,0,
C0103250,0,
C0103251,0,
C0103252,0,
C0103253,0,
C0103254,0,
C0103255,0,
C0103256,0,
C0103257,0,
C0103258,0,
C0103259,0,
C0103260,0,
C0103261,0,
C0103262,0,
C0103263,0,
C0103264,0,
C0103265,0,
C0103266,0,
C0103267,0,
C0103268,0,
C0103269,0,
C0103270,0,
C0103271,0,
C0103272,1,2026-10-21
C0103273,0,
C0103274,0,
C0103275,0,
C0103276,0,
C0103277,0,
C0103278,0,
C0103279,0,
C0103280,0,
C0103281,0,
C0103282,0,
C0103283,0,
C0103284,1,2026-12-01
C0103285,0,
C0103286,0,
C0103287,0,
C0103288,0,
C0103289,0,
C0103290,0,
C0103291,0,
C0103292,0,
C0103293,0,
C0103294,0,
C0103295,0,
C0103296,0,
C0103297,0,
C0103298,0,
C0103299,0,
C0103300,0,
C0103301,0,
C0103302,0,
C0103303,1,2026-10-31
C0103304,0,
C0103305,0,
C0103306,0,
C0103307,0,
C0103308,0,
C0103309,0,
C0103310,0,
C0103311,0,
C0103312,0,
C0103313,0,
C0103314,0,
C0103315,0,
C0103316,0,
C0103317,0,
C0103318,0,
C0103319,0,
C0103320,0,
C0103321,0,
C0103322,0,
C0103323,0,
C0103324,0,
C0103325,0,
C0103326,0,
C0103327,0,
C0103328,0,
C0103329,0,
C0103330,0,
C0103331,0,
C0103332,0,
C0103333,0,
C0103334,0,
C0103335,0,
C0103336,0,
C0103337,0,
C0103338,0,
C0103339,0,
C0103340,0,
C0103341,0,
C0103342,0,
C0103343,0,
C0103344,0,
C0103345,0,
C0103346,0,
C0103347,0,
C0103348,0,
C0103349,0,
C0103350,0,
C0103351,0,
C0103352,0,
C0103353,0,
C0103354,0,
C0103355,0,
C0103356,0,
C0103357,0,
C0103358,0,
C0103359,0,
C0103360,0,
C0103361,0,
C0103362,0,
C0103363,0,
C0103364,0,
C0103365,0,
C0103366,0,
C0103367,0,
C0103368,1,2026-09-25
C0103369,0,
C0103370,0,
C0103371,0,
C0103372,0,
C0103373,0,
C0103374,0,
C0103375,0,
C0103376,0,
C0103377,0,
C0103378,0,
C0103379,0,
C0103380,0,
C0103381,0,
C0103382,0,
C0103383,0,
C0103384,0,
C0103385,0,
C0103386,0,
C0103387,0,
C0103388,1,2026-12-02
C0103389,0,
C0103390,0,
C0103391,0,
C0103392,0,
C0103393,0,
C0103394,0,
C0103395,0,
C0103396,0,
C0103397,0,
C0103398,0,
C0103399,0,
C0103400,0,
C0103401,0,
C0103402,0,
C0103403,0,
C0103404,0,
C0103405,0,
C0103406,0,
C0103407,0,
C0103408,0,
C0103409,0,
C0103410,0,
C0103411,0,
C0103412,0,
C0103413,0,
C0103414,0,
C0103415,0,
C0103416,0,
C0103417,0,
C0103418,0,
C0103419,0,
C0103420,0,
C0103421,0,
C0103422,0,
C0103423,0,
C0103424,0,
C0103425,0,
C0103426,0,
C0103427,0,
C0103428,0,
C0103429,0,
C0103430,0,
C0103431,0,
C0103432,0,
C0103433,0,
C0103434,1,2026-12-07
C0103435,0,
C0103436,0,
C0103437,0,
C0103438,0,
C0103439,0,
C0103440,0,
C0103441,0,
C0103442,0,
C0103443,0,
C0103444,0,
C0103445,0,
C0103446,0,
C0103447,0,
C0103448,0,
C0103449,0,
C0103450,0,
C0103451,0,
C0103452,0,
C0103453,0,
C0103454,0,
C0103455,0,
C0103456,0,
C0103457,0,
C0103458,0,
C0103459,0,
C0103460,0,
C0103461,0,
C0103462,0,
C0103463,0,
C0103464,0,
C0103465,0,
C0103466,0,
C0103467,0,
C0103468,0,
C0103469,1,2026-11-08
C0103470,0,
C0103471,0,
C0103472,0,
C0103473,0,
C0103474,0,
C0103475,0,
C0103476,0,
C0103477,0,
C0103478,0,
C0103479,0,
C0103480,0,
C0103481,0,
C0103482,0,
C0103483,1,2026-11-14
C0103484,0,
C0103485,0,
C0103486,0,
C0103487,0,
C0103488,0,
C0103489,0,
C0103490,0,
C0103491,0,
C0103492,0,
C0103493,0,
C0103494,0,
C0103495,0,
C0103496,0,
C0103497,0,
C0103498,0,
C0103499,0,
C0103500,0,
C0103501,0,
C0103502,0,
C0103503,0,
C0103504,0,
C0103505,0,
C0103506,0,
C0103507,0,
C0103508,0,
C0103509,1,2026-12-05
C0103510,0,
C0103511,0,
C0103512,0,
C0103513,0,
C0103514,0,
C0103515,0,
C0103516,0,
C0103517,0,
C0103518,0,
C0103519,0,
C0103520,0,
C0103521,0,
C0103522,0,
C0103523,0,
C0103524,0,
C0103525,0,
C0103526,0,
C0103527,0,
C0103528,0,
C0103529,0,
C0103530,0,
C0103531,0,
C0103532,0,
C0103533,0,
C0103534,0,
C0103535,0,
C0103536,0,
C0103537,1,2026-09-17
C0103538,0,
C0103539,0,
C0103540,0,
C0103541,0,
C0103542,0,
C0103543,0,
C0103544,0,
C0103545,0,
C0103546,0,
C0103547,0,
C0103548,1,2026-11-04
C0103549,0,
C0103550,0,
C0103551,0,
C0103552,0,
C0103553,0,
C0103554,0,
C0103555,0,
C0103556,0,
C0103557,0,
C0103558,0,
C0103559,0,
C0103560,0,
C0103561,0,
C0103562,0,
C0103563,0,
C0103564,0,
C0103565,0,
C0103566,0,
C0103567,0,
C0103568,0,
C0103569,0,
C0103570,0,
C0103571,0,
C0103572,0,
C0103573,0,
C0103574,0,
C0103575,0,
C0103576,0,
C0103577,0,
C0103578,0,
C0103579,0,
C0103580,0,
C0103581,0,
C0103582,0,
C0103583,0,
C0103584,0,
C0103585,0,
C0103586,0,
C0103587,0,
C0103588,0,
C0103589,0,
C0103590,0,
C0103591,0,
C0103592,0,
C0103593,0,
C0103594,0,
C0103595,0,
C0103596,0,
C0103597,0,
C0103598,0,
C0103599,0,
C0103600,0,
C0103601,0,
C0103602,0,
C0103603,0,
C0103604,0,
C0103605,0,
C0103606,0,
C0103607,0,
C0103608,0,
C0103609,0,
C0103610,0,
C0103611,0,
C0103612,0,
C0103613,0,
C0103614,0,
C0103615,0,
C0103616,0,
C0103617,0,
C0103618,0,
C0103619,0,
C0103620,0,
C0103621,0,
C0103622,1,2026-09-16
C0103623,0,
C0103624,0,
C0103625,0,
C0103626,0,
C0103627,0,
C0103628,0,
C0103629,0,
C0103630,0,
C0103631,0,
C0103632,0,
C0103633,0,
C0103634,0,
C0103635,0,
C0103636,0,
C0103637,0,
C0103638,0,
C0103639,0,
C0103640,0,
C0103641,0,
C0103642,0,
C0103643,0,
C0103644,0,
C0103645,0,
C0103646,0,
C0103647,0,
C0103648,0,
C0103649,0,
C0103650,0,
C0103651,0,
C0103652,0,
C0103653,0,
C0103654,0,
C0103655,0,
C0103656,0,
C0103657,0,
C0103658,0,
C0103659,0,
C0103660,0,
C0103661,0,
C0103662,0,
C0103663,0,
C0103664,0,
C0103665,0,
C0103666,0,
C0103667,0,
C0103668,0,
C0103669,0,
C0103670,1,2026-10-05
C0103671,0,
C0103672,0,
C0103673,0,
C0103674,0,
C0103675,0,
C0103676,0,
C0103677,0,
C0103678,0,
C0103679,0,
C0103680,0,
C0103681,0,
C0103682,0,
C0103683,0,
C0103684,0,
C0103685,0,
C0103686,0,
C0103687,0,
C0103688,0,
C0103689,0,
C0103690,0,
C0103691,0,
C0103692,0,
C0103693,0,
C0103694,0,
C0103695,0,
C0103696,0,
C0103697,0,
C0103698,0,
C0103699,0,
C0103700,0,
C0103701,0,
C0103702,0,
C0103703,0,
C0103704,0,
C0103705,0,
C0103706,0,
C0103707,0,
C0103708,0,
C0103709,0,
C0103710,0,
C0103711,0,
C0103712,0,
C0103713,0,
C0103714,0,
C0103715,0,
C0103716,0,
C0103717,0,
C0103718,0,
C0103719,0,
C0103720,0,
C0103721,0,
C0103722,0,
C0103723,0,
C0103724,0,
C0103725,0,
C0103726,0,
C0103727,0,
C0103728,0,
C0103729,0,
C0103730,0,
C0103731,0,
C0103732,0,
C0103733,0,
C0103734,0,
C0103735,0,
C0103736,0,
C0103737,0,
C0103738,0,
C0103739,0,
C0103740,0,
C0103741,0,
C0103742,0,
C0103743,0,
C0103744,0,
C0103745,0,
C0103746,0,
C0103747,0,
C0103748,0,
C0103749,0,
C0103750,0,
C0103751,0,
C0103752,0,
C0103753,0,
C0103754,0,
C0103755,0,
C0103756,0,
C0103757,0,
C0103758,0,
C0103759,0,
C0103760,0,
C0103761,0,
C0103762,0,
C0103763,0,
C0103764,0,
C0103765,0,
C0103766,0,
C0103767,0,
C0103768,0,
C0103769,0,
C0103770,0,
C0103771,0,
C0103772,0,
C0103773,0,
C0103774,0,
C0103775,0,
C0103776,0,
C0103777,0,
C0103778,0,
C0103779,0,
C0103780,0,
C0103781,0,
C0103782,0,
C0103783,0,
C0103784,0,
C0103785,0,
C0103786,0,
C0103787,0,
C0103788,0,
C0103789,0,
C0103790,0,
C0103791,0,
C0103792,0,
C0103793,0,
C0103794,0,
C0103795,0,
C0103796,0,
C0103797,0,
C0103798,0,
C0103799,0,
C0103800,0,
C0103801,0,
C0103802,0,
C0103803,0,
C0103804,0,
C0103805,0,
C0103806,1,2026-11-17
C0103807,0,
C0103808,0,
C0103809,0,
C0103810,0,
C0103811,0,
C0103812,0,
C0103813,0,
C0103814,0,
C0103815,0,
C0103816,0,
C0103817,0,
C0103818,0,
C0103819,0,
C0103820,0,
C0103821,0,
C0103822,0,
C0103823,0,
C0103824,0,
C0103825,1,2026-09-24
C0103826,0,
C0103827,0,
C0103828,0,
C0103829,0,
C0103830,0,
C0103831,0,
C0103832,0,
C0103833,0,
C0103834,0,
C0103835,0,
C0103836,0,
C0103837,0,
C0103838,0,
C0103839,0,
C0103840,0,
C0103841,0,
C0103842,0,
C0103843,0,
C0103844,0,
C0103845,0,
C0103846,0,
C0103847,0,
C0103848,0,
C0103849,0,
C0103850,0,
C0103851,0,
C0103852,0,
C0103853,0,
C0103854,0,
C0103855,0,
C0103856,0,
C0103857,0,
C0103858,0,
C0103859,0,
C0103860,0,
C0103861,0,
C0103862,0,
C0103863,0,
C0103864,0,
C0103865,0,
C0103866,0,
C0103867,0,
C0103868,0,
C0103869,0,
C0103870,0,
C0103871,0,
C0103872,0,
C0103873,0,
C0103874,0,
C0103875,0,
C0103876,0,
C0103877,0,
C0103878,0,
C0103879,0,
C0103880,0,
C0103881,0,
C0103882,0,
C0103883,0,
C0103884,0,
C0103885,0,
C0103886,0,
C0103887,0,
C0103888,0,
C0103889,0,
C0103890,0,
C0103891,0,
C0103892,0,
C0103893,0,
C0103894,0,
C0103895,0,
C0103896,0,
C0103897,0,
C0103898,0,
C0103899,0,
C0103900,0,
C0103901,0,
C0103902,0,
C0103903,0,
C0103904,0,
C0103905,0,
C0103906,0,
C0103907,0,
C0103908,0,
C0103909,0,
C0103910,0,
C0103911,0,
C0103912,0,
C0103913,0,
C0103914,0,
C0103915,0,
C0103916,0,
C0103917,0,
C0103918,0,
C0103919,0,
C0103920,0,
C0103921,0,
C0103922,0,
C0103923,0,
C0103924,0,
C0103925,0,
C0103926,0,
C0103927,0,
C0103928,0,
C0103929,0,
C0103930,0,
C0103931,0,
C0103932,0,
C0103933,0,
C0103934,0,
C0103935,0,
C0103936,0,
C0103937,0,
C0103938,0,
C0103939,0,
C0103940,0,
C0103941,0,
C0103942,0,
C0103943,0,
C0103944,0,
C0103945,0,
C0103946,0,
C0103947,0,
C0103948,0,
C0103949,0,
C0103950,0,
C0103951,0,
C0103952,0,
C0103953,0,
C0103954,0,
C0103955,0,
C0103956,0,
C0103957,0,
C0103958,0,
C0103959,0,
C0103960,0,
C0103961,0,
C0103962,0,
C0103963,0,
C0103964,0,
C0103965,0,
C0103966,0,
C0103967,0,
C0103968,0,
C0103969,0,
C0103970,0,
C0103971,0,
C0103972,0,
C0103973,0,
C0103974,0,
C0103975,0,
C0103976,0,
C0103977,0,
C0103978,0,
C0103979,0,
C0103980,0,
C0103981,1,2026-09-15
C0103982,0,
C0103983,0,
C0103984,0,
C0103985,0,
C0103986,0,
C0103987,0,
C0103988,0,
C0103989,0,
C0103990,0,
C0103991,0,
C0103992,0,
C0103993,0,
C0103994,0,
C0103995,0,
C0103996,0,
C0103997,0,
C0103998,0,
C0103999,0,
C0104000,0,
C0104001,0,
C0104002,0,
C0104003,0,
C0104004,0,
C0104005,0,
C0104006,0,
C0104007,0,
C0104008,0,
C0104009,0,
C0104010,0,
C0104011,0,
C0104012,0,
C0104013,0,
C0104014,0,
C0104015,0,
C0104016,0,
C0104017,0,
C0104018,0,
C0104019,0,
C0104020,0,
C0104021,0,
C0104022,0,
C0104023,0,
C0104024,0,
C0104025,0,
C0104026,0,
C0104027,0,
C0104028,0,
C0104029,0,
C0104030,0,
C0104031,0,
C0104032,0,
C0104033,0,
C0104034,0,
C0104035,0,
C0104036,0,
C0104037,1,2026-10-22
C0104038,0,
C0104039,0,
C0104040,0,
C0104041,0,
C0104042,0,
C0104043,0,
C0104044,0,
C0104045,0,
C0104046,0,
C0104047,0,
C0104048,0,
C0104049,0,
C0104050,0,
C0104051,0,
C0104052,0,
C0104053,0,
C0104054,0,
C0104055,0,
C0104056,0,
C0104057,0,
C0104058,0,
C0104059,1,2026-12-01
C0104060,0,
C0104061,0,
C0104062,0,
C0104063,0,
C0104064,0,
C0104065,0,
C0104066,0,
C0104067,0,
C0104068,0,
C0104069,0,
C0104070,0,
C0104071,0,
C0104072,0,
C0104073,0,
C0104074,0,
C0104075,0,
C0104076,0,
C0104077,0,
C0104078,0,
C0104079,0,
C0104080,0,
C0104081,0,
C0104082,0,
C0104083,0,
C0104084,0,
C0104085,0,
C0104086,0,
C0104087,0,
C0104088,0,
C0104089,0,
C0104090,0,
C0104091,0,
C0104092,0,
C0104093,0,
C0104094,0,
C0104095,0,
C0104096,0,
C0104097,0,
C0104098,0,
C0104099,0,
C0104100,0,
C0104101,0,
C0104102,0,
C0104103,0,
C0104104,0,
C0104105,0,
C0104106,0,
C0104107,0,
C0104108,0,
C0104109,0,
C0104110,0,
C0104111,0,
C0104112,0,
C0104113,0,
C0104114,0,
C0104115,0,
C0104116,0,
C0104117,0,
C0104118,0,
C0104119,0,
C0104120,0,
C0104121,0,
C0104122,0,
C0104123,0,
C0104124,0,
C0104125,0,
C0104126,1,2026-11-11
C0104127,0,
C0104128,0,
C0104129,0,
C0104130,0,
C0104131,0,
C0104132,0,
C0104133,0,
C0104134,0,
C0104135,0,
C0104136,0,
C0104137,0,
C0104138,0,
C0104139,1,2026-10-15
C0104140,0,
C0104141,0,
C0104142,0,
C0104143,0,
C0104144,0,
C0104145,0,
C0104146,0,
C0104147,0,
C0104148,0,
C0104149,0,
C0104150,0,
C0104151,0,
C0104152,0,
C0104153,0,
C0104154,0,
C0104155,0,
C0104156,0,
C0104157,0,
C0104158,0,
C0104159,0,
C0104160,0,
C0104161,0,
C0104162,0,
C0104163,0,
C0104164,0,
C0104165,0,
C0104166,0,
C0104167,0,
C0104168,0,
C0104169,0,
C0104170,0,
C0104171,0,
C0104172,0,
C0104173,0,
C0104174,0,
C0104175,0,
C0104176,0,
C0104177,0,
C0104178,0,
C0104179,0,
C0104180,0,
C0104181,0,
C0104182,0,
C0104183,0,
C0104184,0,
C0104185,0,
C0104186,0,
C0104187,0,
C0104188,0,
C0104189,0,
C0104190,0,
C0104191,0,
C0104192,0,
C0104193,0,
C0104194,0,
C0104195,0,
C0104196,0,
C0104197,0,
C0104198,0,
C0104199,0,
C0104200,0,
C0104201,0,
C0104202,0,
C0104203,0,
C0104204,0,
C0104205,0,
C0104206,0,
C0104207,0,
C0104208,0,
C0104209,0,
C0104210,0,
C0104211,0,
C0104212,0,
C0104213,0,
C0104214,0,
C0104215,0,
C0104216,0,
C0104217,0,
C0104218,0,
C0104219,0,
C0104220,0,
C0104221,0,
C0104222,0,
C0104223,0,
C0104224,0,
C0104225,0,
C0104226,0,
C0104227,0,
C0104228,0,
C0104229,0,
C0104230,0,
C0104231,0,
C0104232,0,
C0104233,0,
C0104234,0,
C0104235,0,
C0104236,0,
C0104237,0,
C0104238,0,
C0104239,0,
C0104240,0,
C0104241,0,
C0104242,0,
C0104243,0,
C0104244,0,
C0104245,0,
C0104246,0,
C0104247,0,
C0104248,0,
C0104249,0,
C0104250,0,
C0104251,0,
C0104252,0,
C0104253,0,
C0104254,0,
C0104255,0,
C0104256,0,
C0104257,0,
C0104258,0,
C0104259,0,
C0104260,0,
C0104261,0,
C0104262,0,
C0104263,0,
C0104264,0,
C0104265,0,
C0104266,0,
C0104267,0,
C0104268,0,
C0104269,0,
C0104270,0,
C0104271,0,
C0104272,0,
C0104273,0,
C0104274,0,
C0104275,0,
C0104276,0,
C0104277,0,
C0104278,0,
C0104279,0,
C0104280,0,
C0104281,0,
C0104282,0,
C0104283,0,
C0104284,0,
C0104285,0,
C0104286,0,
C0104287,0,
C0104288,0,
C0104289,0,
C0104290,0,
C0104291,0,
C0104292,0,
C0104293,0,
C0104294,0,
C0104295,0,
C0104296,0,
C0104297,0,
C0104298,0,
C0104299,0,
C0104300,0,
C0104301,0,
C0104302,0,
C0104303,0,
C0104304,0,
C0104305,0,
C0104306,0,
C0104307,0,
C0104308,0,
C0104309,0,
C0104310,0,
C0104311,0,
C0104312,0,
C0104313,0,
C0104314,0,
C0104315,0,
C0104316,0,
C0104317,0,
C0104318,0,
C0104319,0,
C0104320,0,
C0104321,0,
C0104322,0,
C0104323,0,
C0104324,0,
C0104325,1,2026-10-22
C0104326,1,2026-12-06
C0104327,0,
C0104328,0,
C0104329,0,
C0104330,0,
C0104331,0,
C0104332,0,
C0104333,0,
C0104334,0,
C0104335,0,
C0104336,0,
C0104337,0,
C0104338,0,
C0104339,0,
C0104340,0,
C0104341,0,
C0104342,0,
C0104343,0,
C0104344,0,
C0104345,0,
C0104346,0,
C0104347,0,
C0104348,0,
C0104349,0,
C0104350,0,
C0104351,0,
C0104352,0,
C0104353,0,
C0104354,0,
C0104355,0,
C0104356,0,
C0104357,0,
C0104358,0,
C0104359,0,
C0104360,0,
C0104361,0,
C0104362,0,
C0104363,0,
C0104364,0,
C0104365,0,
C0104366,0,
C0104367,0,
C0104368,0,
C0104369,0,
C0104370,0,
C0104371,0,
C0104372,0,
C0104373,0,
C0104374,0,
C0104375,0,
C0104376,0,
C0104377,0,
C0104378,0,
C0104379,0,
C0104380,0,
C0104381,0,
C0104382,0,
C0104383,0,
C0104384,0,
C0104385,0,
C0104386,0,
C0104387,0,
C0104388,0,
C0104389,0,
C0104390,0,
C0104391,0,
C0104392,0,
C0104393,0,
C0104394,0,
C0104395,0,
C0104396,0,
C0104397,0,
C0104398,0,
C0104399,0,
C0104400,0,
C0104401,0,
C0104402,0,
C0104403,0,
C0104404,0,
C0104405,0,
C0104406,0,
C0104407,0,
C0104408,0,
C0104409,0,
C0104410,0,
C0104411,0,
C0104412,0,
C0104413,0,
C0104414,0,
C0104415,0,
C0104416,0,
C0104417,0,
C0104418,0,
C0104419,1,2026-11-18
C0104420,0,
C0104421,0,
C0104422,0,
C0104423,0,
C0104424,0,
C0104425,0,
C0104426,0,
C0104427,0,
C0104428,0,
C0104429,0,
C0104430,0,
C0104431,0,
C0104432,0,
C0104433,0,
C0104434,0,
C0104435,0,
C0104436,0,
C0104437,0,
C0104438,0,
C0104439,0,
C0104440,0,
C0104441,0,
C0104442,0,
C0104443,0,
C0104444,0,
C0104445,0,
C0104446,0,
C0104447,0,
C0104448,0,
C0104449,0,
C0104450,0,
C0104451,0,
C0104452,0,
C0104453,0,
C0104454,0,
C0104455,0,
C0104456,0,
C0104457,0,
C0104458,0,
C0104459,0,
C0104460,0,
C0104461,0,
C0104462,0,
C0104463,0,
C0104464,0,
C0104465,0,
C0104466,0,
C0104467,0,
C0104468,0,
C0104469,0,
C0104470,0,
C0104471,0,
C0104472,0,
C0104473,0,
C0104474,0,
C0104475,1,2026-11-19
C0104476,0,
C0104477,0,
C0104478,0,
C0104479,0,
C0104480,0,
C0104481,0,
C0104482,0,
C0104483,0,
C0104484,0,
C0104485,0,
C0104486,0,
C0104487,0,
C0104488,0,
C0104489,0,
C0104490,0,
C0104491,0,
C0104492,0,
C0104493,0,
C0104494,0,
C0104495,0,
C0104496,0,
C0104497,0,
C0104498,0,
C0104499,0,
C0104500,0,
C0104501,0,
C0104502,0,
C0104503,1,2026-10-16
C0104504,0,
C0104505,0,
C0104506,0,
C0104507,0,
C0104508,0,
C0104509,0,
C0104510,0,
C0104511,0,
C0104512,0,
C0104513,0,
C0104514,0,
C0104515,0,
C0104516,0,
C0104517,0,
C0104518,0,
C0104519,0,
C0104520,0,
C0104521,0,
C0104522,0,
C0104523,0,
C0104524,0,
C0104525,0,
C0104526,0,
C0104527,0,
C0104528,0,
C0104529,0,
C0104530,0,
C0104531,0,
C0104532,0,
C0104533,0,
C0104534,0,
C0104535,0,
C0104536,0,
C0104537,0,
C0104538,0,
C0104539,0,
C0104540,0,
C0104541,0,
C0104542,0,
C0104543,0,
C0104544,0,
C0104545,0,
C0104546,0,
C0104547,0,
C0104548,0,
C0104549,0,
C0104550,0,
C0104551,0,
C0104552,0,
C0104553,0,
C0104554,0,
C0104555,0,
C0104556,0,
C0104557,0,
C0104558,0,
C0104559,0,
C0104560,0,
C0104561,0,
C0104562,0,
C0104563,0,
C0104564,0,
C0104565,0,
C0104566,0,
C0104567,0,
C0104568,1,2026-10-13
C0104569,0,
C0104570,0,
C0104571,0,
C0104572,0,
C0104573,0,
C0104574,0,
C0104575,0,
C0104576,0,
C0104577,0,
C0104578,0,
C0104579,0,
C0104580,0,
C0104581,0,
C0104582,0,
C0104583,0,
C0104584,0,
C0104585,0,
C0104586,1,2026-10-15
C0104587,0,
C0104588,0,
C0104589,0,
C0104590,0,
C0104591,0,
C0104592,0,
C0104593,0,
C0104594,0,
C0104595,0,
C0104596,0,
C0104597,0,
C0104598,0,
C0104599,0,
C0104600,0,
C0104601,0,
C0104602,0,
C0104603,0,
C0104604,0,
C0104605,0,
C0104606,0,
C0104607,0,
C0104608,0,
C0104609,0,
C0104610,0,
C0104611,0,
C0104612,0,
C0104613,0,
C0104614,0,
C0104615,0,
C0104616,0,
C0104617,0,
C0104618,0,
C0104619,0,
C0104620,0,
C0104621,0,
C0104622,0,
C0104623,0,
C0104624,0,
C0104625,0,
C0104626,0,
C0104627,0,
C0104628,0,
C0104629,0,
C0104630,0,
C0104631,0,
C0104632,0,
C0104633,0,
C0104634,0,
C0104635,0,
C0104636,0,
C0104637,0,
C0104638,0,
C0104639,0,
C0104640,0,
C0104641,1,2026-11-11
C0104642,0,
C0104643,0,
C0104644,0,
C0104645,0,
C0104646,0,
C0104647,0,
C0104648,0,
C0104649,0,
C0104650,0,
C0104651,0,
C0104652,0,
C0104653,0,
C0104654,0,
C0104655,0,
C0104656,0,
C0104657,0,
C0104658,0,
C0104659,0,
C0104660,0,
C0104661,0,
C0104662,0,
C0104663,0,
C0104664,0,
C0104665,0,
C0104666,0,
C0104667,0,
C0104668,0,
C0104669,0,
C0104670,0,
C0104671,0,
C0104672,0,
C0104673,0,
C0104674,0,
C0104675,0,
C0104676,0,
C0104677,0,
C0104678,0,
C0104679,0,
C0104680,0,
C0104681,0,
C0104682,0,
C0104683,0,
C0104684,0,
C0104685,0,
C0104686,0,
C0104687,0,
C0104688,0,
C0104689,0,
C0104690,0,
C0104691,0,
C0104692,0,
C0104693,0,
C0104694,0,
C0104695,0,
C0104696,0,
C0104697,0,
C0104698,0,
C0104699,0,
C0104700,0,
C0104701,0,
C0104702,0,
C0104703,0,
C0104704,0,
C0104705,1,2026-10-02
C0104706,0,
C0104707,0,
C0104708,0,
C0104709,0,
C0104710,0,
C0104711,0,
C0104712,0,
C0104713,0,
C0104714,0,
C0104715,0,
C0104716,0,
C0104717,1,2026-12-07
C0104718,0,
C0104719,0,
C0104720,0,
C0104721,0,
C0104722,0,
C0104723,0,
C0104724,0,
C0104725,0,
C0104726,0,
C0104727,0,
C0104728,0,
C0104729,0,
C0104730,0,
C0104731,0,
C0104732,0,
C0104733,0,
C0104734,0,
C0104735,0,
C0104736,0,
C0104737,0,
C0104738,0,
C0104739,0,
C0104740,0,
C0104741,0,
C0104742,0,
C0104743,0,
C0104744,0,
C0104745,0,
C0104746,0,
C0104747,0,
C0104748,0,
C0104749,0,
C0104750,0,
C0104751,0,
C0104752,0,
C0104753,0,
C0104754,0,
C0104755,0,
C0104756,0,
C0104757,0,
C0104758,0,
C0104759,0,
C0104760,0,
C0104761,0,
C0104762,0,
C0104763,0,
C0104764,0,
C0104765,0,
C0104766,0,
C0104767,0,
C0104768,0,
C0104769,0,
C0104770,0,
C0104771,0,
C0104772,0,
C0104773,0,
C0104774,1,2026-10-08
C0104775,0,
C0104776,0,
C0104777,0,
C0104778,0,
C0104779,0,
C0104780,0,
C0104781,0,
C0104782,0,
C0104783,0,
C0104784,0,
C0104785,0,
C0104786,0,
C0104787,0,
C0104788,1,2026-11-07
C0104789,0,
C0104790,0,
C0104791,0,
C0104792,0,
C0104793,0,
C0104794,0,
C0104795,0,
C0104796,0,
C0104797,0,
C0104798,0,
C0104799,0,
C0104800,0,
C0104801,0,
C0104802,0,
C0104803,0,
C0104804,0,
C0104805,0,
C0104806,0,
C0104807,0,
C0104808,0,
C0104809,0,
C0104810,0,
C0104811,1,2026-10-15
C0104812,0,
C0104813,0,
C0104814,0,
C0104815,0,
C0104816,0,
C0104817,0,
C0104818,0,
C0104819,1,2026-09-16
C0104820,0,
C0104821,0,
C0104822,0,
C0104823,1,2026-09-14
C0104824,0,
C0104825,0,
C0104826,0,
C0104827,0,
C0104828,0,
C0104829,0,
C0104830,0,
C0104831,0,
C0104832,0,
C0104833,0,
C0104834,0,
C0104835,0,
C0104836,0,
C0104837,0,
C0104838,0,
C0104839,0,
C0104840,0,
C0104841,0,
C0104842,0,
C0104843,0,
C0104844,0,
C0104845,0,
C0104846,0,
C0104847,0,
C0104848,0,
C0104849,0,
C0104850,0,
C0104851,0,
C0104852,0,
C0104853,0,
C0104854,0,
C0104855,0,
C0104856,0,
C0104857,0,
C0104858,0,
C0104859,0,
C0104860,0,
C0104861,0,
C0104862,0,
C0104863,0,
C0104864,0,
C0104865,0,
C0104866,0,
C0104867,0,
C0104868,0,
C0104869,0,
C0104870,0,
C0104871,0,
C0104872,0,
C0104873,0,
C0104874,0,
C0104875,0,
C0104876,0,
C0104877,0,
C0104878,0,
C0104879,0,
C0104880,0,
C0104881,0,
C0104882,0,
C0104883,0,
C0104884,0,
C0104885,0,
C0104886,0,
C0104887,0,
C0104888,0,
C0104889,0,
C0104890,0,
C0104891,0,
C0104892,0,
C0104893,0,
C0104894,0,
C0104895,0,
C0104896,0,
C0104897,0,
C0104898,0,
C0104899,0,
C0104900,0,
C0104901,0,
C0104902,0,
C0104903,0,
C0104904,0,
C0104905,0,
C0104906,0,
C0104907,0,
C0104908,0,
C0104909,0,
C0104910,0,
C0104911,0,
C0104912,0,
C0104913,0,
C0104914,0,
C0104915,0,
C0104916,0,
C0104917,0,
C0104918,0,
C0104919,0,
C0104920,0,
C0104921,0,
C0104922,0,
C0104923,0,
C0104924,0,
C0104925,0,
C0104926,0,
C0104927,0,
C0104928,0,
C0104929,0,
C0104930,0,
C0104931,0,
C0104932,0,
C0104933,0,
C0104934,0,
C0104935,1,2026-09-24
C0104936,0,
C0104937,0,
C0104938,0,
C0104939,0,
C0104940,0,
C0104941,0,
C0104942,0,
C0104943,0,
C0104944,0,
C0104945,0,
C0104946,0,
C0104947,0,
C0104948,0,
C0104949,0,
C0104950,0,
C0104951,0,
C0104952,0,
C0104953,0,
C0104954,0,
C0104955,0,
C0104956,0,
C0104957,0,
C0104958,0,
C0104959,0,
C0104960,0,
C0104961,0,
C0104962,0,
C0104963,1,2026-09-22
C0104964,0,
C0104965,0,
C0104966,0,
C0104967,0,
C0104968,0,
C0104969,0,
C0104970,0,
C0104971,0,
C0104972,0,
C0104973,0,
C0104974,0,
C0104975,0,
C0104976,0,
C0104977,0,
C0104978,0,
C0104979,0,
C0104980,0,
C0104981,0,
C0104982,0,
C0104983,0,
C0104984,0,
C0104985,0,
C0104986,0,
C0104987,0,
C0104988,0,
C0104989,0,
C0104990,0,
C0104991,0,
C0104992,0,
C0104993,0,
C0104994,0,
C0104995,0,
C0104996,0,
C0104997,0,
C0104998,0,
C0104999,0,
C0105000,0,
C0105001,0,
C0105002,0,
C0105003,0,
C0105004,0,
C0105005,0,
C0105006,0,
C0105007,0,
C0105008,0,
C0105009,0,
C0105010,0,
C0105011,0,
C0105012,0,
C0105013,0,
C0105014,0,
C0105015,0,
C0105016,0,
C0105017,0,
C0105018,0,
C0105019,0,
C0105020,0,
C0105021,0,
C0105022,0,
C0105023,1,2026-10-10
C0105024,0,
C0105025,0,
C0105026,0,
C0105027,0,
C0105028,0,
C0105029,0,
C0105030,0,
C0105031,0,
C0105032,0,
C0105033,0,
C0105034,0,
C0105035,0,
C0105036,0,
C0105037,0,
C0105038,0,
C0105039,0,
C0105040,0,
C0105041,0,
C0105042,0,
C0105043,0,
C0105044,0,
C0105045,0,
C0105046,0,
C0105047,0,
C0105048,0,
C0105049,0,
C0105050,0,
C0105051,0,
C0105052,0,
C0105053,0,
C0105054,0,
C0105055,0,
C0105056,0,
C0105057,0,
C0105058,0,
C0105059,0,
C0105060,0,
C0105061,0,
C0105062,0,
C0105063,0,
C0105064,0,
C0105065,0,
C0105066,0,
C0105067,0,
C0105068,0,
C0105069,0,
C0105070,0,
C0105071,0,
C0105072,0,
C0105073,0,
C0105074,0,
C0105075,0,
C0105076,0,
C0105077,0,
C0105078,0,
C0105079,0,
C0105080,0,
C0105081,0,
C0105082,0,
C0105083,0,
C0105084,0,
C0105085,0,
C0105086,0,
C0105087,0,
C0105088,0,
C0105089,0,
C0105090,0,
C0105091,0,
C0105092,0,
C0105093,0,
C0105094,0,
C0105095,0,
C0105096,0,
C0105097,0,
C0105098,0,
C0105099,0,
C0105100,0,
C0105101,1,2026-09-12
C0105102,0,
C0105103,0,
C0105104,0,
C0105105,0,
C0105106,0,
C0105107,0,
C0105108,0,
C0105109,0,
C0105110,0,
C0105111,0,
C0105112,0,
C0105113,0,
C0105114,0,
C0105115,0,
C0105116,0,
C0105117,0,
C0105118,0,
C0105119,0,
C0105120,0,
C0105121,0,
C0105122,0,
C0105123,0,
C0105124,0,
C0105125,0,
C0105126,0,
C0105127,0,
C0105128,0,
C0105129,0,
C0105130,0,
C0105131,0,
C0105132,0,
C0105133,0,
C0105134,0,
C0105135,0,
C0105136,0,
C0105137,0,
C0105138,0,
C0105139,0,
C0105140,0,
C0105141,0,
C0105142,0,
C0105143,0,
C0105144,0,
C0105145,0,
C0105146,0,
C0105147,0,
C0105148,0,
C0105149,0,
C0105150,0,
C0105151,0,
C0105152,0,
C0105153,0,
C0105154,0,
C0105155,0,
C0105156,0,
C0105157,0,
C0105158,0,
C0105159,0,
C0105160,0,
C0105161,0,
C0105162,0,
C0105163,0,
C0105164,0,
C0105165,0,
C0105166,0,
C0105167,0,
C0105168,0,
C0105169,0,
C0105170,0,
C0105171,0,
C0105172,0,
C0105173,0,
C0105174,0,
C0105175,0,
C0105176,0,
C0105177,0,
C0105178,0,
C0105179,0,
C0105180,0,
C0105181,0,
C0105182,0,
C0105183,0,
C0105184,0,
C0105185,0,
C0105186,0,
C0105187,0,
C0105188,0,
C0105189,0,
C0105190,0,
C0105191,0,
C0105192,0,
C0105193,0,
C0105194,0,
C0105195,0,
C0105196,0,
C0105197,0,
C0105198,0,
C0105199,0,
C0105200,0,
C0105201,0,
C0105202,0,
C0105203,0,
C0105204,0,
C0105205,0,
C0105206,0,
C0105207,0,
C0105208,0,
C0105209,0,
C0105210,0,
C0105211,0,
C0105212,0,
C0105213,0,
C0105214,0,
C0105215,0,
C0105216,0,
C0105217,0,
C0105218,0,
C0105219,0,
C0105220,0,
C0105221,0,
C0105222,0,
C0105223,0,
C0105224,0,
C0105225,0,
C0105226,0,
C0105227,0,
C0105228,0,
C0105229,0,
C0105230,0,
C0105231,0,
C0105232,0,
C0105233,0,
C0105234,0,
C0105235,0,
C0105236,0,
C0105237,0,
C0105238,0,
C0105239,0,
C0105240,0,
C0105241,0,
C0105242,0,
C0105243,0,
C0105244,0,
C0105245,0,
C0105246,0,
C0105247,0,
C0105248,0,
C0105249,0,
C0105250,0,
C0105251,0,
C0105252,0,
C0105253,0,
C0105254,0,
C0105255,0,
C0105256,0,
C0105257,0,
C0105258,0,
C0105259,0,
C0105260,0,
C0105261,0,
C0105262,0,
C0105263,0,
C0105264,0,
C0105265,0,
C0105266,0,
C0105267,0,
C0105268,0,
C0105269,0,
C0105270,0,
C0105271,0,
C0105272,0,
C0105273,0,
C0105274,0,
C0105275,0,
C0105276,0,
C0105277,0,
C0105278,0,
C0105279,0,
C0105280,0,
C0105281,0,
C0105282,0,
C0105283,0,
C0105284,0,
C0105285,0,
C0105286,1,2026-12-05
C0105287,0,
C0105288,0,
C0105289,0,
C0105290,0,
C0105291,0,
C0105292,0,
C0105293,0,
C0105294,0,
C0105295,0,
C0105296,0,
C0105297,0,
C0105298,0,
C0105299,0,
C0105300,0,
C0105301,0,
C0105302,0,
C0105303,0,
C0105304,0,
C0105305,0,
C0105306,0,
C0105307,0,
C0105308,0,
C0105309,0,
C0105310,0,
C0105311,0,
C0105312,0,
C0105313,0,
C0105314,0,
C0105315,0,
C0105316,0,
C0105317,0,
C0105318,0,
C0105319,0,
C0105320,0,
C0105321,0,
C0105322,0,
C0105323,0,
C0105324,0,
C0105325,0,
C0105326,0,
C0105327,0,
C0105328,0,
C0105329,0,
C0105330,0,
C0105331,0,
C0105332,0,
C0105333,0,
C0105334,0,
C0105335,0,
C0105336,0,
C0105337,1,2026-10-16
C0105338,0,
C0105339,0,
C0105340,0,
C0105341,0,
C0105342,0,
C0105343,0,
C0105344,0,
C0105345,0,
C0105346,0,
C0105347,0,
C0105348,0,
C0105349,0,
C0105350,0,
C0105351,0,
C0105352,0,
C0105353,0,
C0105354,0,
C0105355,0,
C0105356,0,
C0105357,1,2026-12-06
C0105358,0,
C0105359,0,
C0105360,0,
C0105361,0,
C0105362,0,
C0105363,0,
C0105364,0,
C0105365,0,
C0105366,0,
C0105367,0,
C0105368,0,
C0105369,0,
C0105370,0,
C0105371,0,
C0105372,0,
C0105373,0,
C0105374,0,
C0105375,0,
C0105376,0,
C0105377,0,
C0105378,0,
C0105379,0,
C0105380,0,
C0105381,0,
C0105382,0,
C0105383,0,
C0105384,0,
C0105385,0,
C0105386,0,
C0105387,0,
C0105388,0,
C0105389,0,
C0105390,0,
C0105391,0,
C0105392,0,
C0105393,0,
C0105394,0,
C0105395,0,
C0105396,0,
C0105397,0,
C0105398,0,
C0105399,0,
C0105400,0,
C0105401,0,
C0105402,0,
C0105403,0,
C0105404,0,
C0105405,0,
C0105406,0,
C0105407,0,
C0105408,0,
C0105409,0,
C0105410,0,
C0105411,0,
C0105412,0,
C0105413,0,
C0105414,0,
C0105415,0,
C0105416,0,
C0105417,0,
C0105418,0,
C0105419,0,
C0105420,0,
C0105421,0,
C0105422,0,
C0105423,0,
C0105424,0,
C0105425,0,
C0105426,0,
C0105427,0,
C0105428,0,
C0105429,0,
C0105430,0,
C0105431,0,
C0105432,0,
C0105433,0,
C0105434,0,
C0105435,0,
C0105436,0,
C0105437,0,
C0105438,0,
C0105439,0,
C0105440,0,
C0105441,0,
C0105442,0,
C0105443,0,
C0105444,0,
C0105445,0,
C0105446,0,
C0105447,0,
C0105448,0,
C0105449,1,2026-09-27
C0105450,0,
C0105451,1,2026-10-14
C0105452,0,
C0105453,0,
C0105454,0,
C0105455,0,
C0105456,0,
C0105457,0,
C0105458,0,
C0105459,0,
C0105460,0,
C0105461,0,
C0105462,0,
C0105463,0,
C0105464,0,
C0105465,0,
C0105466,0,
C0105467,0,
C0105468,0,
C0105469,0,
C0105470,0,
C0105471,0,
C0105472,0,
C0105473,0,
C0105474,0,
C0105475,0,
C0105476,1,2026-10-26
C0105477,0,
C0105478,0,
C0105479,0,
C0105480,0,
C0105481,0,
C0105482,0,
C0105483,0,
C0105484,0,
C0105485,0,
C0105486,0,
C0105487,0,
C0105488,0,
C0105489,0,
C0105490,0,
C0105491,0,
C0105492,0,
C0105493,0,
C0105494,0,
C0105495,0,
C0105496,0,
C0105497,0,
C0105498,0,
C0105499,0,
C0105500,0,
C0105501,0,
C0105502,0,
C0105503,0,
C0105504,0,
C0105505,0,
C0105506,0,
C0105507,0,
C0105508,0,
C0105509,0,
C0105510,0,
C0105511,0,
C0105512,0,
C0105513,0,
C0105514,0,
C0105515,0,
C0105516,0,
C0105517,0,
C0105518,0,
C0105519,0,
C0105520,0,
C0105521,0,
C0105522,0,
C0105523,0,
C0105524,0,
C0105525,0,
C0105526,0,
C0105527,0,
C0105528,0,
C0105529,0,
C0105530,0,
C0105531,0,
C0105532,0,
C0105533,0,
C0105534,0,
C0105535,0,
C0105536,0,
C0105537,0,
C0105538,0,
C0105539,0,
C0105540,0,
C0105541,0,
C0105542,0,
C0105543,0,
C0105544,0,
C0105545,0,
C0105546,0,
C0105547,0,
C0105548,0,
C0105549,0,
C0105550,0,
C0105551,0,
C0105552,0,
C0105553,0,
C0105554,0,
C0105555,0,
C0105556,0,
C0105557,0,
C0105558,0,
C0105559,0,
C0105560,0,
C0105561,0,
C0105562,0,
C0105563,0,
C0105564,0,
C0105565,0,
C0105566,0,
C0105567,0,
C0105568,0,
C0105569,1,2026-09-14
C0105570,0,
C0105571,0,
C0105572,0,
C0105573,0,
C0105574,0,
C0105575,0,
C0105576,0,
C0105577,0,
C0105578,0,
C0105579,0,
C0105580,0,
C0105581,0,
C0105582,0,
C0105583,0,
C0105584,0,
C0105585,0,
C0105586,0,
C0105587,0,
C0105588,0,
C0105589,0,
C0105590,0,
C0105591,0,
C0105592,0,
C0105593,0,
C0105594,0,
C0105595,0,
C0105596,0,
C0105597,0,
C0105598,0,
C0105599,0,
C0105600,0,
C0105601,0,
C0105602,0,
C0105603,0,
C0105604,0,
C0105605,0,
C0105606,0,
C0105607,0,
C0105608,0,
C0105609,1,2026-10-28
C0105610,0,
C0105611,1,2026-11-21
C0105612,0,
C0105613,0,
C0105614,0,
C0105615,0,
C0105616,0,
C0105617,0,
C0105618,0,
C0105619,0,
C0105620,0,
C0105621,0,
C0105622,0,
C0105623,0,
C0105624,0,
C0105625,0,
C0105626,0,
C0105627,0,
C0105628,0,
C0105629,0,
C0105630,0,
C0105631,0,
C0105632,0,
C0105633,0,
C0105634,0,
C0105635,0,
C0105636,0,
C0105637,0,
C0105638,0,
C0105639,0,
C0105640,0,
C0105641,0,
C0105642,0,
C0105643,0,
C0105644,0,
C0105645,0,
C0105646,0,
C0105647,0,
C0105648,0,
C0105649,0,
C0105650,0,
C0105651,0,
C0105652,0,
C0105653,0,
C0105654,0,
C0105655,0,
C0105656,0,
C0105657,0,
C0105658,0,
C0105659,0,
C0105660,0,
C0105661,0,
C0105662,0,
C0105663,0,
C0105664,0,
C0105665,0,
C0105666,0,
C0105667,0,
C0105668,0,
C0105669,0,
C0105670,0,
C0105671,0,
C0105672,0,
C0105673,0,
C0105674,0,
C0105675,0,
C0105676,0,
C0105677,0,
C0105678,0,
C0105679,0,
C0105680,0,
C0105681,0,
C0105682,0,
C0105683,0,
C0105684,0,
C0105685,0,
C0105686,0,
C0105687,0,
C0105688,0,
C0105689,0,
C0105690,0,
C0105691,0,
C0105692,0,
C0105693,0,
C0105694,0,
C0105695,0,
C0105696,0,
C0105697,0,
C0105698,0,
C0105699,0,
C0105700,0,
C0105701,0,
C0105702,0,
C0105703,0,
C0105704,0,
C0105705,0,
C0105706,0,
C0105707,0,
C0105708,0,
C0105709,0,
C0105710,0,
C0105711,0,
C0105712,0,
C0105713,0,
C0105714,0,
C0105715,0,
C0105716,0,
C0105717,0,
C0105718,0,
C0105719,0,
C0105720,0,
C0105721,0,
C0105722,0,
C0105723,0,
C0105724,0,
C0105725,0,
C0105726,0,
C0105727,0,
C0105728,0,
C0105729,0,
C0105730,0,
C0105731,0,
C0105732,0,
C0105733,0,
C0105734,0,
C0105735,0,
C0105736,0,
C0105737,0,
C0105738,0,
C0105739,1,2026-10-19
C0105740,0,
C0105741,0,
C0105742,0,
C0105743,0,
C0105744,0,
C0105745,0,
C0105746,0,
C0105747,0,
C0105748,0,
C0105749,0,
C0105750,0,
C0105751,0,
C0105752,0,
C0105753,0,
C0105754,0,
C0105755,0,
C0105756,0,
C0105757,0,
C0105758,0,
C0105759,0,
C0105760,0,
C0105761,0,
C0105762,0,
C0105763,0,
C0105764,0,
C0105765,0,
C0105766,0,
C0105767,0,
C0105768,0,
C0105769,0,
C0105770,0,
C0105771,0,
C0105772,0,
C0105773,0,
C0105774,0,
C0105775,0,
C0105776,0,
C0105777,0,
C0105778,0,
C0105779,0,
C0105780,0,
C0105781,0,
C0105782,0,
C0105783,0,
C0105784,0,
C0105785,0,
C0105786,0,
C0105787,0,
C0105788,0,
C0105789,0,
C0105790,0,
C0105791,0,
C0105792,0,
C0105793,0,
C0105794,0,
C0105795,0,
C0105796,0,
C0105797,0,
C0105798,1,2026-11-01
C0105799,0,
C0105800,0,
C0105801,0,
C0105802,0,
C0105803,0,
C0105804,0,
C0105805,0,
C0105806,0,
C0105807,0,
C0105808,0,
C0105809,0,
C0105810,0,
C0105811,0,
C0105812,0,
C0105813,0,
C0105814,0,
C0105815,0,
C0105816,0,
C0105817,0,
C0105818,0,
C0105819,0,
C0105820,0,
C0105821,0,
C0105822,0,
C0105823,0,
C0105824,0,
C0105825,0,
C0105826,0,
C0105827,0,
C0105828,0,
C0105829,0,
C0105830,0,
C0105831,0,
C0105832,0,
C0105833,0,
C0105834,0,
C0105835,0,
C0105836,0,
C0105837,0,
C0105838,0,
C0105839,0,
C0105840,0,
C0105841,0,
C0105842,0,
C0105843,0,
C0105844,0,
C0105845,0,
C0105846,0,
C0105847,0,
C0105848,0,
C0105849,0,
C0105850,0,
C0105851,0,
C0105852,0,
C0105853,0,
C0105854,0,
C0105855,0,
C0105856,0,
C0105857,0,
C0105858,0,
C0105859,1,2026-10-19
C0105860,0,
C0105861,0,
C0105862,0,
C0105863,0,
C0105864,0,
C0105865,0,
C0105866,0,
C0105867,0,
C0105868,0,
C0105869,0,
C0105870,0,
C0105871,0,
C0105872,0,
C0105873,0,
C0105874,0,
C0105875,0,
C0105876,0,
C0105877,0,
C0105878,0,
C0105879,0,
C0105880,0,
C0105881,1,2026-10-06
C0105882,0,
C0105883,0,
C0105884,0,
C0105885,0,
C0105886,0,
C0105887,0,
C0105888,0,
C0105889,0,
C0105890,0,
C0105891,0,
C0105892,0,
C0105893,0,
C0105894,0,
C0105895,0,
C0105896,0,
C0105897,0,
C0105898,0,
C0105899,0,
C0105900,0,
C0105901,0,
C0105902,0,
C0105903,0,
C0105904,0,
C0105905,0,
C0105906,0,
C0105907,0,
C0105908,0,
C0105909,0,
C0105910,0,
C0105911,1,2026-10-19
C0105912,0,
C0105913,0,
C0105914,0,
C0105915,0,
C0105916,0,
C0105917,0,
C0105918,0,
C0105919,0,
C0105920,0,
C0105921,0,
C0105922,0,
C0105923,0,
C0105924,0,
C0105925,0,
C0105926,0,
C0105927,0,
C0105928,0,
C0105929,0,
C0105930,0,
C0105931,0,
C0105932,0,
C0105933,0,
C0105934,0,
C0105935,0,
C0105936,0,
C0105937,0,
C0105938,0,
C0105939,0,
C0105940,0,
C0105941,0,
C0105942,0,
C0105943,0,
C0105944,0,
C0105945,0,
C0105946,0,
C0105947,0,
C0105948,0,
C0105949,0,
C0105950,0,
C0105951,0,
C0105952,0,
C0105953,0,
C0105954,0,
C0105955,0,
C0105956,0,
C0105957,0,
C0105958,0,
C0105959,0,
C0105960,0,
C0105961,0,
C0105962,0,
C0105963,0,
C0105964,0,
C0105965,0,
C0105966,0,
C0105967,0,
C0105968,0,
C0105969,0,
C0105970,0,
C0105971,0,
C0105972,0,
C0105973,0,
C0105974,0,
C0105975,0,
C0105976,0,
C0105977,0,
C0105978,0,
C0105979,0,
C0105980,0,
C0105981,0,
C0105982,0,
C0105983,0,
C0105984,0,
C0105985,0,
C0105986,1,2026-11-03
C0105987,0,
C0105988,0,
C0105989,0,
C0105990,0,
C0105991,0,
C0105992,0,
C0105993,0,
C0105994,0,
C0105995,0,
C0105996,0,
C0105997,0,
C0105998,0,
C0105999,0,
C0106000,0,
C0106001,0,
C0106002,0,
C0106003,0,
C0106004,0,
C0106005,0,
C0106006,0,
C0106007,0,
C0106008,0,
C0106009,0,
C0106010,0,
C0106011,0,
C0106012,0,
C0106013,0,
C0106014,0,
C0106015,0,
C0106016,0,
C0106017,0,
C0106018,1,2026-11-15
C0106019,0,
C0106020,0,
C0106021,0,
C0106022,0,
C0106023,0,
C0106024,0,
C0106025,0,
C0106026,0,
C0106027,0,
C0106028,0,
C0106029,0,
C0106030,0,
C0106031,0,
C0106032,0,
C0106033,0,
C0106034,0,
C0106035,0,
C0106036,0,
C0106037,0,
C0106038,0,
C0106039,0,
C0106040,0,
C0106041,0,
C0106042,0,
C0106043,0,
C0106044,0,
C0106045,0,
C0106046,0,
C0106047,0,
C0106048,0,
C0106049,0,
C0106050,0,
C0106051,0,
C0106052,0,
C0106053,0,
C0106054,0,
C0106055,1,2026-11-14
C0106056,0,
C0106057,0,
C0106058,0,
C0106059,0,
C0106060,0,
C0106061,0,
C0106062,0,
C0106063,0,
C0106064,0,
C0106065,0,
C0106066,0,
C0106067,0,
C0106068,1,2026-10-14
C0106069,0,
C0106070,0,
C0106071,0,
C0106072,0,
C0106073,0,
C0106074,0,
C0106075,0,
C0106076,0,
C0106077,0,
C0106078,0,
C0106079,0,
C0106080,0,
C0106081,0,
C0106082,0,
C0106083,1,2026-11-07
C0106084,0,
C0106085,0,
C0106086,0,
C0106087,0,
C0106088,0,
C0106089,0,
C0106090,0,
C0106091,0,
C0106092,0,
C0106093,0,
C0106094,0,
C0106095,0,
C0106096,1,2026-11-07
C0106097,0,
C0106098,0,
C0106099,0,
C0106100,0,
C0106101,0,
C0106102,0,
C0106103,0,
C0106104,0,
C0106105,0,
C0106106,0,
C0106107,0,
C0106108,0,
C0106109,0,
C0106110,0,
C0106111,0,
C0106112,0,
C0106113,0,
C0106114,0,
C0106115,0,
C0106116,0,
C0106117,0,
C0106118,0,
C0106119,0,
C0106120,0,
C0106121,0,
C0106122,0,
C0106123,0,
C0106124,0,
C0106125,0,
C0106126,0,
C0106127,0,
C0106128,0,
C0106129,0,
C0106130,0,
C0106131,0,
C0106132,0,
C0106133,0,
C0106134,0,
C0106135,0,
C0106136,0,
C0106137,0,
C0106138,0,
C0106139,0,
C0106140,0,
C0106141,0,
C0106142,0,
C0106143,0,
C0106144,0,
C0106145,0,
C0106146,0,
C0106147,0,
C0106148,0,
C0106149,0,
C0106150,0,
C0106151,0,
C0106152,0,
C0106153,0,
C0106154,1,2026-09-12
C0106155,0,
C0106156,0,
C0106157,0,
C0106158,0,
C0106159,0,
C0106160,0,
C0106161,0,
C0106162,0,
C0106163,0,
C0106164,0,
C0106165,0,
C0106166,0,
C0106167,0,
C0106168,0,
C0106169,0,
C0106170,0,
C0106171,0,
C0106172,0,
C0106173,0,
C0106174,0,
C0106175,0,
C0106176,1,2026-09-12
C0106177,0,
C0106178,0,
C0106179,0,
C0106180,0,
C0106181,0,
C0106182,0,
C0106183,0,
C0106184,0,
C0106185,0,
C0106186,0,
C0106187,0,
C0106188,0,
C0106189,0,
C0106190,0,
C0106191,0,
C0106192,0,
C0106193,0,
C0106194,0,
C0106195,0,
C0106196,0,
C0106197,0,
C0106198,0,
C0106199,0,
C0106200,0,
C0106201,0,
C0106202,0,
C0106203,0,
C0106204,0,
C0106205,0,
C0106206,0,
C0106207,0,
C0106208,0,
C0106209,0,
C0106210,0,
C0106211,0,
C0106212,0,
C0106213,0,
C0106214,0,
C0106215,0,
C0106216,0,
C0106217,0,
C0106218,0,
C0106219,0,
C0106220,0,
C0106221,0,
C0106222,0,
C0106223,0,
C0106224,0,
C0106225,0,
C0106226,0,
C0106227,0,
C0106228,0,
C0106229,0,
C0106230,0,
C0106231,1,2026-10-29
C0106232,0,
C0106233,0,
C0106234,0,
C0106235,0,
C0106236,0,
C0106237,0,
C0106238,0,
C0106239,0,
C0106240,0,
C0106241,0,
C0106242,0,
C0106243,0,
C0106244,0,
C0106245,0,
C0106246,0,
C0106247,0,
C0106248,0,
C0106249,0,
C0106250,0,
C0106251,0,
C0106252,0,
C0106253,0,
C0106254,0,
C0106255,0,
C0106256,0,
C0106257,0,
C0106258,0,
C0106259,0,
C0106260,0,
C0106261,0,
C0106262,0,
C0106263,0,
C0106264,0,
C0106265,0,
C0106266,0,
C0106267,0,
C0106268,0,
C0106269,0,
C0106270,0,
C0106271,0,
C0106272,0,
C0106273,0,
C0106274,0,
C0106275,0,
C0106276,0,
C0106277,0,
C0106278,0,
C0106279,0,
C0106280,0,
C0106281,0,
C0106282,0,
C0106283,0,
C0106284,0,
C0106285,0,
C0106286,0,
C0106287,0,
C0106288,0,
C0106289,0,
C0106290,0,
C0106291,0,
C0106292,0,
C0106293,0,
C0106294,0,
C0106295,0,
C0106296,0,
C0106297,0,
C0106298,0,
C0106299,0,
C0106300,0,
C0106301,0,
C0106302,0,
C0106303,0,
C0106304,0,
C0106305,0,
C0106306,0,
C0106307,0,
C0106308,0,
C0106309,0,
C0106310,0,
C0106311,0,
C0106312,0,
C0106313,0,
C0106314,0,
C0106315,0,
C0106316,0,
C0106317,0,
C0106318,0,
C0106319,0,
C0106320,0,
C0106321,0,
C0106322,0,
C0106323,0,
C0106324,0,
C0106325,0,
C0106326,0,
C0106327,0,
C0106328,0,
C0106329,0,
C0106330,0,
C0106331,0,
C0106332,0,
C0106333,0,
C0106334,0,
C0106335,1,2026-10-31
C0106336,0,
C0106337,0,
C0106338,0,
C0106339,0,
C0106340,0,
C0106341,0,
C0106342,0,
C0106343,0,
C0106344,0,
C0106345,0,
C0106346,0,
C0106347,0,
C0106348,0,
C0106349,0,
C0106350,0,
C0106351,0,
C0106352,0,
C0106353,0,
C0106354,0,
C0106355,0,
C0106356,0,
C0106357,0,
C0106358,0,
C0106359,0,
C0106360,0,
C0106361,0,
C0106362,0,
C0106363,0,
C0106364,0,
C0106365,0,
C0106366,0,
C0106367,0,
C0106368,0,
C0106369,0,
C0106370,0,
C0106371,0,
C0106372,0,
C0106373,0,
C0106374,0,
C0106375,0,
C0106376,0,
C0106377,0,
C0106378,0,
C0106379,0,
C0106380,0,
C0106381,0,
C0106382,0,
C0106383,0,
C0106384,0,
C0106385,0,
C0106386,0,
C0106387,0,
C0106388,0,
C0106389,1,2026-11-16
C0106390,0,
C0106391,0,
C0106392,0,
C0106393,0,
C0106394,0,
C0106395,0,
C0106396,0,
C0106397,0,
C0106398,0,
C0106399,0,
C0106400,0,
C0106401,0,
C0106402,0,
C0106403,0,
C0106404,0,
C0106405,0,
C0106406,0,
C0106407,0,
C0106408,0,
C0106409,0,
C0106410,0,
C0106411,0,
C0106412,0,
C0106413,0,
C0106414,0,
C0106415,0,
C0106416,0,
C0106417,0,
C0106418,0,
C0106419,0,
C0106420,0,
C0106421,0,
C0106422,0,
C0106423,0,
C0106424,0,
C0106425,0,
C0106426,0,
C0106427,0,
C0106428,0,
C0106429,0,
C0106430,0,
C0106431,0,
C0106432,0,
C0106433,0,
C0106434,0,
C0106435,0,
C0106436,0,
C0106437,0,
C0106438,0,
C0106439,0,
C0106440,1,2026-10-21
C0106441,0,
C0106442,0,
C0106443,0,
C0106444,0,
C0106445,0,
C0106446,0,
C0106447,0,
C0106448,0,
C0106449,0,
C0106450,0,
C0106451,0,
C0106452,0,
C0106453,0,
C0106454,0,
C0106455,1,2026-10-12
C0106456,0,
C0106457,0,
C0106458,1,2026-11-05
C0106459,0,
C0106460,0,
C0106461,0,
C0106462,0,
C0106463,0,
C0106464,0,
C0106465,0,
C0106466,0,
C0106467,0,
C0106468,0,
C0106469,0,
C0106470,0,
C0106471,0,
C0106472,0,
C0106473,0,
C0106474,0,
C0106475,0,
C0106476,0,
C0106477,0,
C0106478,0,
C0106479,0,
C0106480,0,
C0106481,0,
C0106482,0,
C0106483,0,
C0106484,0,
C0106485,0,
C0106486,0,
C0106487,0,
C0106488,0,
C0106489,0,
C0106490,0,
C0106491,0,
C0106492,0,
C0106493,0,
C0106494,0,
C0106495,0,
C0106496,0,
C0106497,0,
C0106498,0,
C0106499,0,
C0106500,0,
C0106501,0,
C0106502,0,
C0106503,0,
C0106504,0,
C0106505,0,
C0106506,0,
C0106507,0,
C0106508,0,
C0106509,0,
C0106510,0,
C0106511,0,
C0106512,0,
C0106513,0,
C0106514,0,
C0106515,0,
C0106516,0,
C0106517,0,
C0106518,0,
C0106519,0,
C0106520,0,
C0106521,0,
C0106522,0,
C0106523,0,
C0106524,0,
C0106525,0,
C0106526,0,
C0106527,0,
C0106528,0,
C0106529,0,
C0106530,0,
C0106531,0,
C0106532,0,
C0106533,0,
C0106534,0,
C0106535,0,
C0106536,0,
C0106537,0,
C0106538,0,
C0106539,0,
C0106540,0,
C0106541,0,
C0106542,1,2026-11-05
C0106543,0,
C0106544,0,
C0106545,0,
C0106546,0,
C0106547,0,
C0106548,0,
C0106549,0,
C0106550,0,
C0106551,0,
C0106552,0,
C0106553,0,
C0106554,0,
C0106555,0,
C0106556,0,
C0106557,0,
C0106558,1,2026-12-04
C0106559,0,
C0106560,0,
C0106561,0,
C0106562,0,
C0106563,0,
C0106564,0,
C0106565,0,
C0106566,1,2026-10-04
C0106567,0,
C0106568,0,
C0106569,0,
C0106570,0,
C0106571,0,
C0106572,0,
C0106573,0,
C0106574,0,
C0106575,0,
C0106576,0,
C0106577,0,
C0106578,0,
C0106579,0,
C0106580,0,
C0106581,0,
C0106582,0,
C0106583,0,
C0106584,0,
C0106585,0,
C0106586,0,
C0106587,0,
C0106588,0,
C0106589,0,
C0106590,0,
C0106591,0,
C0106592,0,
C0106593,0,
C0106594,0,
C0106595,0,
C0106596,0,
C0106597,0,
C0106598,0,
C0106599,0,
C0106600,0,
C0106601,0,
C0106602,0,
C0106603,0,
C0106604,0,
C0106605,0,
C0106606,0,
C0106607,0,
C0106608,1,2026-11-30
C0106609,0,
C0106610,0,
C0106611,0,
C0106612,0,
C0106613,0,
C0106614,1,2026-10-16
C0106615,0,
C0106616,0,
C0106617,0,
C0106618,0,
C0106619,0,
C0106620,0,
C0106621,0,
C0106622,0,
C0106623,0,
C0106624,0,
C0106625,0,
C0106626,0,
C0106627,0,
C0106628,0,
C0106629,0,
C0106630,0,
C0106631,0,
C0106632,0,
C0106633,0,
C0106634,0,
C0106635,0,
C0106636,0,
C0106637,0,
C0106638,0,
C0106639,0,
C0106640,0,
C0106641,0,
C0106642,0,
C0106643,0,
C0106644,0,
C0106645,0,
C0106646,0,
C0106647,0,
C0106648,0,
C0106649,0,
C0106650,0,
C0106651,0,
C0106652,0,
C0106653,0,
C0106654,0,
C0106655,0,
C0106656,0,
C0106657,0,
C0106658,0,
C0106659,0,
C0106660,0,
C0106661,0,
C0106662,0,
C0106663,0,
C0106664,0,
C0106665,0,
C0106666,0,
C0106667,0,
C0106668,0,
C0106669,0,
C0106670,0,
C0106671,0,
C0106672,0,
C0106673,0,
C0106674,0,
C0106675,0,
C0106676,0,
C0106677,0,
C0106678,0,
C0106679,0,
C0106680,0,
C0106681,0,
C0106682,0,
C0106683,0,
C0106684,0,
C0106685,0,
C0106686,0,
C0106687,0,
C0106688,0,
C0106689,0,
C0106690,0,
C0106691,0,
C0106692,0,
C0106693,0,
C0106694,0,
C0106695,0,
C0106696,0,
C0106697,0,
C0106698,0,
C0106699,0,
C0106700,0,
C0106701,0,
C0106702,0,
C0106703,0,
C0106704,0,
C0106705,0,
C0106706,0,
C0106707,0,
C0106708,0,
C0106709,0,
C0106710,0,
C0106711,0,
C0106712,0,
C0106713,0,
C0106714,0,
C0106715,0,
C0106716,0,
C0106717,0,
C0106718,1,2026-10-05
C0106719,0,
C0106720,0,
C0106721,0,
C0106722,0,
C0106723,0,
C0106724,0,
C0106725,0,
C0106726,0,
C0106727,0,
C0106728,0,
C0106729,0,
C0106730,0,
C0106731,0,
C0106732,0,
C0106733,0,
C0106734,0,
C0106735,0,
C0106736,0,
C0106737,0,
C0106738,0,
C0106739,0,
C0106740,0,
C0106741,0,
C0106742,0,
C0106743,0,
C0106744,0,
C0106745,0,
C0106746,0,
C0106747,0,
C0106748,0,
C0106749,0,
C0106750,0,
C0106751,0,
C0106752,0,
C0106753,0,
C0106754,0,
C0106755,0,
C0106756,0,
C0106757,0,
C0106758,0,
C0106759,0,
C0106760,0,
C0106761,0,
C0106762,0,
C0106763,0,
C0106764,0,
C0106765,0,
C0106766,0,
C0106767,0,
C0106768,0,
C0106769,0,
C0106770,0,
C0106771,0,
C0106772,0,
C0106773,0,
C0106774,0,
C0106775,0,
C0106776,0,
C0106777,0,
C0106778,0,
C0106779,0,
C0106780,0,
C0106781,0,
C0106782,0,
C0106783,0,
C0106784,0,
C0106785,0,
C0106786,0,
C0106787,0,
C0106788,0,
C0106789,0,
C0106790,0,
C0106791,0,
C0106792,0,
C0106793,0,
C0106794,0,
C0106795,0,
C0106796,0,
C0106797,0,
C0106798,0,
C0106799,0,
C0106800,0,
C0106801,0,
C0106802,0,
C0106803,0,
C0106804,0,
C0106805,0,
C0106806,0,
C0106807,0,
C0106808,0,
C0106809,0,
C0106810,0,
C0106811,0,
C0106812,0,
C0106813,0,
C0106814,0,
C0106815,0,
C0106816,0,
C0106817,0,
C0106818,0,
C0106819,0,
C0106820,0,
C0106821,0,
C0106822,0,
C0106823,0,
C0106824,0,
C0106825,0,
C0106826,0,
C0106827,0,
C0106828,0,
C0106829,0,
C0106830,0,
C0106831,0,
C0106832,0,
C0106833,0,
C0106834,0,
C0106835,0,
C0106836,0,
C0106837,0,
C0106838,0,
C0106839,0,
C0106840,0,
C0106841,0,
C0106842,0,
C0106843,0,
C0106844,0,
C0106845,0,
C0106846,0,
C0106847,0,
C0106848,0,
C0106849,0,
C0106850,0,
C0106851,0,
C0106852,0,
C0106853,0,
C0106854,0,
C0106855,0,
C0106856,0,
C0106857,0,
C0106858,0,
C0106859,0,
C0106860,0,
C0106861,0,
C0106862,0,
C0106863,0,
C0106864,0,
C0106865,0,
C0106866,0,
C0106867,0,
C0106868,0,
C0106869,0,
C0106870,0,
C0106871,0,
C0106872,0,
C0106873,0,
C0106874,1,2026-10-02
C0106875,0,
C0106876,0,
C0106877,0,
C0106878,0,
C0106879,0,
C0106880,0,
C0106881,0,
C0106882,0,
C0106883,0,
C0106884,0,
C0106885,0,
C0106886,0,
C0106887,0,
C0106888,0,
C0106889,0,
C0106890,0,
C0106891,0,
C0106892,0,
C0106893,0,
C0106894,0,
C0106895,0,
C0106896,0,
C0106897,0,
C0106898,0,
C0106899,0,
C0106900,0,
C0106901,0,
C0106902,0,
C0106903,0,
C0106904,0,
C0106905,0,
C0106906,0,
C0106907,0,
C0106908,0,
C0106909,0,
C0106910,0,
C0106911,0,
C0106912,0,
C0106913,0,
C0106914,0,
C0106915,0,
C0106916,0,
C0106917,0,
C0106918,0,
C0106919,0,
C0106920,0,
C0106921,0,
C0106922,0,
C0106923,0,
C0106924,0,
C0106925,0,
C0106926,0,
C0106927,0,
C0106928,0,
C0106929,0,
C0106930,0,
C0106931,0,
C0106932,0,
C0106933,0,
C0106934,0,
C0106935,0,
C0106936,0,
C0106937,0,
C0106938,0,
C0106939,0,
C0106940,0,
C0106941,0,
C0106942,0,
C0106943,0,
C0106944,0,
C0106945,0,
C0106946,0,
C0106947,0,
C0106948,0,
C0106949,0,
C0106950,0,
C0106951,0,
C0106952,0,
C0106953,0,
C0106954,0,
C0106955,0,
C0106956,0,
C0106957,0,
C0106958,0,
C0106959,0,
C0106960,0,
C0106961,0,
C0106962,0,
C0106963,0,
C0106964,0,
C0106965,0,
C0106966,0,
C0106967,0,
C0106968,0,
C0106969,0,
C0106970,0,
C0106971,0,
C0106972,0,
C0106973,0,
C0106974,0,
C0106975,0,
C0106976,0,
C0106977,0,
C0106978,0,
C0106979,0,
C0106980,0,
C0106981,0,
C0106982,0,
C0106983,0,
C0106984,0,
C0106985,0,
C0106986,0,
C0106987,0,
C0106988,0,
C0106989,0,
C0106990,0,
C0106991,0,
C0106992,0,
C0106993,0,
C0106994,0,
C0106995,0,
C0106996,0,
C0106997,0,
C0106998,0,
C0106999,0,
C0107000,0,
C0107001,0,
C0107002,0,
C0107003,0,
C0107004,0,
C0107005,0,
C0107006,0,
C0107007,0,
C0107008,0,
C0107009,0,
C0107010,0,
C0107011,0,
C0107012,0,
C0107013,0,
C0107014,0,
C0107015,0,
C0107016,0,
C0107017,0,
C0107018,0,
C0107019,0,
C0107020,0,
C0107021,0,
C0107022,0,
C0107023,0,
C0107024,0,
C0107025,0,
C0107026,0,
C0107027,0,
C0107028,0,
C0107029,1,2026-09-25
C0107030,0,
C0107031,0,
C0107032,0,
C0107033,0,
C0107034,0,
C0107035,0,
C0107036,0,
C0107037,0,
C0107038,0,
C0107039,0,
C0107040,0,
C0107041,0,
C0107042,0,
C0107043,0,
C0107044,0,
C0107045,0,
C0107046,0,
C0107047,0,
C0107048,0,
C0107049,0,
C0107050,0,
C0107051,0,
C0107052,0,
C0107053,0,
C0107054,0,
C0107055,0,
C0107056,0,
C0107057,0,
C0107058,0,
C0107059,0,
C0107060,0,
C0107061,0,
C0107062,0,
C0107063,0,
C0107064,0,
C0107065,0,
C0107066,0,
C0107067,0,
C0107068,0,
C0107069,0,
C0107070,0,
C0107071,0,
C0107072,0,
C0107073,0,
C0107074,0,
C0107075,0,
C0107076,0,
C0107077,0,
C0107078,0,
C0107079,0,
C0107080,0,
C0107081,0,
C0107082,0,
C0107083,1,2026-11-16
C0107084,0,
C0107085,0,
C0107086,0,
C0107087,1,2026-12-02
C0107088,0,
C0107089,0,
C0107090,0,
C0107091,0,
C0107092,0,
C0107093,0,
C0107094,0,
C0107095,0,
C0107096,0,
C0107097,0,
C0107098,0,
C0107099,0,
C0107100,0,
C0107101,0,
C0107102,0,
C0107103,0,
C0107104,0,
C0107105,0,
C0107106,0,
C0107107,0,
C0107108,0,
C0107109,0,
C0107110,0,
C0107111,0,
C0107112,0,
C0107113,0,
C0107114,0,
C0107115,0,
C0107116,0,
C0107117,0,
C0107118,0,
C0107119,0,
C0107120,0,
C0107121,0,
C0107122,0,
C0107123,0,
C0107124,0,
C0107125,0,
C0107126,0,
C0107127,0,
C0107128,0,
C0107129,0,
C0107130,0,
C0107131,0,
C0107132,0,
C0107133,0,
C0107134,0,
C0107135,0,
C0107136,0,
C0107137,0,
C0107138,0,
C0107139,0,
C0107140,0,
C0107141,0,
C0107142,0,
C0107143,0,
C0107144,0,
C0107145,0,
C0107146,0,
C0107147,0,
C0107148,0,
C0107149,0,
C0107150,0,
C0107151,0,
C0107152,0,
C0107153,0,
C0107154,0,
C0107155,0,
C0107156,0,
C0107157,0,
C0107158,0,
C0107159,0,
C0107160,0,
C0107161,0,
C0107162,0,
C0107163,0,
C0107164,0,
C0107165,0,
C0107166,0,
C0107167,0,
C0107168,0,
C0107169,0,
C0107170,0,
C0107171,0,
C0107172,0,
C0107173,0,
C0107174,0,
C0107175,0,
C0107176,0,
C0107177,0,
C0107178,0,
C0107179,0,
C0107180,0,
C0107181,0,
C0107182,0,
C0107183,0,
C0107184,0,
C0107185,0,
C0107186,0,
C0107187,0,
C0107188,0,
C0107189,0,
C0107190,0,
C0107191,0,
C0107192,0,
C0107193,0,
C0107194,0,
C0107195,0,
C0107196,0,
C0107197,0,
C0107198,0,
C0107199,0,
C0107200,0,
C0107201,0,
C0107202,0,
C0107203,0,
C0107204,0,
C0107205,0,
C0107206,0,
C0107207,0,
C0107208,0,
C0107209,0,
C0107210,0,
C0107211,0,
C0107212,0,
C0107213,0,
C0107214,1,2026-10-22
C0107215,0,
C0107216,0,
C0107217,0,
C0107218,0,
C0107219,0,
C0107220,0,
C0107221,0,
C0107222,0,
C0107223,0,
C0107224,0,
C0107225,0,
C0107226,0,
C0107227,0,
C0107228,0,
C0107229,0,
C0107230,0,
C0107231,0,
C0107232,0,
C0107233,0,
C0107234,0,
C0107235,0,
C0107236,0,
C0107237,0,
C0107238,0,
C0107239,0,
C0107240,0,
C0107241,0,
C0107242,0,
C0107243,0,
C0107244,1,2026-11-07
C0107245,0,
C0107246,0,
C0107247,0,
C0107248,0,
C0107249,0,
C0107250,0,
C0107251,0,
C0107252,0,
C0107253,0,
C0107254,0,
C0107255,0,
C0107256,0,
C0107257,0,
C0107258,0,
C0107259,0,
C0107260,0,
C0107261,0,
C0107262,0,
C0107263,0,
C0107264,0,
C0107265,0,
C0107266,0,
C0107267,0,
C0107268,0,
C0107269,0,
C0107270,0,
C0107271,0,
C0107272,0,
C0107273,0,
C0107274,0,
C0107275,0,
C0107276,0,
C0107277,0,
C0107278,0,
C0107279,0,
C0107280,0,
C0107281,0,
C0107282,0,
C0107283,0,
C0107284,0,
C0107285,0,
C0107286,0,
C0107287,0,
C0107288,0,
C0107289,0,
C0107290,0,
C0107291,0,
C0107292,0,
C0107293,0,
C0107294,0,
C0107295,0,
C0107296,0,
C0107297,0,
C0107298,0,
C0107299,0,
C0107300,0,
C0107301,0,
C0107302,0,
C0107303,0,
C0107304,0,
C0107305,0,
C0107306,0,
C0107307,0,
C0107308,0,
C0107309,0,
C0107310,0,
C0107311,0,
C0107312,0,
C0107313,0,
C0107314,0,
C0107315,0,
C0107316,0,
C0107317,0,
C0107318,0,
C0107319,0,
C0107320,0,
C0107321,0,
C0107322,0,
C0107323,0,
C0107324,0,
C0107325,0,
C0107326,0,
C0107327,0,
C0107328,0,
C0107329,0,
C0107330,0,
C0107331,0,
C0107332,0,
C0107333,0,
C0107334,0,
C0107335,0,
C0107336,0,
C0107337,1,2026-12-01
C0107338,0,
C0107339,0,
C0107340,0,
C0107341,0,
C0107342,0,
C0107343,0,
C0107344,0,
C0107345,0,
C0107346,0,
C0107347,0,
C0107348,0,
C0107349,0,
C0107350,0,
C0107351,0,
C0107352,0,
C0107353,0,
C0107354,0,
C0107355,0,
C0107356,0,
C0107357,0,
C0107358,0,
C0107359,0,
C0107360,0,
C0107361,0,
C0107362,0,
C0107363,0,
C0107364,0,
C0107365,0,
C0107366,0,
C0107367,0,
C0107368,0,
C0107369,0,
C0107370,0,
C0107371,0,
C0107372,0,
C0107373,0,
C0107374,0,
C0107375,0,
C0107376,0,
C0107377,0,
C0107378,0,
C0107379,0,
C0107380,0,
C0107381,0,
C0107382,0,
C0107383,0,
C0107384,0,
C0107385,0,
C0107386,1,2026-10-23
C0107387,0,
C0107388,0,
C0107389,0,
C0107390,0,
C0107391,0,
C0107392,0,
C0107393,1,2026-10-26
C0107394,0,
C0107395,0,
C0107396,0,
C0107397,0,
C0107398,0,
C0107399,0,
C0107400,0,
C0107401,0,
C0107402,0,
C0107403,0,
C0107404,0,
C0107405,0,
C0107406,0,
C0107407,0,
C0107408,0,
C0107409,0,
C0107410,0,
C0107411,0,
C0107412,0,
C0107413,0,
C0107414,0,
C0107415,0,
C0107416,1,2026-10-16
C0107417,0,
C0107418,0,
C0107419,0,
C0107420,0,
C0107421,0,
C0107422,0,
C0107423,0,
C0107424,0,
C0107425,0,
C0107426,0,
C0107427,0,
C0107428,0,
C0107429,0,
C0107430,0,
C0107431,0,
C0107432,0,
C0107433,0,
C0107434,0,
C0107435,0,
C0107436,0,
C0107437,0,
C0107438,0,
C0107439,0,
C0107440,0,
C0107441,0,
C0107442,0,
C0107443,0,
C0107444,0,
C0107445,1,2026-10-18
C0107446,0,
C0107447,0,
C0107448,0,
C0107449,0,
C0107450,0,
C0107451,0,
C0107452,0,
C0107453,0,
C0107454,0,
C0107455,0,
C0107456,0,
C0107457,0,
C0107458,0,
C0107459,0,
C0107460,0,
C0107461,0,
C0107462,0,
C0107463,0,
C0107464,0,
C0107465,0,
C0107466,0,
C0107467,0,
C0107468,0,
C0107469,0,
C0107470,0,
C0107471,0,
C0107472,0,
C0107473,0,
C0107474,0,
C0107475,0,
C0107476,0,
C0107477,0,
C0107478,0,
C0107479,0,
C0107480,0,
C0107481,0,
C0107482,0,
C0107483,0,
C0107484,0,
C0107485,0,
C0107486,0,
C0107487,0,
C0107488,0,
C0107489,0,
C0107490,0,
C0107491,0,
C0107492,0,
C0107493,0,
C0107494,0,
C0107495,0,
C0107496,0,
C0107497,0,
C0107498,0,
C0107499,0,
C0107500,0,
C0107501,0,
C0107502,0,
C0107503,0,
C0107504,0,
C0107505,0,
C0107506,0,
C0107507,1,2026-12-01
C0107508,0,
C0107509,0,
C0107510,0,
C0107511,0,
C0107512,0,
C0107513,0,
C0107514,0,
C0107515,0,
C0107516,0,
C0107517,0,
C0107518,1,2026-10-11
C0107519,0,
C0107520,0,
C0107521,0,
C0107522,0,
C0107523,0,
C0107524,0,
C0107525,0,
C0107526,0,
C0107527,0,
C0107528,0,
C0107529,0,
C0107530,0,
C0107531,0,
C0107532,0,
C0107533,0,
C0107534,0,
C0107535,0,
C0107536,0,
C0107537,0,
C0107538,0,
C0107539,0,
C0107540,0,
C0107541,0,
C0107542,0,
C0107543,0,
C0107544,0,
C0107545,0,
C0107546,0,
C0107547,0,
C0107548,0,
C0107549,0,
C0107550,0,
C0107551,0,
C0107552,0,
C0107553,0,
C0107554,0,
C0107555,0,
C0107556,0,
C0107557,0,
C0107558,0,
C0107559,0,
C0107560,0,
C0107561,0,
C0107562,0,
C0107563,0,
C0107564,0,
C0107565,0,
C0107566,0,
C0107567,0,
C0107568,0,
C0107569,0,
C0107570,0,
C0107571,0,
C0107572,0,
C0107573,0,
C0107574,0,
C0107575,0,
C0107576,0,
C0107577,0,
C0107578,0,
C0107579,0,
C0107580,0,
C0107581,0,
C0107582,0,
C0107583,1,2026-10-01
C0107584,0,
C0107585,0,
C0107586,0,
C0107587,0,
C0107588,0,
C0107589,0,
C0107590,0,
C0107591,0,
C0107592,0,
C0107593,0,
C0107594,0,
C0107595,0,
C0107596,0,
C0107597,0,
C0107598,0,
C0107599,0,
C0107600,0,
C0107601,0,
C0107602,0,
C0107603,0,
C0107604,0,
C0107605,0,
C0107606,0,
C0107607,0,
C0107608,0,
C0107609,0,
C0107610,0,
C0107611,0,
C0107612,0,
C0107613,0,
C0107614,0,
C0107615,0,
C0107616,0,
C0107617,0,
C0107618,0,
C0107619,0,
C0107620,0,
C0107621,0,
C0107622,0,
C0107623,0,
C0107624,0,
C0107625,0,
C0107626,0,
C0107627,0,
C0107628,1,2026-10-27
C0107629,0,
C0107630,0,
C0107631,0,
C0107632,0,
C0107633,0,
C0107634,0,
C0107635,0,
C0107636,0,
C0107637,0,
C0107638,0,
C0107639,0,
C0107640,0,
C0107641,0,
C0107642,0,
C0107643,0,
C0107644,0,
C0107645,0,
C0107646,0,
C0107647,0,
C0107648,0,
C0107649,0,
C0107650,0,
C0107651,0,
C0107652,0,
C0107653,0,
C0107654,0,
C0107655,0,
C0107656,0,
C0107657,0,
C0107658,0,
C0107659,0,
C0107660,0,
C0107661,0,
C0107662,0,
C0107663,0,
C0107664,0,
C0107665,0,
C0107666,0,
C0107667,0,
C0107668,0,
C0107669,0,
C0107670,0,
C0107671,0,
C0107672,0,
C0107673,0,
C0107674,0,
C0107675,0,
C0107676,0,
C0107677,0,
C0107678,0,
C0107679,0,
C0107680,0,
C0107681,0,
C0107682,1,2026-11-16
C0107683,0,
C0107684,0,
C0107685,0,
C0107686,0,
C0107687,0,
C0107688,0,
C0107689,0,
C0107690,1,2026-10-08
C0107691,0,
C0107692,0,
C0107693,0,
C0107694,0,
C0107695,0,
C0107696,0,
C0107697,0,
C0107698,0,
C0107699,0,
C0107700,0,
C0107701,0,
C0107702,0,
C0107703,0,
C0107704,0,
C0107705,0,
C0107706,0,
C0107707,0,
C0107708,0,
C0107709,0,
C0107710,0,
C0107711,0,
C0107712,0,
C0107713,0,
C0107714,0,
C0107715,0,
C0107716,0,
C0107717,0,
C0107718,0,
C0107719,0,
C0107720,1,2026-11-13
C0107721,0,
C0107722,0,
C0107723,0,
C0107724,0,
C0107725,0,
C0107726,0,
C0107727,0,
C0107728,0,
C0107729,0,
C0107730,0,
C0107731,1,2026-10-12
C0107732,0,
C0107733,0,
C0107734,0,
C0107735,0,
C0107736,0,
C0107737,0,
C0107738,0,
C0107739,0,
C0107740,0,
C0107741,0,
C0107742,0,
C0107743,0,
C0107744,0,
C0107745,0,
C0107746,0,
C0107747,0,
C0107748,0,
C0107749,0,
C0107750,0,
C0107751,0,
C0107752,0,
C0107753,0,
C0107754,0,
C0107755,0,
C0107756,0,
C0107757,0,
C0107758,0,
C0107759,0,
C0107760,0,
C0107761,0,
C0107762,0,
C0107763,0,
C0107764,0,
C0107765,0,
C0107766,0,
C0107767,0,
C0107768,0,
C0107769,0,
C0107770,0,
C0107771,0,
C0107772,0,
C0107773,0,
C0107774,0,
C0107775,0,
C0107776,0,
C0107777,0,
C0107778,0,
C0107779,0,
C0107780,0,
C0107781,0,
C0107782,0,
C0107783,0,
C0107784,0,
C0107785,0,
C0107786,0,
C0107787,0,
C0107788,0,
C0107789,0,
C0107790,0,
C0107791,0,
C0107792,0,
C0107793,0,
C0107794,0,
C0107795,0,
C0107796,0,
C0107797,0,
C0107798,1,2026-10-12
C0107799,0,
C0107800,0,
C0107801,0,
C0107802,0,
C0107803,0,
C0107804,0,
C0107805,0,
C0107806,0,
C0107807,0,
C0107808,0,
C0107809,0,
C0107810,0,
C0107811,0,
C0107812,0,
C0107813,0,
C0107814,0,
C0107815,0,
C0107816,0,
C0107817,0,
C0107818,0,
C0107819,0,
C0107820,0,
C0107821,0,
C0107822,0,
C0107823,0,
C0107824,0,
C0107825,0,
C0107826,0,
C0107827,0,
C0107828,0,
C0107829,0,
C0107830,0,
C0107831,0,
C0107832,0,
C0107833,0,
C0107834,0,
C0107835,0,
C0107836,0,
C0107837,0,
C0107838,0,
C0107839,0,
C0107840,0,
C0107841,0,
C0107842,0,
C0107843,0,
C0107844,0,
C0107845,0,
C0107846,0,
C0107847,0,
C0107848,0,
C0107849,0,
C0107850,0,
C0107851,0,
C0107852,0,
C0107853,0,
C0107854,0,
C0107855,0,
C0107856,0,
C0107857,0,
C0107858,0,
C0107859,0,
C0107860,0,
C0107861,0,
C0107862,0,
C0107863,0,
C0107864,0,
C0107865,0,
C0107866,0,
C0107867,0,
C0107868,0,
C0107869,0,
C0107870,0,
C0107871,0,
C0107872,0,
C0107873,0,
C0107874,0,
C0107875,0,
C0107876,0,
C0107877,0,
C0107878,0,
C0107879,0,
C0107880,0,
C0107881,0,
C0107882,0,
C0107883,0,
C0107884,0,
C0107885,0,
C0107886,0,
C0107887,0,
C0107888,0,
C0107889,0,
C0107890,0,
C0107891,0,
C0107892,0,
C0107893,0,
C0107894,0,
C0107895,0,
C0107896,0,
C0107897,0,
C0107898,0,
C0107899,0,
C0107900,0,
C0107901,0,
C0107902,0,
C0107903,1,2026-11-10
C0107904,0,
C0107905,0,
C0107906,0,
C0107907,0,
C0107908,0,
C0107909,0,
C0107910,0,
C0107911,0,
C0107912,0,
C0107913,0,
C0107914,0,
C0107915,0,
C0107916,0,
C0107917,0,
C0107918,0,
C0107919,0,
C0107920,0,
C0107921,0,
C0107922,0,
C0107923,0,
C0107924,0,
C0107925,1,2026-10-10
C0107926,0,
C0107927,0,
C0107928,0,
C0107929,0,
C0107930,0,
C0107931,0,
C0107932,0,
C0107933,0,
C0107934,0,
C0107935,0,
C0107936,0,
C0107937,0,
C0107938,0,
C0107939,0,
C0107940,0,
C0107941,0,
C0107942,0,
C0107943,0,
C0107944,0,
C0107945,0,
C0107946,0,
C0107947,0,
C0107948,0,
C0107949,1,2026-11-26
C0107950,0,
C0107951,0,
C0107952,0,
C0107953,0,
C0107954,0,
C0107955,0,
C0107956,0,
C0107957,0,
C0107958,0,
C0107959,0,
C0107960,0,
C0107961,0,
C0107962,0,
C0107963,0,
C0107964,0,
C0107965,0,
C0107966,0,
C0107967,0,
C0107968,0,
C0107969,0,
C0107970,0,
C0107971,0,
C0107972,0,
C0107973,0,
C0107974,0,
C0107975,0,
C0107976,0,
C0107977,0,
C0107978,0,
C0107979,0,
C0107980,0,
C0107981,0,
C0107982,0,
C0107983,0,
C0107984,0,
C0107985,0,
C0107986,0,
C0107987,0,
C0107988,0,
C0107989,0,
C0107990,0,
C0107991,0,
C0107992,0,
C0107993,0,
C0107994,0,
C0107995,0,
C0107996,0,
C0107997,0,
C0107998,0,
C0107999,0,
C0108000,0,
C0108001,0,
C0108002,0,
C0108003,0,
C0108004,1,2026-11-06
C0108005,0,
C0108006,0,
C0108007,0,
C0108008,0,
C0108009,0,
C0108010,0,
C0108011,0,
C0108012,0,
C0108013,0,
C0108014,0,
C0108015,0,
C0108016,0,
C0108017,0,
C0108018,0,
C0108019,0,
C0108020,0,
C0108021,0,
C0108022,0,
C0108023,0,
C0108024,0,
C0108025,0,
C0108026,0,
C0108027,0,
C0108028,0,
C0108029,0,
C0108030,0,
C0108031,0,
C0108032,0,
C0108033,0,
C0108034,0,
C0108035,0,
C0108036,0,
C0108037,0,
C0108038,0,
C0108039,0,
C0108040,0,
C0108041,0,
C0108042,0,
C0108043,0,
C0108044,0,
C0108045,0,
C0108046,0,
C0108047,0,
C0108048,0,
C0108049,0,
C0108050,0,
C0108051,0,
C0108052,0,
C0108053,0,
C0108054,0,
C0108055,0,
C0108056,0,
C0108057,0,
C0108058,0,
C0108059,0,
C0108060,0,
C0108061,0,
C0108062,0,
C0108063,0,
C0108064,0,
C0108065,0,
C0108066,0,
C0108067,0,
C0108068,0,
C0108069,0,
C0108070,0,
C0108071,0,
C0108072,0,
C0108073,0,
C0108074,0,
C0108075,0,
C0108076,0,
C0108077,0,
C0108078,0,
C0108079,0,
C0108080,0,
C0108081,0,
C0108082,0,
C0108083,0,
C0108084,0,
C0108085,0,
C0108086,0,
C0108087,0,
C0108088,1,2026-09-21
C0108089,0,
C0108090,0,
C0108091,0,
C0108092,0,
C0108093,1,2026-10-23
C0108094,0,
C0108095,0,
C0108096,0,
C0108097,0,
C0108098,0,
C0108099,0,
C0108100,0,
C0108101,0,
C0108102,0,
C0108103,0,
C0108104,0,
C0108105,0,
C0108106,1,2026-10-06
C0108107,0,
C0108108,0,
C0108109,0,
C0108110,0,
C0108111,0,
C0108112,0,
C0108113,0,
C0108114,0,
C0108115,0,
C0108116,0,
C0108117,0,
C0108118,0,
C0108119,0,
C0108120,0,
C0108121,0,
C0108122,0,
C0108123,0,
C0108124,0,
C0108125,0,
C0108126,0,
C0108127,0,
C0108128,0,
C0108129,0,
C0108130,0,
C0108131,0,
C0108132,0,
C0108133,0,
C0108134,0,
C0108135,0,
C0108136,0,
C0108137,0,
C0108138,0,
C0108139,0,
C0108140,0,
C0108141,0,
C0108142,0,
C0108143,0,
C0108144,0,
C0108145,0,
C0108146,0,
C0108147,0,
C0108148,0,
C0108149,1,2026-09-23
C0108150,0,
C0108151,0,
C0108152,0,
C0108153,0,
C0108154,0,
C0108155,0,
C0108156,0,
C0108157,0,
C0108158,0,
C0108159,0,
C0108160,0,
C0108161,0,
C0108162,0,
C0108163,0,
C0108164,0,
C0108165,0,
C0108166,0,
C0108167,0,
C0108168,0,
C0108169,0,
C0108170,0,
C0108171,0,
C0108172,0,
C0108173,0,
C0108174,0,
C0108175,0,
C0108176,0,
C0108177,0,
C0108178,0,
C0108179,0,
C0108180,0,
C0108181,0,
C0108182,0,
C0108183,0,
C0108184,0,
C0108185,1,2026-09-18
C0108186,0,
C0108187,0,
C0108188,0,
C0108189,0,
C0108190,0,
C0108191,0,
C0108192,0,
C0108193,0,
C0108194,0,
C0108195,0,
C0108196,0,
C0108197,0,
C0108198,0,
C0108199,0,
C0108200,0,
C0108201,0,
C0108202,0,
C0108203,0,
C0108204,0,
C0108205,0,
C0108206,0,
C0108207,0,
C0108208,0,
C0108209,0,
C0108210,0,
C0108211,0,
C0108212,0,
C0108213,0,
C0108214,0,
C0108215,0,
C0108216,0,
C0108217,0,
C0108218,1,2026-09-12
C0108219,0,
C0108220,0,
C0108221,0,
C0108222,0,
C0108223,0,
C0108224,0,
C0108225,0,
C0108226,0,
C0108227,0,
C0108228,0,
C0108229,0,
C0108230,0,
C0108231,0,
C0108232,0,
C0108233,0,
C0108234,0,
C0108235,0,
C0108236,0,
C0108237,0,
C0108238,0,
C0108239,0,
C0108240,0,
C0108241,0,
C0108242,0,
C0108243,0,
C0108244,0,
C0108245,0,
C0108246,0,
C0108247,0,
C0108248,0,
C0108249,0,
C0108250,0,
C0108251,0,
C0108252,0,
C0108253,0,
C0108254,0,
C0108255,0,
C0108256,0,
C0108257,0,
C0108258,0,
C0108259,0,
C0108260,0,
C0108261,0,
C0108262,0,
C0108263,0,
C0108264,0,
C0108265,0,
C0108266,0,
C0108267,0,
C0108268,0,
C0108269,0,
C0108270,0,
C0108271,0,
C0108272,1,2026-11-03
C0108273,0,
C0108274,0,
C0108275,0,
C0108276,1,2026-10-26
C0108277,0,
C0108278,0,
C0108279,0,
C0108280,0,
C0108281,0,
C0108282,0,
C0108283,0,
C0108284,0,
C0108285,0,
C0108286,0,
C0108287,0,
C0108288,0,
C0108289,0,
C0108290,0,
C0108291,0,
C0108292,0,
C0108293,0,
C0108294,0,
C0108295,0,
C0108296,0,
C0108297,0,
C0108298,0,
C0108299,0,
C0108300,0,
C0108301,0,
C0108302,0,
C0108303,0,
C0108304,0,
C0108305,0,
C0108306,0,
C0108307,1,2026-11-29
C0108308,0,
C0108309,0,
C0108310,0,
C0108311,0,
C0108312,0,
C0108313,0,
C0108314,0,
C0108315,0,
C0108316,0,
C0108317,0,
C0108318,0,
C0108319,0,
C0108320,0,
C0108321,0,
C0108322,0,
C0108323,0,
C0108324,0,
C0108325,0,
C0108326,0,
C0108327,0,
C0108328,0,
C0108329,0,
C0108330,0,
C0108331,0,
C0108332,0,
C0108333,0,
C0108334,0,
C0108335,0,
C0108336,0,
C0108337,0,
C0108338,0,
C0108339,0,
C0108340,0,
C0108341,0,
C0108342,0,
C0108343,0,
C0108344,0,
C0108345,0,
C0108346,0,
C0108347,0,
C0108348,0,
C0108349,0,
C0108350,0,
C0108351,0,
C0108352,0,
C0108353,0,
C0108354,0,
C0108355,0,
C0108356,0,
C0108357,0,
C0108358,0,
C0108359,1,2026-11-18
C0108360,0,
C0108361,0,
C0108362,0,
C0108363,0,
C0108364,0,
C0108365,0,
C0108366,0,
C0108367,0,
C0108368,1,2026-10-05
C0108369,0,
C0108370,0,
C0108371,0,
C0108372,0,
C0108373,0,
C0108374,0,
C0108375,0,
C0108376,0,
C0108377,0,
C0108378,0,
C0108379,0,
C0108380,0,
C0108381,0,
C0108382,0,
C0108383,0,
C0108384,0,
C0108385,0,
C0108386,0,
C0108387,0,
C0108388,0,
C0108389,0,
C0108390,0,
C0108391,0,
C0108392,0,
C0108393,0,
C0108394,0,
C0108395,0,
C0108396,0,
C0108397,0,
C0108398,0,
C0108399,0,
C0108400,0,
C0108401,0,
C0108402,0,
C0108403,0,
C0108404,0,
C0108405,0,
C0108406,0,
C0108407,0,
C0108408,0,
C0108409,0,
C0108410,0,
C0108411,0,
C0108412,1,2026-11-12
C0108413,0,
C0108414,0,
C0108415,0,
C0108416,0,
C0108417,0,
C0108418,0,
C0108419,0,
C0108420,0,
C0108421,1,2026-11-21
C0108422,0,
C0108423,0,
C0108424,0,
C0108425,0,
C0108426,0,
C0108427,0,
C0108428,0,
C0108429,0,
C0108430,0,
C0108431,0,
C0108432,0,
C0108433,0,
C0108434,0,
C0108435,0,
C0108436,0,
C0108437,0,
C0108438,0,
C0108439,0,
C0108440,0,
C0108441,0,
C0108442,0,
C0108443,0,
C0108444,0,
C0108445,0,
C0108446,0,
C0108447,0,
C0108448,0,
C0108449,0,
C0108450,0,
C0108451,0,
C0108452,0,
C0108453,1,2026-11-26
C0108454,0,
C0108455,0,
C0108456,0,
C0108457,0,
C0108458,0,
C0108459,0,
C0108460,0,
C0108461,0,
C0108462,0,
C0108463,0,
C0108464,0,
C0108465,0,
C0108466,0,
C0108467,0,
C0108468,0,
C0108469,0,
C0108470,0,
C0108471,0,
C0108472,0,
C0108473,1,2026-10-15
C0108474,0,
C0108475,0,
C0108476,0,
C0108477,0,
C0108478,0,
C0108479,0,
C0108480,0,
C0108481,0,
C0108482,0,
C0108483,0,
C0108484,0,
C0108485,0,
C0108486,0,
C0108487,0,
C0108488,0,
C0108489,0,
C0108490,0,
C0108491,0,
C0108492,0,
C0108493,0,
C0108494,0,
C0108495,0,
C0108496,0,
C0108497,0,
C0108498,0,
C0108499,0,
C0108500,0,
C0108501,0,
C0108502,0,
C0108503,0,
C0108504,1,2026-09-14
C0108505,0,
C0108506,0,
C0108507,0,
C0108508,0,
C0108509,0,
C0108510,0,
C0108511,0,
C0108512,0,
C0108513,0,
C0108514,0,
C0108515,0,
C0108516,0,
C0108517,0,
C0108518,0,
C0108519,0,
C0108520,0,
C0108521,0,
C0108522,0,
C0108523,0,
C0108524,0,
C0108525,0,
C0108526,0,
C0108527,0,
C0108528,0,
C0108529,0,
C0108530,0,
C0108531,0,
C0108532,0,
C0108533,0,
C0108534,0,
C0108535,0,
C0108536,0,
C0108537,0,
C0108538,0,
C0108539,0,
C0108540,0,
C0108541,0,
C0108542,1,2026-10-25
C0108543,0,
C0108544,0,
C0108545,0,
C0108546,0,
C0108547,0,
C0108548,0,
C0108549,0,
C0108550,0,
C0108551,0,
C0108552,0,
C0108553,0,
C0108554,0,
C0108555,0,
C0108556,0,
C0108557,0,
C0108558,0,
C0108559,0,
C0108560,0,
C0108561,0,
C0108562,0,
C0108563,0,
C0108564,0,
C0108565,0,
C0108566,0,
C0108567,0,
C0108568,0,
C0108569,0,
C0108570,0,
C0108571,0,
C0108572,0,
C0108573,0,
C0108574,0,
C0108575,0,
C0108576,0,
C0108577,0,
C0108578,0,
C0108579,0,
C0108580,0,
C0108581,0,
C0108582,0,
C0108583,0,
C0108584,0,
C0108585,0,
C0108586,0,
C0108587,0,
C0108588,0,
C0108589,0,
C0108590,0,
C0108591,0,
C0108592,0,
C0108593,0,
C0108594,0,
C0108595,0,
C0108596,0,
C0108597,0,
C0108598,0,
C0108599,0,
C0108600,0,
C0108601,0,
C0108602,0,
C0108603,0,
C0108604,0,
C0108605,0,
C0108606,0,
C0108607,0,
C0108608,0,
C0108609,0,
C0108610,0,
C0108611,0,
C0108612,0,
C0108613,0,
C0108614,0,
C0108615,0,
C0108616,0,
C0108617,0,
C0108618,0,
C0108619,0,
C0108620,0,
C0108621,0,
C0108622,1,2026-10-20
C0108623,0,
C0108624,0,
C0108625,0,
C0108626,0,
C0108627,0,
C0108628,0,
C0108629,0,
C0108630,0,
C0108631,0,
C0108632,0,
C0108633,0,
C0108634,0,
C0108635,0,
C0108636,0,
C0108637,0,
C0108638,0,
C0108639,0,
C0108640,0,
C0108641,0,
C0108642,0,
C0108643,0,
C0108644,0,
C0108645,0,
C0108646,0,
C0108647,0,
C0108648,0,
C0108649,0,
C0108650,0,
C0108651,0,
C0108652,0,
C0108653,0,
C0108654,0,
C0108655,0,
C0108656,0,
C0108657,1,2026-11-10
C0108658,0,
C0108659,0,
C0108660,0,
C0108661,0,
C0108662,1,2026-11-10
C0108663,0,
C0108664,0,
C0108665,0,
C0108666,0,
C0108667,0,
C0108668,0,
C0108669,0,
C0108670,0,
C0108671,0,
C0108672,0,
C0108673,0,
C0108674,0,
C0108675,0,
C0108676,0,
C0108677,0,
C0108678,1,2026-10-15
C0108679,0,
C0108680,0,
C0108681,0,
C0108682,0,
C0108683,0,
C0108684,0,
C0108685,0,
C0108686,0,
C0108687,0,
C0108688,0,
C0108689,0,
C0108690,0,
C0108691,0,
C0108692,0,
C0108693,0,
C0108694,0,
C0108695,0,
C0108696,0,
C0108697,0,
C0108698,1,2026-09-30
C0108699,0,
C0108700,0,
C0108701,0,
C0108702,0,
C0108703,0,
C0108704,0,
C0108705,0,
C0108706,0,
C0108707,0,
C0108708,0,
C0108709,0,
C0108710,0,
C0108711,1,2026-10-28
C0108712,0,
C0108713,0,
C0108714,0,
C0108715,0,
C0108716,0,
C0108717,0,
C0108718,0,
C0108719,0,
C0108720,0,
C0108721,0,
C0108722,0,
C0108723,0,
C0108724,0,
C0108725,0,
C0108726,0,
C0108727,0,
C0108728,0,
C0108729,0,
C0108730,0,
C0108731,0,
C0108732,0,
C0108733,0,
C0108734,0,
C0108735,0,
C0108736,0,
C0108737,0,
C0108738,0,
C0108739,0,
C0108740,0,
C0108741,0,
C0108742,0,
C0108743,0,
C0108744,0,
C0108745,0,
C0108746,0,
C0108747,0,
C0108748,0,
C0108749,0,
C0108750,0,
C0108751,0,
C0108752,0,
C0108753,0,
C0108754,0,
C0108755,0,
C0108756,0,
C0108757,0,
C0108758,0,
C0108759,0,
C0108760,0,
C0108761,0,
C0108762,0,
C0108763,0,
C0108764,0,
C0108765,0,
C0108766,0,
C0108767,0,
C0108768,0,
C0108769,0,
C0108770,0,
C0108771,0,
C0108772,0,
C0108773,0,
C0108774,0,
C0108775,0,
C0108776,0,
C0108777,0,
C0108778,0,
C0108779,0,
C0108780,0,
C0108781,0,
C0108782,0,
C0108783,0,
C0108784,0,
C0108785,0,
C0108786,0,
C0108787,0,
C0108788,0,
C0108789,0,
C0108790,0,
C0108791,0,
C0108792,0,
C0108793,0,
C0108794,0,
C0108795,0,
C0108796,0,
C0108797,0,
C0108798,0,
C0108799,0,
C0108800,0,
C0108801,0,
C0108802,0,
C0108803,0,
C0108804,0,
C0108805,0,
C0108806,0,
C0108807,0,
C0108808,0,
C0108809,0,
C0108810,0,
C0108811,0,
C0108812,0,
C0108813,0,
C0108814,0,
C0108815,0,
C0108816,0,
C0108817,0,
C0108818,0,
C0108819,0,
C0108820,0,
C0108821,0,
C0108822,0,
C0108823,0,
C0108824,0,
C0108825,0,
C0108826,1,2026-10-03
C0108827,0,
C0108828,0,
C0108829,0,
C0108830,0,
C0108831,0,
C0108832,0,
C0108833,0,
C0108834,0,
C0108835,0,
C0108836,0,
C0108837,0,
C0108838,0,
C0108839,0,
C0108840,0,
C0108841,0,
C0108842,0,
C0108843,0,
C0108844,0,
C0108845,0,
C0108846,0,
C0108847,0,
C0108848,0,
C0108849,0,
C0108850,0,
C0108851,0,
C0108852,0,
C0108853,0,
C0108854,0,
C0108855,1,2026-10-21
C0108856,0,
C0108857,1,2026-10-28
C0108858,0,
C0108859,0,
C0108860,0,
C0108861,0,
C0108862,0,
C0108863,0,
C0108864,0,
C0108865,0,
C0108866,0,
C0108867,0,
C0108868,0,
C0108869,0,
C0108870,0,
C0108871,0,
C0108872,0,
C0108873,0,
C0108874,0,
C0108875,0,
C0108876,0,
C0108877,0,
C0108878,0,
C0108879,0,
C0108880,0,
C0108881,0,
C0108882,0,
C0108883,0,
C0108884,0,
C0108885,1,2026-12-06
C0108886,0,
C0108887,0,
C0108888,0,
C0108889,0,
C0108890,0,
C0108891,0,
C0108892,0,
C0108893,0,
C0108894,0,
C0108895,0,
C0108896,0,
C0108897,0,
C0108898,0,
C0108899,0,
C0108900,0,
C0108901,0,
C0108902,0,
C0108903,0,
C0108904,0,
C0108905,0,
C0108906,0,
C0108907,0,
C0108908,0,
C0108909,0,
C0108910,0,
C0108911,0,
C0108912,0,
C0108913,0,
C0108914,0,
C0108915,0,
C0108916,0,
C0108917,0,
C0108918,0,
C0108919,0,
C0108920,0,
C0108921,1,2026-10-15
C0108922,0,
C0108923,0,
C0108924,0,
C0108925,0,
C0108926,0,
C0108927,0,
C0108928,0,
C0108929,0,
C0108930,0,
C0108931,0,
C0108932,0,
C0108933,0,
C0108934,0,
C0108935,0,
C0108936,0,
C0108937,0,
C0108938,0,
C0108939,1,2026-11-18
C0108940,0,
C0108941,0,
C0108942,0,
C0108943,0,
C0108944,0,
C0108945,0,
C0108946,0,
C0108947,0,
C0108948,0,
C0108949,0,
C0108950,0,
C0108951,0,
C0108952,0,
C0108953,0,
C0108954,0,
C0108955,0,
C0108956,0,
C0108957,0,
C0108958,0,
C0108959,0,
C0108960,0,
C0108961,0,
C0108962,0,
C0108963,0,
C0108964,0,
C0108965,0,
C0108966,0,
C0108967,0,
C0108968,0,
C0108969,0,
C0108970,0,
C0108971,0,
C0108972,0,
C0108973,0,
C0108974,0,
C0108975,0,
C0108976,0,
C0108977,0,
C0108978,0,
C0108979,0,
C0108980,0,
C0108981,0,
C0108982,0,
C0108983,0,
C0108984,0,
C0108985,0,
C0108986,0,
C0108987,0,
C0108988,0,
C0108989,0,
C0108990,0,
C0108991,0,
C0108992,0,
C0108993,0,
C0108994,0,
C0108995,0,
C0108996,0,
C0108997,0,
C0108998,0,
C0108999,0,
C0109000,0,
C0109001,0,
C0109002,1,2026-11-24
C0109003,0,
C0109004,0,
C0109005,0,
C0109006,0,
C0109007,0,
C0109008,0,
C0109009,0,
C0109010,0,
C0109011,1,2026-11-09
C0109012,0,
C0109013,0,
C0109014,0,
C0109015,0,
C0109016,0,
C0109017,0,
C0109018,0,
C0109019,0,
C0109020,0,
C0109021,0,
C0109022,0,
C0109023,0,
C0109024,0,
C0109025,0,
C0109026,0,
C0109027,0,
C0109028,0,
C0109029,0,
C0109030,0,
C0109031,0,
C0109032,0,
C0109033,0,
C0109034,0,
C0109035,0,
C0109036,0,
C0109037,0,
C0109038,0,
C0109039,0,
C0109040,0,
C0109041,0,
C0109042,0,
C0109043,0,
C0109044,0,
C0109045,0,
C0109046,0,
C0109047,0,
C0109048,0,
C0109049,0,
C0109050,0,
C0109051,0,
C0109052,0,
C0109053,0,
C0109054,0,
C0109055,0,
C0109056,0,
C0109057,0,
C0109058,0,
C0109059,0,
C0109060,0,
C0109061,0,
C0109062,0,
C0109063,0,
C0109064,0,
C0109065,0,
C0109066,0,
C0109067,0,
C0109068,0,
C0109069,0,
C0109070,0,
C0109071,0,
C0109072,0,
C0109073,0,
C0109074,0,
C0109075,0,
C0109076,0,
C0109077,0,
C0109078,0,
C0109079,0,
C0109080,0,
C0109081,0,
C0109082,0,
C0109083,0,
C0109084,0,
C0109085,0,
C0109086,0,
C0109087,0,
C0109088,0,
C0109089,0,
C0109090,0,
C0109091,0,
C0109092,0,
C0109093,0,
C0109094,0,
C0109095,0,
C0109096,0,
C0109097,0,
C0109098,0,
C0109099,0,
C0109100,1,2026-11-29
C0109101,0,
C0109102,0,
C0109103,0,
C0109104,0,
C0109105,0,
C0109106,0,
C0109107,0,
C0109108,0,
C0109109,0,
C0109110,0,
C0109111,0,
C0109112,0,
C0109113,0,
C0109114,0,
C0109115,0,
C0109116,0,
C0109117,0,
C0109118,0,
C0109119,0,
C0109120,0,
C0109121,0,
C0109122,0,
C0109123,0,
C0109124,0,
C0109125,0,
C0109126,0,
C0109127,0,
C0109128,0,
C0109129,0,
C0109130,0,
C0109131,0,
C0109132,0,
C0109133,0,
C0109134,0,
C0109135,0,
C0109136,0,
C0109137,0,
C0109138,0,
C0109139,0,
C0109140,0,
C0109141,0,
C0109142,0,
C0109143,0,
C0109144,0,
C0109145,0,
C0109146,0,
C0109147,0,
C0109148,0,
C0109149,0,
C0109150,0,
C0109151,0,
C0109152,0,
C0109153,0,
C0109154,0,
C0109155,0,
C0109156,0,
C0109157,0,
C0109158,0,
C0109159,0,
C0109160,0,
C0109161,1,2026-10-09
C0109162,0,
C0109163,0,
C0109164,0,
C0109165,0,
C0109166,0,
C0109167,0,
C0109168,0,
C0109169,0,
C0109170,0,
C0109171,0,
C0109172,0,
C0109173,0,
C0109174,0,
C0109175,0,
C0109176,0,
C0109177,0,
C0109178,0,
C0109179,0,
C0109180,0,
C0109181,0,
C0109182,0,
C0109183,0,
C0109184,0,
C0109185,0,
C0109186,0,
C0109187,0,
C0109188,0,
C0109189,0,
C0109190,0,
C0109191,0,
C0109192,0,
C0109193,0,
C0109194,0,
C0109195,0,
C0109196,0,
C0109197,0,
C0109198,0,
C0109199,0,
C0109200,0,
C0109201,0,
C0109202,0,
C0109203,0,
C0109204,0,
C0109205,0,
C0109206,0,
C0109207,0,
C0109208,0,
C0109209,0,
C0109210,0,
C0109211,0,
C0109212,0,
C0109213,0,
C0109214,0,
C0109215,0,
C0109216,0,
C0109217,0,
C0109218,0,
C0109219,0,
C0109220,0,
C0109221,0,
C0109222,0,
C0109223,0,
C0109224,0,
C0109225,0,
C0109226,0,
C0109227,0,
C0109228,0,
C0109229,0,
C0109230,0,
C0109231,0,
C0109232,0,
C0109233,0,
C0109234,0,
C0109235,0,
C0109236,0,
C0109237,0,
C0109238,0,
C0109239,0,
C0109240,0,
C0109241,0,
C0109242,0,
C0109243,0,
C0109244,0,
C0109245,0,
C0109246,0,
C0109247,0,
C0109248,0,
C0109249,0,
C0109250,0,
C0109251,0,
C0109252,0,
C0109253,0,
C0109254,0,
C0109255,0,
C0109256,0,
C0109257,0,
C0109258,0,
C0109259,0,
C0109260,0,
C0109261,0,
C0109262,0,
C0109263,0,
C0109264,0,
C0109265,0,
C0109266,0,
C0109267,0,
C0109268,0,
C0109269,0,
C0109270,0,
C0109271,0,
C0109272,0,
C0109273,0,
C0109274,0,
C0109275,0,
C0109276,0,
C0109277,0,
C0109278,1,2026-10-21
C0109279,0,
C0109280,0,
C0109281,0,
C0109282,0,
C0109283,0,
C0109284,0,
C0109285,0,
C0109286,0,
C0109287,0,
C0109288,0,
C0109289,0,
C0109290,0,
C0109291,0,
C0109292,0,
C0109293,0,
C0109294,0,
C0109295,0,
C0109296,0,
C0109297,0,
C0109298,0,
C0109299,0,
C0109300,0,
C0109301,1,2026-10-22
C0109302,0,
C0109303,0,
C0109304,0,
C0109305,0,
C0109306,0,
C0109307,0,
C0109308,0,
C0109309,0,
C0109310,0,
C0109311,0,
C0109312,0,
C0109313,0,
C0109314,0,
C0109315,0,
C0109316,0,
C0109317,0,
C0109318,0,
C0109319,0,
C0109320,0,
C0109321,0,
C0109322,0,
C0109323,0,
C0109324,0,
C0109325,0,
C0109326,0,
C0109327,0,
C0109328,0,
C0109329,0,
C0109330,0,
C0109331,0,
C0109332,0,
C0109333,0,
C0109334,0,
C0109335,0,
C0109336,0,
C0109337,0,
C0109338,0,
C0109339,0,
C0109340,0,
C0109341,0,
C0109342,0,
C0109343,0,
C0109344,0,
C0109345,0,
C0109346,0,
C0109347,0,
C0109348,0,
C0109349,0,
C0109350,0,
C0109351,0,
C0109352,0,
C0109353,0,
C0109354,0,
C0109355,0,
C0109356,0,
C0109357,0,
C0109358,0,
C0109359,0,
C0109360,0,
C0109361,0,
C0109362,0,
C0109363,0,
C0109364,0,
C0109365,0,
C0109366,0,
C0109367,0,
C0109368,0,
C0109369,0,
C0109370,0,
C0109371,0,
C0109372,0,
C0109373,0,
C0109374,0,
C0109375,0,
C0109376,0,
C0109377,0,
C0109378,0,
C0109379,0,
C0109380,0,
C0109381,0,
C0109382,0,
C0109383,0,
C0109384,0,
C0109385,0,
C0109386,0,
C0109387,0,
C0109388,0,
C0109389,0,
C0109390,0,
C0109391,0,
C0109392,0,
C0109393,0,
C0109394,0,
C0109395,0,
C0109396,0,
C0109397,0,
C0109398,1,2026-11-28
C0109399,0,
C0109400,0,
C0109401,0,
C0109402,0,
C0109403,0,
C0109404,0,
C0109405,0,
C0109406,0,
C0109407,0,
C0109408,0,
C0109409,0,
C0109410,0,
C0109411,0,
C0109412,0,
C0109413,0,
C0109414,0,
C0109415,0,
C0109416,0,
C0109417,0,
C0109418,0,
C0109419,0,
C0109420,0,
C0109421,0,
C0109422,0,
C0109423,0,
C0109424,0,
C0109425,0,
C0109426,0,
C0109427,0,
C0109428,0,
C0109429,0,
C0109430,0,
C0109431,0,
C0109432,0,
C0109433,0,
C0109434,0,
C0109435,0,
C0109436,0,
C0109437,0,
C0109438,0,
C0109439,0,
C0109440,0,
C0109441,0,
C0109442,0,
C0109443,0,
C0109444,0,
C0109445,0,
C0109446,0,
C0109447,0,
C0109448,0,
C0109449,0,
C0109450,0,
C0109451,0,
C0109452,0,
C0109453,0,
C0109454,0,
C0109455,0,
C0109456,0,
C0109457,0,
C0109458,0,
C0109459,0,
C0109460,0,
C0109461,0,
C0109462,0,
C0109463,0,
C0109464,0,
C0109465,0,
C0109466,0,
C0109467,0,
C0109468,0,
C0109469,0,
C0109470,0,
C0109471,0,
C0109472,0,
C0109473,0,
C0109474,0,
C0109475,0,
C0109476,0,
C0109477,0,
C0109478,0,
C0109479,0,
C0109480,0,
C0109481,0,
C0109482,0,
C0109483,0,
C0109484,0,
C0109485,0,
C0109486,0,
C0109487,0,
C0109488,0,
C0109489,0,
C0109490,0,
C0109491,0,
C0109492,0,
C0109493,0,
C0109494,0,
C0109495,0,
C0109496,0,
C0109497,0,
C0109498,0,
C0109499,0,
C0109500,0,
C0109501,0,
C0109502,0,
C0109503,0,
C0109504,0,
C0109505,0,
C0109506,0,
C0109507,0,
C0109508,0,
C0109509,0,
C0109510,0,
C0109511,0,
C0109512,0,
C0109513,0,
C0109514,0,
C0109515,0,
C0109516,0,
C0109517,0,
C0109518,0,
C0109519,0,
C0109520,0,
C0109521,0,
C0109522,0,
C0109523,0,
C0109524,0,
C0109525,0,
C0109526,0,
C0109527,0,
C0109528,0,
C0109529,0,
C0109530,0,
C0109531,0,
C0109532,1,2026-10-26
C0109533,0,
C0109534,0,
C0109535,0,
C0109536,0,
C0109537,0,
C0109538,0,
C0109539,0,
C0109540,0,
C0109541,0,
C0109542,0,
C0109543,0,
C0109544,0,
C0109545,0,
C0109546,0,
C0109547,0,
C0109548,0,
C0109549,0,
C0109550,0,
C0109551,0,
C0109552,0,
C0109553,0,
C0109554,0,
C0109555,0,
C0109556,0,
C0109557,0,
C0109558,0,
C0109559,0,
C0109560,0,
C0109561,0,
C0109562,0,
C0109563,0,
C0109564,0,
C0109565,0,
C0109566,0,
C0109567,0,
C0109568,0,
C0109569,0,
C0109570,1,2026-11-21
C0109571,0,
C0109572,0,
C0109573,0,
C0109574,0,
C0109575,0,
C0109576,0,
C0109577,0,
C0109578,0,
C0109579,0,
C0109580,0,
C0109581,0,
C0109582,0,
C0109583,0,
C0109584,0,
C0109585,0,
C0109586,0,
C0109587,0,
C0109588,0,
C0109589,0,
C0109590,0,
C0109591,0,
C0109592,0,
C0109593,0,
C0109594,0,
C0109595,0,
C0109596,0,
C0109597,0,
C0109598,0,
C0109599,0,
C0109600,0,
C0109601,0,
C0109602,0,
C0109603,0,
C0109604,0,
C0109605,0,
C0109606,0,
C0109607,0,
C0109608,0,
C0109609,0,
C0109610,0,
C0109611,0,
C0109612,0,
C0109613,0,
C0109614,0,
C0109615,0,
C0109616,0,
C0109617,0,
C0109618,0,
C0109619,0,
C0109620,0,
C0109621,0,
C0109622,0,
C0109623,0,
C0109624,0,
C0109625,0,
C0109626,0,
C0109627,0,
C0109628,0,
C0109629,0,
C0109630,0,
C0109631,0,
C0109632,0,
C0109633,0,
C0109634,0,
C0109635,0,
C0109636,0,
C0109637,0,
C0109638,0,
C0109639,0,
C0109640,0,
C0109641,0,
C0109642,0,
C0109643,0,
C0109644,0,
C0109645,0,
C0109646,0,
C0109647,0,
C0109648,0,
C0109649,0,
C0109650,0,
C0109651,0,
C0109652,0,
C0109653,0,
C0109654,0,
C0109655,0,
C0109656,0,
C0109657,0,
C0109658,0,
C0109659,0,
C0109660,0,
C0109661,0,
C0109662,0,
C0109663,0,
C0109664,0,
C0109665,0,
C0109666,0,
C0109667,0,
C0109668,0,
C0109669,0,
C0109670,0,
C0109671,0,
C0109672,0,
C0109673,0,
C0109674,0,
C0109675,0,
C0109676,0,
C0109677,0,
C0109678,0,
C0109679,0,
C0109680,0,
C0109681,0,
C0109682,0,
C0109683,0,
C0109684,0,
C0109685,0,
C0109686,0,
C0109687,0,
C0109688,0,
C0109689,0,
C0109690,0,
C0109691,0,
C0109692,0,
C0109693,0,
C0109694,0,
C0109695,0,
C0109696,0,
C0109697,0,
C0109698,0,
C0109699,0,
C0109700,0,
C0109701,0,
C0109702,0,
C0109703,0,
C0109704,0,
C0109705,0,
C0109706,0,
C0109707,0,
C0109708,0,
C0109709,1,2026-10-04
C0109710,0,
C0109711,0,
C0109712,0,
C0109713,0,
C0109714,0,
C0109715,0,
C0109716,0,
C0109717,0,
C0109718,0,
C0109719,0,
C0109720,0,
C0109721,0,
C0109722,0,
C0109723,0,
C0109724,0,
C0109725,0,
C0109726,0,
C0109727,0,
C0109728,0,
C0109729,0,
C0109730,0,
C0109731,0,
C0109732,0,
C0109733,0,
C0109734,0,
C0109735,0,
C0109736,0,
C0109737,0,
C0109738,0,
C0109739,0,
C0109740,0,
C0109741,0,
C0109742,0,
C0109743,0,
C0109744,0,
C0109745,0,
C0109746,0,
C0109747,0,
C0109748,0,
C0109749,0,
C0109750,1,2026-11-13
C0109751,0,
C0109752,0,
C0109753,0,
C0109754,0,
C0109755,0,
C0109756,0,
C0109757,0,
C0109758,0,
C0109759,0,
C0109760,0,
C0109761,0,
C0109762,0,
C0109763,0,
C0109764,0,
C0109765,0,
C0109766,0,
C0109767,0,
C0109768,0,
C0109769,0,
C0109770,0,
C0109771,0,
C0109772,0,
C0109773,0,
C0109774,0,
C0109775,0,
C0109776,0,
C0109777,0,
C0109778,0,
C0109779,0,
C0109780,0,
C0109781,0,
C0109782,0,
C0109783,0,
C0109784,0,
C0109785,0,
C0109786,0,
C0109787,0,
C0109788,0,
C0109789,0,
C0109790,0,
C0109791,0,
C0109792,0,
C0109793,0,
C0109794,1,2026-11-06
C0109795,0,
C0109796,0,
C0109797,0,
C0109798,0,
C0109799,0,
C0109800,0,
C0109801,0,
C0109802,0,
C0109803,0,
C0109804,0,
C0109805,0,
C0109806,0,
C0109807,0,
C0109808,0,
C0109809,0,
C0109810,0,
C0109811,0,
C0109812,0,
C0109813,0,
C0109814,0,
C0109815,0,
C0109816,0,
C0109817,0,
C0109818,0,
C0109819,0,
C0109820,0,
C0109821,0,
C0109822,0,
C0109823,0,
C0109824,0,
C0109825,0,
C0109826,0,
C0109827,0,
C0109828,0,
C0109829,0,
C0109830,0,
C0109831,0,
C0109832,0,
C0109833,0,
C0109834,0,
C0109835,0,
C0109836,0,
C0109837,0,
C0109838,0,
C0109839,0,
C0109840,0,
C0109841,0,
C0109842,0,
C0109843,0,
C0109844,0,
C0109845,0,
C0109846,0,
C0109847,0,
C0109848,1,2026-10-28
C0109849,0,
C0109850,0,
C0109851,0,
C0109852,0,
C0109853,0,
C0109854,0,
C0109855,0,
C0109856,0,
C0109857,0,
C0109858,0,
C0109859,0,
C0109860,0,
C0109861,0,
C0109862,0,
C0109863,0,
C0109864,0,
C0109865,0,
C0109866,0,
C0109867,0,
C0109868,0,
C0109869,0,
C0109870,0,
C0109871,0,
C0109872,0,
C0109873,0,
C0109874,0,
C0109875,0,
C0109876,0,
C0109877,0,
C0109878,0,
C0109879,0,
C0109880,0,
C0109881,0,
C0109882,0,
C0109883,0,
C0109884,1,2026-10-23
C0109885,0,
C0109886,0,
C0109887,0,
C0109888,0,
C0109889,0,
C0109890,0,
C0109891,0,
C0109892,0,
C0109893,0,
C0109894,0,
C0109895,0,
C0109896,0,
C0109897,0,
C0109898,0,
C0109899,0,
C0109900,0,
C0109901,0,
C0109902,0,
C0109903,1,2026-12-08
C0109904,0,
C0109905,0,
C0109906,0,
C0109907,0,
C0109908,0,
C0109909,0,
C0109910,0,
C0109911,0,
C0109912,0,
C0109913,0,
C0109914,0,
C0109915,0,
C0109916,0,
C0109917,0,
C0109918,0,
C0109919,0,
C0109920,0,
C0109921,0,
C0109922,0,
C0109923,0,
C0109924,0,
C0109925,0,
C0109926,0,
C0109927,0,
C0109928,0,
C0109929,0,
C0109930,0,
C0109931,0,
C0109932,0,
C0109933,0,
C0109934,0,
C0109935,0,
C0109936,0,
C0109937,0,
C0109938,0,
C0109939,0,
C0109940,1,2026-10-04
C0109941,0,
C0109942,0,
C0109943,0,
C0109944,0,
C0109945,0,
C0109946,0,
C0109947,0,
C0109948,0,
C0109949,0,
C0109950,0,
C0109951,0,
C0109952,0,
C0109953,0,
C0109954,0,
C0109955,0,
C0109956,0,
C0109957,0,
C0109958,0,
C0109959,0,
C0109960,0,
C0109961,0,
C0109962,0,
C0109963,0,
C0109964,0,
C0109965,0,
C0109966,0,
C0109967,0,
C0109968,0,
C0109969,0,
C0109970,0,
C0109971,0,
C0109972,0,
C0109973,0,
C0109974,0,
C0109975,0,
C0109976,0,
C0109977,0,
C0109978,0,
C0109979,0,
C0109980,0,
C0109981,0,
C0109982,0,
C0109983,0,
C0109984,0,
C0109985,0,
C0109986,0,
C0109987,0,
C0109988,0,
C0109989,0,
C0109990,0,
C0109991,0,
C0109992,0,
C0109993,0,
C0109994,0,
C0109995,0,
C0109996,0,
C0109997,0,
C0109998,0,
C0109999,0,
